session_id,trial_id,prediction_index,t_prediction_ns,t_recorded_perf_ns,model_family,history_frames,history_required,interaction_valid,normal_state,tangential_motion,moving,speed_mm_s,norm_mm,q_mean,q_min,visual_x_mm,visual_y_mm,visual_z_mm,visual_source_x,visual_source_y,visual_source_z,x,y,z,dx,dy,mode5,Q,X,Y,Z,dX,dY,dZ,raw_fields_json,extra_outputs_json
S20260919_A,000133,0,1240473186412600,1240473270222800,NormalizedFit,1,1,False,unknown,False,False,0.0,nan,nan,nan,nan,nan,nan,x,y,z,,,,,,,,,,,,,,"{""x"":null,""y"":null,""z"":null,""dx"":null,""dy"":null,""mode5"":null,""Q"":null,""X"":null,""Y"":null,""Z"":null,""dX"":null,""dY"":null,""dZ"":null}","{""status"":""时间戳逆序/数据间断：请重新采集无载 B0"",""preset"":""5×5｜441点1mm连续"",""needs_baseline"":true,""display.contact"":false,""display.contact_reason"":""三维输出无效"",""display.contact_segment"":608,""display.contact_age_ms"":0.0,""display.contact_last_end_ns"":1240306925354500}"
S20260919_A,000133,1,1240473269555100,1240473378827700,NormalizedFit,1,1,False,unknown,False,False,0.0,nan,nan,nan,nan,nan,nan,x,y,z,,,,,,,,,,,,,,"{""x"":null,""y"":null,""z"":null,""dx"":null,""dy"":null,""mode5"":null,""Q"":null,""X"":null,""Y"":null,""Z"":null,""dX"":null,""dY"":null,""dZ"":null}","{""status"":""时间戳逆序/数据间断：请重新采集无载 B0"",""preset"":""5×5｜441点1mm连续"",""needs_baseline"":true,""display.contact"":false,""display.contact_reason"":""三维输出无效"",""display.contact_segment"":608,""display.contact_age_ms"":0.0,""display.contact_last_end_ns"":1240306925354500}"
S20260919_A,000133,2,1240473281020800,1240473381304800,NormalizedFit,1,1,False,unknown,False,False,0.0,nan,nan,nan,nan,nan,nan,x,y,z,,,,,,,,,,,,,,"{""x"":null,""y"":null,""z"":null,""dx"":null,""dy"":null,""mode5"":null,""Q"":null,""X"":null,""Y"":null,""Z"":null,""dX"":null,""dY"":null,""dZ"":null}","{""status"":""时间戳逆序/数据间断：请重新采集无载 B0"",""preset"":""5×5｜441点1mm连续"",""needs_baseline"":true,""display.contact"":false,""display.contact_reason"":""三维输出无效"",""display.contact_segment"":608,""display.contact_age_ms"":0.0,""display.contact_last_end_ns"":1240306925354500}"
S20260919_A,000133,3,1240473308006900,1240473383388200,NormalizedFit,1,1,False,unknown,False,False,0.0,nan,nan,nan,nan,nan,nan,x,y,z,,,,,,,,,,,,,,"{""x"":null,""y"":null,""z"":null,""dx"":null,""dy"":null,""mode5"":null,""Q"":null,""X"":null,""Y"":null,""Z"":null,""dX"":null,""dY"":null,""dZ"":null}","{""status"":""时间戳逆序/数据间断：请重新采集无载 B0"",""preset"":""5×5｜441点1mm连续"",""needs_baseline"":true,""display.contact"":false,""display.contact_reason"":""三维输出无效"",""display.contact_segment"":608,""display.contact_age_ms"":0.0,""display.contact_last_end_ns"":1240306925354500}"
S20260919_A,000133,4,1240473333910400,1240473385499900,NormalizedFit,1,1,False,unknown,False,False,0.0,nan,nan,nan,nan,nan,nan,x,y,z,,,,,,,,,,,,,,"{""x"":null,""y"":null,""z"":null,""dx"":null,""dy"":null,""mode5"":null,""Q"":null,""X"":null,""Y"":null,""Z"":null,""dX"":null,""dY"":null,""dZ"":null}","{""status"":""时间戳逆序/数据间断：请重新采集无载 B0"",""preset"":""5×5｜441点1mm连续"",""needs_baseline"":true,""display.contact"":false,""display.contact_reason"":""三维输出无效"",""display.contact_segment"":608,""display.contact_age_ms"":0.0,""display.contact_last_end_ns"":1240306925354500}"
S20260919_A,000133,5,1240473344039000,1240473387711300,NormalizedFit,1,1,False,unknown,False,False,0.0,nan,nan,nan,nan,nan,nan,x,y,z,,,,,,,,,,,,,,"{""x"":null,""y"":null,""z"":null,""dx"":null,""dy"":null,""mode5"":null,""Q"":null,""X"":null,""Y"":null,""Z"":null,""dX"":null,""dY"":null,""dZ"":null}","{""status"":""时间戳逆序/数据间断：请重新采集无载 B0"",""preset"":""5×5｜441点1mm连续"",""needs_baseline"":true,""display.contact"":false,""display.contact_reason"":""三维输出无效"",""display.contact_segment"":608,""display.contact_age_ms"":0.0,""display.contact_last_end_ns"":1240306925354500}"
S20260919_A,000133,6,1240473370642800,1240473389752800,NormalizedFit,1,1,False,unknown,False,False,0.0,nan,nan,nan,nan,nan,nan,x,y,z,,,,,,,,,,,,,,"{""x"":null,""y"":null,""z"":null,""dx"":null,""dy"":null,""mode5"":null,""Q"":null,""X"":null,""Y"":null,""Z"":null,""dX"":null,""dY"":null,""dZ"":null}","{""status"":""时间戳逆序/数据间断：请重新采集无载 B0"",""preset"":""5×5｜441点1mm连续"",""needs_baseline"":true,""display.contact"":false,""display.contact_reason"":""三维输出无效"",""display.contact_segment"":608,""display.contact_age_ms"":0.0,""display.contact_last_end_ns"":1240306925354500}"
S20260919_A,000133,7,1240473396544500,1240473429788400,NormalizedFit,1,1,False,unknown,False,False,0.0,nan,nan,nan,nan,nan,nan,x,y,z,,,,,,,,,,,,,,"{""x"":null,""y"":null,""z"":null,""dx"":null,""dy"":null,""mode5"":null,""Q"":null,""X"":null,""Y"":null,""Z"":null,""dX"":null,""dY"":null,""dZ"":null}","{""status"":""时间戳逆序/数据间断：请重新采集无载 B0"",""preset"":""5×5｜441点1mm连续"",""needs_baseline"":true,""display.contact"":false,""display.contact_reason"":""三维输出无效"",""display.contact_segment"":608,""display.contact_age_ms"":0.0,""display.contact_last_end_ns"":1240306925354500}"
S20260919_A,000133,8,1240473407450100,1240473432118800,NormalizedFit,1,1,False,unknown,False,False,0.0,nan,nan,nan,nan,nan,nan,x,y,z,,,,,,,,,,,,,,"{""x"":null,""y"":null,""z"":null,""dx"":null,""dy"":null,""mode5"":null,""Q"":null,""X"":null,""Y"":null,""Z"":null,""dX"":null,""dY"":null,""dZ"":null}","{""status"":""时间戳逆序/数据间断：请重新采集无载 B0"",""preset"":""5×5｜441点1mm连续"",""needs_baseline"":true,""display.contact"":false,""display.contact_reason"":""三维输出无效"",""display.contact_segment"":608,""display.contact_age_ms"":0.0,""display.contact_last_end_ns"":1240306925354500}"
S20260919_A,000133,9,1240473434370600,1240473469607000,NormalizedFit,1,1,False,unknown,False,False,0.0,nan,nan,nan,nan,nan,nan,x,y,z,,,,,,,,,,,,,,"{""x"":null,""y"":null,""z"":null,""dx"":null,""dy"":null,""mode5"":null,""Q"":null,""X"":null,""Y"":null,""Z"":null,""dX"":null,""dY"":null,""dZ"":null}","{""status"":""时间戳逆序/数据间断：请重新采集无载 B0"",""preset"":""5×5｜441点1mm连续"",""needs_baseline"":true,""display.contact"":false,""display.contact_reason"":""三维输出无效"",""display.contact_segment"":608,""display.contact_age_ms"":0.0,""display.contact_last_end_ns"":1240306925354500}"
S20260919_A,000133,10,1240473460390800,1240473471813600,NormalizedFit,1,1,False,unknown,False,False,0.0,nan,nan,nan,nan,nan,nan,x,y,z,,,,,,,,,,,,,,"{""x"":null,""y"":null,""z"":null,""dx"":null,""dy"":null,""mode5"":null,""Q"":null,""X"":null,""Y"":null,""Z"":null,""dX"":null,""dY"":null,""dZ"":null}","{""status"":""时间戳逆序/数据间断：请重新采集无载 B0"",""preset"":""5×5｜441点1mm连续"",""needs_baseline"":true,""display.contact"":false,""display.contact_reason"":""三维输出无效"",""display.contact_segment"":608,""display.contact_age_ms"":0.0,""display.contact_last_end_ns"":1240306925354500}"
S20260919_A,000133,11,1240473472297400,1240473501279600,NormalizedFit,1,1,False,unknown,False,False,0.0,nan,nan,nan,nan,nan,nan,x,y,z,,,,,,,,,,,,,,"{""x"":null,""y"":null,""z"":null,""dx"":null,""dy"":null,""mode5"":null,""Q"":null,""X"":null,""Y"":null,""Z"":null,""dX"":null,""dY"":null,""dZ"":null}","{""status"":""时间戳逆序/数据间断：请重新采集无载 B0"",""preset"":""5×5｜441点1mm连续"",""needs_baseline"":true,""display.contact"":false,""display.contact_reason"":""三维输出无效"",""display.contact_segment"":608,""display.contact_age_ms"":0.0,""display.contact_last_end_ns"":1240306925354500}"
S20260919_A,000133,12,1240473498163300,1240473503683400,NormalizedFit,1,1,False,unknown,False,False,0.0,nan,nan,nan,nan,nan,nan,x,y,z,,,,,,,,,,,,,,"{""x"":null,""y"":null,""z"":null,""dx"":null,""dy"":null,""mode5"":null,""Q"":null,""X"":null,""Y"":null,""Z"":null,""dX"":null,""dY"":null,""dZ"":null}","{""status"":""时间戳逆序/数据间断：请重新采集无载 B0"",""preset"":""5×5｜441点1mm连续"",""needs_baseline"":true,""display.contact"":false,""display.contact_reason"":""三维输出无效"",""display.contact_segment"":608,""display.contact_age_ms"":0.0,""display.contact_last_end_ns"":1240306925354500}"
S20260919_A,000133,13,1240473524044700,1240473532826900,NormalizedFit,1,1,False,unknown,False,False,0.0,nan,nan,nan,nan,nan,nan,x,y,z,,,,,,,,,,,,,,"{""x"":null,""y"":null,""z"":null,""dx"":null,""dy"":null,""mode5"":null,""Q"":null,""X"":null,""Y"":null,""Z"":null,""dX"":null,""dY"":null,""dZ"":null}","{""status"":""时间戳逆序/数据间断：请重新采集无载 B0"",""preset"":""5×5｜441点1mm连续"",""needs_baseline"":true,""display.contact"":false,""display.contact_reason"":""三维输出无效"",""display.contact_segment"":608,""display.contact_age_ms"":0.0,""display.contact_last_end_ns"":1240306925354500}"
S20260919_A,000133,14,1240473535013500,1240473573002700,NormalizedFit,1,1,False,unknown,False,False,0.0,nan,nan,nan,nan,nan,nan,x,y,z,,,,,,,,,,,,,,"{""x"":null,""y"":null,""z"":null,""dx"":null,""dy"":null,""mode5"":null,""Q"":null,""X"":null,""Y"":null,""Z"":null,""dX"":null,""dY"":null,""dZ"":null}","{""status"":""时间戳逆序/数据间断：请重新采集无载 B0"",""preset"":""5×5｜441点1mm连续"",""needs_baseline"":true,""display.contact"":false,""display.contact_reason"":""三维输出无效"",""display.contact_segment"":608,""display.contact_age_ms"":0.0,""display.contact_last_end_ns"":1240306925354500}"
S20260919_A,000133,15,1240473559913100,1240473575959000,NormalizedFit,1,1,False,unknown,False,False,0.0,nan,nan,nan,nan,nan,nan,x,y,z,,,,,,,,,,,,,,"{""x"":null,""y"":null,""z"":null,""dx"":null,""dy"":null,""mode5"":null,""Q"":null,""X"":null,""Y"":null,""Z"":null,""dX"":null,""dY"":null,""dZ"":null}","{""status"":""时间戳逆序/数据间断：请重新采集无载 B0"",""preset"":""5×5｜441点1mm连续"",""needs_baseline"":true,""display.contact"":false,""display.contact_reason"":""三维输出无效"",""display.contact_segment"":608,""display.contact_age_ms"":0.0,""display.contact_last_end_ns"":1240306925354500}"
S20260919_A,000133,16,1240473585822700,1240473604966100,NormalizedFit,1,1,False,unknown,False,False,0.0,nan,nan,nan,nan,nan,nan,x,y,z,,,,,,,,,,,,,,"{""x"":null,""y"":null,""z"":null,""dx"":null,""dy"":null,""mode5"":null,""Q"":null,""X"":null,""Y"":null,""Z"":null,""dX"":null,""dY"":null,""dZ"":null}","{""status"":""时间戳逆序/数据间断：请重新采集无载 B0"",""preset"":""5×5｜441点1mm连续"",""needs_baseline"":true,""display.contact"":false,""display.contact_reason"":""三维输出无效"",""display.contact_segment"":608,""display.contact_age_ms"":0.0,""display.contact_last_end_ns"":1240306925354500}"
S20260919_A,000133,17,1240473596818600,1240473608507500,NormalizedFit,1,1,False,unknown,False,False,0.0,nan,nan,nan,nan,nan,nan,x,y,z,,,,,,,,,,,,,,"{""x"":null,""y"":null,""z"":null,""dx"":null,""dy"":null,""mode5"":null,""Q"":null,""X"":null,""Y"":null,""Z"":null,""dX"":null,""dY"":null,""dZ"":null}","{""status"":""时间戳逆序/数据间断：请重新采集无载 B0"",""preset"":""5×5｜441点1mm连续"",""needs_baseline"":true,""display.contact"":false,""display.contact_reason"":""三维输出无效"",""display.contact_segment"":608,""display.contact_age_ms"":0.0,""display.contact_last_end_ns"":1240306925354500}"
S20260919_A,000133,18,1240473621747600,1240473648736600,NormalizedFit,1,1,False,unknown,False,False,0.0,nan,nan,nan,nan,nan,nan,x,y,z,,,,,,,,,,,,,,"{""x"":null,""y"":null,""z"":null,""dx"":null,""dy"":null,""mode5"":null,""Q"":null,""X"":null,""Y"":null,""Z"":null,""dX"":null,""dY"":null,""dZ"":null}","{""status"":""时间戳逆序/数据间断：请重新采集无载 B0"",""preset"":""5×5｜441点1mm连续"",""needs_baseline"":true,""display.contact"":false,""display.contact_reason"":""三维输出无效"",""display.contact_segment"":608,""display.contact_age_ms"":0.0,""display.contact_last_end_ns"":1240306925354500}"
S20260919_A,000133,19,1240473647664200,1240473688708000,NormalizedFit,1,1,False,unknown,False,False,0.0,nan,nan,nan,nan,nan,nan,x,y,z,,,,,,,,,,,,,,"{""x"":null,""y"":null,""z"":null,""dx"":null,""dy"":null,""mode5"":null,""Q"":null,""X"":null,""Y"":null,""Z"":null,""dX"":null,""dY"":null,""dZ"":null}","{""status"":""时间戳逆序/数据间断：请重新采集无载 B0"",""preset"":""5×5｜441点1mm连续"",""needs_baseline"":true,""display.contact"":false,""display.contact_reason"":""三维输出无效"",""display.contact_segment"":608,""display.contact_age_ms"":0.0,""display.contact_last_end_ns"":1240306925354500}"
S20260919_A,000133,20,1240473658610300,1240473691099500,NormalizedFit,1,1,False,unknown,False,False,0.0,nan,nan,nan,nan,nan,nan,x,y,z,,,,,,,,,,,,,,"{""x"":null,""y"":null,""z"":null,""dx"":null,""dy"":null,""mode5"":null,""Q"":null,""X"":null,""Y"":null,""Z"":null,""dX"":null,""dY"":null,""dZ"":null}","{""status"":""时间戳逆序/数据间断：请重新采集无载 B0"",""preset"":""5×5｜441点1mm连续"",""needs_baseline"":true,""display.contact"":false,""display.contact_reason"":""三维输出无效"",""display.contact_segment"":608,""display.contact_age_ms"":0.0,""display.contact_last_end_ns"":1240306925354500}"
S20260919_A,000133,21,1240473684514500,1240473693172200,NormalizedFit,1,1,False,unknown,False,False,0.0,nan,nan,nan,nan,nan,nan,x,y,z,,,,,,,,,,,,,,"{""x"":null,""y"":null,""z"":null,""dx"":null,""dy"":null,""mode5"":null,""Q"":null,""X"":null,""Y"":null,""Z"":null,""dX"":null,""dY"":null,""dZ"":null}","{""status"":""时间戳逆序/数据间断：请重新采集无载 B0"",""preset"":""5×5｜441点1mm连续"",""needs_baseline"":true,""display.contact"":false,""display.contact_reason"":""三维输出无效"",""display.contact_segment"":608,""display.contact_age_ms"":0.0,""display.contact_last_end_ns"":1240306925354500}"
S20260919_A,000133,22,1240473710507700,1240473721807100,NormalizedFit,1,1,False,unknown,False,False,0.0,nan,nan,nan,nan,nan,nan,x,y,z,,,,,,,,,,,,,,"{""x"":null,""y"":null,""z"":null,""dx"":null,""dy"":null,""mode5"":null,""Q"":null,""X"":null,""Y"":null,""Z"":null,""dX"":null,""dY"":null,""dZ"":null}","{""status"":""时间戳逆序/数据间断：请重新采集无载 B0"",""preset"":""5×5｜441点1mm连续"",""needs_baseline"":true,""display.contact"":false,""display.contact_reason"":""三维输出无效"",""display.contact_segment"":608,""display.contact_age_ms"":0.0,""display.contact_last_end_ns"":1240306925354500}"
S20260919_A,000133,23,1240473721499600,1240473763555500,NormalizedFit,1,1,False,unknown,False,False,0.0,nan,nan,nan,nan,nan,nan,x,y,z,,,,,,,,,,,,,,"{""x"":null,""y"":null,""z"":null,""dx"":null,""dy"":null,""mode5"":null,""Q"":null,""X"":null,""Y"":null,""Z"":null,""dX"":null,""dY"":null,""dZ"":null}","{""status"":""时间戳逆序/数据间断：请重新采集无载 B0"",""preset"":""5×5｜441点1mm连续"",""needs_baseline"":true,""display.contact"":false,""display.contact_reason"":""三维输出无效"",""display.contact_segment"":608,""display.contact_age_ms"":0.0,""display.contact_last_end_ns"":1240306925354500}"
S20260919_A,000133,24,1240473748280000,1240473767370900,NormalizedFit,1,1,False,unknown,False,False,0.0,nan,nan,nan,nan,nan,nan,x,y,z,,,,,,,,,,,,,,"{""x"":null,""y"":null,""z"":null,""dx"":null,""dy"":null,""mode5"":null,""Q"":null,""X"":null,""Y"":null,""Z"":null,""dX"":null,""dY"":null,""dZ"":null}","{""status"":""时间戳逆序/数据间断：请重新采集无载 B0"",""preset"":""5×5｜441点1mm连续"",""needs_baseline"":true,""display.contact"":false,""display.contact_reason"":""三维输出无效"",""display.contact_segment"":608,""display.contact_age_ms"":0.0,""display.contact_last_end_ns"":1240306925354500}"
S20260919_A,000133,25,1240473774232400,1240473796452600,NormalizedFit,1,1,False,unknown,False,False,0.0,nan,nan,nan,nan,nan,nan,x,y,z,,,,,,,,,,,,,,"{""x"":null,""y"":null,""z"":null,""dx"":null,""dy"":null,""mode5"":null,""Q"":null,""X"":null,""Y"":null,""Z"":null,""dX"":null,""dY"":null,""dZ"":null}","{""status"":""时间戳逆序/数据间断：请重新采集无载 B0"",""preset"":""5×5｜441点1mm连续"",""needs_baseline"":true,""display.contact"":false,""display.contact_reason"":""三维输出无效"",""display.contact_segment"":608,""display.contact_age_ms"":0.0,""display.contact_last_end_ns"":1240306925354500}"
S20260919_A,000133,26,1240473784205400,1240473798712000,NormalizedFit,1,1,False,unknown,False,False,0.0,nan,nan,nan,nan,nan,nan,x,y,z,,,,,,,,,,,,,,"{""x"":null,""y"":null,""z"":null,""dx"":null,""dy"":null,""mode5"":null,""Q"":null,""X"":null,""Y"":null,""Z"":null,""dX"":null,""dY"":null,""dZ"":null}","{""status"":""时间戳逆序/数据间断：请重新采集无载 B0"",""preset"":""5×5｜441点1mm连续"",""needs_baseline"":true,""display.contact"":false,""display.contact_reason"":""三维输出无效"",""display.contact_segment"":608,""display.contact_age_ms"":0.0,""display.contact_last_end_ns"":1240306925354500}"
S20260919_A,000133,27,1240473809123900,1240473827588800,NormalizedFit,1,1,False,unknown,False,False,0.0,nan,nan,nan,nan,nan,nan,x,y,z,,,,,,,,,,,,,,"{""x"":null,""y"":null,""z"":null,""dx"":null,""dy"":null,""mode5"":null,""Q"":null,""X"":null,""Y"":null,""Z"":null,""dX"":null,""dY"":null,""dZ"":null}","{""status"":""时间戳逆序/数据间断：请重新采集无载 B0"",""preset"":""5×5｜441点1mm连续"",""needs_baseline"":true,""display.contact"":false,""display.contact_reason"":""三维输出无效"",""display.contact_segment"":608,""display.contact_age_ms"":0.0,""display.contact_last_end_ns"":1240306925354500}"
S20260919_A,000133,28,1240473835172800,1240473868880000,NormalizedFit,1,1,False,unknown,False,False,0.0,nan,nan,nan,nan,nan,nan,x,y,z,,,,,,,,,,,,,,"{""x"":null,""y"":null,""z"":null,""dx"":null,""dy"":null,""mode5"":null,""Q"":null,""X"":null,""Y"":null,""Z"":null,""dX"":null,""dY"":null,""dZ"":null}","{""status"":""时间戳逆序/数据间断：请重新采集无载 B0"",""preset"":""5×5｜441点1mm连续"",""needs_baseline"":true,""display.contact"":false,""display.contact_reason"":""三维输出无效"",""display.contact_segment"":608,""display.contact_age_ms"":0.0,""display.contact_last_end_ns"":1240306925354500}"
S20260919_A,000133,29,1240473845944200,1240473871467700,NormalizedFit,1,1,False,unknown,False,False,0.0,nan,nan,nan,nan,nan,nan,x,y,z,,,,,,,,,,,,,,"{""x"":null,""y"":null,""z"":null,""dx"":null,""dy"":null,""mode5"":null,""Q"":null,""X"":null,""Y"":null,""Z"":null,""dX"":null,""dY"":null,""dZ"":null}","{""status"":""时间戳逆序/数据间断：请重新采集无载 B0"",""preset"":""5×5｜441点1mm连续"",""needs_baseline"":true,""display.contact"":false,""display.contact_reason"":""三维输出无效"",""display.contact_segment"":608,""display.contact_age_ms"":0.0,""display.contact_last_end_ns"":1240306925354500}"
S20260919_A,000133,30,1240473871903000,1240473901944700,NormalizedFit,1,1,False,unknown,False,False,0.0,nan,nan,nan,nan,nan,nan,x,y,z,,,,,,,,,,,,,,"{""x"":null,""y"":null,""z"":null,""dx"":null,""dy"":null,""mode5"":null,""Q"":null,""X"":null,""Y"":null,""Z"":null,""dX"":null,""dY"":null,""dZ"":null}","{""status"":""时间戳逆序/数据间断：请重新采集无载 B0"",""preset"":""5×5｜441点1mm连续"",""needs_baseline"":true,""display.contact"":false,""display.contact_reason"":""三维输出无效"",""display.contact_segment"":608,""display.contact_age_ms"":0.0,""display.contact_last_end_ns"":1240306925354500}"
S20260919_A,000133,31,1240473898765200,1240473905606500,NormalizedFit,1,1,False,unknown,False,False,0.0,nan,nan,nan,nan,nan,nan,x,y,z,,,,,,,,,,,,,,"{""x"":null,""y"":null,""z"":null,""dx"":null,""dy"":null,""mode5"":null,""Q"":null,""X"":null,""Y"":null,""Z"":null,""dX"":null,""dY"":null,""dZ"":null}","{""status"":""时间戳逆序/数据间断：请重新采集无载 B0"",""preset"":""5×5｜441点1mm连续"",""needs_baseline"":true,""display.contact"":false,""display.contact_reason"":""三维输出无效"",""display.contact_segment"":608,""display.contact_age_ms"":0.0,""display.contact_last_end_ns"":1240306925354500}"
S20260919_A,000133,32,1240473908721600,1240473934928000,NormalizedFit,1,1,False,unknown,False,False,0.0,nan,nan,nan,nan,nan,nan,x,y,z,,,,,,,,,,,,,,"{""x"":null,""y"":null,""z"":null,""dx"":null,""dy"":null,""mode5"":null,""Q"":null,""X"":null,""Y"":null,""Z"":null,""dX"":null,""dY"":null,""dZ"":null}","{""status"":""时间戳逆序/数据间断：请重新采集无载 B0"",""preset"":""5×5｜441点1mm连续"",""needs_baseline"":true,""display.contact"":false,""display.contact_reason"":""三维输出无效"",""display.contact_segment"":608,""display.contact_age_ms"":0.0,""display.contact_last_end_ns"":1240306925354500}"
S20260919_A,000133,33,1240473935240500,1240473976779200,NormalizedFit,1,1,False,unknown,False,False,0.0,nan,nan,nan,nan,nan,nan,x,y,z,,,,,,,,,,,,,,"{""x"":null,""y"":null,""z"":null,""dx"":null,""dy"":null,""mode5"":null,""Q"":null,""X"":null,""Y"":null,""Z"":null,""dX"":null,""dY"":null,""dZ"":null}","{""status"":""时间戳逆序/数据间断：请重新采集无载 B0"",""preset"":""5×5｜441点1mm连续"",""needs_baseline"":true,""display.contact"":false,""display.contact_reason"":""三维输出无效"",""display.contact_segment"":608,""display.contact_age_ms"":0.0,""display.contact_last_end_ns"":1240306925354500}"
S20260919_A,000133,34,1240473961717700,1240473979286300,NormalizedFit,1,1,False,unknown,False,False,0.0,nan,nan,nan,nan,nan,nan,x,y,z,,,,,,,,,,,,,,"{""x"":null,""y"":null,""z"":null,""dx"":null,""dy"":null,""mode5"":null,""Q"":null,""X"":null,""Y"":null,""Z"":null,""dX"":null,""dY"":null,""dZ"":null}","{""status"":""时间戳逆序/数据间断：请重新采集无载 B0"",""preset"":""5×5｜441点1mm连续"",""needs_baseline"":true,""display.contact"":false,""display.contact_reason"":""三维输出无效"",""display.contact_segment"":608,""display.contact_age_ms"":0.0,""display.contact_last_end_ns"":1240306925354500}"
S20260919_A,000133,35,1240473973606600,1240473982352400,NormalizedFit,1,1,False,unknown,False,False,0.0,nan,nan,nan,nan,nan,nan,x,y,z,,,,,,,,,,,,,,"{""x"":null,""y"":null,""z"":null,""dx"":null,""dy"":null,""mode5"":null,""Q"":null,""X"":null,""Y"":null,""Z"":null,""dX"":null,""dY"":null,""dZ"":null}","{""status"":""时间戳逆序/数据间断：请重新采集无载 B0"",""preset"":""5×5｜441点1mm连续"",""needs_baseline"":true,""display.contact"":false,""display.contact_reason"":""三维输出无效"",""display.contact_segment"":608,""display.contact_age_ms"":0.0,""display.contact_last_end_ns"":1240306925354500}"
S20260919_A,000133,36,1240473984523600,1240474013002100,NormalizedFit,1,1,False,unknown,False,False,0.0,nan,nan,nan,nan,nan,nan,x,y,z,,,,,,,,,,,,,,"{""x"":null,""y"":null,""z"":null,""dx"":null,""dy"":null,""mode5"":null,""Q"":null,""X"":null,""Y"":null,""Z"":null,""dX"":null,""dY"":null,""dZ"":null}","{""status"":""时间戳逆序/数据间断：请重新采集无载 B0"",""preset"":""5×5｜441点1mm连续"",""needs_baseline"":true,""display.contact"":false,""display.contact_reason"":""三维输出无效"",""display.contact_segment"":608,""display.contact_age_ms"":0.0,""display.contact_last_end_ns"":1240306925354500}"
S20260919_A,000133,37,1240474011428200,1240474054408800,NormalizedFit,1,1,False,unknown,False,False,0.0,nan,nan,nan,nan,nan,nan,x,y,z,,,,,,,,,,,,,,"{""x"":null,""y"":null,""z"":null,""dx"":null,""dy"":null,""mode5"":null,""Q"":null,""X"":null,""Y"":null,""Z"":null,""dX"":null,""dY"":null,""dZ"":null}","{""status"":""时间戳逆序/数据间断：请重新采集无载 B0"",""preset"":""5×5｜441点1mm连续"",""needs_baseline"":true,""display.contact"":false,""display.contact_reason"":""三维输出无效"",""display.contact_segment"":608,""display.contact_age_ms"":0.0,""display.contact_last_end_ns"":1240306925354500}"
S20260919_A,000133,38,1240474038354900,1240474056957000,NormalizedFit,1,1,False,unknown,False,False,0.0,nan,nan,nan,nan,nan,nan,x,y,z,,,,,,,,,,,,,,"{""x"":null,""y"":null,""z"":null,""dx"":null,""dy"":null,""mode5"":null,""Q"":null,""X"":null,""Y"":null,""Z"":null,""dX"":null,""dY"":null,""dZ"":null}","{""status"":""时间戳逆序/数据间断：请重新采集无载 B0"",""preset"":""5×5｜441点1mm连续"",""needs_baseline"":true,""display.contact"":false,""display.contact_reason"":""三维输出无效"",""display.contact_segment"":608,""display.contact_age_ms"":0.0,""display.contact_last_end_ns"":1240306925354500}"
S20260919_A,000133,39,1240474050297000,1240474059965600,NormalizedFit,1,1,False,unknown,False,False,0.0,nan,nan,nan,nan,nan,nan,x,y,z,,,,,,,,,,,,,,"{""x"":null,""y"":null,""z"":null,""dx"":null,""dy"":null,""mode5"":null,""Q"":null,""X"":null,""Y"":null,""Z"":null,""dX"":null,""dY"":null,""dZ"":null}","{""status"":""时间戳逆序/数据间断：请重新采集无载 B0"",""preset"":""5×5｜441点1mm连续"",""needs_baseline"":true,""display.contact"":false,""display.contact_reason"":""三维输出无效"",""display.contact_segment"":608,""display.contact_age_ms"":0.0,""display.contact_last_end_ns"":1240306925354500}"
S20260919_A,000133,40,1240474061283300,1240474089401100,NormalizedFit,1,1,False,unknown,False,False,0.0,nan,nan,nan,nan,nan,nan,x,y,z,,,,,,,,,,,,,,"{""x"":null,""y"":null,""z"":null,""dx"":null,""dy"":null,""mode5"":null,""Q"":null,""X"":null,""Y"":null,""Z"":null,""dX"":null,""dY"":null,""dZ"":null}","{""status"":""时间戳逆序/数据间断：请重新采集无载 B0"",""preset"":""5×5｜441点1mm连续"",""needs_baseline"":true,""display.contact"":false,""display.contact_reason"":""三维输出无效"",""display.contact_segment"":608,""display.contact_age_ms"":0.0,""display.contact_last_end_ns"":1240306925354500}"
S20260919_A,000133,41,1240474087317300,1240474120364000,NormalizedFit,1,1,False,unknown,False,False,0.0,nan,nan,nan,nan,nan,nan,x,y,z,,,,,,,,,,,,,,"{""x"":null,""y"":null,""z"":null,""dx"":null,""dy"":null,""mode5"":null,""Q"":null,""X"":null,""Y"":null,""Z"":null,""dX"":null,""dY"":null,""dZ"":null}","{""status"":""时间戳逆序/数据间断：请重新采集无载 B0"",""preset"":""5×5｜441点1mm连续"",""needs_baseline"":true,""display.contact"":false,""display.contact_reason"":""三维输出无效"",""display.contact_segment"":608,""display.contact_age_ms"":0.0,""display.contact_last_end_ns"":1240306925354500}"
S20260919_A,000133,42,1240474099151900,1240474123811300,NormalizedFit,1,1,False,unknown,False,False,0.0,nan,nan,nan,nan,nan,nan,x,y,z,,,,,,,,,,,,,,"{""x"":null,""y"":null,""z"":null,""dx"":null,""dy"":null,""mode5"":null,""Q"":null,""X"":null,""Y"":null,""Z"":null,""dX"":null,""dY"":null,""dZ"":null}","{""status"":""时间戳逆序/数据间断：请重新采集无载 B0"",""preset"":""5×5｜441点1mm连续"",""needs_baseline"":true,""display.contact"":false,""display.contact_reason"":""三维输出无效"",""display.contact_segment"":608,""display.contact_age_ms"":0.0,""display.contact_last_end_ns"":1240306925354500}"
S20260919_A,000133,43,1240474108580200,1240474125807800,NormalizedFit,1,1,False,unknown,False,False,0.0,nan,nan,nan,nan,nan,nan,x,y,z,,,,,,,,,,,,,,"{""x"":null,""y"":null,""z"":null,""dx"":null,""dy"":null,""mode5"":null,""Q"":null,""X"":null,""Y"":null,""Z"":null,""dX"":null,""dY"":null,""dZ"":null}","{""status"":""时间戳逆序/数据间断：请重新采集无载 B0"",""preset"":""5×5｜441点1mm连续"",""needs_baseline"":true,""display.contact"":false,""display.contact_reason"":""三维输出无效"",""display.contact_segment"":608,""display.contact_age_ms"":0.0,""display.contact_last_end_ns"":1240306925354500}"
S20260919_A,000133,44,1240474133795800,1240474165388200,NormalizedFit,1,1,False,unknown,False,False,0.0,nan,nan,nan,nan,nan,nan,x,y,z,,,,,,,,,,,,,,"{""x"":null,""y"":null,""z"":null,""dx"":null,""dy"":null,""mode5"":null,""Q"":null,""X"":null,""Y"":null,""Z"":null,""dX"":null,""dY"":null,""dZ"":null}","{""status"":""时间戳逆序/数据间断：请重新采集无载 B0"",""preset"":""5×5｜441点1mm连续"",""needs_baseline"":true,""display.contact"":false,""display.contact_reason"":""三维输出无效"",""display.contact_segment"":608,""display.contact_age_ms"":0.0,""display.contact_last_end_ns"":1240306925354500}"
S20260919_A,000133,45,1240474145463600,1240474168333500,NormalizedFit,1,1,False,unknown,False,False,0.0,nan,nan,nan,nan,nan,nan,x,y,z,,,,,,,,,,,,,,"{""x"":null,""y"":null,""z"":null,""dx"":null,""dy"":null,""mode5"":null,""Q"":null,""X"":null,""Y"":null,""Z"":null,""dX"":null,""dY"":null,""dZ"":null}","{""status"":""时间戳逆序/数据间断：请重新采集无载 B0"",""preset"":""5×5｜441点1mm连续"",""needs_baseline"":true,""display.contact"":false,""display.contact_reason"":""三维输出无效"",""display.contact_segment"":608,""display.contact_age_ms"":0.0,""display.contact_last_end_ns"":1240306925354500}"
S20260919_A,000133,46,1240474155424100,1240474170878200,NormalizedFit,1,1,False,unknown,False,False,0.0,nan,nan,nan,nan,nan,nan,x,y,z,,,,,,,,,,,,,,"{""x"":null,""y"":null,""z"":null,""dx"":null,""dy"":null,""mode5"":null,""Q"":null,""X"":null,""Y"":null,""Z"":null,""dX"":null,""dY"":null,""dZ"":null}","{""status"":""时间戳逆序/数据间断：请重新采集无载 B0"",""preset"":""5×5｜441点1mm连续"",""needs_baseline"":true,""display.contact"":false,""display.contact_reason"":""三维输出无效"",""display.contact_segment"":608,""display.contact_age_ms"":0.0,""display.contact_last_end_ns"":1240306925354500}"
S20260919_A,000133,47,1240474182335100,1240474221552200,NormalizedFit,1,1,False,unknown,False,False,0.0,nan,nan,nan,nan,nan,nan,x,y,z,,,,,,,,,,,,,,"{""x"":null,""y"":null,""z"":null,""dx"":null,""dy"":null,""mode5"":null,""Q"":null,""X"":null,""Y"":null,""Z"":null,""dX"":null,""dY"":null,""dZ"":null}","{""status"":""时间戳逆序/数据间断：请重新采集无载 B0"",""preset"":""5×5｜441点1mm连续"",""needs_baseline"":true,""display.contact"":false,""display.contact_reason"":""三维输出无效"",""display.contact_segment"":608,""display.contact_age_ms"":0.0,""display.contact_last_end_ns"":1240306925354500}"
S20260919_A,000133,48,1240474209248400,1240474224037900,NormalizedFit,1,1,False,unknown,False,False,0.0,nan,nan,nan,nan,nan,nan,x,y,z,,,,,,,,,,,,,,"{""x"":null,""y"":null,""z"":null,""dx"":null,""dy"":null,""mode5"":null,""Q"":null,""X"":null,""Y"":null,""Z"":null,""dX"":null,""dY"":null,""dZ"":null}","{""status"":""时间戳逆序/数据间断：请重新采集无载 B0"",""preset"":""5×5｜441点1mm连续"",""needs_baseline"":true,""display.contact"":false,""display.contact_reason"":""三维输出无效"",""display.contact_segment"":608,""display.contact_age_ms"":0.0,""display.contact_last_end_ns"":1240306925354500}"
S20260919_A,000133,49,1240474220206800,1240474226542500,NormalizedFit,1,1,False,unknown,False,False,0.0,nan,nan,nan,nan,nan,nan,x,y,z,,,,,,,,,,,,,,"{""x"":null,""y"":null,""z"":null,""dx"":null,""dy"":null,""mode5"":null,""Q"":null,""X"":null,""Y"":null,""Z"":null,""dX"":null,""dY"":null,""dZ"":null}","{""status"":""时间戳逆序/数据间断：请重新采集无载 B0"",""preset"":""5×5｜441点1mm连续"",""needs_baseline"":true,""display.contact"":false,""display.contact_reason"":""三维输出无效"",""display.contact_segment"":608,""display.contact_age_ms"":0.0,""display.contact_last_end_ns"":1240306925354500}"
S20260919_A,000133,50,1240474603132500,1240474634321500,NormalizedFit,1,1,False,unknown,False,False,0.0,nan,nan,nan,nan,nan,nan,x,y,z,,,,,,,,,,,,,,"{""x"":null,""y"":null,""z"":null,""dx"":null,""dy"":null,""mode5"":null,""Q"":null,""X"":null,""Y"":null,""Z"":null,""dX"":null,""dY"":null,""dZ"":null}","{""controlled_pre_action_b0"":true,""controlled_pre_action_b0_reason"":""path_pre_action_b0"",""baseline_noise_p95_uT"":36.05092162611375,""baseline_step_p95_uT"":50.59289262880699,""status"":""动作前确认无载窗口已更新 B0"",""preset"":""5×5｜441点1mm连续"",""needs_baseline"":false,""display.contact"":false,""display.contact_reason"":""三维输出无效"",""display.contact_segment"":608,""display.contact_age_ms"":0.0,""display.contact_last_end_ns"":1240306925354500}"
S20260919_A,000133,51,1240474630014500,1240474636771800,NormalizedFit,1,1,False,unknown,False,False,0.0,nan,nan,nan,nan,nan,nan,x,y,z,,,,,,,,,,,,,,"{""x"":null,""y"":null,""z"":null,""dx"":null,""dy"":null,""mode5"":null,""Q"":null,""X"":null,""Y"":null,""Z"":null,""dX"":null,""dY"":null,""dZ"":null}","{""cosine_similarity"":0.29836745226550127,""amplitude_uT"":43.35287304781541,""status"":""模板相似度不足"",""preset"":""5×5｜441点1mm连续"",""needs_baseline"":false,""display.contact"":false,""display.contact_reason"":""三维输出无效"",""display.contact_segment"":608,""display.contact_age_ms"":0.0,""display.contact_last_end_ns"":1240306925354500}"
S20260919_A,000133,52,1240474641590300,1240474682339800,NormalizedFit,1,1,False,unknown,False,False,0.0,nan,nan,nan,nan,nan,nan,x,y,z,,,,,,,,,,,,,,"{""x"":null,""y"":null,""z"":null,""dx"":null,""dy"":null,""mode5"":null,""Q"":null,""X"":null,""Y"":null,""Z"":null,""dX"":null,""dY"":null,""dZ"":null}","{""amplitude_uT"":26.201361825294377,""contact_threshold_uT"":40.0,""contact_gate"":""temporary current-frame amplitude threshold"",""status"":""低于临时接触阈值 / 判为非接触"",""preset"":""5×5｜441点1mm连续"",""needs_baseline"":false,""display.contact"":false,""display.contact_reason"":""三维输出无效"",""display.contact_segment"":608,""display.contact_age_ms"":0.0,""display.contact_last_end_ns"":1240306925354500}"
S20260919_A,000133,53,1240474667553500,1240474685502100,NormalizedFit,1,1,False,unknown,False,False,0.0,nan,nan,nan,nan,nan,nan,x,y,z,,,,,,,,,,,,,,"{""x"":null,""y"":null,""z"":null,""dx"":null,""dy"":null,""mode5"":null,""Q"":null,""X"":null,""Y"":null,""Z"":null,""dX"":null,""dY"":null,""dZ"":null}","{""amplitude_uT"":38.494081681473936,""contact_threshold_uT"":40.0,""contact_gate"":""temporary current-frame amplitude threshold"",""status"":""低于临时接触阈值 / 判为非接触"",""preset"":""5×5｜441点1mm连续"",""needs_baseline"":false,""display.contact"":false,""display.contact_reason"":""三维输出无效"",""display.contact_segment"":608,""display.contact_age_ms"":0.0,""display.contact_last_end_ns"":1240306925354500}"
S20260919_A,000133,54,1240474694436500,1240474715325400,NormalizedFit,1,1,False,unknown,False,False,0.0,nan,nan,nan,nan,nan,nan,x,y,z,,,,,,,,,,,,,,"{""x"":null,""y"":null,""z"":null,""dx"":null,""dy"":null,""mode5"":null,""Q"":null,""X"":null,""Y"":null,""Z"":null,""dX"":null,""dY"":null,""dZ"":null}","{""amplitude_uT"":32.921589960085214,""contact_threshold_uT"":40.0,""contact_gate"":""temporary current-frame amplitude threshold"",""status"":""低于临时接触阈值 / 判为非接触"",""preset"":""5×5｜441点1mm连续"",""needs_baseline"":false,""display.contact"":false,""display.contact_reason"":""三维输出无效"",""display.contact_segment"":608,""display.contact_age_ms"":0.0,""display.contact_last_end_ns"":1240306925354500}"
S20260919_A,000133,55,1240474706473600,1240474718697800,NormalizedFit,1,1,False,unknown,False,False,0.0,nan,nan,nan,nan,nan,nan,x,y,z,,,,,,,,,,,,,,"{""x"":null,""y"":null,""z"":null,""dx"":null,""dy"":null,""mode5"":null,""Q"":null,""X"":null,""Y"":null,""Z"":null,""dX"":null,""dY"":null,""dZ"":null}","{""amplitude_uT"":27.96580650544497,""contact_threshold_uT"":40.0,""contact_gate"":""temporary current-frame amplitude threshold"",""status"":""低于临时接触阈值 / 判为非接触"",""preset"":""5×5｜441点1mm连续"",""needs_baseline"":false,""display.contact"":false,""display.contact_reason"":""三维输出无效"",""display.contact_segment"":608,""display.contact_age_ms"":0.0,""display.contact_last_end_ns"":1240306925354500}"
S20260919_A,000133,56,1240474718387100,1240474758486900,NormalizedFit,1,1,False,unknown,False,False,0.0,nan,nan,nan,nan,nan,nan,x,y,z,,,,,,,,,,,,,,"{""x"":null,""y"":null,""z"":null,""dx"":null,""dy"":null,""mode5"":null,""Q"":null,""X"":null,""Y"":null,""Z"":null,""dX"":null,""dY"":null,""dZ"":null}","{""amplitude_uT"":25.914827001159242,""contact_threshold_uT"":40.0,""contact_gate"":""temporary current-frame amplitude threshold"",""status"":""低于临时接触阈值 / 判为非接触"",""preset"":""5×5｜441点1mm连续"",""needs_baseline"":false,""display.contact"":false,""display.contact_reason"":""三维输出无效"",""display.contact_segment"":608,""display.contact_age_ms"":0.0,""display.contact_last_end_ns"":1240306925354500}"
S20260919_A,000133,57,1240474744390600,1240474761215000,NormalizedFit,1,1,False,unknown,False,False,0.0,nan,nan,nan,nan,nan,nan,x,y,z,,,,,,,,,,,,,,"{""x"":null,""y"":null,""z"":null,""dx"":null,""dy"":null,""mode5"":null,""Q"":null,""X"":null,""Y"":null,""Z"":null,""dX"":null,""dY"":null,""dZ"":null}","{""amplitude_uT"":18.13647891681275,""status"":""当前帧低响应 / 无有效接触"",""preset"":""5×5｜441点1mm连续"",""needs_baseline"":false,""display.contact"":false,""display.contact_reason"":""三维输出无效"",""display.contact_segment"":608,""display.contact_age_ms"":0.0,""display.contact_last_end_ns"":1240306925354500}"
S20260919_A,000133,58,1240474771190800,1240474794340200,NormalizedFit,1,1,False,unknown,False,False,0.0,nan,nan,nan,nan,nan,nan,x,y,z,,,,,,,,,,,,,,"{""x"":null,""y"":null,""z"":null,""dx"":null,""dy"":null,""mode5"":null,""Q"":null,""X"":null,""Y"":null,""Z"":null,""dX"":null,""dY"":null,""dZ"":null}","{""amplitude_uT"":28.0846819903661,""contact_threshold_uT"":40.0,""contact_gate"":""temporary current-frame amplitude threshold"",""status"":""低于临时接触阈值 / 判为非接触"",""preset"":""5×5｜441点1mm连续"",""needs_baseline"":false,""display.contact"":false,""display.contact_reason"":""三维输出无效"",""display.contact_segment"":608,""display.contact_age_ms"":0.0,""display.contact_last_end_ns"":1240306925354500}"
S20260919_A,000133,59,1240474782108800,1240474796560200,NormalizedFit,1,1,False,unknown,False,False,0.0,nan,nan,nan,nan,nan,nan,x,y,z,,,,,,,,,,,,,,"{""x"":null,""y"":null,""z"":null,""dx"":null,""dy"":null,""mode5"":null,""Q"":null,""X"":null,""Y"":null,""Z"":null,""dX"":null,""dY"":null,""dZ"":null}","{""amplitude_uT"":30.125885887389362,""contact_threshold_uT"":40.0,""contact_gate"":""temporary current-frame amplitude threshold"",""status"":""低于临时接触阈值 / 判为非接触"",""preset"":""5×5｜441点1mm连续"",""needs_baseline"":false,""display.contact"":false,""display.contact_reason"":""三维输出无效"",""display.contact_segment"":608,""display.contact_age_ms"":0.0,""display.contact_last_end_ns"":1240306925354500}"
S20260919_A,000133,60,1240474809054000,1240474825373200,NormalizedFit,1,1,False,unknown,False,False,0.0,nan,nan,nan,nan,nan,nan,x,y,z,,,,,,,,,,,,,,"{""x"":null,""y"":null,""z"":null,""dx"":null,""dy"":null,""mode5"":null,""Q"":null,""X"":null,""Y"":null,""Z"":null,""dX"":null,""dY"":null,""dZ"":null}","{""amplitude_uT"":32.25563067899911,""contact_threshold_uT"":40.0,""contact_gate"":""temporary current-frame amplitude threshold"",""status"":""低于临时接触阈值 / 判为非接触"",""preset"":""5×5｜441点1mm连续"",""needs_baseline"":false,""display.contact"":false,""display.contact_reason"":""三维输出无效"",""display.contact_segment"":608,""display.contact_age_ms"":0.0,""display.contact_last_end_ns"":1240306925354500}"
S20260919_A,000133,61,1240474834989300,1240474866197400,NormalizedFit,1,1,False,unknown,False,False,0.0,nan,nan,nan,nan,nan,nan,x,y,z,,,,,,,,,,,,,,"{""x"":null,""y"":null,""z"":null,""dx"":null,""dy"":null,""mode5"":null,""Q"":null,""X"":null,""Y"":null,""Z"":null,""dX"":null,""dY"":null,""dZ"":null}","{""amplitude_uT"":23.493961468854028,""contact_threshold_uT"":40.0,""contact_gate"":""temporary current-frame amplitude threshold"",""status"":""低于临时接触阈值 / 判为非接触"",""preset"":""5×5｜441点1mm连续"",""needs_baseline"":false,""display.contact"":false,""display.contact_reason"":""三维输出无效"",""display.contact_segment"":608,""display.contact_age_ms"":0.0,""display.contact_last_end_ns"":1240306925354500}"
S20260919_A,000133,62,1240474845958000,1240474868753900,NormalizedFit,1,1,False,unknown,False,False,0.0,nan,nan,nan,nan,nan,nan,x,y,z,,,,,,,,,,,,,,"{""x"":null,""y"":null,""z"":null,""dx"":null,""dy"":null,""mode5"":null,""Q"":null,""X"":null,""Y"":null,""Z"":null,""dX"":null,""dY"":null,""dZ"":null}","{""amplitude_uT"":19.454624501645025,""status"":""当前帧低响应 / 无有效接触"",""preset"":""5×5｜441点1mm连续"",""needs_baseline"":false,""display.contact"":false,""display.contact_reason"":""三维输出无效"",""display.contact_segment"":608,""display.contact_age_ms"":0.0,""display.contact_last_end_ns"":1240306925354500}"
S20260919_A,000133,63,1240474871227400,1240474903869800,NormalizedFit,1,1,False,unknown,False,False,0.0,nan,nan,nan,nan,nan,nan,x,y,z,,,,,,,,,,,,,,"{""x"":null,""y"":null,""z"":null,""dx"":null,""dy"":null,""mode5"":null,""Q"":null,""X"":null,""Y"":null,""Z"":null,""dX"":null,""dY"":null,""dZ"":null}","{""amplitude_uT"":22.907788293504105,""contact_threshold_uT"":40.0,""contact_gate"":""temporary current-frame amplitude threshold"",""status"":""低于临时接触阈值 / 判为非接触"",""preset"":""5×5｜441点1mm连续"",""needs_baseline"":false,""display.contact"":false,""display.contact_reason"":""三维输出无效"",""display.contact_segment"":608,""display.contact_age_ms"":0.0,""display.contact_last_end_ns"":1240306925354500}"
S20260919_A,000133,64,1240474896752800,1240474906975600,NormalizedFit,1,1,False,unknown,False,False,0.0,nan,nan,nan,nan,nan,nan,x,y,z,,,,,,,,,,,,,,"{""x"":null,""y"":null,""z"":null,""dx"":null,""dy"":null,""mode5"":null,""Q"":null,""X"":null,""Y"":null,""Z"":null,""dX"":null,""dY"":null,""dZ"":null}","{""amplitude_uT"":25.31899927919717,""contact_threshold_uT"":40.0,""contact_gate"":""temporary current-frame amplitude threshold"",""status"":""低于临时接触阈值 / 判为非接触"",""preset"":""5×5｜441点1mm连续"",""needs_baseline"":false,""display.contact"":false,""display.contact_reason"":""三维输出无效"",""display.contact_segment"":608,""display.contact_age_ms"":0.0,""display.contact_last_end_ns"":1240306925354500}"
S20260919_A,000133,65,1240474906738000,1240474935922000,NormalizedFit,1,1,False,unknown,False,False,0.0,nan,nan,nan,nan,nan,nan,x,y,z,,,,,,,,,,,,,,"{""x"":null,""y"":null,""z"":null,""dx"":null,""dy"":null,""mode5"":null,""Q"":null,""X"":null,""Y"":null,""Z"":null,""dX"":null,""dY"":null,""dZ"":null}","{""amplitude_uT"":27.922035787169833,""contact_threshold_uT"":40.0,""contact_gate"":""temporary current-frame amplitude threshold"",""status"":""低于临时接触阈值 / 判为非接触"",""preset"":""5×5｜441点1mm连续"",""needs_baseline"":false,""display.contact"":false,""display.contact_reason"":""三维输出无效"",""display.contact_segment"":608,""display.contact_age_ms"":0.0,""display.contact_last_end_ns"":1240306925354500}"
S20260919_A,000133,66,1240474933618600,1240474978630300,NormalizedFit,1,1,False,unknown,False,False,0.0,nan,nan,nan,nan,nan,nan,x,y,z,,,,,,,,,,,,,,"{""x"":null,""y"":null,""z"":null,""dx"":null,""dy"":null,""mode5"":null,""Q"":null,""X"":null,""Y"":null,""Z"":null,""dX"":null,""dY"":null,""dZ"":null}","{""cosine_similarity"":0.33602962001474723,""amplitude_uT"":42.02624826819516,""status"":""模板相似度不足"",""preset"":""5×5｜441点1mm连续"",""needs_baseline"":false,""display.contact"":false,""display.contact_reason"":""三维输出无效"",""display.contact_segment"":608,""display.contact_age_ms"":0.0,""display.contact_last_end_ns"":1240306925354500}"
S20260919_A,000133,67,1240474959816700,1240474981972700,NormalizedFit,1,1,False,unknown,False,False,0.0,nan,nan,nan,nan,nan,nan,x,y,z,,,,,,,,,,,,,,"{""x"":null,""y"":null,""z"":null,""dx"":null,""dy"":null,""mode5"":null,""Q"":null,""X"":null,""Y"":null,""Z"":null,""dX"":null,""dY"":null,""dZ"":null}","{""amplitude_uT"":28.961927948601772,""contact_threshold_uT"":40.0,""contact_gate"":""temporary current-frame amplitude threshold"",""status"":""低于临时接触阈值 / 判为非接触"",""preset"":""5×5｜441点1mm连续"",""needs_baseline"":false,""display.contact"":false,""display.contact_reason"":""三维输出无效"",""display.contact_segment"":608,""display.contact_age_ms"":0.0,""display.contact_last_end_ns"":1240306925354500}"
S20260919_A,000133,68,1240474971523900,1240474984905200,NormalizedFit,1,1,False,unknown,False,False,0.0,nan,nan,nan,nan,nan,nan,x,y,z,,,,,,,,,,,,,,"{""x"":null,""y"":null,""z"":null,""dx"":null,""dy"":null,""mode5"":null,""Q"":null,""X"":null,""Y"":null,""Z"":null,""dX"":null,""dY"":null,""dZ"":null}","{""amplitude_uT"":35.76252055574361,""contact_threshold_uT"":40.0,""contact_gate"":""temporary current-frame amplitude threshold"",""status"":""低于临时接触阈值 / 判为非接触"",""preset"":""5×5｜441点1mm连续"",""needs_baseline"":false,""display.contact"":false,""display.contact_reason"":""三维输出无效"",""display.contact_segment"":608,""display.contact_age_ms"":0.0,""display.contact_last_end_ns"":1240306925354500}"
S20260919_A,000133,69,1240474997462000,1240475013878200,NormalizedFit,1,1,False,unknown,False,False,0.0,nan,nan,nan,nan,nan,nan,x,y,z,,,,,,,,,,,,,,"{""x"":null,""y"":null,""z"":null,""dx"":null,""dy"":null,""mode5"":null,""Q"":null,""X"":null,""Y"":null,""Z"":null,""dX"":null,""dY"":null,""dZ"":null}","{""amplitude_uT"":34.700282642941055,""contact_threshold_uT"":40.0,""contact_gate"":""temporary current-frame amplitude threshold"",""status"":""低于临时接触阈值 / 判为非接触"",""preset"":""5×5｜441点1mm连续"",""needs_baseline"":false,""display.contact"":false,""display.contact_reason"":""三维输出无效"",""display.contact_segment"":608,""display.contact_age_ms"":0.0,""display.contact_last_end_ns"":1240306925354500}"
S20260919_A,000133,70,1240475024418000,1240475056579400,NormalizedFit,1,1,False,unknown,False,False,0.0,nan,nan,nan,nan,nan,nan,x,y,z,,,,,,,,,,,,,,"{""x"":null,""y"":null,""z"":null,""dx"":null,""dy"":null,""mode5"":null,""Q"":null,""X"":null,""Y"":null,""Z"":null,""dX"":null,""dY"":null,""dZ"":null}","{""amplitude_uT"":21.402902712015685,""contact_threshold_uT"":40.0,""contact_gate"":""temporary current-frame amplitude threshold"",""status"":""低于临时接触阈值 / 判为非接触"",""preset"":""5×5｜441点1mm连续"",""needs_baseline"":false,""display.contact"":false,""display.contact_reason"":""三维输出无效"",""display.contact_segment"":608,""display.contact_age_ms"":0.0,""display.contact_last_end_ns"":1240306925354500}"
S20260919_A,000133,71,1240475034362900,1240475060410800,NormalizedFit,1,1,False,unknown,False,False,0.0,nan,nan,nan,nan,nan,nan,x,y,z,,,,,,,,,,,,,,"{""x"":null,""y"":null,""z"":null,""dx"":null,""dy"":null,""mode5"":null,""Q"":null,""X"":null,""Y"":null,""Z"":null,""dX"":null,""dY"":null,""dZ"":null}","{""amplitude_uT"":33.80594063918334,""contact_threshold_uT"":40.0,""contact_gate"":""temporary current-frame amplitude threshold"",""status"":""低于临时接触阈值 / 判为非接触"",""preset"":""5×5｜441点1mm连续"",""needs_baseline"":false,""display.contact"":false,""display.contact_reason"":""三维输出无效"",""display.contact_segment"":608,""display.contact_age_ms"":0.0,""display.contact_last_end_ns"":1240306925354500}"
S20260919_A,000133,72,1240475060232000,1240475090530200,NormalizedFit,1,1,False,unknown,False,False,0.0,nan,nan,nan,nan,nan,nan,x,y,z,,,,,,,,,,,,,,"{""x"":null,""y"":null,""z"":null,""dx"":null,""dy"":null,""mode5"":null,""Q"":null,""X"":null,""Y"":null,""Z"":null,""dX"":null,""dY"":null,""dZ"":null}","{""amplitude_uT"":19.917801447449005,""status"":""当前帧低响应 / 无有效接触"",""preset"":""5×5｜441点1mm连续"",""needs_baseline"":false,""display.contact"":false,""display.contact_reason"":""三维输出无效"",""display.contact_segment"":608,""display.contact_age_ms"":0.0,""display.contact_last_end_ns"":1240306925354500}"
S20260919_A,000133,73,1240475087203800,1240475120529100,NormalizedFit,1,1,False,unknown,False,False,0.0,nan,nan,nan,nan,nan,nan,x,y,z,,,,,,,,,,,,,,"{""x"":null,""y"":null,""z"":null,""dx"":null,""dy"":null,""mode5"":null,""Q"":null,""X"":null,""Y"":null,""Z"":null,""dX"":null,""dY"":null,""dZ"":null}","{""cosine_similarity"":0.2150506430772065,""amplitude_uT"":44.77569110019407,""status"":""模板相似度不足"",""preset"":""5×5｜441点1mm连续"",""needs_baseline"":false,""display.contact"":false,""display.contact_reason"":""三维输出无效"",""display.contact_segment"":608,""display.contact_age_ms"":0.0,""display.contact_last_end_ns"":1240306925354500}"
S20260919_A,000133,74,1240475099059300,1240475124054200,NormalizedFit,1,1,False,unknown,False,False,0.0,nan,nan,nan,nan,nan,nan,x,y,z,,,,,,,,,,,,,,"{""x"":null,""y"":null,""z"":null,""dx"":null,""dy"":null,""mode5"":null,""Q"":null,""X"":null,""Y"":null,""Z"":null,""dX"":null,""dY"":null,""dZ"":null}","{""amplitude_uT"":38.89362957477737,""contact_threshold_uT"":40.0,""contact_gate"":""temporary current-frame amplitude threshold"",""status"":""低于临时接触阈值 / 判为非接触"",""preset"":""5×5｜441点1mm连续"",""needs_baseline"":false,""display.contact"":false,""display.contact_reason"":""三维输出无效"",""display.contact_segment"":608,""display.contact_age_ms"":0.0,""display.contact_last_end_ns"":1240306925354500}"
S20260919_A,000133,75,1240475110018900,1240475126326000,NormalizedFit,1,1,False,unknown,False,False,0.0,nan,nan,nan,nan,nan,nan,x,y,z,,,,,,,,,,,,,,"{""x"":null,""y"":null,""z"":null,""dx"":null,""dy"":null,""mode5"":null,""Q"":null,""X"":null,""Y"":null,""Z"":null,""dX"":null,""dY"":null,""dZ"":null}","{""amplitude_uT"":17.563687127138213,""status"":""当前帧低响应 / 无有效接触"",""preset"":""5×5｜441点1mm连续"",""needs_baseline"":false,""display.contact"":false,""display.contact_reason"":""三维输出无效"",""display.contact_segment"":608,""display.contact_age_ms"":0.0,""display.contact_last_end_ns"":1240306925354500}"
S20260919_A,000133,76,1240475135992300,1240475167232700,NormalizedFit,1,1,False,unknown,False,False,0.0,nan,nan,nan,nan,nan,nan,x,y,z,,,,,,,,,,,,,,"{""x"":null,""y"":null,""z"":null,""dx"":null,""dy"":null,""mode5"":null,""Q"":null,""X"":null,""Y"":null,""Z"":null,""dX"":null,""dY"":null,""dZ"":null}","{""amplitude_uT"":21.627021165662153,""contact_threshold_uT"":40.0,""contact_gate"":""temporary current-frame amplitude threshold"",""status"":""低于临时接触阈值 / 判为非接触"",""preset"":""5×5｜441点1mm连续"",""needs_baseline"":false,""display.contact"":false,""display.contact_reason"":""三维输出无效"",""display.contact_segment"":608,""display.contact_age_ms"":0.0,""display.contact_last_end_ns"":1240306925354500}"
S20260919_A,000133,77,1240475163030500,1240475170987600,NormalizedFit,1,1,False,unknown,False,False,0.0,nan,nan,nan,nan,nan,nan,x,y,z,,,,,,,,,,,,,,"{""x"":null,""y"":null,""z"":null,""dx"":null,""dy"":null,""mode5"":null,""Q"":null,""X"":null,""Y"":null,""Z"":null,""dX"":null,""dY"":null,""dZ"":null}","{""amplitude_uT"":26.623191797754117,""contact_threshold_uT"":40.0,""contact_gate"":""temporary current-frame amplitude threshold"",""status"":""低于临时接触阈值 / 判为非接触"",""preset"":""5×5｜441点1mm连续"",""needs_baseline"":false,""display.contact"":false,""display.contact_reason"":""三维输出无效"",""display.contact_segment"":608,""display.contact_age_ms"":0.0,""display.contact_last_end_ns"":1240306925354500}"
S20260919_A,000133,78,1240475175906400,1240475200599500,NormalizedFit,1,1,False,unknown,False,False,0.0,nan,nan,nan,nan,nan,nan,x,y,z,,,,,,,,,,,,,,"{""x"":null,""y"":null,""z"":null,""dx"":null,""dy"":null,""mode5"":null,""Q"":null,""X"":null,""Y"":null,""Z"":null,""dX"":null,""dY"":null,""dZ"":null}","{""amplitude_uT"":34.34517192415801,""contact_threshold_uT"":40.0,""contact_gate"":""temporary current-frame amplitude threshold"",""status"":""低于临时接触阈值 / 判为非接触"",""preset"":""5×5｜441点1mm连续"",""needs_baseline"":false,""display.contact"":false,""display.contact_reason"":""三维输出无效"",""display.contact_segment"":608,""display.contact_age_ms"":0.0,""display.contact_last_end_ns"":1240306925354500}"
S20260919_A,000133,79,1240475186809800,1240475202946000,NormalizedFit,1,1,False,unknown,False,False,0.0,nan,nan,nan,nan,nan,nan,x,y,z,,,,,,,,,,,,,,"{""x"":null,""y"":null,""z"":null,""dx"":null,""dy"":null,""mode5"":null,""Q"":null,""X"":null,""Y"":null,""Z"":null,""dX"":null,""dY"":null,""dZ"":null}","{""amplitude_uT"":23.293554913323064,""contact_threshold_uT"":40.0,""contact_gate"":""temporary current-frame amplitude threshold"",""status"":""低于临时接触阈值 / 判为非接触"",""preset"":""5×5｜441点1mm连续"",""needs_baseline"":false,""display.contact"":false,""display.contact_reason"":""三维输出无效"",""display.contact_segment"":608,""display.contact_age_ms"":0.0,""display.contact_last_end_ns"":1240306925354500}"
S20260919_A,000133,80,1240475211811000,1240475232101700,NormalizedFit,1,1,False,unknown,False,False,0.0,nan,nan,nan,nan,nan,nan,x,y,z,,,,,,,,,,,,,,"{""x"":null,""y"":null,""z"":null,""dx"":null,""dy"":null,""mode5"":null,""Q"":null,""X"":null,""Y"":null,""Z"":null,""dX"":null,""dY"":null,""dZ"":null}","{""amplitude_uT"":32.50333062164544,""contact_threshold_uT"":40.0,""contact_gate"":""temporary current-frame amplitude threshold"",""status"":""低于临时接触阈值 / 判为非接触"",""preset"":""5×5｜441点1mm连续"",""needs_baseline"":false,""display.contact"":false,""display.contact_reason"":""三维输出无效"",""display.contact_segment"":608,""display.contact_age_ms"":0.0,""display.contact_last_end_ns"":1240306925354500}"
S20260919_A,000133,81,1240475223688800,1240475234791900,NormalizedFit,1,1,False,unknown,False,False,0.0,nan,nan,nan,nan,nan,nan,x,y,z,,,,,,,,,,,,,,"{""x"":null,""y"":null,""z"":null,""dx"":null,""dy"":null,""mode5"":null,""Q"":null,""X"":null,""Y"":null,""Z"":null,""dX"":null,""dY"":null,""dZ"":null}","{""amplitude_uT"":21.557692791669567,""contact_threshold_uT"":40.0,""contact_gate"":""temporary current-frame amplitude threshold"",""status"":""低于临时接触阈值 / 判为非接触"",""preset"":""5×5｜441点1mm连续"",""needs_baseline"":false,""display.contact"":false,""display.contact_reason"":""三维输出无效"",""display.contact_segment"":608,""display.contact_age_ms"":0.0,""display.contact_last_end_ns"":1240306925354500}"
S20260919_A,000133,82,1240475234647500,1240475277770500,NormalizedFit,1,1,False,unknown,False,False,0.0,nan,nan,nan,nan,nan,nan,x,y,z,,,,,,,,,,,,,,"{""x"":null,""y"":null,""z"":null,""dx"":null,""dy"":null,""mode5"":null,""Q"":null,""X"":null,""Y"":null,""Z"":null,""dX"":null,""dY"":null,""dZ"":null}","{""amplitude_uT"":29.48060831292326,""contact_threshold_uT"":40.0,""contact_gate"":""temporary current-frame amplitude threshold"",""status"":""低于临时接触阈值 / 判为非接触"",""preset"":""5×5｜441点1mm连续"",""needs_baseline"":false,""display.contact"":false,""display.contact_reason"":""三维输出无效"",""display.contact_segment"":608,""display.contact_age_ms"":0.0,""display.contact_last_end_ns"":1240306925354500}"
S20260919_A,000133,83,1240475260539600,1240475281399000,NormalizedFit,1,1,False,unknown,False,False,0.0,nan,nan,nan,nan,nan,nan,x,y,z,,,,,,,,,,,,,,"{""x"":null,""y"":null,""z"":null,""dx"":null,""dy"":null,""mode5"":null,""Q"":null,""X"":null,""Y"":null,""Z"":null,""dX"":null,""dY"":null,""dZ"":null}","{""amplitude_uT"":32.86716400147709,""contact_threshold_uT"":40.0,""contact_gate"":""temporary current-frame amplitude threshold"",""status"":""低于临时接触阈值 / 判为非接触"",""preset"":""5×5｜441点1mm连续"",""needs_baseline"":false,""display.contact"":false,""display.contact_reason"":""三维输出无效"",""display.contact_segment"":608,""display.contact_age_ms"":0.0,""display.contact_last_end_ns"":1240306925354500}"
S20260919_A,000133,84,1240475287493200,1240475311065400,NormalizedFit,1,1,False,unknown,False,False,0.0,nan,nan,nan,nan,nan,nan,x,y,z,,,,,,,,,,,,,,"{""x"":null,""y"":null,""z"":null,""dx"":null,""dy"":null,""mode5"":null,""Q"":null,""X"":null,""Y"":null,""Z"":null,""dX"":null,""dY"":null,""dZ"":null}","{""amplitude_uT"":30.551401105350084,""contact_threshold_uT"":40.0,""contact_gate"":""temporary current-frame amplitude threshold"",""status"":""低于临时接触阈值 / 判为非接触"",""preset"":""5×5｜441点1mm连续"",""needs_baseline"":false,""display.contact"":false,""display.contact_reason"":""三维输出无效"",""display.contact_segment"":608,""display.contact_age_ms"":0.0,""display.contact_last_end_ns"":1240306925354500}"
S20260919_A,000133,85,1240475299732700,1240475313819100,NormalizedFit,1,1,False,unknown,False,False,0.0,nan,nan,nan,nan,nan,nan,x,y,z,,,,,,,,,,,,,,"{""x"":null,""y"":null,""z"":null,""dx"":null,""dy"":null,""mode5"":null,""Q"":null,""X"":null,""Y"":null,""Z"":null,""dX"":null,""dY"":null,""dZ"":null}","{""cosine_similarity"":0.1717254638322689,""amplitude_uT"":42.89345119595751,""status"":""模板相似度不足"",""preset"":""5×5｜441点1mm连续"",""needs_baseline"":false,""display.contact"":false,""display.contact_reason"":""三维输出无效"",""display.contact_segment"":608,""display.contact_age_ms"":0.0,""display.contact_last_end_ns"":1240306925354500}"
S20260919_A,000133,86,1240475326364500,1240475342936400,NormalizedFit,1,1,False,unknown,False,False,0.0,nan,nan,nan,nan,nan,nan,x,y,z,,,,,,,,,,,,,,"{""x"":null,""y"":null,""z"":null,""dx"":null,""dy"":null,""mode5"":null,""Q"":null,""X"":null,""Y"":null,""Z"":null,""dX"":null,""dY"":null,""dZ"":null}","{""amplitude_uT"":31.012113979862637,""contact_threshold_uT"":40.0,""contact_gate"":""temporary current-frame amplitude threshold"",""status"":""低于临时接触阈值 / 判为非接触"",""preset"":""5×5｜441点1mm连续"",""needs_baseline"":false,""display.contact"":false,""display.contact_reason"":""三维输出无效"",""display.contact_segment"":608,""display.contact_age_ms"":0.0,""display.contact_last_end_ns"":1240306925354500}"
S20260919_A,000133,87,1240475352215400,1240475388679700,NormalizedFit,1,1,False,unknown,False,False,0.0,nan,nan,nan,nan,nan,nan,x,y,z,,,,,,,,,,,,,,"{""x"":null,""y"":null,""z"":null,""dx"":null,""dy"":null,""mode5"":null,""Q"":null,""X"":null,""Y"":null,""Z"":null,""dX"":null,""dY"":null,""dZ"":null}","{""amplitude_uT"":37.216281403439424,""contact_threshold_uT"":40.0,""contact_gate"":""temporary current-frame amplitude threshold"",""status"":""低于临时接触阈值 / 判为非接触"",""preset"":""5×5｜441点1mm连续"",""needs_baseline"":false,""display.contact"":false,""display.contact_reason"":""三维输出无效"",""display.contact_segment"":608,""display.contact_age_ms"":0.0,""display.contact_last_end_ns"":1240306925354500}"
S20260919_A,000133,88,1240475362193000,1240475391912200,NormalizedFit,1,1,False,unknown,False,False,0.0,nan,nan,nan,nan,nan,nan,x,y,z,,,,,,,,,,,,,,"{""x"":null,""y"":null,""z"":null,""dx"":null,""dy"":null,""mode5"":null,""Q"":null,""X"":null,""Y"":null,""Z"":null,""dX"":null,""dY"":null,""dZ"":null}","{""amplitude_uT"":25.03880291667322,""contact_threshold_uT"":40.0,""contact_gate"":""temporary current-frame amplitude threshold"",""status"":""低于临时接触阈值 / 判为非接触"",""preset"":""5×5｜441点1mm连续"",""needs_baseline"":false,""display.contact"":false,""display.contact_reason"":""三维输出无效"",""display.contact_segment"":608,""display.contact_age_ms"":0.0,""display.contact_last_end_ns"":1240306925354500}"
S20260919_A,000133,89,1240475389074600,1240475422306400,NormalizedFit,1,1,False,unknown,False,False,0.0,nan,nan,nan,nan,nan,nan,x,y,z,,,,,,,,,,,,,,"{""x"":null,""y"":null,""z"":null,""dx"":null,""dy"":null,""mode5"":null,""Q"":null,""X"":null,""Y"":null,""Z"":null,""dX"":null,""dY"":null,""dZ"":null}","{""amplitude_uT"":24.256832820877634,""contact_threshold_uT"":40.0,""contact_gate"":""temporary current-frame amplitude threshold"",""status"":""低于临时接触阈值 / 判为非接触"",""preset"":""5×5｜441点1mm连续"",""needs_baseline"":false,""display.contact"":false,""display.contact_reason"":""三维输出无效"",""display.contact_segment"":608,""display.contact_age_ms"":0.0,""display.contact_last_end_ns"":1240306925354500}"
S20260919_A,000133,90,1240475416046600,1240475425814400,NormalizedFit,1,1,False,unknown,False,False,0.0,nan,nan,nan,nan,nan,nan,x,y,z,,,,,,,,,,,,,,"{""x"":null,""y"":null,""z"":null,""dx"":null,""dy"":null,""mode5"":null,""Q"":null,""X"":null,""Y"":null,""Z"":null,""dX"":null,""dY"":null,""dZ"":null}","{""cosine_similarity"":0.24790791383535724,""amplitude_uT"":40.060031883411995,""status"":""模板相似度不足"",""preset"":""5×5｜441点1mm连续"",""needs_baseline"":false,""display.contact"":false,""display.contact_reason"":""三维输出无效"",""display.contact_segment"":608,""display.contact_age_ms"":0.0,""display.contact_last_end_ns"":1240306925354500}"
S20260919_A,000133,91,1240475442957800,1240475471039500,NormalizedFit,1,1,False,unknown,False,False,0.0,nan,nan,nan,nan,nan,nan,x,y,z,,,,,,,,,,,,,,"{""x"":null,""y"":null,""z"":null,""dx"":null,""dy"":null,""mode5"":null,""Q"":null,""X"":null,""Y"":null,""Z"":null,""dX"":null,""dY"":null,""dZ"":null}","{""amplitude_uT"":29.416070208306103,""contact_threshold_uT"":40.0,""contact_gate"":""temporary current-frame amplitude threshold"",""status"":""低于临时接触阈值 / 判为非接触"",""preset"":""5×5｜441点1mm连续"",""needs_baseline"":false,""display.contact"":false,""display.contact_reason"":""三维输出无效"",""display.contact_segment"":608,""display.contact_age_ms"":0.0,""display.contact_last_end_ns"":1240306925354500}"
S20260919_A,000133,92,1240475453918100,1240475473561600,NormalizedFit,1,1,False,unknown,False,False,0.0,nan,nan,nan,nan,nan,nan,x,y,z,,,,,,,,,,,,,,"{""x"":null,""y"":null,""z"":null,""dx"":null,""dy"":null,""mode5"":null,""Q"":null,""X"":null,""Y"":null,""Z"":null,""dX"":null,""dY"":null,""dZ"":null}","{""cosine_similarity"":0.44226400225864093,""amplitude_uT"":44.030946849914535,""status"":""模板相似度不足"",""preset"":""5×5｜441点1mm连续"",""needs_baseline"":false,""display.contact"":false,""display.contact_reason"":""三维输出无效"",""display.contact_segment"":608,""display.contact_age_ms"":0.0,""display.contact_last_end_ns"":1240306925354500}"
S20260919_A,000133,93,1240475480810800,1240475502699200,NormalizedFit,1,1,False,unknown,False,False,0.0,nan,nan,nan,nan,nan,nan,x,y,z,,,,,,,,,,,,,,"{""x"":null,""y"":null,""z"":null,""dx"":null,""dy"":null,""mode5"":null,""Q"":null,""X"":null,""Y"":null,""Z"":null,""dX"":null,""dY"":null,""dZ"":null}","{""amplitude_uT"":28.40953824862375,""contact_threshold_uT"":40.0,""contact_gate"":""temporary current-frame amplitude threshold"",""status"":""低于临时接触阈值 / 判为非接触"",""preset"":""5×5｜441点1mm连续"",""needs_baseline"":false,""display.contact"":false,""display.contact_reason"":""三维输出无效"",""display.contact_segment"":608,""display.contact_age_ms"":0.0,""display.contact_last_end_ns"":1240306925354500}"
S20260919_A,000133,94,1240475507800600,1240475532346800,NormalizedFit,1,1,False,unknown,False,False,0.0,nan,nan,nan,nan,nan,nan,x,y,z,,,,,,,,,,,,,,"{""x"":null,""y"":null,""z"":null,""dx"":null,""dy"":null,""mode5"":null,""Q"":null,""X"":null,""Y"":null,""Z"":null,""dX"":null,""dY"":null,""dZ"":null}","{""amplitude_uT"":35.39673681993872,""contact_threshold_uT"":40.0,""contact_gate"":""temporary current-frame amplitude threshold"",""status"":""低于临时接触阈值 / 判为非接触"",""preset"":""5×5｜441点1mm连续"",""needs_baseline"":false,""display.contact"":false,""display.contact_reason"":""三维输出无效"",""display.contact_segment"":608,""display.contact_age_ms"":0.0,""display.contact_last_end_ns"":1240306925354500}"
S20260919_A,000133,95,1240475518978900,1240475535035400,NormalizedFit,1,1,False,unknown,False,False,0.0,nan,nan,nan,nan,nan,nan,x,y,z,,,,,,,,,,,,,,"{""x"":null,""y"":null,""z"":null,""dx"":null,""dy"":null,""mode5"":null,""Q"":null,""X"":null,""Y"":null,""Z"":null,""dX"":null,""dY"":null,""dZ"":null}","{""amplitude_uT"":34.832481730419296,""contact_threshold_uT"":40.0,""contact_gate"":""temporary current-frame amplitude threshold"",""status"":""低于临时接触阈值 / 判为非接触"",""preset"":""5×5｜441点1mm连续"",""needs_baseline"":false,""display.contact"":false,""display.contact_reason"":""三维输出无效"",""display.contact_segment"":608,""display.contact_age_ms"":0.0,""display.contact_last_end_ns"":1240306925354500}"
S20260919_A,000133,96,1240475529918000,1240475537212600,NormalizedFit,1,1,False,unknown,False,False,0.0,nan,nan,nan,nan,nan,nan,x,y,z,,,,,,,,,,,,,,"{""x"":null,""y"":null,""z"":null,""dx"":null,""dy"":null,""mode5"":null,""Q"":null,""X"":null,""Y"":null,""Z"":null,""dX"":null,""dY"":null,""dZ"":null}","{""amplitude_uT"":20.0686187740962,""contact_threshold_uT"":40.0,""contact_gate"":""temporary current-frame amplitude threshold"",""status"":""低于临时接触阈值 / 判为非接触"",""preset"":""5×5｜441点1mm连续"",""needs_baseline"":false,""display.contact"":false,""display.contact_reason"":""三维输出无效"",""display.contact_segment"":608,""display.contact_age_ms"":0.0,""display.contact_last_end_ns"":1240306925354500}"
S20260919_A,000133,97,1240475555884100,1240475580054400,NormalizedFit,1,1,False,unknown,False,False,0.0,nan,nan,nan,nan,nan,nan,x,y,z,,,,,,,,,,,,,,"{""x"":null,""y"":null,""z"":null,""dx"":null,""dy"":null,""mode5"":null,""Q"":null,""X"":null,""Y"":null,""Z"":null,""dX"":null,""dY"":null,""dZ"":null}","{""amplitude_uT"":27.76420743511304,""contact_threshold_uT"":40.0,""contact_gate"":""temporary current-frame amplitude threshold"",""status"":""低于临时接触阈值 / 判为非接触"",""preset"":""5×5｜441点1mm连续"",""needs_baseline"":false,""display.contact"":false,""display.contact_reason"":""三维输出无效"",""display.contact_segment"":608,""display.contact_age_ms"":0.0,""display.contact_last_end_ns"":1240306925354500}"
S20260919_A,000133,98,1240475566849100,1240475582509100,NormalizedFit,1,1,False,unknown,False,False,0.0,nan,nan,nan,nan,nan,nan,x,y,z,,,,,,,,,,,,,,"{""x"":null,""y"":null,""z"":null,""dx"":null,""dy"":null,""mode5"":null,""Q"":null,""X"":null,""Y"":null,""Z"":null,""dX"":null,""dY"":null,""dZ"":null}","{""amplitude_uT"":32.75249108846509,""contact_threshold_uT"":40.0,""contact_gate"":""temporary current-frame amplitude threshold"",""status"":""低于临时接触阈值 / 判为非接触"",""preset"":""5×5｜441点1mm连续"",""needs_baseline"":false,""display.contact"":false,""display.contact_reason"":""三维输出无效"",""display.contact_segment"":608,""display.contact_age_ms"":0.0,""display.contact_last_end_ns"":1240306925354500}"
S20260919_A,000133,99,1240475577807300,1240475584780000,NormalizedFit,1,1,False,unknown,False,False,0.0,nan,nan,nan,nan,nan,nan,x,y,z,,,,,,,,,,,,,,"{""x"":null,""y"":null,""z"":null,""dx"":null,""dy"":null,""mode5"":null,""Q"":null,""X"":null,""Y"":null,""Z"":null,""dX"":null,""dY"":null,""dZ"":null}","{""amplitude_uT"":25.112523140855494,""contact_threshold_uT"":40.0,""contact_gate"":""temporary current-frame amplitude threshold"",""status"":""低于临时接触阈值 / 判为非接触"",""preset"":""5×5｜441点1mm连续"",""needs_baseline"":false,""display.contact"":false,""display.contact_reason"":""三维输出无效"",""display.contact_segment"":608,""display.contact_age_ms"":0.0,""display.contact_last_end_ns"":1240306925354500}"
S20260919_A,000133,100,1240475603206300,1240475613935400,NormalizedFit,1,1,False,unknown,False,False,0.0,nan,nan,nan,nan,nan,nan,x,y,z,,,,,,,,,,,,,,"{""x"":null,""y"":null,""z"":null,""dx"":null,""dy"":null,""mode5"":null,""Q"":null,""X"":null,""Y"":null,""Z"":null,""dX"":null,""dY"":null,""dZ"":null}","{""amplitude_uT"":24.968445536316334,""contact_threshold_uT"":40.0,""contact_gate"":""temporary current-frame amplitude threshold"",""status"":""低于临时接触阈值 / 判为非接触"",""preset"":""5×5｜441点1mm连续"",""needs_baseline"":false,""display.contact"":false,""display.contact_reason"":""三维输出无效"",""display.contact_segment"":608,""display.contact_age_ms"":0.0,""display.contact_last_end_ns"":1240306925354500}"
S20260919_A,000133,101,1240475613809200,1240475653391000,NormalizedFit,1,1,False,unknown,False,False,0.0,nan,nan,nan,nan,nan,nan,x,y,z,,,,,,,,,,,,,,"{""x"":null,""y"":null,""z"":null,""dx"":null,""dy"":null,""mode5"":null,""Q"":null,""X"":null,""Y"":null,""Z"":null,""dX"":null,""dY"":null,""dZ"":null}","{""amplitude_uT"":29.87756806535621,""contact_threshold_uT"":40.0,""contact_gate"":""temporary current-frame amplitude threshold"",""status"":""低于临时接触阈值 / 判为非接触"",""preset"":""5×5｜441点1mm连续"",""needs_baseline"":false,""display.contact"":false,""display.contact_reason"":""三维输出无效"",""display.contact_segment"":608,""display.contact_age_ms"":0.0,""display.contact_last_end_ns"":1240306925354500}"
S20260919_A,000133,102,1240475625623700,1240475656715700,NormalizedFit,1,1,False,unknown,False,False,0.0,nan,nan,nan,nan,nan,nan,x,y,z,,,,,,,,,,,,,,"{""x"":null,""y"":null,""z"":null,""dx"":null,""dy"":null,""mode5"":null,""Q"":null,""X"":null,""Y"":null,""Z"":null,""dX"":null,""dY"":null,""dZ"":null}","{""amplitude_uT"":35.069812381876325,""contact_threshold_uT"":40.0,""contact_gate"":""temporary current-frame amplitude threshold"",""status"":""低于临时接触阈值 / 判为非接触"",""preset"":""5×5｜441点1mm连续"",""needs_baseline"":false,""display.contact"":false,""display.contact_reason"":""三维输出无效"",""display.contact_segment"":608,""display.contact_age_ms"":0.0,""display.contact_last_end_ns"":1240306925354500}"
S20260919_A,000133,103,1240475652627600,1240475658995800,NormalizedFit,1,1,False,unknown,False,False,0.0,nan,nan,nan,nan,nan,nan,x,y,z,,,,,,,,,,,,,,"{""x"":null,""y"":null,""z"":null,""dx"":null,""dy"":null,""mode5"":null,""Q"":null,""X"":null,""Y"":null,""Z"":null,""dX"":null,""dY"":null,""dZ"":null}","{""amplitude_uT"":26.042871452664418,""contact_threshold_uT"":40.0,""contact_gate"":""temporary current-frame amplitude threshold"",""status"":""低于临时接触阈值 / 判为非接触"",""preset"":""5×5｜441点1mm连续"",""needs_baseline"":false,""display.contact"":false,""display.contact_reason"":""三维输出无效"",""display.contact_segment"":608,""display.contact_age_ms"":0.0,""display.contact_last_end_ns"":1240306925354500}"
S20260919_A,000133,104,1240475679429900,1240475703666400,NormalizedFit,1,1,False,unknown,False,False,0.0,nan,nan,nan,nan,nan,nan,x,y,z,,,,,,,,,,,,,,"{""x"":null,""y"":null,""z"":null,""dx"":null,""dy"":null,""mode5"":null,""Q"":null,""X"":null,""Y"":null,""Z"":null,""dX"":null,""dY"":null,""dZ"":null}","{""amplitude_uT"":38.20383448686784,""contact_threshold_uT"":40.0,""contact_gate"":""temporary current-frame amplitude threshold"",""status"":""低于临时接触阈值 / 判为非接触"",""preset"":""5×5｜441点1mm连续"",""needs_baseline"":false,""display.contact"":false,""display.contact_reason"":""三维输出无效"",""display.contact_segment"":608,""display.contact_age_ms"":0.0,""display.contact_last_end_ns"":1240306925354500}"
S20260919_A,000133,105,1240475689503000,1240475705937200,NormalizedFit,1,1,False,unknown,False,False,0.0,nan,nan,nan,nan,nan,nan,x,y,z,,,,,,,,,,,,,,"{""x"":null,""y"":null,""z"":null,""dx"":null,""dy"":null,""mode5"":null,""Q"":null,""X"":null,""Y"":null,""Z"":null,""dX"":null,""dY"":null,""dZ"":null}","{""amplitude_uT"":23.628052469469615,""contact_threshold_uT"":40.0,""contact_gate"":""temporary current-frame amplitude threshold"",""status"":""低于临时接触阈值 / 判为非接触"",""preset"":""5×5｜441点1mm连续"",""needs_baseline"":false,""display.contact"":false,""display.contact_reason"":""三维输出无效"",""display.contact_segment"":608,""display.contact_age_ms"":0.0,""display.contact_last_end_ns"":1240306925354500}"
S20260919_A,000133,106,1240475716410300,1240475734877500,NormalizedFit,1,1,False,unknown,False,False,0.0,nan,nan,nan,nan,nan,nan,x,y,z,,,,,,,,,,,,,,"{""x"":null,""y"":null,""z"":null,""dx"":null,""dy"":null,""mode5"":null,""Q"":null,""X"":null,""Y"":null,""Z"":null,""dX"":null,""dY"":null,""dZ"":null}","{""amplitude_uT"":38.375003511400685,""contact_threshold_uT"":40.0,""contact_gate"":""temporary current-frame amplitude threshold"",""status"":""低于临时接触阈值 / 判为非接触"",""preset"":""5×5｜441点1mm连续"",""needs_baseline"":false,""display.contact"":false,""display.contact_reason"":""三维输出无效"",""display.contact_segment"":608,""display.contact_age_ms"":0.0,""display.contact_last_end_ns"":1240306925354500}"
S20260919_A,000133,107,1240475743412500,1240475774726800,NormalizedFit,1,1,False,unknown,False,False,0.0,nan,nan,nan,nan,nan,nan,x,y,z,,,,,,,,,,,,,,"{""x"":null,""y"":null,""z"":null,""dx"":null,""dy"":null,""mode5"":null,""Q"":null,""X"":null,""Y"":null,""Z"":null,""dX"":null,""dY"":null,""dZ"":null}","{""amplitude_uT"":31.301938701939715,""contact_threshold_uT"":40.0,""contact_gate"":""temporary current-frame amplitude threshold"",""status"":""低于临时接触阈值 / 判为非接触"",""preset"":""5×5｜441点1mm连续"",""needs_baseline"":false,""display.contact"":false,""display.contact_reason"":""三维输出无效"",""display.contact_segment"":608,""display.contact_age_ms"":0.0,""display.contact_last_end_ns"":1240306925354500}"
S20260919_A,000133,108,1240475755221000,1240475778106800,NormalizedFit,1,1,False,unknown,False,False,0.0,nan,nan,nan,nan,nan,nan,x,y,z,,,,,,,,,,,,,,"{""x"":null,""y"":null,""z"":null,""dx"":null,""dy"":null,""mode5"":null,""Q"":null,""X"":null,""Y"":null,""Z"":null,""dX"":null,""dY"":null,""dZ"":null}","{""cosine_similarity"":-0.17875239363050732,""amplitude_uT"":41.65999999399913,""status"":""模板相似度不足"",""preset"":""5×5｜441点1mm连续"",""needs_baseline"":false,""display.contact"":false,""display.contact_reason"":""三维输出无效"",""display.contact_segment"":608,""display.contact_age_ms"":0.0,""display.contact_last_end_ns"":1240306925354500}"
S20260919_A,000133,109,1240475765145600,1240475781768300,NormalizedFit,1,1,False,unknown,False,False,0.0,nan,nan,nan,nan,nan,nan,x,y,z,,,,,,,,,,,,,,"{""x"":null,""y"":null,""z"":null,""dx"":null,""dy"":null,""mode5"":null,""Q"":null,""X"":null,""Y"":null,""Z"":null,""dX"":null,""dY"":null,""dZ"":null}","{""amplitude_uT"":23.47973476213049,""contact_threshold_uT"":40.0,""contact_gate"":""temporary current-frame amplitude threshold"",""status"":""低于临时接触阈值 / 判为非接触"",""preset"":""5×5｜441点1mm连续"",""needs_baseline"":false,""display.contact"":false,""display.contact_reason"":""三维输出无效"",""display.contact_segment"":608,""display.contact_age_ms"":0.0,""display.contact_last_end_ns"":1240306925354500}"
S20260919_A,000133,110,1240475792208900,1240475811155400,NormalizedFit,1,1,False,unknown,False,False,0.0,nan,nan,nan,nan,nan,nan,x,y,z,,,,,,,,,,,,,,"{""x"":null,""y"":null,""z"":null,""dx"":null,""dy"":null,""mode5"":null,""Q"":null,""X"":null,""Y"":null,""Z"":null,""dX"":null,""dY"":null,""dZ"":null}","{""amplitude_uT"":22.225356836280877,""contact_threshold_uT"":40.0,""contact_gate"":""temporary current-frame amplitude threshold"",""status"":""低于临时接触阈值 / 判为非接触"",""preset"":""5×5｜441点1mm连续"",""needs_baseline"":false,""display.contact"":false,""display.contact_reason"":""三维输出无效"",""display.contact_segment"":608,""display.contact_age_ms"":0.0,""display.contact_last_end_ns"":1240306925354500}"
S20260919_A,000133,111,1240475819006000,1240475842518300,NormalizedFit,1,1,False,unknown,False,False,0.0,nan,nan,nan,nan,nan,nan,x,y,z,,,,,,,,,,,,,,"{""x"":null,""y"":null,""z"":null,""dx"":null,""dy"":null,""mode5"":null,""Q"":null,""X"":null,""Y"":null,""Z"":null,""dX"":null,""dY"":null,""dZ"":null}","{""amplitude_uT"":23.04985254833544,""contact_threshold_uT"":40.0,""contact_gate"":""temporary current-frame amplitude threshold"",""status"":""低于临时接触阈值 / 判为非接触"",""preset"":""5×5｜441点1mm连续"",""needs_baseline"":false,""display.contact"":false,""display.contact_reason"":""三维输出无效"",""display.contact_segment"":608,""display.contact_age_ms"":0.0,""display.contact_last_end_ns"":1240306925354500}"
S20260919_A,000133,112,1240475829957400,1240475845451800,NormalizedFit,1,1,False,unknown,False,False,0.0,nan,nan,nan,nan,nan,nan,x,y,z,,,,,,,,,,,,,,"{""x"":null,""y"":null,""z"":null,""dx"":null,""dy"":null,""mode5"":null,""Q"":null,""X"":null,""Y"":null,""Z"":null,""dX"":null,""dY"":null,""dZ"":null}","{""amplitude_uT"":37.84816462524972,""contact_threshold_uT"":40.0,""contact_gate"":""temporary current-frame amplitude threshold"",""status"":""低于临时接触阈值 / 判为非接触"",""preset"":""5×5｜441点1mm连续"",""needs_baseline"":false,""display.contact"":false,""display.contact_reason"":""三维输出无效"",""display.contact_segment"":608,""display.contact_age_ms"":0.0,""display.contact_last_end_ns"":1240306925354500}"
S20260919_A,000133,113,1240475855847900,1240475884506900,NormalizedFit,1,1,False,unknown,False,False,0.0,nan,nan,nan,nan,nan,nan,x,y,z,,,,,,,,,,,,,,"{""x"":null,""y"":null,""z"":null,""dx"":null,""dy"":null,""mode5"":null,""Q"":null,""X"":null,""Y"":null,""Z"":null,""dX"":null,""dY"":null,""dZ"":null}","{""amplitude_uT"":37.263446049714794,""contact_threshold_uT"":40.0,""contact_gate"":""temporary current-frame amplitude threshold"",""status"":""低于临时接触阈值 / 判为非接触"",""preset"":""5×5｜441点1mm连续"",""needs_baseline"":false,""display.contact"":false,""display.contact_reason"":""三维输出无效"",""display.contact_segment"":608,""display.contact_age_ms"":0.0,""display.contact_last_end_ns"":1240306925354500}"
S20260919_A,000133,114,1240475882745000,1240475916902900,NormalizedFit,1,1,False,unknown,False,False,0.0,nan,nan,nan,nan,nan,nan,x,y,z,,,,,,,,,,,,,,"{""x"":null,""y"":null,""z"":null,""dx"":null,""dy"":null,""mode5"":null,""Q"":null,""X"":null,""Y"":null,""Z"":null,""dX"":null,""dY"":null,""dZ"":null}","{""amplitude_uT"":27.00619024409033,""contact_threshold_uT"":40.0,""contact_gate"":""temporary current-frame amplitude threshold"",""status"":""低于临时接触阈值 / 判为非接触"",""preset"":""5×5｜441点1mm连续"",""needs_baseline"":false,""display.contact"":false,""display.contact_reason"":""三维输出无效"",""display.contact_segment"":608,""display.contact_age_ms"":0.0,""display.contact_last_end_ns"":1240306925354500}"
S20260919_A,000133,115,1240475894751100,1240475920323500,NormalizedFit,1,1,False,unknown,False,False,0.0,nan,nan,nan,nan,nan,nan,x,y,z,,,,,,,,,,,,,,"{""x"":null,""y"":null,""z"":null,""dx"":null,""dy"":null,""mode5"":null,""Q"":null,""X"":null,""Y"":null,""Z"":null,""dX"":null,""dY"":null,""dZ"":null}","{""amplitude_uT"":33.495607435900624,""contact_threshold_uT"":40.0,""contact_gate"":""temporary current-frame amplitude threshold"",""status"":""低于临时接触阈值 / 判为非接触"",""preset"":""5×5｜441点1mm连续"",""needs_baseline"":false,""display.contact"":false,""display.contact_reason"":""三维输出无效"",""display.contact_segment"":608,""display.contact_age_ms"":0.0,""display.contact_last_end_ns"":1240306925354500}"
S20260919_A,000133,116,1240475904803400,1240475922437100,NormalizedFit,1,1,False,unknown,False,False,0.0,nan,nan,nan,nan,nan,nan,x,y,z,,,,,,,,,,,,,,"{""x"":null,""y"":null,""z"":null,""dx"":null,""dy"":null,""mode5"":null,""Q"":null,""X"":null,""Y"":null,""Z"":null,""dX"":null,""dY"":null,""dZ"":null}","{""amplitude_uT"":24.72901529580181,""contact_threshold_uT"":40.0,""contact_gate"":""temporary current-frame amplitude threshold"",""status"":""低于临时接触阈值 / 判为非接触"",""preset"":""5×5｜441点1mm连续"",""needs_baseline"":false,""display.contact"":false,""display.contact_reason"":""三维输出无效"",""display.contact_segment"":608,""display.contact_age_ms"":0.0,""display.contact_last_end_ns"":1240306925354500}"
S20260919_A,000133,117,1240475931765200,1240475964764900,NormalizedFit,1,1,False,unknown,False,False,0.0,nan,nan,nan,nan,nan,nan,x,y,z,,,,,,,,,,,,,,"{""x"":null,""y"":null,""z"":null,""dx"":null,""dy"":null,""mode5"":null,""Q"":null,""X"":null,""Y"":null,""Z"":null,""dX"":null,""dY"":null,""dZ"":null}","{""cosine_similarity"":0.7917216722811062,""amplitude_uT"":41.7835090017578,""status"":""模板相似度不足"",""preset"":""5×5｜441点1mm连续"",""needs_baseline"":false,""display.contact"":false,""display.contact_reason"":""三维输出无效"",""display.contact_segment"":608,""display.contact_age_ms"":0.0,""display.contact_last_end_ns"":1240306925354500}"
S20260919_A,000133,118,1240475958532500,1240475968455100,NormalizedFit,1,1,False,unknown,False,False,0.0,nan,nan,nan,nan,nan,nan,x,y,z,,,,,,,,,,,,,,"{""x"":null,""y"":null,""z"":null,""dx"":null,""dy"":null,""mode5"":null,""Q"":null,""X"":null,""Y"":null,""Z"":null,""dX"":null,""dY"":null,""dZ"":null}","{""cosine_similarity"":0.912638033644049,""amplitude_uT"":47.5839014977752,""status"":""模板相似度不足"",""preset"":""5×5｜441点1mm连续"",""needs_baseline"":false,""display.contact"":false,""display.contact_reason"":""三维输出无效"",""display.contact_segment"":608,""display.contact_age_ms"":0.0,""display.contact_last_end_ns"":1240306925354500}"
S20260919_A,000133,119,1240475969697300,1240475997939600,NormalizedFit,1,1,False,unknown,False,False,0.0,nan,nan,nan,nan,nan,nan,x,y,z,,,,,,,,,,,,,,"{""x"":null,""y"":null,""z"":null,""dx"":null,""dy"":null,""mode5"":null,""Q"":null,""X"":null,""Y"":null,""Z"":null,""dX"":null,""dY"":null,""dZ"":null}","{""amplitude_uT"":35.59727441111159,""contact_threshold_uT"":40.0,""contact_gate"":""temporary smoothed-amplitude threshold"",""status"":""平滑响应低于临时接触阈值 / 判为非接触"",""preset"":""5×5｜441点1mm连续"",""needs_baseline"":false,""display.contact"":false,""display.contact_reason"":""三维输出无效"",""display.contact_segment"":608,""display.contact_age_ms"":0.0,""display.contact_last_end_ns"":1240306925354500}"
S20260919_A,000133,120,1240475996371000,1240476028961700,NormalizedFit,1,1,False,unknown,False,False,0.0,nan,nan,nan,nan,nan,nan,x,y,z,,,,,,,,,,,,,,"{""x"":null,""y"":null,""z"":null,""dx"":null,""dy"":null,""mode5"":null,""Q"":null,""X"":null,""Y"":null,""Z"":null,""dX"":null,""dY"":null,""dZ"":null}","{""cosine_similarity"":0.9513207890185014,""amplitude_uT"":50.38808727020676,""status"":""模板相似度不足"",""preset"":""5×5｜441点1mm连续"",""needs_baseline"":false,""display.contact"":false,""display.contact_reason"":""三维输出无效"",""display.contact_segment"":608,""display.contact_age_ms"":0.0,""display.contact_last_end_ns"":1240306925354500}"
S20260919_A,000133,121,1240476022326200,1240476032787100,NormalizedFit,1,1,False,unknown,False,False,0.0,nan,nan,nan,nan,nan,nan,x,y,z,,,,,,,,,,,,,,"{""x"":null,""y"":null,""z"":null,""dx"":null,""dy"":null,""mode5"":null,""Q"":null,""X"":null,""Y"":null,""Z"":null,""dX"":null,""dY"":null,""dZ"":null}","{""cosine_similarity"":0.9812576069492398,""amplitude_uT"":63.23642782842782,""status"":""模板相似度不足"",""preset"":""5×5｜441点1mm连续"",""needs_baseline"":false,""display.contact"":false,""display.contact_reason"":""三维输出无效"",""display.contact_segment"":608,""display.contact_age_ms"":0.0,""display.contact_last_end_ns"":1240306925354500}"
S20260919_A,000133,122,1240476032498100,1240476080646800,NormalizedFit,1,1,True,unknown,False,False,0.0,3.989877309087438,nan,nan,-3.928407507612488,0.6098765775512525,0.3388007613023153,x,y,z,-3.928407507612488,0.6098765775512525,0.3388007613023153,,,,,,,,0.0,0.0,0.0,"{""x"":-3.928407507612488,""y"":0.6098765775512525,""z"":0.3388007613023153,""dx"":null,""dy"":null,""mode5"":null,""Q"":null,""X"":null,""Y"":null,""Z"":null,""dX"":0.0,""dY"":0.0,""dZ"":0.0}","{""amplitude_uT"":76.46865662152017,""contact_threshold_uT"":40.0,""contact_gate"":""shape-aware ridge classifier + amplitude floor"",""cosine_similarity"":0.9909681773552179,""anti_jump_policy"":""快速门控（阈值/形状）"",""calibration_depth_range_mm"":[0.2,0.8],""depth_extrapolated"":false,""relative_reference"":""first valid prediction since B0/no-contact"",""xy_semantics"":""continuous XY RBF refit on all 441 positions at 1 mm spacing"",""fit_model"":""441点1 mm连续XY/RBF＋跨深度连续Z＋接触/释放门控"",""fit_variant"":""dense441_1mm_continuous_development"",""evidence_tier"":""development_dense441_single_repeat_random_validation_pending"",""continuous_xy_method"":""kernel_rbf"",""working_range_model"":false,""working_range_mm"":null,""outside_declared_working_range"":false,""calibration_domain_mm"":{""x"":[-10.0,10.0],""y"":[-10.0,10.0],""depth"":[0.2,0.8]},""xy_outside_calibration_domain"":false,""excluded_calibration_samples"":0,""uncorrected_static_xyz_mm"":[-3.928407507612488,0.6098765775512525,0.3388007613023153],""unaligned_xyz_mm"":[-5.323557872220842,0.7335162584362802,0.3388007613023153],""xy_rotation_deg"":-4.580684956890044,""xy_translation_mm"":[1.3195654319610284,-0.5464514666381837],""xy_translation_source"":""five_point_reassembly"",""xy_translation_details"":{""preset"":""5×5｜441点1mm连续"",""calibration_points"":5,""calibration_strategy"":""rigid_rotation_translation_v1"",""calibration_rms_mm"":0.507358956567797,""check_rms_mm"":null},""dynamic_model_enabled"":false,""dynamic_history_ready"":false,""dynamic_gate"":0.0,""contact_score"":0.9894024832243833,""contact_score_threshold"":0.49492851692021117,""status"":""有效"",""preset"":""5×5｜441点1mm连续"",""needs_baseline"":false,""display.contact"":true,""display.contact_reason"":""拟合响应/相似度接触门控"",""display.contact_segment"":609,""display.contact_age_ms"":0.0,""display.contact_last_end_ns"":1240306925354500}"
S20260919_A,000133,123,1240476059171800,1240476084034600,NormalizedFit,1,1,False,unknown,False,False,0.0,nan,nan,nan,nan,nan,nan,x,y,z,,,,,,,,,,,,,,"{""x"":null,""y"":null,""z"":null,""dx"":null,""dy"":null,""mode5"":null,""Q"":null,""X"":null,""Y"":null,""Z"":null,""dX"":null,""dY"":null,""dZ"":null}","{""cosine_similarity"":0.9828515282901963,""amplitude_uT"":84.29459643120644,""status"":""模板相似度不足"",""preset"":""5×5｜441点1mm连续"",""needs_baseline"":false,""display.contact"":false,""display.contact_reason"":""三维输出无效"",""display.contact_segment"":609,""display.contact_age_ms"":0.0,""display.contact_last_end_ns"":1240476059171800}"
S20260919_A,000133,124,1240476086134500,1240476114864900,NormalizedFit,1,1,True,unknown,False,False,0.0,1.7666830006991747,nan,nan,-1.6910813810639571,0.3913115824890806,0.3290711670568406,x,y,z,-1.6910813810639571,0.3913115824890806,0.3290711670568406,,,,,,,,0.0,0.0,0.0,"{""x"":-1.6910813810639571,""y"":0.3913115824890806,""z"":0.3290711670568406,""dx"":null,""dy"":null,""mode5"":null,""Q"":null,""X"":null,""Y"":null,""Z"":null,""dX"":0.0,""dY"":0.0,""dZ"":0.0}","{""amplitude_uT"":92.92964295906847,""contact_threshold_uT"":40.0,""contact_gate"":""shape-aware ridge classifier + amplitude floor"",""cosine_similarity"":0.9881399122254422,""anti_jump_policy"":""快速门控（阈值/形状）"",""calibration_depth_range_mm"":[0.2,0.8],""depth_extrapolated"":false,""relative_reference"":""first valid prediction since B0/no-contact"",""xy_semantics"":""continuous XY RBF refit on all 441 positions at 1 mm spacing"",""fit_model"":""441点1 mm连续XY/RBF＋跨深度连续Z＋接触/释放门控"",""fit_variant"":""dense441_1mm_continuous_development"",""evidence_tier"":""development_dense441_single_repeat_random_validation_pending"",""continuous_xy_method"":""kernel_rbf"",""working_range_model"":false,""working_range_mm"":null,""outside_declared_working_range"":false,""calibration_domain_mm"":{""x"":[-10.0,10.0],""y"":[-10.0,10.0],""depth"":[0.2,0.8]},""xy_outside_calibration_domain"":false,""excluded_calibration_samples"":0,""uncorrected_static_xyz_mm"":[-1.6910813810639571,0.3913115824890806,0.3290711670568406],""unaligned_xyz_mm"":[-3.0759228503939458,0.6943287315892599,0.3290711670568406],""xy_rotation_deg"":-4.580684956890044,""xy_translation_mm"":[1.3195654319610284,-0.5464514666381837],""xy_translation_source"":""five_point_reassembly"",""xy_translation_details"":{""preset"":""5×5｜441点1mm连续"",""calibration_points"":5,""calibration_strategy"":""rigid_rotation_translation_v1"",""calibration_rms_mm"":0.507358956567797,""check_rms_mm"":null},""dynamic_model_enabled"":false,""dynamic_history_ready"":false,""dynamic_gate"":0.0,""contact_score"":0.9931564095395985,""contact_score_threshold"":0.49492851692021117,""status"":""有效"",""preset"":""5×5｜441点1mm连续"",""needs_baseline"":false,""display.contact"":true,""display.contact_reason"":""拟合响应/相似度接触门控"",""display.contact_segment"":610,""display.contact_age_ms"":0.0,""display.contact_last_end_ns"":1240476059171800}"
S20260919_A,000133,125,1240476098041800,1240476118056100,NormalizedFit,1,1,True,unknown,False,False,0.0,2.0756631293757946,nan,nan,-0.788977159271756,1.9005123545643443,0.2719287755017462,x,y,z,-0.788977159271756,1.9005123545643443,0.2719287755017462,,,,,,,,0.9021042217922011,1.5092007720752636,-0.057142391555094374,"{""x"":-0.788977159271756,""y"":1.9005123545643443,""z"":0.2719287755017462,""dx"":null,""dy"":null,""mode5"":null,""Q"":null,""X"":null,""Y"":null,""Z"":null,""dX"":0.9021042217922011,""dY"":1.5092007720752636,""dZ"":-0.057142391555094374}","{""amplitude_uT"":101.52478008594728,""contact_threshold_uT"":40.0,""contact_gate"":""shape-aware ridge classifier + amplitude floor"",""cosine_similarity"":0.9852209908646156,""anti_jump_policy"":""快速门控（阈值/形状）"",""calibration_depth_range_mm"":[0.2,0.8],""depth_extrapolated"":false,""relative_reference"":""first valid prediction since B0/no-contact"",""xy_semantics"":""continuous XY RBF refit on all 441 positions at 1 mm spacing"",""fit_model"":""441点1 mm连续XY/RBF＋跨深度连续Z＋接触/释放门控"",""fit_variant"":""dense441_1mm_continuous_development"",""evidence_tier"":""development_dense441_single_repeat_random_validation_pending"",""continuous_xy_method"":""kernel_rbf"",""working_range_model"":false,""working_range_mm"":null,""outside_declared_working_range"":false,""calibration_domain_mm"":{""x"":[-10.0,10.0],""y"":[-10.0,10.0],""depth"":[0.2,0.8]},""xy_outside_calibration_domain"":false,""excluded_calibration_samples"":0,""uncorrected_static_xyz_mm"":[-0.788977159271756,1.9005123545643443,0.2719287755017462],""unaligned_xyz_mm"":[-2.2972292199225626,2.270753556080165,0.2719287755017462],""xy_rotation_deg"":-4.580684956890044,""xy_translation_mm"":[1.3195654319610284,-0.5464514666381837],""xy_translation_source"":""five_point_reassembly"",""xy_translation_details"":{""preset"":""5×5｜441点1mm连续"",""calibration_points"":5,""calibration_strategy"":""rigid_rotation_translation_v1"",""calibration_rms_mm"":0.507358956567797,""check_rms_mm"":null},""dynamic_model_enabled"":false,""dynamic_history_ready"":false,""dynamic_gate"":0.0,""contact_score"":0.9923021271020255,""contact_score_threshold"":0.49492851692021117,""status"":""有效"",""preset"":""5×5｜441点1mm连续"",""needs_baseline"":false,""display.contact"":true,""display.contact_reason"":""拟合响应/相似度接触门控"",""display.contact_segment"":610,""display.contact_age_ms"":11.9073,""display.contact_last_end_ns"":1240476059171800}"
S20260919_A,000133,126,1240476108046300,1240476120783400,NormalizedFit,1,1,True,unknown,False,False,0.0,1.2827763778644599,nan,nan,-1.0167560448851576,0.7303117449562222,0.2799413080907368,x,y,z,-1.0167560448851576,0.7303117449562222,0.2799413080907368,,,,,,,,0.6743253361787995,0.3390001624671416,-0.04912985896610378,"{""x"":-1.0167560448851576,""y"":0.7303117449562222,""z"":0.2799413080907368,""dx"":null,""dy"":null,""mode5"":null,""Q"":null,""X"":null,""Y"":null,""Z"":null,""dX"":0.6743253361787995,""dY"":0.3390001624671416,""dZ"":-0.04912985896610378}","{""amplitude_uT"":106.2327517129247,""contact_threshold_uT"":40.0,""contact_gate"":""shape-aware ridge classifier + amplitude floor"",""cosine_similarity"":0.985483398579613,""anti_jump_policy"":""快速门控（阈值/形状）"",""calibration_depth_range_mm"":[0.2,0.8],""depth_extrapolated"":false,""relative_reference"":""first valid prediction since B0/no-contact"",""xy_semantics"":""continuous XY RBF refit on all 441 positions at 1 mm spacing"",""fit_model"":""441点1 mm连续XY/RBF＋跨深度连续Z＋接触/释放门控"",""fit_variant"":""dense441_1mm_continuous_development"",""evidence_tier"":""development_dense441_single_repeat_random_validation_pending"",""continuous_xy_method"":""kernel_rbf"",""working_range_model"":false,""working_range_mm"":null,""outside_declared_working_range"":false,""calibration_domain_mm"":{""x"":[-10.0,10.0],""y"":[-10.0,10.0],""depth"":[0.2,0.8]},""xy_outside_calibration_domain"":false,""excluded_calibration_samples"":0,""uncorrected_static_xyz_mm"":[-1.0167560448851576,0.7303117449562222,0.2799413080907368],""unaligned_xyz_mm"":[-2.4308249394818624,1.086099652539584,0.2799413080907368],""xy_rotation_deg"":-4.580684956890044,""xy_translation_mm"":[1.3195654319610284,-0.5464514666381837],""xy_translation_source"":""five_point_reassembly"",""xy_translation_details"":{""preset"":""5×5｜441点1mm连续"",""calibration_points"":5,""calibration_strategy"":""rigid_rotation_translation_v1"",""calibration_rms_mm"":0.507358956567797,""check_rms_mm"":null},""dynamic_model_enabled"":false,""dynamic_history_ready"":false,""dynamic_gate"":0.0,""contact_score"":0.9919310388646169,""contact_score_threshold"":0.49492851692021117,""status"":""有效"",""preset"":""5×5｜441点1mm连续"",""needs_baseline"":false,""display.contact"":true,""display.contact_reason"":""拟合响应/相似度接触门控"",""display.contact_segment"":610,""display.contact_age_ms"":21.9118,""display.contact_last_end_ns"":1240476059171800}"
S20260919_A,000133,127,1240476133521500,1240476170600500,NormalizedFit,1,1,True,unknown,False,False,0.0,2.511553706479842,nan,nan,-1.6429202162414607,1.8836045392318328,0.24647337256381074,x,y,z,-1.6429202162414607,1.8836045392318328,0.24647337256381074,,,,,,,,0.04816116482249644,1.492292956742752,-0.08259779449302984,"{""x"":-1.6429202162414607,""y"":1.8836045392318328,""z"":0.24647337256381074,""dx"":null,""dy"":null,""mode5"":null,""Q"":null,""X"":null,""Y"":null,""Z"":null,""dX"":0.04816116482249644,""dY"":1.492292956742752,""dZ"":-0.08259779449302984}","{""amplitude_uT"":112.04830940491688,""contact_threshold_uT"":40.0,""contact_gate"":""shape-aware ridge classifier + amplitude floor"",""cosine_similarity"":0.9868511216329134,""anti_jump_policy"":""快速门控（阈值/形状）"",""calibration_depth_range_mm"":[0.2,0.8],""depth_extrapolated"":false,""relative_reference"":""first valid prediction since B0/no-contact"",""xy_semantics"":""continuous XY RBF refit on all 441 positions at 1 mm spacing"",""fit_model"":""441点1 mm连续XY/RBF＋跨深度连续Z＋接触/释放门控"",""fit_variant"":""dense441_1mm_continuous_development"",""evidence_tier"":""development_dense441_single_repeat_random_validation_pending"",""continuous_xy_method"":""kernel_rbf"",""working_range_model"":false,""working_range_mm"":null,""outside_declared_working_range"":false,""calibration_domain_mm"":{""x"":[-10.0,10.0],""y"":[-10.0,10.0],""depth"":[0.2,0.8]},""xy_outside_calibration_domain"":false,""excluded_calibration_samples"":0,""uncorrected_static_xyz_mm"":[-1.6429202162414607,1.8836045392318328,0.24647337256381074],""unaligned_xyz_mm"":[-3.1470943542339618,2.185701382398653,0.24647337256381074],""xy_rotation_deg"":-4.580684956890044,""xy_translation_mm"":[1.3195654319610284,-0.5464514666381837],""xy_translation_source"":""five_point_reassembly"",""xy_translation_details"":{""preset"":""5×5｜441点1mm连续"",""calibration_points"":5,""calibration_strategy"":""rigid_rotation_translation_v1"",""calibration_rms_mm"":0.507358956567797,""check_rms_mm"":null},""dynamic_model_enabled"":false,""dynamic_history_ready"":false,""dynamic_gate"":0.0,""contact_score"":0.9929519196312895,""contact_score_threshold"":0.49492851692021117,""status"":""有效"",""preset"":""5×5｜441点1mm连续"",""needs_baseline"":false,""display.contact"":true,""display.contact_reason"":""拟合响应/相似度接触门控"",""display.contact_segment"":610,""display.contact_age_ms"":47.387,""display.contact_last_end_ns"":1240476059171800}"
S20260919_A,000133,128,1240476144437300,1240476174408300,NormalizedFit,1,1,True,unknown,False,False,0.0,1.9422454060447092,nan,nan,-1.3167751864763597,1.4052712538858978,0.25225587918596026,x,y,z,-1.3167751864763597,1.4052712538858978,0.25225587918596026,,,,,,,,0.3743061945875974,1.013959671396817,-0.07681528787088032,"{""x"":-1.3167751864763597,""y"":1.4052712538858978,""z"":0.25225587918596026,""dx"":null,""dy"":null,""mode5"":null,""Q"":null,""X"":null,""Y"":null,""Z"":null,""dX"":0.3743061945875974,""dY"":1.013959671396817,""dZ"":-0.07681528787088032}","{""amplitude_uT"":110.38886733158338,""contact_threshold_uT"":40.0,""contact_gate"":""shape-aware ridge classifier + amplitude floor"",""cosine_similarity"":0.9914373151813007,""anti_jump_policy"":""快速门控（阈值/形状）"",""calibration_depth_range_mm"":[0.2,0.8],""depth_extrapolated"":false,""relative_reference"":""first valid prediction since B0/no-contact"",""xy_semantics"":""continuous XY RBF refit on all 441 positions at 1 mm spacing"",""fit_model"":""441点1 mm连续XY/RBF＋跨深度连续Z＋接触/释放门控"",""fit_variant"":""dense441_1mm_continuous_development"",""evidence_tier"":""development_dense441_single_repeat_random_validation_pending"",""continuous_xy_method"":""kernel_rbf"",""working_range_model"":false,""working_range_mm"":null,""outside_declared_working_range"":false,""calibration_domain_mm"":{""x"":[-10.0,10.0],""y"":[-10.0,10.0],""depth"":[0.2,0.8]},""xy_outside_calibration_domain"":false,""excluded_calibration_samples"":0,""uncorrected_static_xyz_mm"":[-1.3167751864763597,1.4052712538858978,0.25225587918596026],""unaligned_xyz_mm"":[-2.783789997352955,1.734942847724497,0.25225587918596026],""xy_rotation_deg"":-4.580684956890044,""xy_translation_mm"":[1.3195654319610284,-0.5464514666381837],""xy_translation_source"":""five_point_reassembly"",""xy_translation_details"":{""preset"":""5×5｜441点1mm连续"",""calibration_points"":5,""calibration_strategy"":""rigid_rotation_translation_v1"",""calibration_rms_mm"":0.507358956567797,""check_rms_mm"":null},""dynamic_model_enabled"":false,""dynamic_history_ready"":false,""dynamic_gate"":0.0,""contact_score"":0.9929370647038825,""contact_score_threshold"":0.49492851692021117,""status"":""有效"",""preset"":""5×5｜441点1mm连续"",""needs_baseline"":false,""display.contact"":true,""display.contact_reason"":""拟合响应/相似度接触门控"",""display.contact_segment"":610,""display.contact_age_ms"":58.3028,""display.contact_last_end_ns"":1240476059171800}"
S20260919_A,000133,129,1240476155414600,1240476177154500,NormalizedFit,1,1,True,unknown,False,False,0.0,0.700822491341326,nan,nan,-0.276056839137921,0.5935902934435453,0.25019062625256117,x,y,z,-0.276056839137921,0.5935902934435453,0.25019062625256117,,,,,,,,1.415024541926036,0.2022787109544647,-0.07888054080427942,"{""x"":-0.276056839137921,""y"":0.5935902934435453,""z"":0.25019062625256117,""dx"":null,""dy"":null,""mode5"":null,""Q"":null,""X"":null,""Y"":null,""Z"":null,""dX"":1.415024541926036,""dY"":0.2022787109544647,""dZ"":-0.07888054080427942}","{""amplitude_uT"":113.09068931835192,""contact_threshold_uT"":40.0,""contact_gate"":""shape-aware ridge classifier + amplitude floor"",""cosine_similarity"":0.991664899229957,""anti_jump_policy"":""快速门控（阈值/形状）"",""calibration_depth_range_mm"":[0.2,0.8],""depth_extrapolated"":false,""relative_reference"":""first valid prediction since B0/no-contact"",""xy_semantics"":""continuous XY RBF refit on all 441 positions at 1 mm spacing"",""fit_model"":""441点1 mm连续XY/RBF＋跨深度连续Z＋接触/释放门控"",""fit_variant"":""dense441_1mm_continuous_development"",""evidence_tier"":""development_dense441_single_repeat_random_validation_pending"",""continuous_xy_method"":""kernel_rbf"",""working_range_model"":false,""working_range_mm"":null,""outside_declared_working_range"":false,""calibration_domain_mm"":{""x"":[-10.0,10.0],""y"":[-10.0,10.0],""depth"":[0.2,0.8]},""xy_outside_calibration_domain"":false,""excluded_calibration_samples"":0,""uncorrected_static_xyz_mm"":[-0.276056839137921,0.5935902934435453,0.25019062625256117],""unaligned_xyz_mm"":[-1.6815726614859412,1.0089692913564337,0.25019062625256117],""xy_rotation_deg"":-4.580684956890044,""xy_translation_mm"":[1.3195654319610284,-0.5464514666381837],""xy_translation_source"":""five_point_reassembly"",""xy_translation_details"":{""preset"":""5×5｜441点1mm连续"",""calibration_points"":5,""calibration_strategy"":""rigid_rotation_translation_v1"",""calibration_rms_mm"":0.507358956567797,""check_rms_mm"":null},""dynamic_model_enabled"":false,""dynamic_history_ready"":false,""dynamic_gate"":0.0,""contact_score"":0.9930619209164901,""contact_score_threshold"":0.49492851692021117,""status"":""有效"",""preset"":""5×5｜441点1mm连续"",""needs_baseline"":false,""display.contact"":true,""display.contact_reason"":""拟合响应/相似度接触门控"",""display.contact_segment"":610,""display.contact_age_ms"":69.2801,""display.contact_last_end_ns"":1240476059171800}"
S20260919_A,000133,130,1240476180544400,1240476211032600,NormalizedFit,1,1,True,unknown,False,False,0.0,0.7661382456638546,nan,nan,-0.49456886372596665,0.5349381482474684,0.23708780662713236,x,y,z,-0.49456886372596665,0.5349381482474684,0.23708780662713236,,,,,,,,1.1965125173379905,0.14362656575838784,-0.09198336042970823,"{""x"":-0.49456886372596665,""y"":0.5349381482474684,""z"":0.23708780662713236,""dx"":null,""dy"":null,""mode5"":null,""Q"":null,""X"":null,""Y"":null,""Z"":null,""dX"":1.1965125173379905,""dY"":0.14362656575838784,""dZ"":-0.09198336042970823}","{""amplitude_uT"":116.72945668724729,""contact_threshold_uT"":40.0,""contact_gate"":""shape-aware ridge classifier + amplitude floor"",""cosine_similarity"":0.9923646739435841,""anti_jump_policy"":""快速门控（阈值/形状）"",""calibration_depth_range_mm"":[0.2,0.8],""depth_extrapolated"":false,""relative_reference"":""first valid prediction since B0/no-contact"",""xy_semantics"":""continuous XY RBF refit on all 441 positions at 1 mm spacing"",""fit_model"":""441点1 mm连续XY/RBF＋跨深度连续Z＋接触/释放门控"",""fit_variant"":""dense441_1mm_continuous_development"",""evidence_tier"":""development_dense441_single_repeat_random_validation_pending"",""continuous_xy_method"":""kernel_rbf"",""working_range_model"":false,""working_range_mm"":null,""outside_declared_working_range"":false,""calibration_domain_mm"":{""x"":[-10.0,10.0],""y"":[-10.0,10.0],""depth"":[0.2,0.8]},""xy_outside_calibration_domain"":false,""excluded_calibration_samples"":0,""uncorrected_static_xyz_mm"":[-0.49456886372596665,0.5349381482474684,0.23708780662713236],""unaligned_xyz_mm"":[-1.8947025974999132,0.9330534866755338,0.23708780662713236],""xy_rotation_deg"":-4.580684956890044,""xy_translation_mm"":[1.3195654319610284,-0.5464514666381837],""xy_translation_source"":""five_point_reassembly"",""xy_translation_details"":{""preset"":""5×5｜441点1mm连续"",""calibration_points"":5,""calibration_strategy"":""rigid_rotation_translation_v1"",""calibration_rms_mm"":0.507358956567797,""check_rms_mm"":null},""dynamic_model_enabled"":false,""dynamic_history_ready"":false,""dynamic_gate"":0.0,""contact_score"":0.9939196766919747,""contact_score_threshold"":0.49492851692021117,""status"":""有效"",""preset"":""5×5｜441点1mm连续"",""needs_baseline"":false,""display.contact"":true,""display.contact_reason"":""拟合响应/相似度接触门控"",""display.contact_segment"":610,""display.contact_age_ms"":94.4099,""display.contact_last_end_ns"":1240476059171800}"
S20260919_A,000133,131,1240476191333200,1240476214214800,NormalizedFit,1,1,True,unknown,False,False,0.0,1.1854404854354508,nan,nan,-0.33220573070483717,1.1153778141392114,0.2254791092814078,x,y,z,-0.33220573070483717,1.1153778141392114,0.2254791092814078,,,,,,,,1.35887565035912,0.7240662316501308,-0.10359205777543279,"{""x"":-0.33220573070483717,""y"":1.1153778141392114,""z"":0.2254791092814078,""dx"":null,""dy"":null,""mode5"":null,""Q"":null,""X"":null,""Y"":null,""Z"":null,""dX"":1.35887565035912,""dY"":0.7240662316501308,""dZ"":-0.10359205777543279}","{""amplitude_uT"":121.0138815239804,""contact_threshold_uT"":40.0,""contact_gate"":""shape-aware ridge classifier + amplitude floor"",""cosine_similarity"":0.990940319425105,""anti_jump_policy"":""快速门控（阈值/形状）"",""calibration_depth_range_mm"":[0.2,0.8],""depth_extrapolated"":false,""relative_reference"":""first valid prediction since B0/no-contact"",""xy_semantics"":""continuous XY RBF refit on all 441 positions at 1 mm spacing"",""fit_model"":""441点1 mm连续XY/RBF＋跨深度连续Z＋接触/释放门控"",""fit_variant"":""dense441_1mm_continuous_development"",""evidence_tier"":""development_dense441_single_repeat_random_validation_pending"",""continuous_xy_method"":""kernel_rbf"",""working_range_model"":false,""working_range_mm"":null,""outside_declared_working_range"":false,""calibration_domain_mm"":{""x"":[-10.0,10.0],""y"":[-10.0,10.0],""depth"":[0.2,0.8]},""xy_outside_calibration_domain"":false,""excluded_calibration_samples"":0,""uncorrected_static_xyz_mm"":[-0.33220573070483717,1.1153778141392114,0.2254791092814078],""unaligned_xyz_mm"":[-1.7792136672530523,1.5246059354874637,0.2254791092814078],""xy_rotation_deg"":-4.580684956890044,""xy_translation_mm"":[1.3195654319610284,-0.5464514666381837],""xy_translation_source"":""five_point_reassembly"",""xy_translation_details"":{""preset"":""5×5｜441点1mm连续"",""calibration_points"":5,""calibration_strategy"":""rigid_rotation_translation_v1"",""calibration_rms_mm"":0.507358956567797,""check_rms_mm"":null},""dynamic_model_enabled"":false,""dynamic_history_ready"":false,""dynamic_gate"":0.0,""contact_score"":0.9940057024132977,""contact_score_threshold"":0.49492851692021117,""status"":""有效"",""preset"":""5×5｜441点1mm连续"",""needs_baseline"":false,""display.contact"":true,""display.contact_reason"":""拟合响应/相似度接触门控"",""display.contact_segment"":610,""display.contact_age_ms"":105.1987,""display.contact_last_end_ns"":1240476059171800}"
S20260919_A,000133,132,1240476217251400,1240476261532000,NormalizedFit,1,1,True,unknown,False,False,0.0,1.1809184078985078,nan,nan,0.1515796377866927,1.1500012394035364,0.22156048585506294,x,y,z,0.1515796377866927,1.1500012394035364,0.22156048585506294,,,,,,,,1.8426610188506498,0.7586896569144558,-0.10751068120177765,"{""x"":0.1515796377866927,""y"":1.1500012394035364,""z"":0.22156048585506294,""dx"":null,""dy"":null,""mode5"":null,""Q"":null,""X"":null,""Y"":null,""Z"":null,""dX"":1.8426610188506498,""dY"":0.7586896569144558,""dZ"":-0.10751068120177765}","{""amplitude_uT"":121.68455242860537,""contact_threshold_uT"":40.0,""contact_gate"":""shape-aware ridge classifier + amplitude floor"",""cosine_similarity"":0.9920085252287534,""anti_jump_policy"":""快速门控（阈值/形状）"",""calibration_depth_range_mm"":[0.2,0.8],""depth_extrapolated"":false,""relative_reference"":""first valid prediction since B0/no-contact"",""xy_semantics"":""continuous XY RBF refit on all 441 positions at 1 mm spacing"",""fit_model"":""441点1 mm连续XY/RBF＋跨深度连续Z＋接触/释放门控"",""fit_variant"":""dense441_1mm_continuous_development"",""evidence_tier"":""development_dense441_single_repeat_random_validation_pending"",""continuous_xy_method"":""kernel_rbf"",""working_range_model"":false,""working_range_mm"":null,""outside_declared_working_range"":false,""calibration_domain_mm"":{""x"":[-10.0,10.0],""y"":[-10.0,10.0],""depth"":[0.2,0.8]},""xy_outside_calibration_domain"":false,""excluded_calibration_samples"":0,""uncorrected_static_xyz_mm"":[0.1515796377866927,1.1500012394035364,0.22156048585506294],""unaligned_xyz_mm"":[-1.2997387050011482,1.597755268478645,0.22156048585506294],""xy_rotation_deg"":-4.580684956890044,""xy_translation_mm"":[1.3195654319610284,-0.5464514666381837],""xy_translation_source"":""five_point_reassembly"",""xy_translation_details"":{""preset"":""5×5｜441点1mm连续"",""calibration_points"":5,""calibration_strategy"":""rigid_rotation_translation_v1"",""calibration_rms_mm"":0.507358956567797,""check_rms_mm"":null},""dynamic_model_enabled"":false,""dynamic_history_ready"":false,""dynamic_gate"":0.0,""contact_score"":0.9933269296731986,""contact_score_threshold"":0.49492851692021117,""status"":""有效"",""preset"":""5×5｜441点1mm连续"",""needs_baseline"":false,""display.contact"":true,""display.contact_reason"":""拟合响应/相似度接触门控"",""display.contact_segment"":610,""display.contact_age_ms"":131.1169,""display.contact_last_end_ns"":1240476059171800}"
S20260919_A,000133,133,1240476244145700,1240476265056700,NormalizedFit,1,1,True,unknown,False,False,0.0,0.7577244569679669,nan,nan,0.4058229573411194,0.6023109464155785,0.21604537442462968,x,y,z,0.4058229573411194,0.6023109464155785,0.21604537442462968,,,,,,,,2.0969043384050767,0.21099936392649787,-0.11302579263221091,"{""x"":0.4058229573411194,""y"":0.6023109464155785,""z"":0.21604537442462968,""dx"":null,""dy"":null,""mode5"":null,""Q"":null,""X"":null,""Y"":null,""Z"":null,""dX"":2.0969043384050767,""dY"":0.21099936392649787,""dZ"":-0.11302579263221091}","{""amplitude_uT"":121.3749981410916,""contact_threshold_uT"":40.0,""contact_gate"":""shape-aware ridge classifier + amplitude floor"",""cosine_similarity"":0.9923447517518633,""anti_jump_policy"":""快速门控（阈值/形状）"",""calibration_depth_range_mm"":[0.2,0.8],""depth_extrapolated"":false,""relative_reference"":""first valid prediction since B0/no-contact"",""xy_semantics"":""continuous XY RBF refit on all 441 positions at 1 mm spacing"",""fit_model"":""441点1 mm连续XY/RBF＋跨深度连续Z＋接触/释放门控"",""fit_variant"":""dense441_1mm_continuous_development"",""evidence_tier"":""development_dense441_single_repeat_random_validation_pending"",""continuous_xy_method"":""kernel_rbf"",""working_range_model"":false,""working_range_mm"":null,""outside_declared_working_range"":false,""calibration_domain_mm"":{""x"":[-10.0,10.0],""y"":[-10.0,10.0],""depth"":[0.2,0.8]},""xy_outside_calibration_domain"":false,""excluded_calibration_samples"":0,""uncorrected_static_xyz_mm"":[0.4058229573411194,0.6023109464155785,0.21604537442462968],""unaligned_xyz_mm"":[-1.0025673426533337,1.0721189836089327,0.21604537442462968],""xy_rotation_deg"":-4.580684956890044,""xy_translation_mm"":[1.3195654319610284,-0.5464514666381837],""xy_translation_source"":""five_point_reassembly"",""xy_translation_details"":{""preset"":""5×5｜441点1mm连续"",""calibration_points"":5,""calibration_strategy"":""rigid_rotation_translation_v1"",""calibration_rms_mm"":0.507358956567797,""check_rms_mm"":null},""dynamic_model_enabled"":false,""dynamic_history_ready"":false,""dynamic_gate"":0.0,""contact_score"":0.9933985227222942,""contact_score_threshold"":0.49492851692021117,""status"":""有效"",""preset"":""5×5｜441点1mm连续"",""needs_baseline"":false,""display.contact"":true,""display.contact_reason"":""拟合响应/相似度接触门控"",""display.contact_segment"":610,""display.contact_age_ms"":158.0112,""display.contact_last_end_ns"":1240476059171800}"
S20260919_A,000133,134,1240476271011800,1240476381096600,NormalizedFit,1,1,True,unknown,False,False,0.0,0.24485086000430392,nan,nan,-0.046324902107713894,0.11443353663151301,0.211449551391253,x,y,z,-0.046324902107713894,0.11443353663151301,0.211449551391253,,,,,,,,1.6447564789562432,-0.2768780458575676,-0.1176216156655876,"{""x"":-0.046324902107713894,""y"":0.11443353663151301,""z"":0.211449551391253,""dx"":null,""dy"":null,""mode5"":null,""Q"":null,""X"":null,""Y"":null,""Z"":null,""dX"":1.6447564789562432,""dY"":-0.2768780458575676,""dZ"":-0.1176216156655876}","{""amplitude_uT"":121.8280773857156,""contact_threshold_uT"":40.0,""contact_gate"":""shape-aware ridge classifier + amplitude floor"",""cosine_similarity"":0.9926886338775431,""anti_jump_policy"":""快速门控（阈值/形状）"",""calibration_depth_range_mm"":[0.2,0.8],""depth_extrapolated"":false,""relative_reference"":""first valid prediction since B0/no-contact"",""xy_semantics"":""continuous XY RBF refit on all 441 positions at 1 mm spacing"",""fit_model"":""441点1 mm连续XY/RBF＋跨深度连续Z＋接触/释放门控"",""fit_variant"":""dense441_1mm_continuous_development"",""evidence_tier"":""development_dense441_single_repeat_random_validation_pending"",""continuous_xy_method"":""kernel_rbf"",""working_range_model"":false,""working_range_mm"":null,""outside_declared_working_range"":false,""calibration_domain_mm"":{""x"":[-10.0,10.0],""y"":[-10.0,10.0],""depth"":[0.2,0.8]},""xy_outside_calibration_domain"":false,""excluded_calibration_samples"":0,""uncorrected_static_xyz_mm"":[-0.046324902107713894,0.11443353663151301,0.211449551391253],""unaligned_xyz_mm"":[-1.4143076753933737,0.5496900868422125,0.211449551391253],""xy_rotation_deg"":-4.580684956890044,""xy_translation_mm"":[1.3195654319610284,-0.5464514666381837],""xy_translation_source"":""five_point_reassembly"",""xy_translation_details"":{""preset"":""5×5｜441点1mm连续"",""calibration_points"":5,""calibration_strategy"":""rigid_rotation_translation_v1"",""calibration_rms_mm"":0.507358956567797,""check_rms_mm"":null},""dynamic_model_enabled"":false,""dynamic_history_ready"":false,""dynamic_gate"":0.0,""contact_score"":0.9922018183342697,""contact_score_threshold"":0.49492851692021117,""status"":""有效"",""preset"":""5×5｜441点1mm连续"",""needs_baseline"":false,""display.contact"":true,""display.contact_reason"":""拟合响应/相似度接触门控"",""display.contact_segment"":610,""display.contact_age_ms"":184.8773,""display.contact_last_end_ns"":1240476059171800}"
S20260919_A,000133,135,1240476279863800,1240476384273300,NormalizedFit,1,1,True,unknown,False,False,0.0,0.2827003795368828,nan,nan,-0.0006850168071903528,-0.1683253147864638,0.22712468765924443,x,y,z,-0.0006850168071903528,-0.1683253147864638,0.22712468765924443,,,,,,,,1.6903963642567668,-0.5596368972755443,-0.10194647939759616,"{""x"":-0.0006850168071903528,""y"":-0.1683253147864638,""z"":0.22712468765924443,""dx"":null,""dy"":null,""mode5"":null,""Q"":null,""X"":null,""Y"":null,""Z"":null,""dX"":1.6903963642567668,""dY"":-0.5596368972755443,""dZ"":-0.10194647939759616}","{""amplitude_uT"":123.01909910863415,""contact_threshold_uT"":40.0,""contact_gate"":""shape-aware ridge classifier + amplitude floor"",""cosine_similarity"":0.9958618662292028,""anti_jump_policy"":""快速门控（阈值/形状）"",""calibration_depth_range_mm"":[0.2,0.8],""depth_extrapolated"":false,""relative_reference"":""first valid prediction since B0/no-contact"",""xy_semantics"":""continuous XY RBF refit on all 441 positions at 1 mm spacing"",""fit_model"":""441点1 mm连续XY/RBF＋跨深度连续Z＋接触/释放门控"",""fit_variant"":""dense441_1mm_continuous_development"",""evidence_tier"":""development_dense441_single_repeat_random_validation_pending"",""continuous_xy_method"":""kernel_rbf"",""working_range_model"":false,""working_range_mm"":null,""outside_declared_working_range"":false,""calibration_domain_mm"":{""x"":[-10.0,10.0],""y"":[-10.0,10.0],""depth"":[0.2,0.8]},""xy_outside_calibration_domain"":false,""excluded_calibration_samples"":0,""uncorrected_static_xyz_mm"":[-0.0006850168071903528,-0.1683253147864638,0.22712468765924443],""unaligned_xyz_mm"":[-1.3462316300424,0.2714793407614211,0.22712468765924443],""xy_rotation_deg"":-4.580684956890044,""xy_translation_mm"":[1.3195654319610284,-0.5464514666381837],""xy_translation_source"":""five_point_reassembly"",""xy_translation_details"":{""preset"":""5×5｜441点1mm连续"",""calibration_points"":5,""calibration_strategy"":""rigid_rotation_translation_v1"",""calibration_rms_mm"":0.507358956567797,""check_rms_mm"":null},""dynamic_model_enabled"":false,""dynamic_history_ready"":false,""dynamic_gate"":0.0,""contact_score"":0.9914574728458928,""contact_score_threshold"":0.49492851692021117,""status"":""有效"",""preset"":""5×5｜441点1mm连续"",""needs_baseline"":false,""display.contact"":true,""display.contact_reason"":""拟合响应/相似度接触门控"",""display.contact_segment"":610,""display.contact_age_ms"":193.7293,""display.contact_last_end_ns"":1240476059171800}"
S20260919_A,000133,136,1240476305915100,1240476387062700,NormalizedFit,1,1,True,unknown,False,False,0.0,1.4247632958359198,nan,nan,0.6911919820954268,-1.2222373084281233,0.24153686040562083,x,y,z,0.6911919820954268,-1.2222373084281233,0.24153686040562083,,,,,,,,2.382273363159384,-1.6135488909172038,-0.08753430665121975,"{""x"":0.6911919820954268,""y"":-1.2222373084281233,""z"":0.24153686040562083,""dx"":null,""dy"":null,""mode5"":null,""Q"":null,""X"":null,""Y"":null,""Z"":null,""dX"":2.382273363159384,""dY"":-1.6135488909172038,""dZ"":-0.08753430665121975}","{""amplitude_uT"":118.32228004691247,""contact_threshold_uT"":40.0,""contact_gate"":""shape-aware ridge classifier + amplitude floor"",""cosine_similarity"":0.988444241515245,""anti_jump_policy"":""快速门控（阈值/形状）"",""calibration_depth_range_mm"":[0.2,0.8],""depth_extrapolated"":false,""relative_reference"":""first valid prediction since B0/no-contact"",""xy_semantics"":""continuous XY RBF refit on all 441 positions at 1 mm spacing"",""fit_model"":""441点1 mm连续XY/RBF＋跨深度连续Z＋接触/释放门控"",""fit_variant"":""dense441_1mm_continuous_development"",""evidence_tier"":""development_dense441_single_repeat_random_validation_pending"",""continuous_xy_method"":""kernel_rbf"",""working_range_model"":false,""working_range_mm"":null,""outside_declared_working_range"":false,""calibration_domain_mm"":{""x"":[-10.0,10.0],""y"":[-10.0,10.0],""depth"":[0.2,0.8]},""xy_outside_calibration_domain"":false,""excluded_calibration_samples"":0,""uncorrected_static_xyz_mm"":[0.6911919820954268,-1.2222373084281233,0.24153686040562083],""unaligned_xyz_mm"":[-0.5723961222638598,-0.7238110082590836,0.24153686040562083],""xy_rotation_deg"":-4.580684956890044,""xy_translation_mm"":[1.3195654319610284,-0.5464514666381837],""xy_translation_source"":""five_point_reassembly"",""xy_translation_details"":{""preset"":""5×5｜441点1mm连续"",""calibration_points"":5,""calibration_strategy"":""rigid_rotation_translation_v1"",""calibration_rms_mm"":0.507358956567797,""check_rms_mm"":null},""dynamic_model_enabled"":false,""dynamic_history_ready"":false,""dynamic_gate"":0.0,""contact_score"":0.9902415463360293,""contact_score_threshold"":0.49492851692021117,""status"":""有效"",""preset"":""5×5｜441点1mm连续"",""needs_baseline"":false,""display.contact"":true,""display.contact_reason"":""拟合响应/相似度接触门控"",""display.contact_segment"":610,""display.contact_age_ms"":219.7806,""display.contact_last_end_ns"":1240476059171800}"
S20260919_A,000133,137,1240476316813600,1240476390183900,NormalizedFit,1,1,True,unknown,False,False,0.0,0.5313911300255867,nan,nan,-0.4754089895240352,-0.04871932524262268,0.23235587596940455,x,y,z,-0.4754089895240352,-0.04871932524262268,0.23235587596940455,,,,,,,,1.215672391539922,-0.4400309077317033,-0.09671529108743604,"{""x"":-0.4754089895240352,""y"":-0.04871932524262268,""z"":0.23235587596940455,""dx"":null,""dy"":null,""mode5"":null,""Q"":null,""X"":null,""Y"":null,""Z"":null,""dX"":1.215672391539922,""dY"":-0.4400309077317033,""dZ"":-0.09671529108743604}","{""amplitude_uT"":118.33138959823803,""contact_threshold_uT"":40.0,""contact_gate"":""shape-aware ridge classifier + amplitude floor"",""cosine_similarity"":0.9916014192553693,""anti_jump_policy"":""快速门控（阈值/形状）"",""calibration_depth_range_mm"":[0.2,0.8],""depth_extrapolated"":false,""relative_reference"":""first valid prediction since B0/no-contact"",""xy_semantics"":""continuous XY RBF refit on all 441 positions at 1 mm spacing"",""fit_model"":""441点1 mm连续XY/RBF＋跨深度连续Z＋接触/释放门控"",""fit_variant"":""dense441_1mm_continuous_development"",""evidence_tier"":""development_dense441_single_repeat_random_validation_pending"",""continuous_xy_method"":""kernel_rbf"",""working_range_model"":false,""working_range_mm"":null,""outside_declared_working_range"":false,""calibration_domain_mm"":{""x"":[-10.0,10.0],""y"":[-10.0,10.0],""depth"":[0.2,0.8]},""xy_outside_calibration_domain"":false,""excluded_calibration_samples"":0,""uncorrected_static_xyz_mm"":[-0.4754089895240352,-0.04871932524262268,0.23235587596940455],""unaligned_xyz_mm"":[-1.828991347398921,0.35279046118585544,0.23235587596940455],""xy_rotation_deg"":-4.580684956890044,""xy_translation_mm"":[1.3195654319610284,-0.5464514666381837],""xy_translation_source"":""five_point_reassembly"",""xy_translation_details"":{""preset"":""5×5｜441点1mm连续"",""calibration_points"":5,""calibration_strategy"":""rigid_rotation_translation_v1"",""calibration_rms_mm"":0.507358956567797,""check_rms_mm"":null},""dynamic_model_enabled"":false,""dynamic_history_ready"":false,""dynamic_gate"":0.0,""contact_score"":0.9905273109937589,""contact_score_threshold"":0.49492851692021117,""status"":""有效"",""preset"":""5×5｜441点1mm连续"",""needs_baseline"":false,""display.contact"":true,""display.contact_reason"":""拟合响应/相似度接触门控"",""display.contact_segment"":610,""display.contact_age_ms"":230.6791,""display.contact_last_end_ns"":1240476059171800}"
S20260919_A,000133,138,1240476328769800,1240476392660400,NormalizedFit,1,1,True,unknown,False,False,0.0,0.5434358454087345,nan,nan,-0.4900510944792027,-0.029519980082553077,0.23302577894037213,x,y,z,-0.4900510944792027,-0.029519980082553077,0.23302577894037213,,,,,,,,1.2010302865847544,-0.4208315625716337,-0.09604538811646846,"{""x"":-0.4900510944792027,""y"":-0.029519980082553077,""z"":0.23302577894037213,""dx"":null,""dy"":null,""mode5"":null,""Q"":null,""X"":null,""Y"":null,""Z"":null,""dX"":1.2010302865847544,""dY"":-0.4208315625716337,""dZ"":-0.09604538811646846}","{""amplitude_uT"":116.69636035562502,""contact_threshold_uT"":40.0,""contact_gate"":""shape-aware ridge classifier + amplitude floor"",""cosine_similarity"":0.9933826057886751,""anti_jump_policy"":""快速门控（阈值/形状）"",""calibration_depth_range_mm"":[0.2,0.8],""depth_extrapolated"":false,""relative_reference"":""first valid prediction since B0/no-contact"",""xy_semantics"":""continuous XY RBF refit on all 441 positions at 1 mm spacing"",""fit_model"":""441点1 mm连续XY/RBF＋跨深度连续Z＋接触/释放门控"",""fit_variant"":""dense441_1mm_continuous_development"",""evidence_tier"":""development_dense441_single_repeat_random_validation_pending"",""continuous_xy_method"":""kernel_rbf"",""working_range_model"":false,""working_range_mm"":null,""outside_declared_working_range"":false,""calibration_domain_mm"":{""x"":[-10.0,10.0],""y"":[-10.0,10.0],""depth"":[0.2,0.8]},""xy_outside_calibration_domain"":false,""excluded_calibration_samples"":0,""uncorrected_static_xyz_mm"":[-0.4900510944792027,-0.029519980082553077,0.23302577894037213],""unaligned_xyz_mm"":[-1.8451199986663038,0.3707591200225293,0.23302577894037213],""xy_rotation_deg"":-4.580684956890044,""xy_translation_mm"":[1.3195654319610284,-0.5464514666381837],""xy_translation_source"":""five_point_reassembly"",""xy_translation_details"":{""preset"":""5×5｜441点1mm连续"",""calibration_points"":5,""calibration_strategy"":""rigid_rotation_translation_v1"",""calibration_rms_mm"":0.507358956567797,""check_rms_mm"":null},""dynamic_model_enabled"":false,""dynamic_history_ready"":false,""dynamic_gate"":0.0,""contact_score"":0.9916348322589585,""contact_score_threshold"":0.49492851692021117,""status"":""有效"",""preset"":""5×5｜441点1mm连续"",""needs_baseline"":false,""display.contact"":true,""display.contact_reason"":""拟合响应/相似度接触门控"",""display.contact_segment"":610,""display.contact_age_ms"":242.6353,""display.contact_last_end_ns"":1240476059171800}"
S20260919_A,000133,139,1240476354683100,1240476395417200,NormalizedFit,1,1,True,unknown,False,False,0.0,1.1946326149279558,nan,nan,-0.5900330901223527,1.0043551371836146,0.26510148174454995,x,y,z,-0.5900330901223527,1.0043551371836146,0.26510148174454995,,,,,,,,1.1010482909416044,0.613043554694534,-0.06396968531229064,"{""x"":-0.5900330901223527,""y"":1.0043551371836146,""z"":0.26510148174454995,""dx"":null,""dy"":null,""mode5"":null,""Q"":null,""X"":null,""Y"":null,""Z"":null,""dX"":1.1010482909416044,""dY"":0.613043554694534,""dZ"":-0.06396968531229064}","{""amplitude_uT"":119.00149285618234,""contact_threshold_uT"":40.0,""contact_gate"":""shape-aware ridge classifier + amplitude floor"",""cosine_similarity"":0.9871672264093811,""anti_jump_policy"":""快速门控（阈值/形状）"",""calibration_depth_range_mm"":[0.2,0.8],""depth_extrapolated"":false,""relative_reference"":""first valid prediction since B0/no-contact"",""xy_semantics"":""continuous XY RBF refit on all 441 positions at 1 mm spacing"",""fit_model"":""441点1 mm连续XY/RBF＋跨深度连续Z＋接触/释放门控"",""fit_variant"":""dense441_1mm_continuous_development"",""evidence_tier"":""development_dense441_single_repeat_random_validation_pending"",""continuous_xy_method"":""kernel_rbf"",""working_range_model"":false,""working_range_mm"":null,""outside_declared_working_range"":false,""calibration_domain_mm"":{""x"":[-10.0,10.0],""y"":[-10.0,10.0],""depth"":[0.2,0.8]},""xy_outside_calibration_domain"":false,""excluded_calibration_samples"":0,""uncorrected_static_xyz_mm"":[-0.5900330901223527,1.0043551371836146,0.26510148174454995],""unaligned_xyz_mm"":[-2.0273508970692204,1.393347041534506,0.26510148174454995],""xy_rotation_deg"":-4.580684956890044,""xy_translation_mm"":[1.3195654319610284,-0.5464514666381837],""xy_translation_source"":""five_point_reassembly"",""xy_translation_details"":{""preset"":""5×5｜441点1mm连续"",""calibration_points"":5,""calibration_strategy"":""rigid_rotation_translation_v1"",""calibration_rms_mm"":0.507358956567797,""check_rms_mm"":null},""dynamic_model_enabled"":false,""dynamic_history_ready"":false,""dynamic_gate"":0.0,""contact_score"":0.9919315444198777,""contact_score_threshold"":0.49492851692021117,""status"":""有效"",""preset"":""5×5｜441点1mm连续"",""needs_baseline"":false,""display.contact"":true,""display.contact_reason"":""拟合响应/相似度接触门控"",""display.contact_segment"":610,""display.contact_age_ms"":268.5486,""display.contact_last_end_ns"":1240476059171800}"
S20260919_A,000133,140,1240476381343700,1240476398146700,NormalizedFit,1,1,True,unknown,False,False,0.0,0.8287080521490721,nan,nan,-0.3129582196573415,0.7115715098615327,0.287193619008144,x,y,z,-0.3129582196573415,0.7115715098615327,0.287193619008144,,,,,,,,1.3781231614066156,0.3202599273724521,-0.04187754804869659,"{""x"":-0.3129582196573415,""y"":0.7115715098615327,""z"":0.287193619008144,""dx"":null,""dy"":null,""mode5"":null,""Q"":null,""X"":null,""Y"":null,""Z"":null,""dX"":1.3781231614066156,""dY"":0.3202599273724521,""dZ"":-0.04187754804869659}","{""amplitude_uT"":114.61802651197556,""contact_threshold_uT"":40.0,""contact_gate"":""shape-aware ridge classifier + amplitude floor"",""cosine_similarity"":0.9840732310956652,""anti_jump_policy"":""快速门控（阈值/形状）"",""calibration_depth_range_mm"":[0.2,0.8],""depth_extrapolated"":false,""relative_reference"":""first valid prediction since B0/no-contact"",""xy_semantics"":""continuous XY RBF refit on all 441 positions at 1 mm spacing"",""fit_model"":""441点1 mm连续XY/RBF＋跨深度连续Z＋接触/释放门控"",""fit_variant"":""dense441_1mm_continuous_development"",""evidence_tier"":""development_dense441_single_repeat_random_validation_pending"",""continuous_xy_method"":""kernel_rbf"",""working_range_model"":false,""working_range_mm"":null,""outside_declared_working_range"":false,""calibration_domain_mm"":{""x"":[-10.0,10.0],""y"":[-10.0,10.0],""depth"":[0.2,0.8]},""xy_outside_calibration_domain"":false,""excluded_calibration_samples"":0,""uncorrected_static_xyz_mm"":[-0.3129582196573415,0.7115715098615327,0.287193619008144],""unaligned_xyz_mm"":[-1.727778495193729,1.1236266079266173,0.287193619008144],""xy_rotation_deg"":-4.580684956890044,""xy_translation_mm"":[1.3195654319610284,-0.5464514666381837],""xy_translation_source"":""five_point_reassembly"",""xy_translation_details"":{""preset"":""5×5｜441点1mm连续"",""calibration_points"":5,""calibration_strategy"":""rigid_rotation_translation_v1"",""calibration_rms_mm"":0.507358956567797,""check_rms_mm"":null},""dynamic_model_enabled"":false,""dynamic_history_ready"":false,""dynamic_gate"":0.0,""contact_score"":0.9931769781583928,""contact_score_threshold"":0.49492851692021117,""status"":""有效"",""preset"":""5×5｜441点1mm连续"",""needs_baseline"":false,""display.contact"":true,""display.contact_reason"":""拟合响应/相似度接触门控"",""display.contact_segment"":610,""display.contact_age_ms"":295.2092,""display.contact_last_end_ns"":1240476059171800}"
S20260919_A,000133,141,1240476393555700,1240476400969100,NormalizedFit,1,1,True,unknown,False,False,0.0,0.8067507929537604,nan,nan,-0.722573061525537,0.23408030364589938,0.2719217242777362,x,y,z,-0.722573061525537,0.23408030364589938,0.2719217242777362,,,,,,,,0.9685083195384201,-0.15723127884318122,-0.05714944277910439,"{""x"":-0.722573061525537,""y"":0.23408030364589938,""z"":0.2719217242777362,""dx"":null,""dy"":null,""mode5"":null,""Q"":null,""X"":null,""Y"":null,""Z"":null,""dX"":0.9685083195384201,""dY"":-0.15723127884318122,""dZ"":-0.05714944277910439}","{""amplitude_uT"":116.7723737266223,""contact_threshold_uT"":40.0,""contact_gate"":""shape-aware ridge classifier + amplitude floor"",""cosine_similarity"":0.988821837341981,""anti_jump_policy"":""快速门控（阈值/形状）"",""calibration_depth_range_mm"":[0.2,0.8],""depth_extrapolated"":false,""relative_reference"":""first valid prediction since B0/no-contact"",""xy_semantics"":""continuous XY RBF refit on all 441 positions at 1 mm spacing"",""fit_model"":""441点1 mm连续XY/RBF＋跨深度连续Z＋接触/释放门控"",""fit_variant"":""dense441_1mm_continuous_development"",""evidence_tier"":""development_dense441_single_repeat_random_validation_pending"",""continuous_xy_method"":""kernel_rbf"",""working_range_model"":false,""working_range_mm"":null,""outside_declared_working_range"":false,""calibration_domain_mm"":{""x"":[-10.0,10.0],""y"":[-10.0,10.0],""depth"":[0.2,0.8]},""xy_outside_calibration_domain"":false,""excluded_calibration_samples"":0,""uncorrected_static_xyz_mm"":[-0.722573061525537,0.23408030364589938,0.2719217242777362],""unaligned_xyz_mm"":[-2.097951139141429,0.6149475496150565,0.2719217242777362],""xy_rotation_deg"":-4.580684956890044,""xy_translation_mm"":[1.3195654319610284,-0.5464514666381837],""xy_translation_source"":""five_point_reassembly"",""xy_translation_details"":{""preset"":""5×5｜441点1mm连续"",""calibration_points"":5,""calibration_strategy"":""rigid_rotation_translation_v1"",""calibration_rms_mm"":0.507358956567797,""check_rms_mm"":null},""dynamic_model_enabled"":false,""dynamic_history_ready"":false,""dynamic_gate"":0.0,""contact_score"":0.9926111603405046,""contact_score_threshold"":0.49492851692021117,""status"":""有效"",""preset"":""5×5｜441点1mm连续"",""needs_baseline"":false,""display.contact"":true,""display.contact_reason"":""拟合响应/相似度接触门控"",""display.contact_segment"":610,""display.contact_age_ms"":307.4212,""display.contact_last_end_ns"":1240476059171800}"
S20260919_A,000133,142,1240476420523800,1240476435618000,NormalizedFit,1,1,True,unknown,False,False,0.0,1.0253152368754557,nan,nan,-0.6083713149874495,-0.786439132158432,0.2503381103214325,x,y,z,-0.6083713149874495,-0.786439132158432,0.2503381103214325,,,,,,,,1.0827100660765077,-1.1777507146475126,-0.07873305673540809,"{""x"":-0.6083713149874495,""y"":-0.786439132158432,""z"":0.2503381103214325,""dx"":null,""dy"":null,""mode5"":null,""Q"":null,""X"":null,""Y"":null,""Z"":null,""dX"":1.0827100660765077,""dY"":-1.1777507146475126,""dZ"":-0.07873305673540809}","{""amplitude_uT"":115.50925538457929,""contact_threshold_uT"":40.0,""contact_gate"":""shape-aware ridge classifier + amplitude floor"",""cosine_similarity"":0.9921126797257254,""anti_jump_policy"":""快速门控（阈值/形状）"",""calibration_depth_range_mm"":[0.2,0.8],""depth_extrapolated"":false,""relative_reference"":""first valid prediction since B0/no-contact"",""xy_semantics"":""continuous XY RBF refit on all 441 positions at 1 mm spacing"",""fit_model"":""441点1 mm连续XY/RBF＋跨深度连续Z＋接触/释放门控"",""fit_variant"":""dense441_1mm_continuous_development"",""evidence_tier"":""development_dense441_single_repeat_random_validation_pending"",""continuous_xy_method"":""kernel_rbf"",""working_range_model"":false,""working_range_mm"":null,""outside_declared_working_range"":false,""calibration_domain_mm"":{""x"":[-10.0,10.0],""y"":[-10.0,10.0],""depth"":[0.2,0.8]},""xy_outside_calibration_domain"":false,""excluded_calibration_samples"":0,""uncorrected_static_xyz_mm"":[-0.6083713149874495,-0.786439132158432,0.2503381103214325],""unaligned_xyz_mm"":[-1.9026125331308088,-0.39319171991498614,0.2503381103214325],""xy_rotation_deg"":-4.580684956890044,""xy_translation_mm"":[1.3195654319610284,-0.5464514666381837],""xy_translation_source"":""five_point_reassembly"",""xy_translation_details"":{""preset"":""5×5｜441点1mm连续"",""calibration_points"":5,""calibration_strategy"":""rigid_rotation_translation_v1"",""calibration_rms_mm"":0.507358956567797,""check_rms_mm"":null},""dynamic_model_enabled"":false,""dynamic_history_ready"":false,""dynamic_gate"":0.0,""contact_score"":0.9926916633772676,""contact_score_threshold"":0.49492851692021117,""status"":""有效"",""preset"":""5×5｜441点1mm连续"",""needs_baseline"":false,""display.contact"":true,""display.contact_reason"":""拟合响应/相似度接触门控"",""display.contact_segment"":610,""display.contact_age_ms"":334.3893,""display.contact_last_end_ns"":1240476059171800}"
S20260919_A,000133,143,1240476446514800,1240476486823500,NormalizedFit,1,1,False,unknown,False,False,0.0,nan,nan,nan,nan,nan,nan,x,y,z,,,,,,,,,,,,,,"{""x"":null,""y"":null,""z"":null,""dx"":null,""dy"":null,""mode5"":null,""Q"":null,""X"":null,""Y"":null,""Z"":null,""dX"":null,""dY"":null,""dZ"":null}","{""cosine_similarity"":0.9802397899183405,""amplitude_uT"":116.55670692199553,""status"":""模板相似度不足"",""preset"":""5×5｜441点1mm连续"",""needs_baseline"":false,""display.contact"":false,""display.contact_reason"":""三维输出无效"",""display.contact_segment"":610,""display.contact_age_ms"":0.0,""display.contact_last_end_ns"":1240476446514800}"
S20260919_A,000133,144,1240476458404900,1240476490004100,NormalizedFit,1,1,True,unknown,False,False,0.0,2.3468911600211504,nan,nan,-2.323495872098219,0.27946899160134064,0.17652799228815919,x,y,z,-2.323495872098219,0.27946899160134064,0.17652799228815919,,,,,,,,0.0,0.0,0.0,"{""x"":-2.323495872098219,""y"":0.27946899160134064,""z"":0.17652799228815919,""dx"":null,""dy"":null,""mode5"":null,""Q"":null,""X"":null,""Y"":null,""Z"":null,""dX"":0.0,""dY"":0.0,""dZ"":0.0}","{""amplitude_uT"":118.79175978366489,""contact_threshold_uT"":40.0,""contact_gate"":""shape-aware ridge classifier + amplitude floor"",""cosine_similarity"":0.9837404876213176,""anti_jump_policy"":""快速门控（阈值/形状）"",""calibration_depth_range_mm"":[0.2,0.8],""depth_extrapolated"":true,""relative_reference"":""first valid prediction since B0/no-contact"",""xy_semantics"":""continuous XY RBF refit on all 441 positions at 1 mm spacing"",""fit_model"":""441点1 mm连续XY/RBF＋跨深度连续Z＋接触/释放门控"",""fit_variant"":""dense441_1mm_continuous_development"",""evidence_tier"":""development_dense441_single_repeat_random_validation_pending"",""continuous_xy_method"":""kernel_rbf"",""working_range_model"":false,""working_range_mm"":null,""outside_declared_working_range"":false,""calibration_domain_mm"":{""x"":[-10.0,10.0],""y"":[-10.0,10.0],""depth"":[0.2,0.8]},""xy_outside_calibration_domain"":false,""excluded_calibration_samples"":0,""uncorrected_static_xyz_mm"":[-2.323495872098219,0.27946899160134064,0.17652799228815919],""unaligned_xyz_mm"":[-3.6973852465488726,0.532336930031331,0.17652799228815919],""xy_rotation_deg"":-4.580684956890044,""xy_translation_mm"":[1.3195654319610284,-0.5464514666381837],""xy_translation_source"":""five_point_reassembly"",""xy_translation_details"":{""preset"":""5×5｜441点1mm连续"",""calibration_points"":5,""calibration_strategy"":""rigid_rotation_translation_v1"",""calibration_rms_mm"":0.507358956567797,""check_rms_mm"":null},""dynamic_model_enabled"":false,""dynamic_history_ready"":false,""dynamic_gate"":0.0,""contact_score"":0.9903629034534825,""contact_score_threshold"":0.49492851692021117,""status"":""有效"",""preset"":""5×5｜441点1mm连续"",""needs_baseline"":false,""display.contact"":true,""display.contact_reason"":""拟合响应/相似度接触门控"",""display.contact_segment"":611,""display.contact_age_ms"":0.0,""display.contact_last_end_ns"":1240476446514800}"
S20260919_A,000133,145,1240476470310900,1240476493072200,NormalizedFit,1,1,True,unknown,False,False,0.0,1.5323214589544953,nan,nan,-1.519833043324198,-0.11866915338796874,0.15502969401544575,x,y,z,-1.519833043324198,-0.11866915338796874,0.15502969401544575,,,,,,,,0.8036628287740208,-0.3981381449893094,-0.021498298272713434,"{""x"":-1.519833043324198,""y"":-0.11866915338796874,""z"":0.15502969401544575,""dx"":null,""dy"":null,""mode5"":null,""Q"":null,""X"":null,""Y"":null,""Z"":null,""dX"":0.8036628287740208,""dY"":-0.3981381449893094,""dZ"":-0.021498298272713434}","{""amplitude_uT"":121.43328657641585,""contact_threshold_uT"":40.0,""contact_gate"":""shape-aware ridge classifier + amplitude floor"",""cosine_similarity"":0.9904206032253609,""anti_jump_policy"":""快速门控（阈值/形状）"",""calibration_depth_range_mm"":[0.2,0.8],""depth_extrapolated"":true,""relative_reference"":""first valid prediction since B0/no-contact"",""xy_semantics"":""continuous XY RBF refit on all 441 positions at 1 mm spacing"",""fit_model"":""441点1 mm连续XY/RBF＋跨深度连续Z＋接触/释放门控"",""fit_variant"":""dense441_1mm_continuous_development"",""evidence_tier"":""development_dense441_single_repeat_random_validation_pending"",""continuous_xy_method"":""kernel_rbf"",""working_range_model"":false,""working_range_mm"":null,""outside_declared_working_range"":false,""calibration_domain_mm"":{""x"":[-10.0,10.0],""y"":[-10.0,10.0],""depth"":[0.2,0.8]},""xy_outside_calibration_domain"":false,""excluded_calibration_samples"":0,""uncorrected_static_xyz_mm"":[-1.519833043324198,-0.11866915338796874,0.15502969401544575],""unaligned_xyz_mm"":[-2.864492966467349,0.1996533346600078,0.15502969401544575],""xy_rotation_deg"":-4.580684956890044,""xy_translation_mm"":[1.3195654319610284,-0.5464514666381837],""xy_translation_source"":""five_point_reassembly"",""xy_translation_details"":{""preset"":""5×5｜441点1mm连续"",""calibration_points"":5,""calibration_strategy"":""rigid_rotation_translation_v1"",""calibration_rms_mm"":0.507358956567797,""check_rms_mm"":null},""dynamic_model_enabled"":false,""dynamic_history_ready"":false,""dynamic_gate"":0.0,""contact_score"":0.9916224433305317,""contact_score_threshold"":0.49492851692021117,""status"":""有效"",""preset"":""5×5｜441点1mm连续"",""needs_baseline"":false,""display.contact"":true,""display.contact_reason"":""拟合响应/相似度接触门控"",""display.contact_segment"":611,""display.contact_age_ms"":11.906,""display.contact_last_end_ns"":1240476446514800}"
S20260919_A,000133,146,1240476496224500,1240476551260200,NormalizedFit,1,1,True,unknown,False,False,0.0,1.3579681964325294,nan,nan,-1.3336410055793542,-0.2199681654655657,0.13074133600824023,x,y,z,-1.3336410055793542,-0.2199681654655657,0.13074133600824023,,,,,,,,0.9898548665188647,-0.49943715706690633,-0.04578665627991896,"{""x"":-1.3336410055793542,""y"":-0.2199681654655657,""z"":0.13074133600824023,""dx"":null,""dy"":null,""mode5"":null,""Q"":null,""X"":null,""Y"":null,""Z"":null,""dX"":0.9898548665188647,""dY"":-0.49943715706690633,""dZ"":-0.04578665627991896}","{""amplitude_uT"":141.0733450567468,""contact_threshold_uT"":40.0,""contact_gate"":""shape-aware ridge classifier + amplitude floor"",""cosine_similarity"":0.9931618973643284,""anti_jump_policy"":""快速门控（阈值/形状）"",""calibration_depth_range_mm"":[0.2,0.8],""depth_extrapolated"":true,""relative_reference"":""first valid prediction since B0/no-contact"",""xy_semantics"":""continuous XY RBF refit on all 441 positions at 1 mm spacing"",""fit_model"":""441点1 mm连续XY/RBF＋跨深度连续Z＋接触/释放门控"",""fit_variant"":""dense441_1mm_continuous_development"",""evidence_tier"":""development_dense441_single_repeat_random_validation_pending"",""continuous_xy_method"":""kernel_rbf"",""working_range_model"":false,""working_range_mm"":null,""outside_declared_working_range"":false,""calibration_domain_mm"":{""x"":[-10.0,10.0],""y"":[-10.0,10.0],""depth"":[0.2,0.8]},""xy_outside_calibration_domain"":false,""excluded_calibration_samples"":0,""uncorrected_static_xyz_mm"":[-1.3336410055793542,-0.2199681654655657,0.13074133600824023],""unaligned_xyz_mm"":[-2.670805620253997,0.11354772111301692,0.13074133600824023],""xy_rotation_deg"":-4.580684956890044,""xy_translation_mm"":[1.3195654319610284,-0.5464514666381837],""xy_translation_source"":""five_point_reassembly"",""xy_translation_details"":{""preset"":""5×5｜441点1mm连续"",""calibration_points"":5,""calibration_strategy"":""rigid_rotation_translation_v1"",""calibration_rms_mm"":0.507358956567797,""check_rms_mm"":null},""dynamic_model_enabled"":false,""dynamic_history_ready"":false,""dynamic_gate"":0.0,""contact_score"":0.9932776761774461,""contact_score_threshold"":0.49492851692021117,""status"":""有效"",""preset"":""5×5｜441点1mm连续"",""needs_baseline"":false,""display.contact"":true,""display.contact_reason"":""拟合响应/相似度接触门控"",""display.contact_segment"":611,""display.contact_age_ms"":37.8196,""display.contact_last_end_ns"":1240476446514800}"
S20260919_A,000133,147,1240476523193400,1240476554001800,NormalizedFit,1,1,True,unknown,False,False,0.0,1.0745316218290062,nan,nan,1.0491141760768854,-0.172992902204825,0.1550841953641443,x,y,z,1.0491141760768854,-0.172992902204825,0.1550841953641443,,,,,,,,3.3726100481751042,-0.45246189380616564,-0.02144379692401488,"{""x"":1.0491141760768854,""y"":-0.172992902204825,""z"":0.1550841953641443,""dx"":null,""dy"":null,""mode5"":null,""Q"":null,""X"":null,""Y"":null,""Z"":null,""dX"":3.3726100481751042,""dY"":-0.45246189380616564,""dZ"":-0.02144379692401488}","{""amplitude_uT"":192.6036747974966,""contact_threshold_uT"":40.0,""contact_gate"":""shape-aware ridge classifier + amplitude floor"",""cosine_similarity"":0.9889339961321801,""anti_jump_policy"":""快速门控（阈值/形状）"",""calibration_depth_range_mm"":[0.2,0.8],""depth_extrapolated"":true,""relative_reference"":""first valid prediction since B0/no-contact"",""xy_semantics"":""continuous XY RBF refit on all 441 positions at 1 mm spacing"",""fit_model"":""441点1 mm连续XY/RBF＋跨深度连续Z＋接触/释放门控"",""fit_variant"":""dense441_1mm_continuous_development"",""evidence_tier"":""development_dense441_single_repeat_random_validation_pending"",""continuous_xy_method"":""kernel_rbf"",""working_range_model"":false,""working_range_mm"":null,""outside_declared_working_range"":false,""calibration_domain_mm"":{""x"":[-10.0,10.0],""y"":[-10.0,10.0],""depth"":[0.2,0.8]},""xy_outside_calibration_domain"":false,""excluded_calibration_samples"":0,""uncorrected_static_xyz_mm"":[1.0491141760768854,-0.172992902204825,0.1550841953641443],""unaligned_xyz_mm"":[-0.29941287805758376,0.3506666645280241,0.1550841953641443],""xy_rotation_deg"":-4.580684956890044,""xy_translation_mm"":[1.3195654319610284,-0.5464514666381837],""xy_translation_source"":""five_point_reassembly"",""xy_translation_details"":{""preset"":""5×5｜441点1mm连续"",""calibration_points"":5,""calibration_strategy"":""rigid_rotation_translation_v1"",""calibration_rms_mm"":0.507358956567797,""check_rms_mm"":null},""dynamic_model_enabled"":false,""dynamic_history_ready"":false,""dynamic_gate"":0.0,""contact_score"":0.9956025535350197,""contact_score_threshold"":0.49492851692021117,""status"":""有效"",""preset"":""5×5｜441点1mm连续"",""needs_baseline"":false,""display.contact"":true,""display.contact_reason"":""拟合响应/相似度接触门控"",""display.contact_segment"":611,""display.contact_age_ms"":64.7885,""display.contact_last_end_ns"":1240476446514800}"
S20260919_A,000133,148,1240476534099900,1240476557046900,NormalizedFit,1,1,True,unknown,False,False,0.0,0.6024713891403511,nan,nan,0.22487165259601016,-0.538313127310832,0.15041107524472952,x,y,z,0.22487165259601016,-0.538313127310832,0.15041107524472952,,,,,,,,2.5483675246942292,-0.8177821189121727,-0.026116917043429666,"{""x"":0.22487165259601016,""y"":-0.538313127310832,""z"":0.15041107524472952,""dx"":null,""dy"":null,""mode5"":null,""Q"":null,""X"":null,""Y"":null,""Z"":null,""dX"":2.5483675246942292,""dY"":-0.8177821189121727,""dZ"":-0.026116917043429666}","{""amplitude_uT"":206.87702094118592,""contact_threshold_uT"":40.0,""contact_gate"":""shape-aware ridge classifier + amplitude floor"",""cosine_similarity"":0.9895352607530328,""anti_jump_policy"":""快速门控（阈值/形状）"",""calibration_depth_range_mm"":[0.2,0.8],""depth_extrapolated"":true,""relative_reference"":""first valid prediction since B0/no-contact"",""xy_semantics"":""continuous XY RBF refit on all 441 positions at 1 mm spacing"",""fit_model"":""441点1 mm连续XY/RBF＋跨深度连续Z＋接触/释放门控"",""fit_variant"":""dense441_1mm_continuous_development"",""evidence_tier"":""development_dense441_single_repeat_random_validation_pending"",""continuous_xy_method"":""kernel_rbf"",""working_range_model"":false,""working_range_mm"":null,""outside_declared_working_range"":false,""calibration_domain_mm"":{""x"":[-10.0,10.0],""y"":[-10.0,10.0],""depth"":[0.2,0.8]},""xy_outside_calibration_domain"":false,""excluded_calibration_samples"":0,""uncorrected_static_xyz_mm"":[0.22487165259601016,-0.538313127310832,0.15041107524472952],""unaligned_xyz_mm"":[-1.0918471230646614,-0.0793130695591624,0.15041107524472952],""xy_rotation_deg"":-4.580684956890044,""xy_translation_mm"":[1.3195654319610284,-0.5464514666381837],""xy_translation_source"":""five_point_reassembly"",""xy_translation_details"":{""preset"":""5×5｜441点1mm连续"",""calibration_points"":5,""calibration_strategy"":""rigid_rotation_translation_v1"",""calibration_rms_mm"":0.507358956567797,""check_rms_mm"":null},""dynamic_model_enabled"":false,""dynamic_history_ready"":false,""dynamic_gate"":0.0,""contact_score"":0.9955984869057936,""contact_score_threshold"":0.49492851692021117,""status"":""有效"",""preset"":""5×5｜441点1mm连续"",""needs_baseline"":false,""display.contact"":true,""display.contact_reason"":""拟合响应/相似度接触门控"",""display.contact_segment"":611,""display.contact_age_ms"":75.695,""display.contact_last_end_ns"":1240476446514800}"
S20260919_A,000133,149,1240476560992600,1240476614149900,NormalizedFit,1,1,True,unknown,False,False,0.0,0.6544935925087315,nan,nan,-0.20995574393995797,-0.6065113499156572,0.12815783489545807,x,y,z,-0.20995574393995797,-0.6065113499156572,0.12815783489545807,,,,,,,,2.113540128158261,-0.8859803415169979,-0.04837015739270112,"{""x"":-0.20995574393995797,""y"":-0.6065113499156572,""z"":0.12815783489545807,""dx"":null,""dy"":null,""mode5"":null,""Q"":null,""X"":null,""Y"":null,""Z"":null,""dX"":2.113540128158261,""dY"":-0.8859803415169979,""dZ"":-0.04837015739270112}","{""amplitude_uT"":236.5945137519042,""contact_threshold_uT"":40.0,""contact_gate"":""shape-aware ridge classifier + amplitude floor"",""cosine_similarity"":0.9914022167815945,""anti_jump_policy"":""快速门控（阈值/形状）"",""calibration_depth_range_mm"":[0.2,0.8],""depth_extrapolated"":true,""relative_reference"":""first valid prediction since B0/no-contact"",""xy_semantics"":""continuous XY RBF refit on all 441 positions at 1 mm spacing"",""fit_model"":""441点1 mm连续XY/RBF＋跨深度连续Z＋接触/释放门控"",""fit_variant"":""dense441_1mm_continuous_development"",""evidence_tier"":""development_dense441_single_repeat_random_validation_pending"",""continuous_xy_method"":""kernel_rbf"",""working_range_model"":false,""working_range_mm"":null,""outside_declared_working_range"":false,""calibration_domain_mm"":{""x"":[-10.0,10.0],""y"":[-10.0,10.0],""depth"":[0.2,0.8]},""xy_outside_calibration_domain"":false,""excluded_calibration_samples"":0,""uncorrected_static_xyz_mm"":[-0.20995574393995797,-0.6065113499156572,0.12815783489545807],""unaligned_xyz_mm"":[-1.5198391115872436,-0.1820200318606111,0.12815783489545807],""xy_rotation_deg"":-4.580684956890044,""xy_translation_mm"":[1.3195654319610284,-0.5464514666381837],""xy_translation_source"":""five_point_reassembly"",""xy_translation_details"":{""preset"":""5×5｜441点1mm连续"",""calibration_points"":5,""calibration_strategy"":""rigid_rotation_translation_v1"",""calibration_rms_mm"":0.507358956567797,""check_rms_mm"":null},""dynamic_model_enabled"":false,""dynamic_history_ready"":false,""dynamic_gate"":0.0,""contact_score"":0.9964771366292169,""contact_score_threshold"":0.49492851692021117,""status"":""有效"",""preset"":""5×5｜441点1mm连续"",""needs_baseline"":false,""display.contact"":true,""display.contact_reason"":""拟合响应/相似度接触门控"",""display.contact_segment"":611,""display.contact_age_ms"":102.5877,""display.contact_last_end_ns"":1240476446514800}"
S20260919_A,000133,150,1240476586166200,1240476617041200,NormalizedFit,1,1,True,unknown,False,False,0.0,0.7221508385577846,nan,nan,0.0743329236617074,-0.7064798328893,0.12985644308358724,x,y,z,0.0743329236617074,-0.7064798328893,0.12985644308358724,,,,,,,,2.397828795759926,-0.9859488244906407,-0.04667154920457195,"{""x"":0.0743329236617074,""y"":-0.7064798328893,""z"":0.12985644308358724,""dx"":null,""dy"":null,""mode5"":null,""Q"":null,""X"":null,""Y"":null,""Z"":null,""dX"":2.397828795759926,""dY"":-0.9859488244906407,""dZ"":-0.04667154920457195}","{""amplitude_uT"":242.06974151781117,""contact_threshold_uT"":40.0,""contact_gate"":""shape-aware ridge classifier + amplitude floor"",""cosine_similarity"":0.9932255750989617,""anti_jump_policy"":""快速门控（阈值/形状）"",""calibration_depth_range_mm"":[0.2,0.8],""depth_extrapolated"":true,""relative_reference"":""first valid prediction since B0/no-contact"",""xy_semantics"":""continuous XY RBF refit on all 441 positions at 1 mm spacing"",""fit_model"":""441点1 mm连续XY/RBF＋跨深度连续Z＋接触/释放门控"",""fit_variant"":""dense441_1mm_continuous_development"",""evidence_tier"":""development_dense441_single_repeat_random_validation_pending"",""continuous_xy_method"":""kernel_rbf"",""working_range_model"":false,""working_range_mm"":null,""outside_declared_working_range"":false,""calibration_domain_mm"":{""x"":[-10.0,10.0],""y"":[-10.0,10.0],""depth"":[0.2,0.8]},""xy_outside_calibration_domain"":false,""excluded_calibration_samples"":0,""uncorrected_static_xyz_mm"":[0.0743329236617074,-0.7064798328893,0.12985644308358724],""unaligned_xyz_mm"":[-1.228474730011218,-0.2589650853962464,0.12985644308358724],""xy_rotation_deg"":-4.580684956890044,""xy_translation_mm"":[1.3195654319610284,-0.5464514666381837],""xy_translation_source"":""five_point_reassembly"",""xy_translation_details"":{""preset"":""5×5｜441点1mm连续"",""calibration_points"":5,""calibration_strategy"":""rigid_rotation_translation_v1"",""calibration_rms_mm"":0.507358956567797,""check_rms_mm"":null},""dynamic_model_enabled"":false,""dynamic_history_ready"":false,""dynamic_gate"":0.0,""contact_score"":0.9965493269324234,""contact_score_threshold"":0.49492851692021117,""status"":""有效"",""preset"":""5×5｜441点1mm连续"",""needs_baseline"":false,""display.contact"":true,""display.contact_reason"":""拟合响应/相似度接触门控"",""display.contact_segment"":611,""display.contact_age_ms"":127.7613,""display.contact_last_end_ns"":1240476446514800}"
S20260919_A,000133,151,1240476597881900,1240476619804100,NormalizedFit,1,1,True,unknown,False,False,0.0,0.22566226439901427,nan,nan,0.15194875521005602,-0.11952762010611528,0.11639665543121624,x,y,z,0.15194875521005602,-0.11952762010611528,0.11639665543121624,,,,,,,,2.475444627308275,-0.39899661170745593,-0.06013133685694294,"{""x"":0.15194875521005602,""y"":-0.11952762010611528,""z"":0.11639665543121624,""dx"":null,""dy"":null,""mode5"":null,""Q"":null,""X"":null,""Y"":null,""Z"":null,""dX"":2.475444627308275,""dY"":-0.39899661170745593,""dZ"":-0.06013133685694294}","{""amplitude_uT"":245.31577200518498,""contact_threshold_uT"":40.0,""contact_gate"":""shape-aware ridge classifier + amplitude floor"",""cosine_similarity"":0.9964368141207398,""anti_jump_policy"":""快速门控（阈值/形状）"",""calibration_depth_range_mm"":[0.2,0.8],""depth_extrapolated"":true,""relative_reference"":""first valid prediction since B0/no-contact"",""xy_semantics"":""continuous XY RBF refit on all 441 positions at 1 mm spacing"",""fit_model"":""441点1 mm连续XY/RBF＋跨深度连续Z＋接触/释放门控"",""fit_variant"":""dense441_1mm_continuous_development"",""evidence_tier"":""development_dense441_single_repeat_random_validation_pending"",""continuous_xy_method"":""kernel_rbf"",""working_range_model"":false,""working_range_mm"":null,""outside_declared_working_range"":false,""calibration_domain_mm"":{""x"":[-10.0,10.0],""y"":[-10.0,10.0],""depth"":[0.2,0.8]},""xy_outside_calibration_domain"":false,""excluded_calibration_samples"":0,""uncorrected_static_xyz_mm"":[0.15194875521005602,-0.11952762010611528,0.11639665543121624],""unaligned_xyz_mm"":[-1.1979825171478207,0.3323109435045639,0.11639665543121624],""xy_rotation_deg"":-4.580684956890044,""xy_translation_mm"":[1.3195654319610284,-0.5464514666381837],""xy_translation_source"":""five_point_reassembly"",""xy_translation_details"":{""preset"":""5×5｜441点1mm连续"",""calibration_points"":5,""calibration_strategy"":""rigid_rotation_translation_v1"",""calibration_rms_mm"":0.507358956567797,""check_rms_mm"":null},""dynamic_model_enabled"":false,""dynamic_history_ready"":false,""dynamic_gate"":0.0,""contact_score"":0.9970186484772354,""contact_score_threshold"":0.49492851692021117,""status"":""有效"",""preset"":""5×5｜441点1mm连续"",""needs_baseline"":false,""display.contact"":true,""display.contact_reason"":""拟合响应/相似度接触门控"",""display.contact_segment"":611,""display.contact_age_ms"":139.477,""display.contact_last_end_ns"":1240476446514800}"
S20260919_A,000133,152,1240476622836400,1240476731780600,NormalizedFit,1,1,True,unknown,False,False,0.0,0.3150063560563953,nan,nan,-0.28300805198017054,0.05890117109084947,0.12516428769598809,x,y,z,-0.28300805198017054,0.05890117109084947,0.12516428769598809,,,,,,,,2.0404878201180483,-0.22056782051049117,-0.0513637045921711,"{""x"":-0.28300805198017054,""y"":0.05890117109084947,""z"":0.12516428769598809,""dx"":null,""dy"":null,""mode5"":null,""Q"":null,""X"":null,""Y"":null,""Z"":null,""dX"":2.0404878201180483,""dY"":-0.22056782051049117,""dZ"":-0.0513637045921711}","{""amplitude_uT"":246.30022940458218,""contact_threshold_uT"":40.0,""contact_gate"":""shape-aware ridge classifier + amplitude floor"",""cosine_similarity"":0.9979407373636224,""anti_jump_policy"":""快速门控（阈值/形状）"",""calibration_depth_range_mm"":[0.2,0.8],""depth_extrapolated"":true,""relative_reference"":""first valid prediction since B0/no-contact"",""xy_semantics"":""continuous XY RBF refit on all 441 positions at 1 mm spacing"",""fit_model"":""441点1 mm连续XY/RBF＋跨深度连续Z＋接触/释放门控"",""fit_variant"":""dense441_1mm_continuous_development"",""evidence_tier"":""development_dense441_single_repeat_random_validation_pending"",""continuous_xy_method"":""kernel_rbf"",""working_range_model"":false,""working_range_mm"":null,""outside_declared_working_range"":false,""calibration_domain_mm"":{""x"":[-10.0,10.0],""y"":[-10.0,10.0],""depth"":[0.2,0.8]},""xy_outside_calibration_domain"":false,""excluded_calibration_samples"":0,""uncorrected_static_xyz_mm"":[-0.28300805198017054,0.05890117109084947,0.12516428769598809],""unaligned_xyz_mm"":[-1.6457998501666737,0.47543289813419953,0.12516428769598809],""xy_rotation_deg"":-4.580684956890044,""xy_translation_mm"":[1.3195654319610284,-0.5464514666381837],""xy_translation_source"":""five_point_reassembly"",""xy_translation_details"":{""preset"":""5×5｜441点1mm连续"",""calibration_points"":5,""calibration_strategy"":""rigid_rotation_translation_v1"",""calibration_rms_mm"":0.507358956567797,""check_rms_mm"":null},""dynamic_model_enabled"":false,""dynamic_history_ready"":false,""dynamic_gate"":0.0,""contact_score"":0.9971697973081975,""contact_score_threshold"":0.49492851692021117,""status"":""有效"",""preset"":""5×5｜441点1mm连续"",""needs_baseline"":false,""display.contact"":true,""display.contact_reason"":""拟合响应/相似度接触门控"",""display.contact_segment"":611,""display.contact_age_ms"":164.4315,""display.contact_last_end_ns"":1240476446514800}"
S20260919_A,000133,153,1240476648740600,1240476735165600,NormalizedFit,1,1,True,unknown,False,False,0.0,0.6767813172057209,nan,nan,-0.6469823976181897,0.11730359623848718,0.16027038029669505,x,y,z,-0.6469823976181897,0.11730359623848718,0.16027038029669505,,,,,,,,1.6765134744800292,-0.16216539536285346,-0.016257611991464138,"{""x"":-0.6469823976181897,""y"":0.11730359623848718,""z"":0.16027038029669505,""dx"":null,""dy"":null,""mode5"":null,""Q"":null,""X"":null,""Y"":null,""Z"":null,""dX"":1.6765134744800292,""dY"":-0.16216539536285346,""dZ"":-0.016257611991464138}","{""amplitude_uT"":244.28032436628996,""contact_threshold_uT"":40.0,""contact_gate"":""shape-aware ridge classifier + amplitude floor"",""cosine_similarity"":0.9964241452488429,""anti_jump_policy"":""快速门控（阈值/形状）"",""calibration_depth_range_mm"":[0.2,0.8],""depth_extrapolated"":true,""relative_reference"":""first valid prediction since B0/no-contact"",""xy_semantics"":""continuous XY RBF refit on all 441 positions at 1 mm spacing"",""fit_model"":""441点1 mm连续XY/RBF＋跨深度连续Z＋接触/释放门控"",""fit_variant"":""dense441_1mm_continuous_development"",""evidence_tier"":""development_dense441_single_repeat_random_validation_pending"",""continuous_xy_method"":""kernel_rbf"",""working_range_model"":false,""working_range_mm"":null,""outside_declared_working_range"":false,""calibration_domain_mm"":{""x"":[-10.0,10.0],""y"":[-10.0,10.0],""depth"":[0.2,0.8]},""xy_outside_calibration_domain"":false,""excluded_calibration_samples"":0,""uncorrected_static_xyz_mm"":[-0.6469823976181897,0.11730359623848718,0.16027038029669505],""unaligned_xyz_mm"":[-2.0132757966959605,0.5045807328420224,0.16027038029669505],""xy_rotation_deg"":-4.580684956890044,""xy_translation_mm"":[1.3195654319610284,-0.5464514666381837],""xy_translation_source"":""five_point_reassembly"",""xy_translation_details"":{""preset"":""5×5｜441点1mm连续"",""calibration_points"":5,""calibration_strategy"":""rigid_rotation_translation_v1"",""calibration_rms_mm"":0.507358956567797,""check_rms_mm"":null},""dynamic_model_enabled"":false,""dynamic_history_ready"":false,""dynamic_gate"":0.0,""contact_score"":0.9972308597269656,""contact_score_threshold"":0.49492851692021117,""status"":""有效"",""preset"":""5×5｜441点1mm连续"",""needs_baseline"":false,""display.contact"":true,""display.contact_reason"":""拟合响应/相似度接触门控"",""display.contact_segment"":611,""display.contact_age_ms"":190.3357,""display.contact_last_end_ns"":1240476446514800}"
S20260919_A,000133,154,1240476658692800,1240476737751500,NormalizedFit,1,1,True,unknown,False,False,0.0,0.4369762679847657,nan,nan,-0.37461299931438297,0.15536068358079647,0.16271575683959905,x,y,z,-0.37461299931438297,0.15536068358079647,0.16271575683959905,,,,,,,,1.9488828727838359,-0.12410830802054418,-0.01381223544856014,"{""x"":-0.37461299931438297,""y"":0.15536068358079647,""z"":0.16271575683959905,""dx"":null,""dy"":null,""mode5"":null,""Q"":null,""X"":null,""Y"":null,""Z"":null,""dX"":1.9488828727838359,""dY"":-0.12410830802054418,""dZ"":-0.01381223544856014}","{""amplitude_uT"":245.53281047652231,""contact_threshold_uT"":40.0,""contact_gate"":""shape-aware ridge classifier + amplitude floor"",""cosine_similarity"":0.9946524174759692,""anti_jump_policy"":""快速门控（阈值/形状）"",""calibration_depth_range_mm"":[0.2,0.8],""depth_extrapolated"":true,""relative_reference"":""first valid prediction since B0/no-contact"",""xy_semantics"":""continuous XY RBF refit on all 441 positions at 1 mm spacing"",""fit_model"":""441点1 mm连续XY/RBF＋跨深度连续Z＋接触/释放门控"",""fit_variant"":""dense441_1mm_continuous_development"",""evidence_tier"":""development_dense441_single_repeat_random_validation_pending"",""continuous_xy_method"":""kernel_rbf"",""working_range_model"":false,""working_range_mm"":null,""outside_declared_working_range"":false,""calibration_domain_mm"":{""x"":[-10.0,10.0],""y"":[-10.0,10.0],""depth"":[0.2,0.8]},""xy_outside_calibration_domain"":false,""excluded_calibration_samples"":0,""uncorrected_static_xyz_mm"":[-0.37461299931438297,0.15536068358079647,0.16271575683959905],""unaligned_xyz_mm"":[-1.7448157341445598,0.5642684689714486,0.16271575683959905],""xy_rotation_deg"":-4.580684956890044,""xy_translation_mm"":[1.3195654319610284,-0.5464514666381837],""xy_translation_source"":""five_point_reassembly"",""xy_translation_details"":{""preset"":""5×5｜441点1mm连续"",""calibration_points"":5,""calibration_strategy"":""rigid_rotation_translation_v1"",""calibration_rms_mm"":0.507358956567797,""check_rms_mm"":null},""dynamic_model_enabled"":false,""dynamic_history_ready"":false,""dynamic_gate"":0.0,""contact_score"":0.9971667992061328,""contact_score_threshold"":0.49492851692021117,""status"":""有效"",""preset"":""5×5｜441点1mm连续"",""needs_baseline"":false,""display.contact"":true,""display.contact_reason"":""拟合响应/相似度接触门控"",""display.contact_segment"":611,""display.contact_age_ms"":200.2879,""display.contact_last_end_ns"":1240476446514800}"
S20260919_A,000133,155,1240476684592900,1240476740450200,NormalizedFit,1,1,True,unknown,False,False,0.0,0.22930555961025434,nan,nan,0.15190571447271095,0.08307704460762733,0.1503459285713099,x,y,z,0.15190571447271095,0.08307704460762733,0.1503459285713099,,,,,,,,2.47540158657093,-0.19639194699371332,-0.02618206371684928,"{""x"":0.15190571447271095,""y"":0.08307704460762733,""z"":0.1503459285713099,""dx"":null,""dy"":null,""mode5"":null,""Q"":null,""X"":null,""Y"":null,""Z"":null,""dX"":2.47540158657093,""dY"":-0.19639194699371332,""dZ"":-0.02618206371684928}","{""amplitude_uT"":252.35925972064112,""contact_threshold_uT"":40.0,""contact_gate"":""shape-aware ridge classifier + amplitude floor"",""cosine_similarity"":0.9959704669530047,""anti_jump_policy"":""快速门控（阈值/形状）"",""calibration_depth_range_mm"":[0.2,0.8],""depth_extrapolated"":true,""relative_reference"":""first valid prediction since B0/no-contact"",""xy_semantics"":""continuous XY RBF refit on all 441 positions at 1 mm spacing"",""fit_model"":""441点1 mm连续XY/RBF＋跨深度连续Z＋接触/释放门控"",""fit_variant"":""dense441_1mm_continuous_development"",""evidence_tier"":""development_dense441_single_repeat_random_validation_pending"",""continuous_xy_method"":""kernel_rbf"",""working_range_model"":false,""working_range_mm"":null,""outside_declared_working_range"":false,""calibration_domain_mm"":{""x"":[-10.0,10.0],""y"":[-10.0,10.0],""depth"":[0.2,0.8]},""xy_outside_calibration_domain"":false,""excluded_calibration_samples"":0,""uncorrected_static_xyz_mm"":[0.15190571447271095,0.08307704460762733,0.1503459285713099],""unaligned_xyz_mm"":[-1.2142060153816274,0.5342650227437087,0.1503459285713099],""xy_rotation_deg"":-4.580684956890044,""xy_translation_mm"":[1.3195654319610284,-0.5464514666381837],""xy_translation_source"":""five_point_reassembly"",""xy_translation_details"":{""preset"":""5×5｜441点1mm连续"",""calibration_points"":5,""calibration_strategy"":""rigid_rotation_translation_v1"",""calibration_rms_mm"":0.507358956567797,""check_rms_mm"":null},""dynamic_model_enabled"":false,""dynamic_history_ready"":false,""dynamic_gate"":0.0,""contact_score"":0.9968340483040219,""contact_score_threshold"":0.49492851692021117,""status"":""有效"",""preset"":""5×5｜441点1mm连续"",""needs_baseline"":false,""display.contact"":true,""display.contact_reason"":""拟合响应/相似度接触门控"",""display.contact_segment"":611,""display.contact_age_ms"":226.188,""display.contact_last_end_ns"":1240476446514800}"
S20260919_A,000133,156,1240476709654400,1240476743396400,NormalizedFit,1,1,True,unknown,False,False,0.0,1.0741093099661065,nan,nan,-0.26812742519995725,1.030330360839192,0.14225976642918814,x,y,z,-0.26812742519995725,1.030330360839192,0.14225976642918814,,,,,,,,2.0553684468982616,0.7508613692378514,-0.034268225858971046,"{""x"":-0.26812742519995725,""y"":1.030330360839192,""z"":0.14225976642918814,""dx"":null,""dy"":null,""mode5"":null,""Q"":null,""X"":null,""Y"":null,""Z"":null,""dX"":2.0553684468982616,""dY"":0.7508613692378514,""dZ"":-0.034268225858971046}","{""amplitude_uT"":255.9077470681572,""contact_threshold_uT"":40.0,""contact_gate"":""shape-aware ridge classifier + amplitude floor"",""cosine_similarity"":0.9941004411956907,""anti_jump_policy"":""快速门控（阈值/形状）"",""calibration_depth_range_mm"":[0.2,0.8],""depth_extrapolated"":true,""relative_reference"":""first valid prediction since B0/no-contact"",""xy_semantics"":""continuous XY RBF refit on all 441 positions at 1 mm spacing"",""fit_model"":""441点1 mm连续XY/RBF＋跨深度连续Z＋接触/释放门控"",""fit_variant"":""dense441_1mm_continuous_development"",""evidence_tier"":""development_dense441_single_repeat_random_validation_pending"",""continuous_xy_method"":""kernel_rbf"",""working_range_model"":false,""working_range_mm"":null,""outside_declared_working_range"":false,""calibration_domain_mm"":{""x"":[-10.0,10.0],""y"":[-10.0,10.0],""depth"":[0.2,0.8]},""xy_outside_calibration_domain"":false,""excluded_calibration_samples"":0,""uncorrected_static_xyz_mm"":[-0.26812742519995725,1.030330360839192,0.14225976642918814],""unaligned_xyz_mm"":[-1.7085479011749807,1.4449476148059746,0.14225976642918814],""xy_rotation_deg"":-4.580684956890044,""xy_translation_mm"":[1.3195654319610284,-0.5464514666381837],""xy_translation_source"":""five_point_reassembly"",""xy_translation_details"":{""preset"":""5×5｜441点1mm连续"",""calibration_points"":5,""calibration_strategy"":""rigid_rotation_translation_v1"",""calibration_rms_mm"":0.507358956567797,""check_rms_mm"":null},""dynamic_model_enabled"":false,""dynamic_history_ready"":false,""dynamic_gate"":0.0,""contact_score"":0.9975296288714985,""contact_score_threshold"":0.49492851692021117,""status"":""有效"",""preset"":""5×5｜441点1mm连续"",""needs_baseline"":false,""display.contact"":true,""display.contact_reason"":""拟合响应/相似度接触门控"",""display.contact_segment"":611,""display.contact_age_ms"":251.2495,""display.contact_last_end_ns"":1240476446514800}"
S20260919_A,000133,157,1240476721515000,1240476746023000,NormalizedFit,1,1,True,unknown,False,False,0.0,0.9501313422052399,nan,nan,-0.2921473341639629,0.8927271062316287,0.14296089108886634,x,y,z,-0.2921473341639629,0.8927271062316287,0.14296089108886634,,,,,,,,2.0313485379342557,0.613258114630288,-0.03356710119929285,"{""x"":-0.2921473341639629,""y"":0.8927271062316287,""z"":0.14296089108886634,""dx"":null,""dy"":null,""mode5"":null,""Q"":null,""X"":null,""Y"":null,""Z"":null,""dX"":2.0313485379342557,""dY"":0.613258114630288,""dZ"":-0.03356710119929285}","{""amplitude_uT"":253.33740019142454,""contact_threshold_uT"":40.0,""contact_gate"":""shape-aware ridge classifier + amplitude floor"",""cosine_similarity"":0.9958642033516342,""anti_jump_policy"":""快速门控（阈值/形状）"",""calibration_depth_range_mm"":[0.2,0.8],""depth_extrapolated"":true,""relative_reference"":""first valid prediction since B0/no-contact"",""xy_semantics"":""continuous XY RBF refit on all 441 positions at 1 mm spacing"",""fit_model"":""441点1 mm连续XY/RBF＋跨深度连续Z＋接触/释放门控"",""fit_variant"":""dense441_1mm_continuous_development"",""evidence_tier"":""development_dense441_single_repeat_random_validation_pending"",""continuous_xy_method"":""kernel_rbf"",""working_range_model"":false,""working_range_mm"":null,""outside_declared_working_range"":false,""calibration_domain_mm"":{""x"":[-10.0,10.0],""y"":[-10.0,10.0],""depth"":[0.2,0.8]},""xy_outside_calibration_domain"":false,""excluded_calibration_samples"":0,""uncorrected_static_xyz_mm"":[-0.2921473341639629,0.8927271062316287,0.14296089108886634],""unaligned_xyz_mm"":[-1.7215016929199027,1.3058655851088847,0.14296089108886634],""xy_rotation_deg"":-4.580684956890044,""xy_translation_mm"":[1.3195654319610284,-0.5464514666381837],""xy_translation_source"":""five_point_reassembly"",""xy_translation_details"":{""preset"":""5×5｜441点1mm连续"",""calibration_points"":5,""calibration_strategy"":""rigid_rotation_translation_v1"",""calibration_rms_mm"":0.507358956567797,""check_rms_mm"":null},""dynamic_model_enabled"":false,""dynamic_history_ready"":false,""dynamic_gate"":0.0,""contact_score"":0.9976050513961903,""contact_score_threshold"":0.49492851692021117,""status"":""有效"",""preset"":""5×5｜441点1mm连续"",""needs_baseline"":false,""display.contact"":true,""display.contact_reason"":""拟合响应/相似度接触门控"",""display.contact_segment"":611,""display.contact_age_ms"":263.1101,""display.contact_last_end_ns"":1240476446514800}"
S20260919_A,000133,158,1240476748413500,1240476804325600,NormalizedFit,1,1,True,unknown,False,False,0.0,0.7408352543059412,nan,nan,0.0519360156156532,0.7245103895950233,0.14568534474471628,x,y,z,0.0519360156156532,0.7245103895950233,0.14568534474471628,,,,,,,,2.375431887713872,0.4450413979936827,-0.030842647543442903,"{""x"":0.0519360156156532,""y"":0.7245103895950233,""z"":0.14568534474471628,""dx"":null,""dy"":null,""mode5"":null,""Q"":null,""X"":null,""Y"":null,""Z"":null,""dX"":2.375431887713872,""dY"":0.4450413979936827,""dZ"":-0.030842647543442903}","{""amplitude_uT"":250.68913019016188,""contact_threshold_uT"":40.0,""contact_gate"":""shape-aware ridge classifier + amplitude floor"",""cosine_similarity"":0.995700379967073,""anti_jump_policy"":""快速门控（阈值/形状）"",""calibration_depth_range_mm"":[0.2,0.8],""depth_extrapolated"":true,""relative_reference"":""first valid prediction since B0/no-contact"",""xy_semantics"":""continuous XY RBF refit on all 441 positions at 1 mm spacing"",""fit_model"":""441点1 mm连续XY/RBF＋跨深度连续Z＋接触/释放门控"",""fit_variant"":""dense441_1mm_continuous_development"",""evidence_tier"":""development_dense441_single_repeat_random_validation_pending"",""continuous_xy_method"":""kernel_rbf"",""working_range_model"":false,""working_range_mm"":null,""outside_declared_working_range"":false,""calibration_domain_mm"":{""x"":[-10.0,10.0],""y"":[-10.0,10.0],""depth"":[0.2,0.8]},""xy_outside_calibration_domain"":false,""excluded_calibration_samples"":0,""uncorrected_static_xyz_mm"":[0.0519360156156532,0.7245103895950233,0.14568534474471628],""unaligned_xyz_mm"":[-1.3650831203970504,1.1656656688737677,0.14568534474471628],""xy_rotation_deg"":-4.580684956890044,""xy_translation_mm"":[1.3195654319610284,-0.5464514666381837],""xy_translation_source"":""five_point_reassembly"",""xy_translation_details"":{""preset"":""5×5｜441点1mm连续"",""calibration_points"":5,""calibration_strategy"":""rigid_rotation_translation_v1"",""calibration_rms_mm"":0.507358956567797,""check_rms_mm"":null},""dynamic_model_enabled"":false,""dynamic_history_ready"":false,""dynamic_gate"":0.0,""contact_score"":0.9972681310371748,""contact_score_threshold"":0.49492851692021117,""status"":""有效"",""preset"":""5×5｜441点1mm连续"",""needs_baseline"":false,""display.contact"":true,""display.contact_reason"":""拟合响应/相似度接触门控"",""display.contact_segment"":611,""display.contact_age_ms"":290.0086,""display.contact_last_end_ns"":1240476446514800}"
S20260919_A,000133,159,1240476775306500,1240476807532100,NormalizedFit,1,1,True,unknown,False,False,0.0,0.3778616540100679,nan,nan,-0.25328981665173034,0.24900445135689164,0.12892044661810032,x,y,z,-0.25328981665173034,0.24900445135689164,0.12892044661810032,,,,,,,,2.0702060554464885,-0.030464540244449,-0.04760754567005887,"{""x"":-0.25328981665173034,""y"":0.24900445135689164,""z"":0.12892044661810032,""dx"":null,""dy"":null,""mode5"":null,""Q"":null,""X"":null,""Y"":null,""Z"":null,""dX"":2.0702060554464885,""dY"":-0.030464540244449,""dZ"":-0.04760754567005887}","{""amplitude_uT"":247.4313818829371,""contact_threshold_uT"":40.0,""contact_gate"":""shape-aware ridge classifier + amplitude floor"",""cosine_similarity"":0.9961994892648094,""anti_jump_policy"":""快速门控（阈值/形状）"",""calibration_depth_range_mm"":[0.2,0.8],""depth_extrapolated"":true,""relative_reference"":""first valid prediction since B0/no-contact"",""xy_semantics"":""continuous XY RBF refit on all 441 positions at 1 mm spacing"",""fit_model"":""441点1 mm连续XY/RBF＋跨深度连续Z＋接触/释放门控"",""fit_variant"":""dense441_1mm_continuous_development"",""evidence_tier"":""development_dense441_single_repeat_random_validation_pending"",""continuous_xy_method"":""kernel_rbf"",""working_range_model"":false,""working_range_mm"":null,""outside_declared_working_range"":false,""calibration_domain_mm"":{""x"":[-10.0,10.0],""y"":[-10.0,10.0],""depth"":[0.2,0.8]},""xy_outside_calibration_domain"":false,""excluded_calibration_samples"":0,""uncorrected_static_xyz_mm"":[-0.25328981665173034,0.24900445135689164,0.12892044661810032],""unaligned_xyz_mm"":[-1.6313587373356104,0.6673023457780243,0.12892044661810032],""xy_rotation_deg"":-4.580684956890044,""xy_translation_mm"":[1.3195654319610284,-0.5464514666381837],""xy_translation_source"":""five_point_reassembly"",""xy_translation_details"":{""preset"":""5×5｜441点1mm连续"",""calibration_points"":5,""calibration_strategy"":""rigid_rotation_translation_v1"",""calibration_rms_mm"":0.507358956567797,""check_rms_mm"":null},""dynamic_model_enabled"":false,""dynamic_history_ready"":false,""dynamic_gate"":0.0,""contact_score"":0.9970446873917493,""contact_score_threshold"":0.49492851692021117,""status"":""有效"",""preset"":""5×5｜441点1mm连续"",""needs_baseline"":false,""display.contact"":true,""display.contact_reason"":""拟合响应/相似度接触门控"",""display.contact_segment"":611,""display.contact_age_ms"":316.9016,""display.contact_last_end_ns"":1240476446514800}"
S20260919_A,000133,160,1240476802250700,1240476810919200,NormalizedFit,1,1,True,unknown,False,False,0.0,0.48595996710136835,nan,nan,-0.4601199947779213,-0.10241716935916367,0.11814145526099218,x,y,z,-0.4601199947779213,-0.10241716935916367,0.11814145526099218,,,,,,,,1.8633758773202975,-0.3818861609605043,-0.05838653702716701,"{""x"":-0.4601199947779213,""y"":-0.10241716935916367,""z"":0.11814145526099218,""dx"":null,""dy"":null,""mode5"":null,""Q"":null,""X"":null,""Y"":null,""Z"":null,""dX"":1.8633758773202975,""dY"":-0.3818861609605043,""dZ"":-0.05838653702716701}","{""amplitude_uT"":244.64625438068722,""contact_threshold_uT"":40.0,""contact_gate"":""shape-aware ridge classifier + amplitude floor"",""cosine_similarity"":0.9952834283191119,""anti_jump_policy"":""快速门控（阈值/形状）"",""calibration_depth_range_mm"":[0.2,0.8],""depth_extrapolated"":true,""relative_reference"":""first valid prediction since B0/no-contact"",""xy_semantics"":""continuous XY RBF refit on all 441 positions at 1 mm spacing"",""fit_model"":""441点1 mm连续XY/RBF＋跨深度连续Z＋接触/释放门控"",""fit_variant"":""dense441_1mm_continuous_development"",""evidence_tier"":""development_dense441_single_repeat_random_validation_pending"",""continuous_xy_method"":""kernel_rbf"",""working_range_model"":false,""working_range_mm"":null,""outside_declared_working_range"":false,""calibration_domain_mm"":{""x"":[-10.0,10.0],""y"":[-10.0,10.0],""depth"":[0.2,0.8]},""xy_outside_calibration_domain"":false,""excluded_calibration_samples"":0,""uncorrected_static_xyz_mm"":[-0.4601199947779213,-0.10241716935916367,0.11814145526099218],""unaligned_xyz_mm"":[-1.8094627226140751,0.30048515899646233,0.11814145526099218],""xy_rotation_deg"":-4.580684956890044,""xy_translation_mm"":[1.3195654319610284,-0.5464514666381837],""xy_translation_source"":""five_point_reassembly"",""xy_translation_details"":{""preset"":""5×5｜441点1mm连续"",""calibration_points"":5,""calibration_strategy"":""rigid_rotation_translation_v1"",""calibration_rms_mm"":0.507358956567797,""check_rms_mm"":null},""dynamic_model_enabled"":false,""dynamic_history_ready"":false,""dynamic_gate"":0.0,""contact_score"":0.9973246515557919,""contact_score_threshold"":0.49492851692021117,""status"":""有效"",""preset"":""5×5｜441点1mm连续"",""needs_baseline"":false,""display.contact"":true,""display.contact_reason"":""拟合响应/相似度接触门控"",""display.contact_segment"":611,""display.contact_age_ms"":343.8458,""display.contact_last_end_ns"":1240476446514800}"
S20260919_A,000133,161,1240476813177000,1240476860825600,NormalizedFit,1,1,True,unknown,False,False,0.0,0.6192792303982901,nan,nan,-0.5532532313508194,-0.2494476544333119,0.1232618955731829,x,y,z,-0.5532532313508194,-0.2494476544333119,0.1232618955731829,,,,,,,,1.7702426407473995,-0.5289166460346526,-0.053266096714976285,"{""x"":-0.5532532313508194,""y"":-0.2494476544333119,""z"":0.1232618955731829,""dx"":null,""dy"":null,""mode5"":null,""Q"":null,""X"":null,""Y"":null,""Z"":null,""dX"":1.7702426407473995,""dY"":-0.5289166460346526,""dZ"":-0.053266096714976285}","{""amplitude_uT"":240.85890094721407,""contact_threshold_uT"":40.0,""contact_gate"":""shape-aware ridge classifier + amplitude floor"",""cosine_similarity"":0.9965386932144278,""anti_jump_policy"":""快速门控（阈值/形状）"",""calibration_depth_range_mm"":[0.2,0.8],""depth_extrapolated"":true,""relative_reference"":""first valid prediction since B0/no-contact"",""xy_semantics"":""continuous XY RBF refit on all 441 positions at 1 mm spacing"",""fit_model"":""441点1 mm连续XY/RBF＋跨深度连续Z＋接触/释放门控"",""fit_variant"":""dense441_1mm_continuous_development"",""evidence_tier"":""development_dense441_single_repeat_random_validation_pending"",""continuous_xy_method"":""kernel_rbf"",""working_range_model"":false,""working_range_mm"":null,""outside_declared_working_range"":false,""calibration_domain_mm"":{""x"":[-10.0,10.0],""y"":[-10.0,10.0],""depth"":[0.2,0.8]},""xy_outside_calibration_domain"":false,""excluded_calibration_samples"":0,""uncorrected_static_xyz_mm"":[-0.5532532313508194,-0.2494476544333119,0.1232618955731829],""unaligned_xyz_mm"":[-1.8905561982564052,0.14648642035250603,0.1232618955731829],""xy_rotation_deg"":-4.580684956890044,""xy_translation_mm"":[1.3195654319610284,-0.5464514666381837],""xy_translation_source"":""five_point_reassembly"",""xy_translation_details"":{""preset"":""5×5｜441点1mm连续"",""calibration_points"":5,""calibration_strategy"":""rigid_rotation_translation_v1"",""calibration_rms_mm"":0.507358956567797,""check_rms_mm"":null},""dynamic_model_enabled"":false,""dynamic_history_ready"":false,""dynamic_gate"":0.0,""contact_score"":0.9972726414406805,""contact_score_threshold"":0.49492851692021117,""status"":""有效"",""preset"":""5×5｜441点1mm连续"",""needs_baseline"":false,""display.contact"":true,""display.contact_reason"":""拟合响应/相似度接触门控"",""display.contact_segment"":611,""display.contact_age_ms"":354.7721,""display.contact_last_end_ns"":1240476446514800}"
S20260919_A,000133,162,1240476838296100,1240476864890500,NormalizedFit,1,1,True,unknown,False,False,0.0,0.5058434522350965,nan,nan,-0.40312373879239294,-0.2737033247392507,0.1358504303189475,x,y,z,-0.40312373879239294,-0.2737033247392507,0.1358504303189475,,,,,,,,1.920372133305826,-0.5531723163405913,-0.040677561969211684,"{""x"":-0.40312373879239294,""y"":-0.2737033247392507,""z"":0.1358504303189475,""dx"":null,""dy"":null,""mode5"":null,""Q"":null,""X"":null,""Y"":null,""Z"":null,""dX"":1.920372133305826,""dY"":-0.5531723163405913,""dZ"":-0.040677561969211684}","{""amplitude_uT"":243.24063935021206,""contact_threshold_uT"":40.0,""contact_gate"":""shape-aware ridge classifier + amplitude floor"",""cosine_similarity"":0.9970244843173008,""anti_jump_policy"":""快速门控（阈值/形状）"",""calibration_depth_range_mm"":[0.2,0.8],""depth_extrapolated"":true,""relative_reference"":""first valid prediction since B0/no-contact"",""xy_semantics"":""continuous XY RBF refit on all 441 positions at 1 mm spacing"",""fit_model"":""441点1 mm连续XY/RBF＋跨深度连续Z＋接触/释放门控"",""fit_variant"":""dense441_1mm_continuous_development"",""evidence_tier"":""development_dense441_single_repeat_random_validation_pending"",""continuous_xy_method"":""kernel_rbf"",""working_range_model"":false,""working_range_mm"":null,""outside_declared_working_range"":false,""calibration_domain_mm"":{""x"":[-10.0,10.0],""y"":[-10.0,10.0],""depth"":[0.2,0.8]},""xy_outside_calibration_domain"":false,""excluded_calibration_samples"":0,""uncorrected_static_xyz_mm"":[-0.40312373879239294,-0.2737033247392507,0.1358504303189475],""unaligned_xyz_mm"":[-1.7389691126109552,0.1342980019415707,0.1358504303189475],""xy_rotation_deg"":-4.580684956890044,""xy_translation_mm"":[1.3195654319610284,-0.5464514666381837],""xy_translation_source"":""five_point_reassembly"",""xy_translation_details"":{""preset"":""5×5｜441点1mm连续"",""calibration_points"":5,""calibration_strategy"":""rigid_rotation_translation_v1"",""calibration_rms_mm"":0.507358956567797,""check_rms_mm"":null},""dynamic_model_enabled"":false,""dynamic_history_ready"":false,""dynamic_gate"":0.0,""contact_score"":0.9970008970453295,""contact_score_threshold"":0.49492851692021117,""status"":""有效"",""preset"":""5×5｜441点1mm连续"",""needs_baseline"":false,""display.contact"":true,""display.contact_reason"":""拟合响应/相似度接触门控"",""display.contact_segment"":611,""display.contact_age_ms"":379.8912,""display.contact_last_end_ns"":1240476446514800}"
S20260919_A,000133,163,1240476865048600,1240476915917600,NormalizedFit,1,1,True,unknown,False,False,0.0,1.1788562697746034,nan,nan,-1.1042707642653309,-0.38385987268430977,0.15145884628683814,x,y,z,-1.1042707642653309,-0.38385987268430977,0.15145884628683814,,,,,,,,1.219225107832888,-0.6633288642856504,-0.02506914600132104,"{""x"":-1.1042707642653309,""y"":-0.38385987268430977,""z"":0.15145884628683814,""dx"":null,""dy"":null,""mode5"":null,""Q"":null,""X"":null,""Y"":null,""Z"":null,""dX"":1.219225107832888,""dY"":-0.6633288642856504,""dZ"":-0.02506914600132104}","{""amplitude_uT"":243.11225244421541,""contact_threshold_uT"":40.0,""contact_gate"":""shape-aware ridge classifier + amplitude floor"",""cosine_similarity"":0.995753283393313,""anti_jump_policy"":""快速门控（阈值/形状）"",""calibration_depth_range_mm"":[0.2,0.8],""depth_extrapolated"":true,""relative_reference"":""first valid prediction since B0/no-contact"",""xy_semantics"":""continuous XY RBF refit on all 441 positions at 1 mm spacing"",""fit_model"":""441点1 mm连续XY/RBF＋跨深度连续Z＋接触/释放门控"",""fit_variant"":""dense441_1mm_continuous_development"",""evidence_tier"":""development_dense441_single_repeat_random_validation_pending"",""continuous_xy_method"":""kernel_rbf"",""working_range_model"":false,""working_range_mm"":null,""outside_declared_working_range"":false,""calibration_domain_mm"":{""x"":[-10.0,10.0],""y"":[-10.0,10.0],""depth"":[0.2,0.8]},""xy_outside_calibration_domain"":false,""excluded_calibration_samples"":0,""uncorrected_static_xyz_mm"":[-1.1042707642653309,-0.38385987268430977,0.15145884628683814],""unaligned_xyz_mm"":[-2.4290791539830843,-0.03150232128513242,0.15145884628683814],""xy_rotation_deg"":-4.580684956890044,""xy_translation_mm"":[1.3195654319610284,-0.5464514666381837],""xy_translation_source"":""five_point_reassembly"",""xy_translation_details"":{""preset"":""5×5｜441点1mm连续"",""calibration_points"":5,""calibration_strategy"":""rigid_rotation_translation_v1"",""calibration_rms_mm"":0.507358956567797,""check_rms_mm"":null},""dynamic_model_enabled"":false,""dynamic_history_ready"":false,""dynamic_gate"":0.0,""contact_score"":0.9973119277228268,""contact_score_threshold"":0.49492851692021117,""status"":""有效"",""preset"":""5×5｜441点1mm连续"",""needs_baseline"":false,""display.contact"":true,""display.contact_reason"":""拟合响应/相似度接触门控"",""display.contact_segment"":611,""display.contact_age_ms"":406.6437,""display.contact_last_end_ns"":1240476446514800}"
S20260919_A,000133,164,1240476876999600,1240476918925600,NormalizedFit,1,1,True,unknown,False,False,0.0,1.036083344390441,nan,nan,0.20837395929392644,1.0079444532804327,0.11873065616201972,x,y,z,0.20837395929392644,1.0079444532804327,0.11873065616201972,,,,,,,,2.5318698313921453,0.728475461679092,-0.057797336126139465,"{""x"":0.20837395929392644,""y"":1.0079444532804327,""z"":0.11873065616201972,""dx"":null,""dy"":null,""mode5"":null,""Q"":null,""X"":null,""Y"":null,""Z"":null,""dX"":2.5318698313921453,""dY"":0.728475461679092,""dZ"":-0.057797336126139465}","{""amplitude_uT"":243.41196464943945,""contact_threshold_uT"":40.0,""contact_gate"":""shape-aware ridge classifier + amplitude floor"",""cosine_similarity"":0.996067124645902,""anti_jump_policy"":""快速门控（阈值/形状）"",""calibration_depth_range_mm"":[0.2,0.8],""depth_extrapolated"":true,""relative_reference"":""first valid prediction since B0/no-contact"",""xy_semantics"":""continuous XY RBF refit on all 441 positions at 1 mm spacing"",""fit_model"":""441点1 mm连续XY/RBF＋跨深度连续Z＋接触/释放门控"",""fit_variant"":""dense441_1mm_continuous_development"",""evidence_tier"":""development_dense441_single_repeat_random_validation_pending"",""continuous_xy_method"":""kernel_rbf"",""working_range_model"":false,""working_range_mm"":null,""outside_declared_working_range"":false,""calibration_domain_mm"":{""x"":[-10.0,10.0],""y"":[-10.0,10.0],""depth"":[0.2,0.8]},""xy_outside_calibration_domain"":false,""excluded_calibration_samples"":0,""uncorrected_static_xyz_mm"":[0.20837395929392644,1.0079444532804327,0.11873065616201972],""unaligned_xyz_mm"":[-1.2317807265038017,1.46068799084592,0.11873065616201972],""xy_rotation_deg"":-4.580684956890044,""xy_translation_mm"":[1.3195654319610284,-0.5464514666381837],""xy_translation_source"":""five_point_reassembly"",""xy_translation_details"":{""preset"":""5×5｜441点1mm连续"",""calibration_points"":5,""calibration_strategy"":""rigid_rotation_translation_v1"",""calibration_rms_mm"":0.507358956567797,""check_rms_mm"":null},""dynamic_model_enabled"":false,""dynamic_history_ready"":false,""dynamic_gate"":0.0,""contact_score"":0.9969835228094088,""contact_score_threshold"":0.49492851692021117,""status"":""有效"",""preset"":""5×5｜441点1mm连续"",""needs_baseline"":false,""display.contact"":true,""display.contact_reason"":""拟合响应/相似度接触门控"",""display.contact_segment"":611,""display.contact_age_ms"":418.5947,""display.contact_last_end_ns"":1240476446514800}"
S20260919_A,000133,165,1240476903006400,1240476922366100,NormalizedFit,1,1,True,unknown,False,False,0.0,0.6859447151394094,nan,nan,0.039428712957887635,0.6702870392509308,0.14028832394177015,x,y,z,0.039428712957887635,0.6702870392509308,0.14028832394177015,,,,,,,,2.3629245850561063,0.39081804764959016,-0.03623966834638903,"{""x"":0.039428712957887635,""y"":0.6702870392509308,""z"":0.14028832394177015,""dx"":null,""dy"":null,""mode5"":null,""Q"":null,""X"":null,""Y"":null,""Z"":null,""dX"":2.3629245850561063,""dY"":0.39081804764959016,""dZ"":-0.03623966834638903}","{""amplitude_uT"":249.31876948697612,""contact_threshold_uT"":40.0,""contact_gate"":""shape-aware ridge classifier + amplitude floor"",""cosine_similarity"":0.9962175036739324,""anti_jump_policy"":""快速门控（阈值/形状）"",""calibration_depth_range_mm"":[0.2,0.8],""depth_extrapolated"":true,""relative_reference"":""first valid prediction since B0/no-contact"",""xy_semantics"":""continuous XY RBF refit on all 441 positions at 1 mm spacing"",""fit_model"":""441点1 mm连续XY/RBF＋跨深度连续Z＋接触/释放门控"",""fit_variant"":""dense441_1mm_continuous_development"",""evidence_tier"":""development_dense441_single_repeat_random_validation_pending"",""continuous_xy_method"":""kernel_rbf"",""working_range_model"":false,""working_range_mm"":null,""outside_declared_working_range"":false,""calibration_domain_mm"":{""x"":[-10.0,10.0],""y"":[-10.0,10.0],""depth"":[0.2,0.8]},""xy_outside_calibration_domain"":false,""excluded_calibration_samples"":0,""uncorrected_static_xyz_mm"":[0.039428712957887635,0.6702870392509308,0.14028832394177015],""unaligned_xyz_mm"":[-1.373220039240108,1.1106166462298308,0.14028832394177015],""xy_rotation_deg"":-4.580684956890044,""xy_translation_mm"":[1.3195654319610284,-0.5464514666381837],""xy_translation_source"":""five_point_reassembly"",""xy_translation_details"":{""preset"":""5×5｜441点1mm连续"",""calibration_points"":5,""calibration_strategy"":""rigid_rotation_translation_v1"",""calibration_rms_mm"":0.507358956567797,""check_rms_mm"":null},""dynamic_model_enabled"":false,""dynamic_history_ready"":false,""dynamic_gate"":0.0,""contact_score"":0.9972682209065559,""contact_score_threshold"":0.49492851692021117,""status"":""有效"",""preset"":""5×5｜441点1mm连续"",""needs_baseline"":false,""display.contact"":true,""display.contact_reason"":""拟合响应/相似度接触门控"",""display.contact_segment"":611,""display.contact_age_ms"":444.6015,""display.contact_last_end_ns"":1240476446514800}"
S20260919_A,000133,166,1240476929838500,1240476978417600,NormalizedFit,1,1,True,unknown,False,False,0.0,0.6545625557300021,nan,nan,0.32044572990919185,0.5546801436826969,0.13452364755276347,x,y,z,0.32044572990919185,0.5546801436826969,0.13452364755276347,,,,,,,,2.643941602007411,0.27521115208135627,-0.042004344735395716,"{""x"":0.32044572990919185,""y"":0.5546801436826969,""z"":0.13452364755276347,""dx"":null,""dy"":null,""mode5"":null,""Q"":null,""X"":null,""Y"":null,""Z"":null,""dX"":2.643941602007411,""dY"":0.27521115208135627,""dZ"":-0.042004344735395716}","{""amplitude_uT"":247.6737659573576,""contact_threshold_uT"":40.0,""contact_gate"":""shape-aware ridge classifier + amplitude floor"",""cosine_similarity"":0.9963240670088228,""anti_jump_policy"":""快速门控（阈值/形状）"",""calibration_depth_range_mm"":[0.2,0.8],""depth_extrapolated"":true,""relative_reference"":""first valid prediction since B0/no-contact"",""xy_semantics"":""continuous XY RBF refit on all 441 positions at 1 mm spacing"",""fit_model"":""441点1 mm连续XY/RBF＋跨深度连续Z＋接触/释放门控"",""fit_variant"":""dense441_1mm_continuous_development"",""evidence_tier"":""development_dense441_single_repeat_random_validation_pending"",""continuous_xy_method"":""kernel_rbf"",""working_range_model"":false,""working_range_mm"":null,""outside_declared_working_range"":false,""calibration_domain_mm"":{""x"":[-10.0,10.0],""y"":[-10.0,10.0],""depth"":[0.2,0.8]},""xy_outside_calibration_domain"":false,""excluded_calibration_samples"":0,""uncorrected_static_xyz_mm"":[0.32044572990919185,0.5546801436826969,0.13452364755276347],""unaligned_xyz_mm"":[-1.0838679293008466,1.0178218479228578,0.13452364755276347],""xy_rotation_deg"":-4.580684956890044,""xy_translation_mm"":[1.3195654319610284,-0.5464514666381837],""xy_translation_source"":""five_point_reassembly"",""xy_translation_details"":{""preset"":""5×5｜441点1mm连续"",""calibration_points"":5,""calibration_strategy"":""rigid_rotation_translation_v1"",""calibration_rms_mm"":0.507358956567797,""check_rms_mm"":null},""dynamic_model_enabled"":false,""dynamic_history_ready"":false,""dynamic_gate"":0.0,""contact_score"":0.997085678371275,""contact_score_threshold"":0.49492851692021117,""status"":""有效"",""preset"":""5×5｜441点1mm连续"",""needs_baseline"":false,""display.contact"":true,""display.contact_reason"":""拟合响应/相似度接触门控"",""display.contact_segment"":611,""display.contact_age_ms"":471.4336,""display.contact_last_end_ns"":1240476446514800}"
S20260919_A,000133,167,1240476939803400,1240476982393800,NormalizedFit,1,1,True,unknown,False,False,0.0,0.4986116747655874,nan,nan,0.3374229241763169,0.34068291831576725,0.13672791090592884,x,y,z,0.3374229241763169,0.34068291831576725,0.13672791090592884,,,,,,,,2.6609187962745358,0.0612139267144266,-0.039800081382230346,"{""x"":0.3374229241763169,""y"":0.34068291831576725,""z"":0.13672791090592884,""dx"":null,""dy"":null,""mode5"":null,""Q"":null,""X"":null,""Y"":null,""Z"":null,""dX"":2.6609187962745358,""dY"":0.0612139267144266,""dZ"":-0.039800081382230346}","{""amplitude_uT"":252.84940024548186,""contact_threshold_uT"":40.0,""contact_gate"":""shape-aware ridge classifier + amplitude floor"",""cosine_similarity"":0.9963671602411368,""anti_jump_policy"":""快速门控（阈值/形状）"",""calibration_depth_range_mm"":[0.2,0.8],""depth_extrapolated"":true,""relative_reference"":""first valid prediction since B0/no-contact"",""xy_semantics"":""continuous XY RBF refit on all 441 positions at 1 mm spacing"",""fit_model"":""441点1 mm连续XY/RBF＋跨深度连续Z＋接触/释放门控"",""fit_variant"":""dense441_1mm_continuous_development"",""evidence_tier"":""development_dense441_single_repeat_random_validation_pending"",""continuous_xy_method"":""kernel_rbf"",""working_range_model"":false,""working_range_mm"":null,""outside_declared_working_range"":false,""calibration_domain_mm"":{""x"":[-10.0,10.0],""y"":[-10.0,10.0],""depth"":[0.2,0.8]},""xy_outside_calibration_domain"":false,""excluded_calibration_samples"":0,""uncorrected_static_xyz_mm"":[0.3374229241763169,0.34068291831576725,0.13672791090592884],""unaligned_xyz_mm"":[-1.049854524762102,0.8058640080074353,0.13672791090592884],""xy_rotation_deg"":-4.580684956890044,""xy_translation_mm"":[1.3195654319610284,-0.5464514666381837],""xy_translation_source"":""five_point_reassembly"",""xy_translation_details"":{""preset"":""5×5｜441点1mm连续"",""calibration_points"":5,""calibration_strategy"":""rigid_rotation_translation_v1"",""calibration_rms_mm"":0.507358956567797,""check_rms_mm"":null},""dynamic_model_enabled"":false,""dynamic_history_ready"":false,""dynamic_gate"":0.0,""contact_score"":0.9974375799631742,""contact_score_threshold"":0.49492851692021117,""status"":""有效"",""preset"":""5×5｜441点1mm连续"",""needs_baseline"":false,""display.contact"":true,""display.contact_reason"":""拟合响应/相似度接触门控"",""display.contact_segment"":611,""display.contact_age_ms"":481.3985,""display.contact_last_end_ns"":1240476446514800}"
S20260919_A,000133,168,1240476966694100,1240476986307200,NormalizedFit,1,1,True,unknown,False,False,0.0,0.7228120381167219,nan,nan,0.7114460100207294,0.03460429026793432,0.12289979807585605,x,y,z,0.7114460100207294,0.03460429026793432,0.12289979807585605,,,,,,,,3.0349418821189484,-0.24486470133340632,-0.05362819421230314,"{""x"":0.7114460100207294,""y"":0.03460429026793432,""z"":0.12289979807585605,""dx"":null,""dy"":null,""mode5"":null,""Q"":null,""X"":null,""Y"":null,""Z"":null,""dX"":3.0349418821189484,""dY"":-0.24486470133340632,""dZ"":-0.05362819421230314}","{""amplitude_uT"":253.6808990809121,""contact_threshold_uT"":40.0,""contact_gate"":""shape-aware ridge classifier + amplitude floor"",""cosine_similarity"":0.9972223080351024,""anti_jump_policy"":""快速门控（阈值/形状）"",""calibration_depth_range_mm"":[0.2,0.8],""depth_extrapolated"":true,""relative_reference"":""first valid prediction since B0/no-contact"",""xy_semantics"":""continuous XY RBF refit on all 441 positions at 1 mm spacing"",""fit_model"":""441点1 mm连续XY/RBF＋跨深度连续Z＋接触/释放门控"",""fit_variant"":""dense441_1mm_continuous_development"",""evidence_tier"":""development_dense441_single_repeat_random_validation_pending"",""continuous_xy_method"":""kernel_rbf"",""working_range_model"":false,""working_range_mm"":null,""outside_declared_working_range"":false,""calibration_domain_mm"":{""x"":[-10.0,10.0],""y"":[-10.0,10.0],""depth"":[0.2,0.8]},""xy_outside_calibration_domain"":false,""excluded_calibration_samples"":0,""uncorrected_static_xyz_mm"":[0.7114460100207294,0.03460429026793432,0.12289979807585605],""unaligned_xyz_mm"":[-0.6525817966555469,0.5306336048994291,0.12289979807585605],""xy_rotation_deg"":-4.580684956890044,""xy_translation_mm"":[1.3195654319610284,-0.5464514666381837],""xy_translation_source"":""five_point_reassembly"",""xy_translation_details"":{""preset"":""5×5｜441点1mm连续"",""calibration_points"":5,""calibration_strategy"":""rigid_rotation_translation_v1"",""calibration_rms_mm"":0.507358956567797,""check_rms_mm"":null},""dynamic_model_enabled"":false,""dynamic_history_ready"":false,""dynamic_gate"":0.0,""contact_score"":0.997503655479565,""contact_score_threshold"":0.49492851692021117,""status"":""有效"",""preset"":""5×5｜441点1mm连续"",""needs_baseline"":false,""display.contact"":true,""display.contact_reason"":""拟合响应/相似度接触门控"",""display.contact_segment"":611,""display.contact_age_ms"":508.2892,""display.contact_last_end_ns"":1240476446514800}"
S20260919_A,000133,169,1240476993621900,1240477018453600,NormalizedFit,1,1,True,unknown,False,False,0.0,0.8100672040526254,nan,nan,0.7988395520918657,-0.049809531949157826,0.1248329108140599,x,y,z,0.7988395520918657,-0.049809531949157826,0.1248329108140599,,,,,,,,3.1223354241900845,-0.32927852355049847,-0.05169508147409929,"{""x"":0.7988395520918657,""y"":-0.049809531949157826,""z"":0.1248329108140599,""dx"":null,""dy"":null,""mode5"":null,""Q"":null,""X"":null,""Y"":null,""Z"":null,""dX"":3.1223354241900845,""dY"":-0.32927852355049847,""dZ"":-0.05169508147409929}","{""amplitude_uT"":253.37408662785518,""contact_threshold_uT"":40.0,""contact_gate"":""shape-aware ridge classifier + amplitude floor"",""cosine_similarity"":0.9969778018331517,""anti_jump_policy"":""快速门控（阈值/形状）"",""calibration_depth_range_mm"":[0.2,0.8],""depth_extrapolated"":true,""relative_reference"":""first valid prediction since B0/no-contact"",""xy_semantics"":""continuous XY RBF refit on all 441 positions at 1 mm spacing"",""fit_model"":""441点1 mm连续XY/RBF＋跨深度连续Z＋接触/释放门控"",""fit_variant"":""dense441_1mm_continuous_development"",""evidence_tier"":""development_dense441_single_repeat_random_validation_pending"",""continuous_xy_method"":""kernel_rbf"",""working_range_model"":false,""working_range_mm"":null,""outside_declared_working_range"":false,""calibration_domain_mm"":{""x"":[-10.0,10.0],""y"":[-10.0,10.0],""depth"":[0.2,0.8]},""xy_outside_calibration_domain"":false,""excluded_calibration_samples"":0,""uncorrected_static_xyz_mm"":[0.7988395520918657,-0.049809531949157826,0.1248329108140599],""unaligned_xyz_mm"":[-0.558725869805436,0.4534689136725154,0.1248329108140599],""xy_rotation_deg"":-4.580684956890044,""xy_translation_mm"":[1.3195654319610284,-0.5464514666381837],""xy_translation_source"":""five_point_reassembly"",""xy_translation_details"":{""preset"":""5×5｜441点1mm连续"",""calibration_points"":5,""calibration_strategy"":""rigid_rotation_translation_v1"",""calibration_rms_mm"":0.507358956567797,""check_rms_mm"":null},""dynamic_model_enabled"":false,""dynamic_history_ready"":false,""dynamic_gate"":0.0,""contact_score"":0.9975243687675994,""contact_score_threshold"":0.49492851692021117,""status"":""有效"",""preset"":""5×5｜441点1mm连续"",""needs_baseline"":false,""display.contact"":true,""display.contact_reason"":""拟合响应/相似度接触门控"",""display.contact_segment"":611,""display.contact_age_ms"":535.217,""display.contact_last_end_ns"":1240476446514800}"
S20260919_A,000133,170,1240477019552500,1240477071997500,NormalizedFit,1,1,True,unknown,False,False,0.0,0.2934766680231691,nan,nan,0.17942246162127162,0.19365393660838226,0.12819628612335598,x,y,z,0.17942246162127162,0.19365393660838226,0.12819628612335598,,,,,,,,2.5029183337194905,-0.08581505499295838,-0.0483317061648032,"{""x"":0.17942246162127162,""y"":0.19365393660838226,""z"":0.12819628612335598,""dx"":null,""dy"":null,""mode5"":null,""Q"":null,""X"":null,""Y"":null,""Z"":null,""dX"":2.5029183337194905,""dY"":-0.08581505499295838,""dZ"":-0.0483317061648032}","{""amplitude_uT"":251.8008862980824,""contact_threshold_uT"":40.0,""contact_gate"":""shape-aware ridge classifier + amplitude floor"",""cosine_similarity"":0.997063653359144,""anti_jump_policy"":""快速门控（阈值/形状）"",""calibration_depth_range_mm"":[0.2,0.8],""depth_extrapolated"":true,""relative_reference"":""first valid prediction since B0/no-contact"",""xy_semantics"":""continuous XY RBF refit on all 441 positions at 1 mm spacing"",""fit_model"":""441点1 mm连续XY/RBF＋跨深度连续Z＋接触/释放门控"",""fit_variant"":""dense441_1mm_continuous_development"",""evidence_tier"":""development_dense441_single_repeat_random_validation_pending"",""continuous_xy_method"":""kernel_rbf"",""working_range_model"":false,""working_range_mm"":null,""outside_declared_working_range"":false,""calibration_domain_mm"":{""x"":[-10.0,10.0],""y"":[-10.0,10.0],""depth"":[0.2,0.8]},""xy_outside_calibration_domain"":false,""excluded_calibration_samples"":0,""uncorrected_static_xyz_mm"":[0.17942246162127162,0.19365393660838226,0.12819628612335598],""unaligned_xyz_mm"":[-1.1956081513035728,0.6466862834994869,0.12819628612335598],""xy_rotation_deg"":-4.580684956890044,""xy_translation_mm"":[1.3195654319610284,-0.5464514666381837],""xy_translation_source"":""five_point_reassembly"",""xy_translation_details"":{""preset"":""5×5｜441点1mm连续"",""calibration_points"":5,""calibration_strategy"":""rigid_rotation_translation_v1"",""calibration_rms_mm"":0.507358956567797,""check_rms_mm"":null},""dynamic_model_enabled"":false,""dynamic_history_ready"":false,""dynamic_gate"":0.0,""contact_score"":0.9977266215813936,""contact_score_threshold"":0.49492851692021117,""status"":""有效"",""preset"":""5×5｜441点1mm连续"",""needs_baseline"":false,""display.contact"":true,""display.contact_reason"":""拟合响应/相似度接触门控"",""display.contact_segment"":611,""display.contact_age_ms"":561.1476,""display.contact_last_end_ns"":1240476446514800}"
S20260919_A,000133,171,1240477030478300,1240477075315800,NormalizedFit,1,1,True,unknown,False,False,0.0,0.8143140939706286,nan,nan,-0.4463209675212738,0.6691152972761525,0.12723897414364005,x,y,z,-0.4463209675212738,0.6691152972761525,0.12723897414364005,,,,,,,,1.877174904576945,0.38964630567481184,-0.04928901814451914,"{""x"":-0.4463209675212738,""y"":0.6691152972761525,""z"":0.12723897414364005,""dx"":null,""dy"":null,""mode5"":null,""Q"":null,""X"":null,""Y"":null,""Z"":null,""dX"":1.877174904576945,""dY"":0.38964630567481184,""dZ"":-0.04928901814451914}","{""amplitude_uT"":252.12052798711147,""contact_threshold_uT"":40.0,""contact_gate"":""shape-aware ridge classifier + amplitude floor"",""cosine_similarity"":0.994196734615526,""anti_jump_policy"":""快速门控（阈值/形状）"",""calibration_depth_range_mm"":[0.2,0.8],""depth_extrapolated"":true,""relative_reference"":""first valid prediction since B0/no-contact"",""xy_semantics"":""continuous XY RBF refit on all 441 positions at 1 mm spacing"",""fit_model"":""441点1 mm连续XY/RBF＋跨深度连续Z＋接触/释放门控"",""fit_variant"":""dense441_1mm_continuous_development"",""evidence_tier"":""development_dense441_single_repeat_random_validation_pending"",""continuous_xy_method"":""kernel_rbf"",""working_range_model"":false,""working_range_mm"":null,""outside_declared_working_range"":false,""calibration_domain_mm"":{""x"":[-10.0,10.0],""y"":[-10.0,10.0],""depth"":[0.2,0.8]},""xy_outside_calibration_domain"":false,""excluded_calibration_samples"":0,""uncorrected_static_xyz_mm"":[-0.4463209675212738,0.6691152972761525,0.12723897414364005],""unaligned_xyz_mm"":[-1.8573245874430517,1.0706552714525985,0.12723897414364005],""xy_rotation_deg"":-4.580684956890044,""xy_translation_mm"":[1.3195654319610284,-0.5464514666381837],""xy_translation_source"":""five_point_reassembly"",""xy_translation_details"":{""preset"":""5×5｜441点1mm连续"",""calibration_points"":5,""calibration_strategy"":""rigid_rotation_translation_v1"",""calibration_rms_mm"":0.507358956567797,""check_rms_mm"":null},""dynamic_model_enabled"":false,""dynamic_history_ready"":false,""dynamic_gate"":0.0,""contact_score"":0.9977407995861125,""contact_score_threshold"":0.49492851692021117,""status"":""有效"",""preset"":""5×5｜441点1mm连续"",""needs_baseline"":false,""display.contact"":true,""display.contact_reason"":""拟合响应/相似度接触门控"",""display.contact_segment"":611,""display.contact_age_ms"":572.0734,""display.contact_last_end_ns"":1240476446514800}"
S20260919_A,000133,172,1240477057358400,1240477078736900,NormalizedFit,1,1,True,unknown,False,False,0.0,0.6449689322894723,nan,nan,-0.45719590388419395,0.43275282976620366,0.14029190076223175,x,y,z,-0.45719590388419395,0.43275282976620366,0.14029190076223175,,,,,,,,1.8662999682140249,0.15328383816486302,-0.03623609152592744,"{""x"":-0.45719590388419395,""y"":0.43275282976620366,""z"":0.14029190076223175,""dx"":null,""dy"":null,""mode5"":null,""Q"":null,""X"":null,""Y"":null,""Z"":null,""dX"":1.8662999682140249,""dY"":0.15328383816486302,""dZ"":-0.03623609152592744}","{""amplitude_uT"":252.40834586934693,""contact_threshold_uT"":40.0,""contact_gate"":""shape-aware ridge classifier + amplitude floor"",""cosine_similarity"":0.994761549262652,""anti_jump_policy"":""快速门控（阈值/形状）"",""calibration_depth_range_mm"":[0.2,0.8],""depth_extrapolated"":true,""relative_reference"":""first valid prediction since B0/no-contact"",""xy_semantics"":""continuous XY RBF refit on all 441 positions at 1 mm spacing"",""fit_model"":""441点1 mm连续XY/RBF＋跨深度连续Z＋接触/释放门控"",""fit_variant"":""dense441_1mm_continuous_development"",""evidence_tier"":""development_dense441_single_repeat_random_validation_pending"",""continuous_xy_method"":""kernel_rbf"",""working_range_model"":false,""working_range_mm"":null,""outside_declared_working_range"":false,""calibration_domain_mm"":{""x"":[-10.0,10.0],""y"":[-10.0,10.0],""depth"":[0.2,0.8]},""xy_outside_calibration_domain"":false,""excluded_calibration_samples"":0,""uncorrected_static_xyz_mm"":[-0.45719590388419395,0.43275282976620366,0.14029190076223175],""unaligned_xyz_mm"":[-1.8492881968925508,0.834179275387017,0.14029190076223175],""xy_rotation_deg"":-4.580684956890044,""xy_translation_mm"":[1.3195654319610284,-0.5464514666381837],""xy_translation_source"":""five_point_reassembly"",""xy_translation_details"":{""preset"":""5×5｜441点1mm连续"",""calibration_points"":5,""calibration_strategy"":""rigid_rotation_translation_v1"",""calibration_rms_mm"":0.507358956567797,""check_rms_mm"":null},""dynamic_model_enabled"":false,""dynamic_history_ready"":false,""dynamic_gate"":0.0,""contact_score"":0.9976320857328527,""contact_score_threshold"":0.49492851692021117,""status"":""有效"",""preset"":""5×5｜441点1mm连续"",""needs_baseline"":false,""display.contact"":true,""display.contact_reason"":""拟合响应/相似度接触门控"",""display.contact_segment"":611,""display.contact_age_ms"":598.9535,""display.contact_last_end_ns"":1240476446514800}"
S20260919_A,000133,173,1240477084343300,1240477135044300,NormalizedFit,1,1,True,unknown,False,False,0.0,1.1704862848914948,nan,nan,-0.9537128587161814,0.6622305641624295,0.14805609115336227,x,y,z,-0.9537128587161814,0.6622305641624295,0.14805609115336227,,,,,,,,1.3697830133820375,0.3827615725610889,-0.028471901134796918,"{""x"":-0.9537128587161814,""y"":0.6622305641624295,""z"":0.14805609115336227,""dx"":null,""dy"":null,""mode5"":null,""Q"":null,""X"":null,""Y"":null,""Z"":null,""dX"":1.3697830133820375,""dY"":0.3827615725610889,""dZ"":-0.028471901134796918}","{""amplitude_uT"":252.92376494607993,""contact_threshold_uT"":40.0,""contact_gate"":""shape-aware ridge classifier + amplitude floor"",""cosine_similarity"":0.9942044648560736,""anti_jump_policy"":""快速门控（阈值/形状）"",""calibration_depth_range_mm"":[0.2,0.8],""depth_extrapolated"":true,""relative_reference"":""first valid prediction since B0/no-contact"",""xy_semantics"":""continuous XY RBF refit on all 441 positions at 1 mm spacing"",""fit_model"":""441点1 mm连续XY/RBF＋跨深度连续Z＋接触/释放门控"",""fit_variant"":""dense441_1mm_continuous_development"",""evidence_tier"":""development_dense441_single_repeat_random_validation_pending"",""continuous_xy_method"":""kernel_rbf"",""working_range_model"":false,""working_range_mm"":null,""outside_declared_working_range"":false,""calibration_domain_mm"":{""x"":[-10.0,10.0],""y"":[-10.0,10.0],""depth"":[0.2,0.8]},""xy_outside_calibration_domain"":false,""excluded_calibration_samples"":0,""uncorrected_static_xyz_mm"":[-0.9537128587161814,0.6622305641624295,0.14805609115336227],""unaligned_xyz_mm"":[-2.362545962053487,1.023270744050349,0.14805609115336227],""xy_rotation_deg"":-4.580684956890044,""xy_translation_mm"":[1.3195654319610284,-0.5464514666381837],""xy_translation_source"":""five_point_reassembly"",""xy_translation_details"":{""preset"":""5×5｜441点1mm连续"",""calibration_points"":5,""calibration_strategy"":""rigid_rotation_translation_v1"",""calibration_rms_mm"":0.507358956567797,""check_rms_mm"":null},""dynamic_model_enabled"":false,""dynamic_history_ready"":false,""dynamic_gate"":0.0,""contact_score"":0.9976232259709312,""contact_score_threshold"":0.49492851692021117,""status"":""有效"",""preset"":""5×5｜441点1mm连续"",""needs_baseline"":false,""display.contact"":true,""display.contact_reason"":""拟合响应/相似度接触门控"",""display.contact_segment"":611,""display.contact_age_ms"":625.9384,""display.contact_last_end_ns"":1240476446514800}"
S20260919_A,000133,174,1240477095240800,1240477138475100,NormalizedFit,1,1,True,unknown,False,False,0.0,1.1557271817805985,nan,nan,-1.033296703061353,0.4952938062932093,0.15062299823283298,x,y,z,-1.033296703061353,0.4952938062932093,0.15062299823283298,,,,,,,,1.290199169036866,0.21582481469186865,-0.025904994055326203,"{""x"":-1.033296703061353,""y"":0.4952938062932093,""z"":0.15062299823283298,""dx"":null,""dy"":null,""mode5"":null,""Q"":null,""X"":null,""Y"":null,""Z"":null,""dX"":1.290199169036866,""dY"":0.21582481469186865,""dZ"":-0.025904994055326203}","{""amplitude_uT"":251.36336749713536,""contact_threshold_uT"":40.0,""contact_gate"":""shape-aware ridge classifier + amplitude floor"",""cosine_similarity"":0.9934313524630699,""anti_jump_policy"":""快速门控（阈值/形状）"",""calibration_depth_range_mm"":[0.2,0.8],""depth_extrapolated"":true,""relative_reference"":""first valid prediction since B0/no-contact"",""xy_semantics"":""continuous XY RBF refit on all 441 positions at 1 mm spacing"",""fit_model"":""441点1 mm连续XY/RBF＋跨深度连续Z＋接触/释放门控"",""fit_variant"":""dense441_1mm_continuous_development"",""evidence_tier"":""development_dense441_single_repeat_random_validation_pending"",""continuous_xy_method"":""kernel_rbf"",""working_range_model"":false,""working_range_mm"":null,""outside_declared_working_range"":false,""calibration_domain_mm"":{""x"":[-10.0,10.0],""y"":[-10.0,10.0],""depth"":[0.2,0.8]},""xy_outside_calibration_domain"":false,""excluded_calibration_samples"":0,""uncorrected_static_xyz_mm"":[-1.033296703061353,0.4952938062932093,0.15062299823283298],""unaligned_xyz_mm"":[-2.4285435515888274,0.8505114097608009,0.15062299823283298],""xy_rotation_deg"":-4.580684956890044,""xy_translation_mm"":[1.3195654319610284,-0.5464514666381837],""xy_translation_source"":""five_point_reassembly"",""xy_translation_details"":{""preset"":""5×5｜441点1mm连续"",""calibration_points"":5,""calibration_strategy"":""rigid_rotation_translation_v1"",""calibration_rms_mm"":0.507358956567797,""check_rms_mm"":null},""dynamic_model_enabled"":false,""dynamic_history_ready"":false,""dynamic_gate"":0.0,""contact_score"":0.997484110705077,""contact_score_threshold"":0.49492851692021117,""status"":""有效"",""preset"":""5×5｜441点1mm连续"",""needs_baseline"":false,""display.contact"":true,""display.contact_reason"":""拟合响应/相似度接触门控"",""display.contact_segment"":611,""display.contact_age_ms"":636.8359,""display.contact_last_end_ns"":1240476446514800}"
S20260919_A,000133,175,1240477121143600,1240477141683600,NormalizedFit,1,1,True,unknown,False,False,0.0,0.4125911905525217,nan,nan,-0.15389559636964734,0.3673853807016709,0.10759004594415866,x,y,z,-0.15389559636964734,0.3673853807016709,0.10759004594415866,,,,,,,,2.1696002757285715,0.08791638910033028,-0.06893794634400052,"{""x"":-0.15389559636964734,""y"":0.3673853807016709,""z"":0.10759004594415866,""dx"":null,""dy"":null,""mode5"":null,""Q"":null,""X"":null,""Y"":null,""Z"":null,""dX"":2.1696002757285715,""dY"":0.08791638910033028,""dZ"":-0.06893794634400052}","{""amplitude_uT"":255.847669064035,""contact_threshold_uT"":40.0,""contact_gate"":""shape-aware ridge classifier + amplitude floor"",""cosine_similarity"":0.9935409968932358,""anti_jump_policy"":""快速门控（阈值/形状）"",""calibration_depth_range_mm"":[0.2,0.8],""depth_extrapolated"":true,""relative_reference"":""first valid prediction since B0/no-contact"",""xy_semantics"":""continuous XY RBF refit on all 441 positions at 1 mm spacing"",""fit_model"":""441点1 mm连续XY/RBF＋跨深度连续Z＋接触/释放门控"",""fit_variant"":""dense441_1mm_continuous_development"",""evidence_tier"":""development_dense441_single_repeat_random_validation_pending"",""continuous_xy_method"":""kernel_rbf"",""working_range_model"":false,""working_range_mm"":null,""outside_declared_working_range"":false,""calibration_domain_mm"":{""x"":[-10.0,10.0],""y"":[-10.0,10.0],""depth"":[0.2,0.8]},""xy_outside_calibration_domain"":false,""excluded_calibration_samples"":0,""uncorrected_static_xyz_mm"":[-0.15389559636964734,0.3673853807016709,0.10759004594415866],""unaligned_xyz_mm"":[-1.541736240008292,0.7932430597303903,0.10759004594415866],""xy_rotation_deg"":-4.580684956890044,""xy_translation_mm"":[1.3195654319610284,-0.5464514666381837],""xy_translation_source"":""five_point_reassembly"",""xy_translation_details"":{""preset"":""5×5｜441点1mm连续"",""calibration_points"":5,""calibration_strategy"":""rigid_rotation_translation_v1"",""calibration_rms_mm"":0.507358956567797,""check_rms_mm"":null},""dynamic_model_enabled"":false,""dynamic_history_ready"":false,""dynamic_gate"":0.0,""contact_score"":0.9971784388088661,""contact_score_threshold"":0.49492851692021117,""status"":""有效"",""preset"":""5×5｜441点1mm连续"",""needs_baseline"":false,""display.contact"":true,""display.contact_reason"":""拟合响应/相似度接触门控"",""display.contact_segment"":611,""display.contact_age_ms"":662.7387,""display.contact_last_end_ns"":1240476446514800}"
S20260919_A,000133,176,1240477148107600,1240477192618900,NormalizedFit,1,1,True,unknown,False,False,0.0,1.0573136864768877,nan,nan,-0.676452952223707,0.803135957246847,0.12367808705008476,x,y,z,-0.676452952223707,0.803135957246847,0.12367808705008476,,,,,,,,1.6470429198745118,0.5236669656455064,-0.052849905238074424,"{""x"":-0.676452952223707,""y"":0.803135957246847,""z"":0.12367808705008476,""dx"":null,""dy"":null,""mode5"":null,""Q"":null,""X"":null,""Y"":null,""Z"":null,""dX"":1.6470429198745118,""dY"":0.5236669656455064,""dZ"":-0.052849905238074424}","{""amplitude_uT"":256.4656846587862,""contact_threshold_uT"":40.0,""contact_gate"":""shape-aware ridge classifier + amplitude floor"",""cosine_similarity"":0.9937392485815775,""anti_jump_policy"":""快速门控（阈值/形状）"",""calibration_depth_range_mm"":[0.2,0.8],""depth_extrapolated"":true,""relative_reference"":""first valid prediction since B0/no-contact"",""xy_semantics"":""continuous XY RBF refit on all 441 positions at 1 mm spacing"",""fit_model"":""441点1 mm连续XY/RBF＋跨深度连续Z＋接触/释放门控"",""fit_variant"":""dense441_1mm_continuous_development"",""evidence_tier"":""development_dense441_single_repeat_random_validation_pending"",""continuous_xy_method"":""kernel_rbf"",""working_range_model"":false,""working_range_mm"":null,""outside_declared_working_range"":false,""calibration_domain_mm"":{""x"":[-10.0,10.0],""y"":[-10.0,10.0],""depth"":[0.2,0.8]},""xy_outside_calibration_domain"":false,""excluded_calibration_samples"":0,""uncorrected_static_xyz_mm"":[-0.676452952223707,0.803135957246847,0.12367808705008476],""unaligned_xyz_mm"":[-2.0974247756889803,1.1858688439444327,0.12367808705008476],""xy_rotation_deg"":-4.580684956890044,""xy_translation_mm"":[1.3195654319610284,-0.5464514666381837],""xy_translation_source"":""five_point_reassembly"",""xy_translation_details"":{""preset"":""5×5｜441点1mm连续"",""calibration_points"":5,""calibration_strategy"":""rigid_rotation_translation_v1"",""calibration_rms_mm"":0.507358956567797,""check_rms_mm"":null},""dynamic_model_enabled"":false,""dynamic_history_ready"":false,""dynamic_gate"":0.0,""contact_score"":0.997645732971957,""contact_score_threshold"":0.49492851692021117,""status"":""有效"",""preset"":""5×5｜441点1mm连续"",""needs_baseline"":false,""display.contact"":true,""display.contact_reason"":""拟合响应/相似度接触门控"",""display.contact_segment"":611,""display.contact_age_ms"":689.7027,""display.contact_last_end_ns"":1240476446514800}"
S20260919_A,000133,177,1240477159013900,1240477195627400,NormalizedFit,1,1,True,unknown,False,False,0.0,1.4995749734338788,nan,nan,-1.1001993902188898,1.010391026507738,0.13189532313103902,x,y,z,-1.1001993902188898,1.010391026507738,0.13189532313103902,,,,,,,,1.223296481879329,0.7309220349063974,-0.044632669157120164,"{""x"":-1.1001993902188898,""y"":1.010391026507738,""z"":0.13189532313103902,""dx"":null,""dy"":null,""mode5"":null,""Q"":null,""X"":null,""Y"":null,""Z"":null,""dX"":1.223296481879329,""dY"":0.7309220349063974,""dZ"":-0.044632669157120164}","{""amplitude_uT"":255.56973934036068,""contact_threshold_uT"":40.0,""contact_gate"":""shape-aware ridge classifier + amplitude floor"",""cosine_similarity"":0.9936231314888239,""anti_jump_policy"":""快速门控（阈值/形状）"",""calibration_depth_range_mm"":[0.2,0.8],""depth_extrapolated"":true,""relative_reference"":""first valid prediction since B0/no-contact"",""xy_semantics"":""continuous XY RBF refit on all 441 positions at 1 mm spacing"",""fit_model"":""441点1 mm连续XY/RBF＋跨深度连续Z＋接触/释放门控"",""fit_variant"":""dense441_1mm_continuous_development"",""evidence_tier"":""development_dense441_single_repeat_random_validation_pending"",""continuous_xy_method"":""kernel_rbf"",""working_range_model"":false,""working_range_mm"":null,""outside_declared_working_range"":false,""calibration_domain_mm"":{""x"":[-10.0,10.0],""y"":[-10.0,10.0],""depth"":[0.2,0.8]},""xy_outside_calibration_domain"":false,""excluded_calibration_samples"":0,""uncorrected_static_xyz_mm"":[-1.1001993902188898,1.010391026507738,0.13189532313103902],""unaligned_xyz_mm"":[-2.5363696970319918,1.358620293938694,0.13189532313103902],""xy_rotation_deg"":-4.580684956890044,""xy_translation_mm"":[1.3195654319610284,-0.5464514666381837],""xy_translation_source"":""five_point_reassembly"",""xy_translation_details"":{""preset"":""5×5｜441点1mm连续"",""calibration_points"":5,""calibration_strategy"":""rigid_rotation_translation_v1"",""calibration_rms_mm"":0.507358956567797,""check_rms_mm"":null},""dynamic_model_enabled"":false,""dynamic_history_ready"":false,""dynamic_gate"":0.0,""contact_score"":0.9976069426381541,""contact_score_threshold"":0.49492851692021117,""status"":""有效"",""preset"":""5×5｜441点1mm连续"",""needs_baseline"":false,""display.contact"":true,""display.contact_reason"":""拟合响应/相似度接触门控"",""display.contact_segment"":611,""display.contact_age_ms"":700.609,""display.contact_last_end_ns"":1240476446514800}"
S20260919_A,000133,178,1240477184970100,1240477198835900,NormalizedFit,1,1,True,unknown,False,False,0.0,1.053648482423204,nan,nan,-0.7468243525664897,0.7330791973358792,0.12256998555824061,x,y,z,-0.7468243525664897,0.7330791973358792,0.12256998555824061,,,,,,,,1.5766715195317291,0.4536102057345386,-0.05395800672991857,"{""x"":-0.7468243525664897,""y"":0.7330791973358792,""z"":0.12256998555824061,""dx"":null,""dy"":null,""mode5"":null,""Q"":null,""X"":null,""Y"":null,""Z"":null,""dX"":1.5766715195317291,""dY"":0.4536102057345386,""dZ"":-0.05395800672991857}","{""amplitude_uT"":257.1232684404505,""contact_threshold_uT"":40.0,""contact_gate"":""shape-aware ridge classifier + amplitude floor"",""cosine_similarity"":0.9947605258506373,""anti_jump_policy"":""快速门控（阈值/形状）"",""calibration_depth_range_mm"":[0.2,0.8],""depth_extrapolated"":true,""relative_reference"":""first valid prediction since B0/no-contact"",""xy_semantics"":""continuous XY RBF refit on all 441 positions at 1 mm spacing"",""fit_model"":""441点1 mm连续XY/RBF＋跨深度连续Z＋接触/释放门控"",""fit_variant"":""dense441_1mm_continuous_development"",""evidence_tier"":""development_dense441_single_repeat_random_validation_pending"",""continuous_xy_method"":""kernel_rbf"",""working_range_model"":false,""working_range_mm"":null,""outside_declared_working_range"":false,""calibration_domain_mm"":{""x"":[-10.0,10.0],""y"":[-10.0,10.0],""depth"":[0.2,0.8]},""xy_outside_calibration_domain"":false,""excluded_calibration_samples"":0,""uncorrected_static_xyz_mm"":[-0.7468243525664897,0.7330791973358792,0.12256998555824061],""unaligned_xyz_mm"":[-2.1619764641399937,1.1104157915638266,0.12256998555824061],""xy_rotation_deg"":-4.580684956890044,""xy_translation_mm"":[1.3195654319610284,-0.5464514666381837],""xy_translation_source"":""five_point_reassembly"",""xy_translation_details"":{""preset"":""5×5｜441点1mm连续"",""calibration_points"":5,""calibration_strategy"":""rigid_rotation_translation_v1"",""calibration_rms_mm"":0.507358956567797,""check_rms_mm"":null},""dynamic_model_enabled"":false,""dynamic_history_ready"":false,""dynamic_gate"":0.0,""contact_score"":0.9974458162266195,""contact_score_threshold"":0.49492851692021117,""status"":""有效"",""preset"":""5×5｜441点1mm连续"",""needs_baseline"":false,""display.contact"":true,""display.contact_reason"":""拟合响应/相似度接触门控"",""display.contact_segment"":611,""display.contact_age_ms"":726.5652,""display.contact_last_end_ns"":1240476446514800}"
S20260919_A,000133,179,1240477211837100,1240477235418300,NormalizedFit,1,1,True,unknown,False,False,0.0,0.8409565222388218,nan,nan,-0.6779529007165079,0.47706617414870367,0.14140580677329118,x,y,z,-0.6779529007165079,0.47706617414870367,0.14140580677329118,,,,,,,,1.645542971381711,0.19759718254736303,-0.03512218551486801,"{""x"":-0.6779529007165079,""y"":0.47706617414870367,""z"":0.14140580677329118,""dx"":null,""dy"":null,""mode5"":null,""Q"":null,""X"":null,""Y"":null,""Z"":null,""dX"":1.645542971381711,""dY"":0.19759718254736303,""dZ"":-0.03512218551486801}","{""amplitude_uT"":254.74248345436968,""contact_threshold_uT"":40.0,""contact_gate"":""shape-aware ridge classifier + amplitude floor"",""cosine_similarity"":0.9960381024152832,""anti_jump_policy"":""快速门控（阈值/形状）"",""calibration_depth_range_mm"":[0.2,0.8],""depth_extrapolated"":true,""relative_reference"":""first valid prediction since B0/no-contact"",""xy_semantics"":""continuous XY RBF refit on all 441 positions at 1 mm spacing"",""fit_model"":""441点1 mm连续XY/RBF＋跨深度连续Z＋接触/释放门控"",""fit_variant"":""dense441_1mm_continuous_development"",""evidence_tier"":""development_dense441_single_repeat_random_validation_pending"",""continuous_xy_method"":""kernel_rbf"",""working_range_model"":false,""working_range_mm"":null,""outside_declared_working_range"":false,""calibration_domain_mm"":{""x"":[-10.0,10.0],""y"":[-10.0,10.0],""depth"":[0.2,0.8]},""xy_outside_calibration_domain"":false,""excluded_calibration_samples"":0,""uncorrected_static_xyz_mm"":[-0.6779529007165079,0.47706617414870367,0.14140580677329118],""unaligned_xyz_mm"":[-2.072879056427305,0.8607207838839761,0.14140580677329118],""xy_rotation_deg"":-4.580684956890044,""xy_translation_mm"":[1.3195654319610284,-0.5464514666381837],""xy_translation_source"":""five_point_reassembly"",""xy_translation_details"":{""preset"":""5×5｜441点1mm连续"",""calibration_points"":5,""calibration_strategy"":""rigid_rotation_translation_v1"",""calibration_rms_mm"":0.507358956567797,""check_rms_mm"":null},""dynamic_model_enabled"":false,""dynamic_history_ready"":false,""dynamic_gate"":0.0,""contact_score"":0.9976596148652911,""contact_score_threshold"":0.49492851692021117,""status"":""有效"",""preset"":""5×5｜441点1mm连续"",""needs_baseline"":false,""display.contact"":true,""display.contact_reason"":""拟合响应/相似度接触门控"",""display.contact_segment"":611,""display.contact_age_ms"":753.4322,""display.contact_last_end_ns"":1240476446514800}"
S20260919_A,000133,180,1240477222869500,1240477238215400,NormalizedFit,1,1,True,unknown,False,False,0.0,0.7331754709002093,nan,nan,-0.7173141545356516,0.06284830952265053,0.138046241610165,x,y,z,-0.7173141545356516,0.06284830952265053,0.138046241610165,,,,,,,,1.6061817175625672,-0.21662068207869012,-0.0384817506779942,"{""x"":-0.7173141545356516,""y"":0.06284830952265053,""z"":0.138046241610165,""dx"":null,""dy"":null,""mode5"":null,""Q"":null,""X"":null,""Y"":null,""Z"":null,""dX"":1.6061817175625672,""dY"":-0.21662068207869012,""dZ"":-0.0384817506779942}","{""amplitude_uT"":256.6685844868823,""contact_threshold_uT"":40.0,""contact_gate"":""shape-aware ridge classifier + amplitude floor"",""cosine_similarity"":0.9962856444167398,""anti_jump_policy"":""快速门控（阈值/形状）"",""calibration_depth_range_mm"":[0.2,0.8],""depth_extrapolated"":true,""relative_reference"":""first valid prediction since B0/no-contact"",""xy_semantics"":""continuous XY RBF refit on all 441 positions at 1 mm spacing"",""fit_model"":""441点1 mm连续XY/RBF＋跨深度连续Z＋接触/释放门控"",""fit_variant"":""dense441_1mm_continuous_development"",""evidence_tier"":""development_dense441_single_repeat_random_validation_pending"",""continuous_xy_method"":""kernel_rbf"",""working_range_model"":false,""working_range_mm"":null,""outside_declared_working_range"":false,""calibration_domain_mm"":{""x"":[-10.0,10.0],""y"":[-10.0,10.0],""depth"":[0.2,0.8]},""xy_outside_calibration_domain"":false,""excluded_calibration_samples"":0,""uncorrected_static_xyz_mm"":[-0.7173141545356516,0.06284830952265053,0.138046241610165],""unaligned_xyz_mm"":[-2.0790339471571015,0.44468248637077057,0.138046241610165],""xy_rotation_deg"":-4.580684956890044,""xy_translation_mm"":[1.3195654319610284,-0.5464514666381837],""xy_translation_source"":""five_point_reassembly"",""xy_translation_details"":{""preset"":""5×5｜441点1mm连续"",""calibration_points"":5,""calibration_strategy"":""rigid_rotation_translation_v1"",""calibration_rms_mm"":0.507358956567797,""check_rms_mm"":null},""dynamic_model_enabled"":false,""dynamic_history_ready"":false,""dynamic_gate"":0.0,""contact_score"":0.9976902403843342,""contact_score_threshold"":0.49492851692021117,""status"":""有效"",""preset"":""5×5｜441点1mm连续"",""needs_baseline"":false,""display.contact"":true,""display.contact_reason"":""拟合响应/相似度接触门控"",""display.contact_segment"":611,""display.contact_age_ms"":764.4646,""display.contact_last_end_ns"":1240476446514800}"
S20260919_A,000133,181,1240477248717900,1240477296652900,NormalizedFit,1,1,True,unknown,False,False,0.0,0.903437177596877,nan,nan,-0.7874659524858825,0.41443768546134596,0.1560048473899306,x,y,z,-0.7874659524858825,0.41443768546134596,0.1560048473899306,,,,,,,,1.5360299196123364,0.13496869386000532,-0.020523144898228596,"{""x"":-0.7874659524858825,""y"":0.41443768546134596,""z"":0.1560048473899306,""dx"":null,""dy"":null,""mode5"":null,""Q"":null,""X"":null,""Y"":null,""Z"":null,""dX"":1.5360299196123364,""dY"":0.13496869386000532,""dZ"":-0.020523144898228596}","{""amplitude_uT"":267.3416310294749,""contact_threshold_uT"":40.0,""contact_gate"":""shape-aware ridge classifier + amplitude floor"",""cosine_similarity"":0.9963804622653665,""anti_jump_policy"":""快速门控（阈值/形状）"",""calibration_depth_range_mm"":[0.2,0.8],""depth_extrapolated"":true,""relative_reference"":""first valid prediction since B0/no-contact"",""xy_semantics"":""continuous XY RBF refit on all 441 positions at 1 mm spacing"",""fit_model"":""441点1 mm连续XY/RBF＋跨深度连续Z＋接触/释放门控"",""fit_variant"":""dense441_1mm_continuous_development"",""evidence_tier"":""development_dense441_single_repeat_random_validation_pending"",""continuous_xy_method"":""kernel_rbf"",""working_range_model"":false,""working_range_mm"":null,""outside_declared_working_range"":false,""calibration_domain_mm"":{""x"":[-10.0,10.0],""y"":[-10.0,10.0],""depth"":[0.2,0.8]},""xy_outside_calibration_domain"":false,""excluded_calibration_samples"":0,""uncorrected_static_xyz_mm"":[-0.7874659524858825,0.41443768546134596,0.1560048473899306],""unaligned_xyz_mm"":[-2.1770406155443784,0.7895463101914748,0.1560048473899306],""xy_rotation_deg"":-4.580684956890044,""xy_translation_mm"":[1.3195654319610284,-0.5464514666381837],""xy_translation_source"":""five_point_reassembly"",""xy_translation_details"":{""preset"":""5×5｜441点1mm连续"",""calibration_points"":5,""calibration_strategy"":""rigid_rotation_translation_v1"",""calibration_rms_mm"":0.507358956567797,""check_rms_mm"":null},""dynamic_model_enabled"":false,""dynamic_history_ready"":false,""dynamic_gate"":0.0,""contact_score"":0.9978671183779829,""contact_score_threshold"":0.49492851692021117,""status"":""有效"",""preset"":""5×5｜441点1mm连续"",""needs_baseline"":false,""display.contact"":true,""display.contact_reason"":""拟合响应/相似度接触门控"",""display.contact_segment"":611,""display.contact_age_ms"":790.313,""display.contact_last_end_ns"":1240476446514800}"
S20260919_A,000133,182,1240477275626700,1240477301011200,NormalizedFit,1,1,True,unknown,False,False,0.0,1.4865051034669834,nan,nan,-1.2304975278494925,0.8215038087163828,0.14389144816197696,x,y,z,-1.2304975278494925,0.8215038087163828,0.14389144816197696,,,,,,,,1.0929983442487263,0.5420348171150422,-0.03263654412618222,"{""x"":-1.2304975278494925,""y"":0.8215038087163828,""z"":0.14389144816197696,""dx"":null,""dy"":null,""mode5"":null,""Q"":null,""X"":null,""Y"":null,""Z"":null,""dX"":1.0929983442487263,""dY"":0.5420348171150422,""dZ"":-0.03263654412618222}","{""amplitude_uT"":292.31935919042365,""contact_threshold_uT"":40.0,""contact_gate"":""shape-aware ridge classifier + amplitude floor"",""cosine_similarity"":0.9971243392660804,""anti_jump_policy"":""快速门控（阈值/形状）"",""calibration_depth_range_mm"":[0.2,0.8],""depth_extrapolated"":true,""relative_reference"":""first valid prediction since B0/no-contact"",""xy_semantics"":""continuous XY RBF refit on all 441 positions at 1 mm spacing"",""fit_model"":""441点1 mm连续XY/RBF＋跨深度连续Z＋接触/释放门控"",""fit_variant"":""dense441_1mm_continuous_development"",""evidence_tier"":""development_dense441_single_repeat_random_validation_pending"",""continuous_xy_method"":""kernel_rbf"",""working_range_model"":false,""working_range_mm"":null,""outside_declared_working_range"":false,""calibration_domain_mm"":{""x"":[-10.0,10.0],""y"":[-10.0,10.0],""depth"":[0.2,0.8]},""xy_outside_calibration_domain"":false,""excluded_calibration_samples"":0,""uncorrected_static_xyz_mm"":[-1.2304975278494925,0.8215038087163828,0.14389144816197696],""unaligned_xyz_mm"":[-2.651166563920393,1.1599304223609788,0.14389144816197696],""xy_rotation_deg"":-4.580684956890044,""xy_translation_mm"":[1.3195654319610284,-0.5464514666381837],""xy_translation_source"":""five_point_reassembly"",""xy_translation_details"":{""preset"":""5×5｜441点1mm连续"",""calibration_points"":5,""calibration_strategy"":""rigid_rotation_translation_v1"",""calibration_rms_mm"":0.507358956567797,""check_rms_mm"":null},""dynamic_model_enabled"":false,""dynamic_history_ready"":false,""dynamic_gate"":0.0,""contact_score"":0.9985449421080995,""contact_score_threshold"":0.49492851692021117,""status"":""有效"",""preset"":""5×5｜441点1mm连续"",""needs_baseline"":false,""display.contact"":true,""display.contact_reason"":""拟合响应/相似度接触门控"",""display.contact_segment"":611,""display.contact_age_ms"":817.2218,""display.contact_last_end_ns"":1240476446514800}"
S20260919_A,000133,183,1240477302537800,1240477333561700,NormalizedFit,1,1,True,unknown,False,False,0.0,0.4680006517220413,nan,nan,0.09442946947230868,0.4298398835045878,0.15920226083883404,x,y,z,0.09442946947230868,0.4298398835045878,0.15920226083883404,,,,,,,,2.4179253415705277,0.15037089190324715,-0.017325731449325144,"{""x"":0.09442946947230868,""y"":0.4298398835045878,""z"":0.15920226083883404,""dx"":null,""dy"":null,""mode5"":null,""Q"":null,""X"":null,""Y"":null,""Z"":null,""dX"":2.4179253415705277,""dY"":0.15037089190324715,""dZ"":-0.017325731449325144}","{""amplitude_uT"":365.6163873180465,""contact_threshold_uT"":40.0,""contact_gate"":""shape-aware ridge classifier + amplitude floor"",""cosine_similarity"":0.993327032150752,""anti_jump_policy"":""快速门控（阈值/形状）"",""calibration_depth_range_mm"":[0.2,0.8],""depth_extrapolated"":true,""relative_reference"":""first valid prediction since B0/no-contact"",""xy_semantics"":""continuous XY RBF refit on all 441 positions at 1 mm spacing"",""fit_model"":""441点1 mm连续XY/RBF＋跨深度连续Z＋接触/释放门控"",""fit_variant"":""dense441_1mm_continuous_development"",""evidence_tier"":""development_dense441_single_repeat_random_validation_pending"",""continuous_xy_method"":""kernel_rbf"",""working_range_model"":false,""working_range_mm"":null,""outside_declared_working_range"":false,""calibration_domain_mm"":{""x"":[-10.0,10.0],""y"":[-10.0,10.0],""depth"":[0.2,0.8]},""xy_outside_calibration_domain"":false,""excluded_calibration_samples"":0,""uncorrected_static_xyz_mm"":[0.09442946947230868,0.4298398835045878,0.15920226083883404],""unaligned_xyz_mm"":[-1.2991921571192773,0.8753300325171738,0.15920226083883404],""xy_rotation_deg"":-4.580684956890044,""xy_translation_mm"":[1.3195654319610284,-0.5464514666381837],""xy_translation_source"":""five_point_reassembly"",""xy_translation_details"":{""preset"":""5×5｜441点1mm连续"",""calibration_points"":5,""calibration_strategy"":""rigid_rotation_translation_v1"",""calibration_rms_mm"":0.507358956567797,""check_rms_mm"":null},""dynamic_model_enabled"":false,""dynamic_history_ready"":false,""dynamic_gate"":0.0,""contact_score"":0.9988580288998189,""contact_score_threshold"":0.49492851692021117,""status"":""有效"",""preset"":""5×5｜441点1mm连续"",""needs_baseline"":false,""display.contact"":true,""display.contact_reason"":""拟合响应/相似度接触门控"",""display.contact_segment"":611,""display.contact_age_ms"":844.1329,""display.contact_last_end_ns"":1240476446514800}"
S20260919_A,000133,184,1240477313526900,1240477336480200,NormalizedFit,1,1,True,unknown,False,False,0.0,0.3302684132064894,nan,nan,0.28077038858476455,-0.06300766163624644,0.16209641646571038,x,y,z,0.28077038858476455,-0.06300766163624644,0.16209641646571038,,,,,,,,2.6042662606829836,-0.3424766532375871,-0.014431575822448806,"{""x"":0.28077038858476455,""y"":-0.06300766163624644,""z"":0.16209641646571038,""dx"":null,""dy"":null,""mode5"":null,""Q"":null,""X"":null,""Y"":null,""Z"":null,""dX"":2.6042662606829836,""dY"":-0.3424766532375871,""dZ"":-0.014431575822448806}","{""amplitude_uT"":386.8583262222745,""contact_threshold_uT"":40.0,""contact_gate"":""shape-aware ridge classifier + amplitude floor"",""cosine_similarity"":0.9936747271776856,""anti_jump_policy"":""快速门控（阈值/形状）"",""calibration_depth_range_mm"":[0.2,0.8],""depth_extrapolated"":true,""relative_reference"":""first valid prediction since B0/no-contact"",""xy_semantics"":""continuous XY RBF refit on all 441 positions at 1 mm spacing"",""fit_model"":""441点1 mm连续XY/RBF＋跨深度连续Z＋接触/释放门控"",""fit_variant"":""dense441_1mm_continuous_development"",""evidence_tier"":""development_dense441_single_repeat_random_validation_pending"",""continuous_xy_method"":""kernel_rbf"",""working_range_model"":false,""working_range_mm"":null,""outside_declared_working_range"":false,""calibration_domain_mm"":{""x"":[-10.0,10.0],""y"":[-10.0,10.0],""depth"":[0.2,0.8]},""xy_outside_calibration_domain"":false,""excluded_calibration_samples"":0,""uncorrected_static_xyz_mm"":[0.28077038858476455,-0.06300766163624644,0.16209641646571038],""unaligned_xyz_mm"":[-1.0740862058767768,0.3989384377107261,0.16209641646571038],""xy_rotation_deg"":-4.580684956890044,""xy_translation_mm"":[1.3195654319610284,-0.5464514666381837],""xy_translation_source"":""five_point_reassembly"",""xy_translation_details"":{""preset"":""5×5｜441点1mm连续"",""calibration_points"":5,""calibration_strategy"":""rigid_rotation_translation_v1"",""calibration_rms_mm"":0.507358956567797,""check_rms_mm"":null},""dynamic_model_enabled"":false,""dynamic_history_ready"":false,""dynamic_gate"":0.0,""contact_score"":0.9989777893960654,""contact_score_threshold"":0.49492851692021117,""status"":""有效"",""preset"":""5×5｜441点1mm连续"",""needs_baseline"":false,""display.contact"":true,""display.contact_reason"":""拟合响应/相似度接触门控"",""display.contact_segment"":611,""display.contact_age_ms"":855.122,""display.contact_last_end_ns"":1240476446514800}"
S20260919_A,000133,185,1240477340444000,1240477395301000,NormalizedFit,1,1,True,unknown,False,False,0.0,0.2390085953606684,nan,nan,0.06877999355283348,0.17165277502828558,0.15142571105410296,x,y,z,0.06877999355283348,0.17165277502828558,0.15142571105410296,,,,,,,,2.3922758656510523,-0.10781621657305507,-0.025102281234056223,"{""x"":0.06877999355283348,""y"":0.17165277502828558,""z"":0.15142571105410296,""dx"":null,""dy"":null,""mode5"":null,""Q"":null,""X"":null,""Y"":null,""Z"":null,""dX"":2.3922758656510523,""dY"":-0.10781621657305507,""dZ"":-0.025102281234056223}","{""amplitude_uT"":394.9738195051665,""contact_threshold_uT"":40.0,""contact_gate"":""shape-aware ridge classifier + amplitude floor"",""cosine_similarity"":0.9949090946011203,""anti_jump_policy"":""快速门控（阈值/形状）"",""calibration_depth_range_mm"":[0.2,0.8],""depth_extrapolated"":true,""relative_reference"":""first valid prediction since B0/no-contact"",""xy_semantics"":""continuous XY RBF refit on all 441 positions at 1 mm spacing"",""fit_model"":""441点1 mm连续XY/RBF＋跨深度连续Z＋接触/释放门控"",""fit_variant"":""dense441_1mm_continuous_development"",""evidence_tier"":""development_dense441_single_repeat_random_validation_pending"",""continuous_xy_method"":""kernel_rbf"",""working_range_model"":false,""working_range_mm"":null,""outside_declared_working_range"":false,""calibration_domain_mm"":{""x"":[-10.0,10.0],""y"":[-10.0,10.0],""depth"":[0.2,0.8]},""xy_outside_calibration_domain"":false,""excluded_calibration_samples"":0,""uncorrected_static_xyz_mm"":[0.06877999355283348,0.17165277502828558,0.15142571105410296],""unaligned_xyz_mm"":[-1.304140135144289,0.6159191689980035,0.15142571105410296],""xy_rotation_deg"":-4.580684956890044,""xy_translation_mm"":[1.3195654319610284,-0.5464514666381837],""xy_translation_source"":""five_point_reassembly"",""xy_translation_details"":{""preset"":""5×5｜441点1mm连续"",""calibration_points"":5,""calibration_strategy"":""rigid_rotation_translation_v1"",""calibration_rms_mm"":0.507358956567797,""check_rms_mm"":null},""dynamic_model_enabled"":false,""dynamic_history_ready"":false,""dynamic_gate"":0.0,""contact_score"":0.9992167433300815,""contact_score_threshold"":0.49492851692021117,""status"":""有效"",""preset"":""5×5｜441点1mm连续"",""needs_baseline"":false,""display.contact"":true,""display.contact_reason"":""拟合响应/相似度接触门控"",""display.contact_segment"":611,""display.contact_age_ms"":882.0391,""display.contact_last_end_ns"":1240476446514800}"
S20260919_A,000133,186,1240477367386800,1240477399753300,NormalizedFit,1,1,True,unknown,False,False,0.0,0.41981396908423624,nan,nan,-0.1481980782406953,0.3611252947685275,0.15449796025310147,x,y,z,-0.1481980782406953,0.3611252947685275,0.15449796025310147,,,,,,,,2.1752977938575233,0.08165630316718686,-0.02203003203505771,"{""x"":-0.1481980782406953,""y"":0.3611252947685275,""z"":0.15449796025310147,""dx"":null,""dy"":null,""mode5"":null,""Q"":null,""X"":null,""Y"":null,""Z"":null,""dX"":2.1752977938575233,""dY"":0.08165630316718686,""dZ"":-0.02203003203505771}","{""amplitude_uT"":396.7122745599131,""contact_threshold_uT"":40.0,""contact_gate"":""shape-aware ridge classifier + amplitude floor"",""cosine_similarity"":0.9949736420933732,""anti_jump_policy"":""快速门控（阈值/形状）"",""calibration_depth_range_mm"":[0.2,0.8],""depth_extrapolated"":true,""relative_reference"":""first valid prediction since B0/no-contact"",""xy_semantics"":""continuous XY RBF refit on all 441 positions at 1 mm spacing"",""fit_model"":""441点1 mm连续XY/RBF＋跨深度连续Z＋接触/释放门控"",""fit_variant"":""dense441_1mm_continuous_development"",""evidence_tier"":""development_dense441_single_repeat_random_validation_pending"",""continuous_xy_method"":""kernel_rbf"",""working_range_model"":false,""working_range_mm"":null,""outside_declared_working_range"":false,""calibration_domain_mm"":{""x"":[-10.0,10.0],""y"":[-10.0,10.0],""depth"":[0.2,0.8]},""xy_outside_calibration_domain"":false,""excluded_calibration_samples"":0,""uncorrected_static_xyz_mm"":[-0.1481980782406953,0.3611252947685275,0.15449796025310147],""unaligned_xyz_mm"":[-1.5355569719798412,0.787457989691692,0.15449796025310147],""xy_rotation_deg"":-4.580684956890044,""xy_translation_mm"":[1.3195654319610284,-0.5464514666381837],""xy_translation_source"":""five_point_reassembly"",""xy_translation_details"":{""preset"":""5×5｜441点1mm连续"",""calibration_points"":5,""calibration_strategy"":""rigid_rotation_translation_v1"",""calibration_rms_mm"":0.507358956567797,""check_rms_mm"":null},""dynamic_model_enabled"":false,""dynamic_history_ready"":false,""dynamic_gate"":0.0,""contact_score"":0.99926018659298,""contact_score_threshold"":0.49492851692021117,""status"":""有效"",""preset"":""5×5｜441点1mm连续"",""needs_baseline"":false,""display.contact"":true,""display.contact_reason"":""拟合响应/相似度接触门控"",""display.contact_segment"":611,""display.contact_age_ms"":908.9819,""display.contact_last_end_ns"":1240476446514800}"
S20260919_A,000133,187,1240477379303300,1240477402706600,NormalizedFit,1,1,True,unknown,False,False,0.0,0.522099201253754,nan,nan,-0.04389746579204301,0.4897948634548486,0.17538979497134521,x,y,z,-0.04389746579204301,0.4897948634548486,0.17538979497134521,,,,,,,,2.279598406306176,0.21032587185350793,-0.0011381973168139714,"{""x"":-0.04389746579204301,""y"":0.4897948634548486,""z"":0.17538979497134521,""dx"":null,""dy"":null,""mode5"":null,""Q"":null,""X"":null,""Y"":null,""Z"":null,""dX"":2.279598406306176,""dY"":0.21032587185350793,""dZ"":-0.0011381973168139714}","{""amplitude_uT"":398.7157680321909,""contact_threshold_uT"":40.0,""contact_gate"":""shape-aware ridge classifier + amplitude floor"",""cosine_similarity"":0.9955391868287049,""anti_jump_policy"":""快速门控（阈值/形状）"",""calibration_depth_range_mm"":[0.2,0.8],""depth_extrapolated"":true,""relative_reference"":""first valid prediction since B0/no-contact"",""xy_semantics"":""continuous XY RBF refit on all 441 positions at 1 mm spacing"",""fit_model"":""441点1 mm连续XY/RBF＋跨深度连续Z＋接触/释放门控"",""fit_variant"":""dense441_1mm_continuous_development"",""evidence_tier"":""development_dense441_single_repeat_random_validation_pending"",""continuous_xy_method"":""kernel_rbf"",""working_range_model"":false,""working_range_mm"":null,""outside_declared_working_range"":false,""calibration_domain_mm"":{""x"":[-10.0,10.0],""y"":[-10.0,10.0],""depth"":[0.2,0.8]},""xy_outside_calibration_domain"":false,""excluded_calibration_samples"":0,""uncorrected_static_xyz_mm"":[-0.04389746579204301,0.4897948634548486,0.17538979497134521],""unaligned_xyz_mm"":[-1.4418654347192619,0.924046318288382,0.17538979497134521],""xy_rotation_deg"":-4.580684956890044,""xy_translation_mm"":[1.3195654319610284,-0.5464514666381837],""xy_translation_source"":""five_point_reassembly"",""xy_translation_details"":{""preset"":""5×5｜441点1mm连续"",""calibration_points"":5,""calibration_strategy"":""rigid_rotation_translation_v1"",""calibration_rms_mm"":0.507358956567797,""check_rms_mm"":null},""dynamic_model_enabled"":false,""dynamic_history_ready"":false,""dynamic_gate"":0.0,""contact_score"":0.9994188922656726,""contact_score_threshold"":0.49492851692021117,""status"":""有效"",""preset"":""5×5｜441点1mm连续"",""needs_baseline"":false,""display.contact"":true,""display.contact_reason"":""拟合响应/相似度接触门控"",""display.contact_segment"":611,""display.contact_age_ms"":920.8984,""display.contact_last_end_ns"":1240476446514800}"
S20260919_A,000133,188,1240477390547100,1240477405440400,NormalizedFit,1,1,True,unknown,False,False,0.0,0.5236334186374455,nan,nan,-0.17152235676000838,0.4613824952880201,0.17860075948111398,x,y,z,-0.17152235676000838,0.4613824952880201,0.17860075948111398,,,,,,,,2.1519735153382102,0.18191350368667947,0.002072767192954794,"{""x"":-0.17152235676000838,""y"":0.4613824952880201,""z"":0.17860075948111398,""dx"":null,""dy"":null,""mode5"":null,""Q"":null,""X"":null,""Y"":null,""Z"":null,""dX"":2.1519735153382102,""dY"":0.18191350368667947,""dZ"":0.002072767192954794}","{""amplitude_uT"":399.7510802333749,""contact_threshold_uT"":40.0,""contact_gate"":""shape-aware ridge classifier + amplitude floor"",""cosine_similarity"":0.995790091586456,""anti_jump_policy"":""快速门控（阈值/形状）"",""calibration_depth_range_mm"":[0.2,0.8],""depth_extrapolated"":true,""relative_reference"":""first valid prediction since B0/no-contact"",""xy_semantics"":""continuous XY RBF refit on all 441 positions at 1 mm spacing"",""fit_model"":""441点1 mm连续XY/RBF＋跨深度连续Z＋接触/释放门控"",""fit_variant"":""dense441_1mm_continuous_development"",""evidence_tier"":""development_dense441_single_repeat_random_validation_pending"",""continuous_xy_method"":""kernel_rbf"",""working_range_model"":false,""working_range_mm"":null,""outside_declared_working_range"":false,""calibration_domain_mm"":{""x"":[-10.0,10.0],""y"":[-10.0,10.0],""depth"":[0.2,0.8]},""xy_outside_calibration_domain"":false,""excluded_calibration_samples"":0,""uncorrected_static_xyz_mm"":[-0.17152235676000838,0.4613824952880201,0.17860075948111398],""unaligned_xyz_mm"":[-1.5668135796696396,0.8855322100565681,0.17860075948111398],""xy_rotation_deg"":-4.580684956890044,""xy_translation_mm"":[1.3195654319610284,-0.5464514666381837],""xy_translation_source"":""five_point_reassembly"",""xy_translation_details"":{""preset"":""5×5｜441点1mm连续"",""calibration_points"":5,""calibration_strategy"":""rigid_rotation_translation_v1"",""calibration_rms_mm"":0.507358956567797,""check_rms_mm"":null},""dynamic_model_enabled"":false,""dynamic_history_ready"":false,""dynamic_gate"":0.0,""contact_score"":0.9993211934098654,""contact_score_threshold"":0.49492851692021117,""status"":""有效"",""preset"":""5×5｜441点1mm连续"",""needs_baseline"":false,""display.contact"":true,""display.contact_reason"":""拟合响应/相似度接触门控"",""display.contact_segment"":611,""display.contact_age_ms"":932.1422,""display.contact_last_end_ns"":1240476446514800}"
S20260919_A,000133,189,1240477417270000,1240477443159400,NormalizedFit,1,1,True,unknown,False,False,0.0,0.9120902696327792,nan,nan,-0.2680859790510157,0.8527899995187349,0.18107397525842928,x,y,z,-0.2680859790510157,0.8527899995187349,0.18107397525842928,,,,,,,,2.0554098930472033,0.5733210079173943,0.0045459829702700905,"{""x"":-0.2680859790510157,""y"":0.8527899995187349,""z"":0.18107397525842928,""dx"":null,""dy"":null,""mode5"":null,""Q"":null,""X"":null,""Y"":null,""Z"":null,""dX"":2.0554098930472033,""dY"":0.5733210079173943,""dZ"":0.0045459829702700905}","{""amplitude_uT"":400.7980846679531,""contact_threshold_uT"":40.0,""contact_gate"":""shape-aware ridge classifier + amplitude floor"",""cosine_similarity"":0.9961081827557047,""anti_jump_policy"":""快速门控（阈值/形状）"",""calibration_depth_range_mm"":[0.2,0.8],""depth_extrapolated"":true,""relative_reference"":""first valid prediction since B0/no-contact"",""xy_semantics"":""continuous XY RBF refit on all 441 positions at 1 mm spacing"",""fit_model"":""441点1 mm连续XY/RBF＋跨深度连续Z＋接触/释放门控"",""fit_variant"":""dense441_1mm_continuous_development"",""evidence_tier"":""development_dense441_single_repeat_random_validation_pending"",""continuous_xy_method"":""kernel_rbf"",""working_range_model"":false,""working_range_mm"":null,""outside_declared_working_range"":false,""calibration_domain_mm"":{""x"":[-10.0,10.0],""y"":[-10.0,10.0],""depth"":[0.2,0.8]},""xy_outside_calibration_domain"":false,""excluded_calibration_samples"":0,""uncorrected_static_xyz_mm"":[-0.2680859790510157,0.8527899995187349,0.18107397525842928],""unaligned_xyz_mm"":[-1.6943277002552666,1.2679776526615907,0.18107397525842928],""xy_rotation_deg"":-4.580684956890044,""xy_translation_mm"":[1.3195654319610284,-0.5464514666381837],""xy_translation_source"":""five_point_reassembly"",""xy_translation_details"":{""preset"":""5×5｜441点1mm连续"",""calibration_points"":5,""calibration_strategy"":""rigid_rotation_translation_v1"",""calibration_rms_mm"":0.507358956567797,""check_rms_mm"":null},""dynamic_model_enabled"":false,""dynamic_history_ready"":false,""dynamic_gate"":0.0,""contact_score"":0.9992308683110579,""contact_score_threshold"":0.49492851692021117,""status"":""有效"",""preset"":""5×5｜441点1mm连续"",""needs_baseline"":false,""display.contact"":true,""display.contact_reason"":""拟合响应/相似度接触门控"",""display.contact_segment"":611,""display.contact_age_ms"":958.8651,""display.contact_last_end_ns"":1240476446514800}"
S20260919_A,000133,190,1240477444050800,1240477498289900,NormalizedFit,1,1,True,unknown,False,False,0.0,0.7550521545330583,nan,nan,0.007066595944470455,0.7348938135626466,0.17316149131409375,x,y,z,0.007066595944470455,0.7348938135626466,0.17316149131409375,,,,,,,,2.3305624680426895,0.45542482196130596,-0.003366500974065434,"{""x"":0.007066595944470455,""y"":0.7348938135626466,""z"":0.17316149131409375,""dx"":null,""dy"":null,""mode5"":null,""Q"":null,""X"":null,""Y"":null,""Z"":null,""dX"":2.3305624680426895,""dY"":0.45542482196130596,""dZ"":-0.003366500974065434}","{""amplitude_uT"":405.281868874614,""contact_threshold_uT"":40.0,""contact_gate"":""shape-aware ridge classifier + amplitude floor"",""cosine_similarity"":0.9966901461189003,""anti_jump_policy"":""快速门控（阈值/形状）"",""calibration_depth_range_mm"":[0.2,0.8],""depth_extrapolated"":true,""relative_reference"":""first valid prediction since B0/no-contact"",""xy_semantics"":""continuous XY RBF refit on all 441 positions at 1 mm spacing"",""fit_model"":""441点1 mm连续XY/RBF＋跨深度连续Z＋接触/释放门控"",""fit_variant"":""dense441_1mm_continuous_development"",""evidence_tier"":""development_dense441_single_repeat_random_validation_pending"",""continuous_xy_method"":""kernel_rbf"",""working_range_model"":false,""working_range_mm"":null,""outside_declared_working_range"":false,""calibration_domain_mm"":{""x"":[-10.0,10.0],""y"":[-10.0,10.0],""depth"":[0.2,0.8]},""xy_outside_calibration_domain"":false,""excluded_calibration_samples"":0,""uncorrected_static_xyz_mm"":[0.007066595944470455,0.7348938135626466,0.17316149131409375],""unaligned_xyz_mm"":[-1.4106384710532285,1.1724325249763305,0.17316149131409375],""xy_rotation_deg"":-4.580684956890044,""xy_translation_mm"":[1.3195654319610284,-0.5464514666381837],""xy_translation_source"":""five_point_reassembly"",""xy_translation_details"":{""preset"":""5×5｜441点1mm连续"",""calibration_points"":5,""calibration_strategy"":""rigid_rotation_translation_v1"",""calibration_rms_mm"":0.507358956567797,""check_rms_mm"":null},""dynamic_model_enabled"":false,""dynamic_history_ready"":false,""dynamic_gate"":0.0,""contact_score"":0.9993141950260743,""contact_score_threshold"":0.49492851692021117,""status"":""有效"",""preset"":""5×5｜441点1mm连续"",""needs_baseline"":false,""display.contact"":true,""display.contact_reason"":""拟合响应/相似度接触门控"",""display.contact_segment"":611,""display.contact_age_ms"":985.6459,""display.contact_last_end_ns"":1240476446514800}"
S20260919_A,000133,191,1240477456077900,1240477502770000,NormalizedFit,1,1,True,unknown,False,False,0.0,0.6826727824748101,nan,nan,0.03046892848851135,0.6601856203314307,0.17108103061492652,x,y,z,0.03046892848851135,0.6601856203314307,0.17108103061492652,,,,,,,,2.35396480058673,0.38071662873009005,-0.005446961673232664,"{""x"":0.03046892848851135,""y"":0.6601856203314307,""z"":0.17108103061492652,""dx"":null,""dy"":null,""mode5"":null,""Q"":null,""X"":null,""Y"":null,""Z"":null,""dX"":2.35396480058673,""dY"":0.38071662873009005,""dZ"":-0.005446961673232664}","{""amplitude_uT"":404.4562721976259,""contact_threshold_uT"":40.0,""contact_gate"":""shape-aware ridge classifier + amplitude floor"",""cosine_similarity"":0.9969470590315753,""anti_jump_policy"":""快速门控（阈值/形状）"",""calibration_depth_range_mm"":[0.2,0.8],""depth_extrapolated"":true,""relative_reference"":""first valid prediction since B0/no-contact"",""xy_semantics"":""continuous XY RBF refit on all 441 positions at 1 mm spacing"",""fit_model"":""441点1 mm连续XY/RBF＋跨深度连续Z＋接触/释放门控"",""fit_variant"":""dense441_1mm_continuous_development"",""evidence_tier"":""development_dense441_single_repeat_random_validation_pending"",""continuous_xy_method"":""kernel_rbf"",""working_range_model"":false,""working_range_mm"":null,""outside_declared_working_range"":false,""calibration_domain_mm"":{""x"":[-10.0,10.0],""y"":[-10.0,10.0],""depth"":[0.2,0.8]},""xy_outside_calibration_domain"":false,""excluded_calibration_samples"":0,""uncorrected_static_xyz_mm"":[0.03046892848851135,0.6601856203314307,0.17108103061492652],""unaligned_xyz_mm"":[-1.3813444763294473,1.0998319383568158,0.17108103061492652],""xy_rotation_deg"":-4.580684956890044,""xy_translation_mm"":[1.3195654319610284,-0.5464514666381837],""xy_translation_source"":""five_point_reassembly"",""xy_translation_details"":{""preset"":""5×5｜441点1mm连续"",""calibration_points"":5,""calibration_strategy"":""rigid_rotation_translation_v1"",""calibration_rms_mm"":0.507358956567797,""check_rms_mm"":null},""dynamic_model_enabled"":false,""dynamic_history_ready"":false,""dynamic_gate"":0.0,""contact_score"":0.999340952624274,""contact_score_threshold"":0.49492851692021117,""status"":""有效"",""preset"":""5×5｜441点1mm连续"",""needs_baseline"":false,""display.contact"":true,""display.contact_reason"":""拟合响应/相似度接触门控"",""display.contact_segment"":611,""display.contact_age_ms"":997.673,""display.contact_last_end_ns"":1240476446514800}"
S20260919_A,000133,192,1240477481983100,1240477506021100,NormalizedFit,1,1,True,unknown,False,False,0.0,0.8177635696127997,nan,nan,-0.10506509765991079,0.7908387621979598,0.17964585507264186,x,y,z,-0.10506509765991079,0.7908387621979598,0.17964585507264186,,,,,,,,2.218430774438308,0.5113697705966191,0.0031178627844826723,"{""x"":-0.10506509765991079,""y"":0.7908387621979598,""z"":0.17964585507264186,""dx"":null,""dy"":null,""mode5"":null,""Q"":null,""X"":null,""Y"":null,""Z"":null,""dX"":2.218430774438308,""dY"":0.5113697705966191,""dZ"":0.0031178627844826723}","{""amplitude_uT"":408.6453124244786,""contact_threshold_uT"":40.0,""contact_gate"":""shape-aware ridge classifier + amplitude floor"",""cosine_similarity"":0.9956165085407446,""anti_jump_policy"":""快速门控（阈值/形状）"",""calibration_depth_range_mm"":[0.2,0.8],""depth_extrapolated"":true,""relative_reference"":""first valid prediction since B0/no-contact"",""xy_semantics"":""continuous XY RBF refit on all 441 positions at 1 mm spacing"",""fit_model"":""441点1 mm连续XY/RBF＋跨深度连续Z＋接触/释放门控"",""fit_variant"":""dense441_1mm_continuous_development"",""evidence_tier"":""development_dense441_single_repeat_random_validation_pending"",""continuous_xy_method"":""kernel_rbf"",""working_range_model"":false,""working_range_mm"":null,""outside_declared_working_range"":false,""calibration_domain_mm"":{""x"":[-10.0,10.0],""y"":[-10.0,10.0],""depth"":[0.2,0.8]},""xy_outside_calibration_domain"":false,""excluded_calibration_samples"":0,""uncorrected_static_xyz_mm"":[-0.10506509765991079,0.7908387621979598,0.17964585507264186],""unaligned_xyz_mm"":[-1.5268799256129313,1.2192436158655546,0.17964585507264186],""xy_rotation_deg"":-4.580684956890044,""xy_translation_mm"":[1.3195654319610284,-0.5464514666381837],""xy_translation_source"":""five_point_reassembly"",""xy_translation_details"":{""preset"":""5×5｜441点1mm连续"",""calibration_points"":5,""calibration_strategy"":""rigid_rotation_translation_v1"",""calibration_rms_mm"":0.507358956567797,""check_rms_mm"":null},""dynamic_model_enabled"":false,""dynamic_history_ready"":false,""dynamic_gate"":0.0,""contact_score"":0.9993236800911137,""contact_score_threshold"":0.49492851692021117,""status"":""有效"",""preset"":""5×5｜441点1mm连续"",""needs_baseline"":false,""display.contact"":true,""display.contact_reason"":""拟合响应/相似度接触门控"",""display.contact_segment"":611,""display.contact_age_ms"":1023.5782,""display.contact_last_end_ns"":1240476446514800}"
S20260919_A,000133,193,1240477508216700,1240477556729000,NormalizedFit,1,1,True,unknown,False,False,0.0,0.9550700389913094,nan,nan,-0.12191789563804023,0.930138327114,0.1792693463356818,x,y,z,-0.12191789563804023,0.930138327114,0.1792693463356818,,,,,,,,2.201577976460179,0.6506693355126594,0.002741354047522626,"{""x"":-0.12191789563804023,""y"":0.930138327114,""z"":0.1792693463356818,""dx"":null,""dy"":null,""mode5"":null,""Q"":null,""X"":null,""Y"":null,""Z"":null,""dX"":2.201577976460179,""dY"":0.6506693355126594,""dZ"":0.002741354047522626}","{""amplitude_uT"":403.39680122988045,""contact_threshold_uT"":40.0,""contact_gate"":""shape-aware ridge classifier + amplitude floor"",""cosine_similarity"":0.9949379545198096,""anti_jump_policy"":""快速门控（阈值/形状）"",""calibration_depth_range_mm"":[0.2,0.8],""depth_extrapolated"":true,""relative_reference"":""first valid prediction since B0/no-contact"",""xy_semantics"":""continuous XY RBF refit on all 441 positions at 1 mm spacing"",""fit_model"":""441点1 mm连续XY/RBF＋跨深度连续Z＋接触/释放门控"",""fit_variant"":""dense441_1mm_continuous_development"",""evidence_tier"":""development_dense441_single_repeat_random_validation_pending"",""continuous_xy_method"":""kernel_rbf"",""working_range_model"":false,""working_range_mm"":null,""outside_declared_working_range"":false,""calibration_domain_mm"":{""x"":[-10.0,10.0],""y"":[-10.0,10.0],""depth"":[0.2,0.8]},""xy_outside_calibration_domain"":false,""excluded_calibration_samples"":0,""uncorrected_static_xyz_mm"":[-0.12191789563804023,0.930138327114,0.1792693463356818],""unaligned_xyz_mm"":[-1.5548037598219104,1.3567523249299596,0.1792693463356818],""xy_rotation_deg"":-4.580684956890044,""xy_translation_mm"":[1.3195654319610284,-0.5464514666381837],""xy_translation_source"":""five_point_reassembly"",""xy_translation_details"":{""preset"":""5×5｜441点1mm连续"",""calibration_points"":5,""calibration_strategy"":""rigid_rotation_translation_v1"",""calibration_rms_mm"":0.507358956567797,""check_rms_mm"":null},""dynamic_model_enabled"":false,""dynamic_history_ready"":false,""dynamic_gate"":0.0,""contact_score"":0.9994759993775107,""contact_score_threshold"":0.49492851692021117,""status"":""有效"",""preset"":""5×5｜441点1mm连续"",""needs_baseline"":false,""display.contact"":true,""display.contact_reason"":""拟合响应/相似度接触门控"",""display.contact_segment"":611,""display.contact_age_ms"":1049.8118,""display.contact_last_end_ns"":1240476446514800}"
S20260919_A,000133,194,1240477518962000,1240477560088300,NormalizedFit,1,1,True,unknown,False,False,0.0,0.5115135350702944,nan,nan,-0.2769309896236125,0.3756333584639716,0.20941562395216196,x,y,z,-0.2769309896236125,0.3756333584639716,0.20941562395216196,,,,,,,,2.0465648824746063,0.09616436686263097,0.03288763166400277,"{""x"":-0.2769309896236125,""y"":0.3756333584639716,""z"":0.20941562395216196,""dx"":null,""dy"":null,""mode5"":null,""Q"":null,""X"":null,""Y"":null,""Z"":null,""dX"":2.0465648824746063,""dY"":0.09616436686263097,""dZ"":0.03288763166400277}","{""amplitude_uT"":405.22548196713853,""contact_threshold_uT"":40.0,""contact_gate"":""shape-aware ridge classifier + amplitude floor"",""cosine_similarity"":0.992971639788505,""anti_jump_policy"":""快速门控（阈值/形状）"",""calibration_depth_range_mm"":[0.2,0.8],""depth_extrapolated"":false,""relative_reference"":""first valid prediction since B0/no-contact"",""xy_semantics"":""continuous XY RBF refit on all 441 positions at 1 mm spacing"",""fit_model"":""441点1 mm连续XY/RBF＋跨深度连续Z＋接触/释放门控"",""fit_variant"":""dense441_1mm_continuous_development"",""evidence_tier"":""development_dense441_single_repeat_random_validation_pending"",""continuous_xy_method"":""kernel_rbf"",""working_range_model"":false,""working_range_mm"":null,""outside_declared_working_range"":false,""calibration_domain_mm"":{""x"":[-10.0,10.0],""y"":[-10.0,10.0],""depth"":[0.2,0.8]},""xy_outside_calibration_domain"":false,""excluded_calibration_samples"":0,""uncorrected_static_xyz_mm"":[-0.2769309896236125,0.3756333584639716,0.20941562395216196],""unaligned_xyz_mm"":[-1.6650373480945033,0.7916387296403955,0.20941562395216196],""xy_rotation_deg"":-4.580684956890044,""xy_translation_mm"":[1.3195654319610284,-0.5464514666381837],""xy_translation_source"":""five_point_reassembly"",""xy_translation_details"":{""preset"":""5×5｜441点1mm连续"",""calibration_points"":5,""calibration_strategy"":""rigid_rotation_translation_v1"",""calibration_rms_mm"":0.507358956567797,""check_rms_mm"":null},""dynamic_model_enabled"":false,""dynamic_history_ready"":false,""dynamic_gate"":0.0,""contact_score"":0.9993730514493977,""contact_score_threshold"":0.49492851692021117,""status"":""有效"",""preset"":""5×5｜441点1mm连续"",""needs_baseline"":false,""display.contact"":true,""display.contact_reason"":""拟合响应/相似度接触门控"",""display.contact_segment"":611,""display.contact_age_ms"":1060.5571,""display.contact_last_end_ns"":1240476446514800}"
S20260919_A,000133,195,1240477544888200,1240477563727900,NormalizedFit,1,1,True,unknown,False,False,0.0,0.45479759329081787,nan,nan,-0.33499116832499687,0.23277541832576598,0.20109045882547105,x,y,z,-0.33499116832499687,0.23277541832576598,0.20109045882547105,,,,,,,,1.988504703773222,-0.04669357327557466,0.024562466537311867,"{""x"":-0.33499116832499687,""y"":0.23277541832576598,""z"":0.20109045882547105,""dx"":null,""dy"":null,""mode5"":null,""Q"":null,""X"":null,""Y"":null,""Z"":null,""dX"":1.988504703773222,""dY"":-0.04669357327557466,""dZ"":0.024562466537311867}","{""amplitude_uT"":403.56042879784377,""contact_threshold_uT"":40.0,""contact_gate"":""shape-aware ridge classifier + amplitude floor"",""cosine_similarity"":0.9934989298742235,""anti_jump_policy"":""快速门控（阈值/形状）"",""calibration_depth_range_mm"":[0.2,0.8],""depth_extrapolated"":false,""relative_reference"":""first valid prediction since B0/no-contact"",""xy_semantics"":""continuous XY RBF refit on all 441 positions at 1 mm spacing"",""fit_model"":""441点1 mm连续XY/RBF＋跨深度连续Z＋接触/释放门控"",""fit_variant"":""dense441_1mm_continuous_development"",""evidence_tier"":""development_dense441_single_repeat_random_validation_pending"",""continuous_xy_method"":""kernel_rbf"",""working_range_model"":false,""working_range_mm"":null,""outside_declared_working_range"":false,""calibration_domain_mm"":{""x"":[-10.0,10.0],""y"":[-10.0,10.0],""depth"":[0.2,0.8]},""xy_outside_calibration_domain"":false,""excluded_calibration_samples"":0,""uncorrected_static_xyz_mm"":[-0.33499116832499687,0.23277541832576598,0.20109045882547105],""unaligned_xyz_mm"":[-1.711503025717057,0.6446002441529397,0.20109045882547105],""xy_rotation_deg"":-4.580684956890044,""xy_translation_mm"":[1.3195654319610284,-0.5464514666381837],""xy_translation_source"":""five_point_reassembly"",""xy_translation_details"":{""preset"":""5×5｜441点1mm连续"",""calibration_points"":5,""calibration_strategy"":""rigid_rotation_translation_v1"",""calibration_rms_mm"":0.507358956567797,""check_rms_mm"":null},""dynamic_model_enabled"":false,""dynamic_history_ready"":false,""dynamic_gate"":0.0,""contact_score"":0.999389524368772,""contact_score_threshold"":0.49492851692021117,""status"":""有效"",""preset"":""5×5｜441点1mm连续"",""needs_baseline"":false,""display.contact"":true,""display.contact_reason"":""拟合响应/相似度接触门控"",""display.contact_segment"":611,""display.contact_age_ms"":1086.4833,""display.contact_last_end_ns"":1240476446514800}"
S20260919_A,000133,196,1240477570799600,1240477617843700,NormalizedFit,1,1,True,unknown,False,False,0.0,0.3315280830732447,nan,nan,-0.23181175385863484,0.12334574778025498,0.20238578789957973,x,y,z,-0.23181175385863484,0.12334574778025498,0.20238578789957973,,,,,,,,2.0916841182395842,-0.15612324382108567,0.025857795611420542,"{""x"":-0.23181175385863484,""y"":0.12334574778025498,""z"":0.20238578789957973,""dx"":null,""dy"":null,""mode5"":null,""Q"":null,""X"":null,""Y"":null,""Z"":null,""dX"":2.0916841182395842,""dY"":-0.15612324382108567,""dZ"":0.025857795611420542}","{""amplitude_uT"":411.4786125711759,""contact_threshold_uT"":40.0,""contact_gate"":""shape-aware ridge classifier + amplitude floor"",""cosine_similarity"":0.9933794515567328,""anti_jump_policy"":""快速门控（阈值/形状）"",""calibration_depth_range_mm"":[0.2,0.8],""depth_extrapolated"":false,""relative_reference"":""first valid prediction since B0/no-contact"",""xy_semantics"":""continuous XY RBF refit on all 441 positions at 1 mm spacing"",""fit_model"":""441点1 mm连续XY/RBF＋跨深度连续Z＋接触/释放门控"",""fit_variant"":""dense441_1mm_continuous_development"",""evidence_tier"":""development_dense441_single_repeat_random_validation_pending"",""continuous_xy_method"":""kernel_rbf"",""working_range_model"":false,""working_range_mm"":null,""outside_declared_working_range"":false,""calibration_domain_mm"":{""x"":[-10.0,10.0],""y"":[-10.0,10.0],""depth"":[0.2,0.8]},""xy_outside_calibration_domain"":false,""excluded_calibration_samples"":0,""uncorrected_static_xyz_mm"":[-0.23181175385863484,0.12334574778025498,0.20238578789957973],""unaligned_xyz_mm"":[-1.5999138107361714,0.5437603142378999,0.20238578789957973],""xy_rotation_deg"":-4.580684956890044,""xy_translation_mm"":[1.3195654319610284,-0.5464514666381837],""xy_translation_source"":""five_point_reassembly"",""xy_translation_details"":{""preset"":""5×5｜441点1mm连续"",""calibration_points"":5,""calibration_strategy"":""rigid_rotation_translation_v1"",""calibration_rms_mm"":0.507358956567797,""check_rms_mm"":null},""dynamic_model_enabled"":false,""dynamic_history_ready"":false,""dynamic_gate"":0.0,""contact_score"":0.9993952501754635,""contact_score_threshold"":0.49492851692021117,""status"":""有效"",""preset"":""5×5｜441点1mm连续"",""needs_baseline"":false,""display.contact"":true,""display.contact_reason"":""拟合响应/相似度接触门控"",""display.contact_segment"":611,""display.contact_age_ms"":1112.3947,""display.contact_last_end_ns"":1240476446514800}"
S20260919_A,000133,197,1240477581725500,1240477620549600,NormalizedFit,1,1,True,unknown,False,False,0.0,0.4241755477626055,nan,nan,-0.3636668114183925,-0.06280348765604815,0.20911018036126883,x,y,z,-0.3636668114183925,-0.06280348765604815,0.20911018036126883,,,,,,,,1.9598290606798263,-0.3422724792573888,0.03258218807310964,"{""x"":-0.3636668114183925,""y"":-0.06280348765604815,""z"":0.20911018036126883,""dx"":null,""dy"":null,""mode5"":null,""Q"":null,""X"":null,""Y"":null,""Z"":null,""dX"":1.9598290606798263,""dY"":-0.3422724792573888,""dZ"":0.03258218807310964}","{""amplitude_uT"":409.42372640914454,""contact_threshold_uT"":40.0,""contact_gate"":""shape-aware ridge classifier + amplitude floor"",""cosine_similarity"":0.993658127484373,""anti_jump_policy"":""快速门控（阈值/形状）"",""calibration_depth_range_mm"":[0.2,0.8],""depth_extrapolated"":false,""relative_reference"":""first valid prediction since B0/no-contact"",""xy_semantics"":""continuous XY RBF refit on all 441 positions at 1 mm spacing"",""fit_model"":""441点1 mm连续XY/RBF＋跨深度连续Z＋接触/释放门控"",""fit_variant"":""dense441_1mm_continuous_development"",""evidence_tier"":""development_dense441_single_repeat_random_validation_pending"",""continuous_xy_method"":""kernel_rbf"",""working_range_model"":false,""working_range_mm"":null,""outside_declared_working_range"":false,""calibration_domain_mm"":{""x"":[-10.0,10.0],""y"":[-10.0,10.0],""depth"":[0.2,0.8]},""xy_outside_calibration_domain"":false,""excluded_calibration_samples"":0,""uncorrected_static_xyz_mm"":[-0.3636668114183925,-0.06280348765604815,0.20911018036126883],""unaligned_xyz_mm"":[-1.7164812877261437,0.34767533937802053,0.20911018036126883],""xy_rotation_deg"":-4.580684956890044,""xy_translation_mm"":[1.3195654319610284,-0.5464514666381837],""xy_translation_source"":""five_point_reassembly"",""xy_translation_details"":{""preset"":""5×5｜441点1mm连续"",""calibration_points"":5,""calibration_strategy"":""rigid_rotation_translation_v1"",""calibration_rms_mm"":0.507358956567797,""check_rms_mm"":null},""dynamic_model_enabled"":false,""dynamic_history_ready"":false,""dynamic_gate"":0.0,""contact_score"":0.99933029876347,""contact_score_threshold"":0.49492851692021117,""status"":""有效"",""preset"":""5×5｜441点1mm连续"",""needs_baseline"":false,""display.contact"":true,""display.contact_reason"":""拟合响应/相似度接触门控"",""display.contact_segment"":611,""display.contact_age_ms"":1123.3206,""display.contact_last_end_ns"":1240476446514800}"
S20260919_A,000133,198,1240477593617300,1240477624364300,NormalizedFit,1,1,True,unknown,False,False,0.0,0.4540594902728622,nan,nan,-0.3414978029493949,-0.217546328640583,0.2054820337221509,x,y,z,-0.3414978029493949,-0.217546328640583,0.2054820337221509,,,,,,,,1.981998069148824,-0.49701532024192363,0.028954041433991717,"{""x"":-0.3414978029493949,""y"":-0.217546328640583,""z"":0.2054820337221509,""dx"":null,""dy"":null,""mode5"":null,""Q"":null,""X"":null,""Y"":null,""Z"":null,""dX"":1.981998069148824,""dY"":-0.49701532024192363,""dZ"":0.028954041433991717}","{""amplitude_uT"":409.9793942925669,""contact_threshold_uT"":40.0,""contact_gate"":""shape-aware ridge classifier + amplitude floor"",""cosine_similarity"":0.9939886136779151,""anti_jump_policy"":""快速门控（阈值/形状）"",""calibration_depth_range_mm"":[0.2,0.8],""depth_extrapolated"":false,""relative_reference"":""first valid prediction since B0/no-contact"",""xy_semantics"":""continuous XY RBF refit on all 441 positions at 1 mm spacing"",""fit_model"":""441点1 mm连续XY/RBF＋跨深度连续Z＋接触/释放门控"",""fit_variant"":""dense441_1mm_continuous_development"",""evidence_tier"":""development_dense441_single_repeat_random_validation_pending"",""continuous_xy_method"":""kernel_rbf"",""working_range_model"":false,""working_range_mm"":null,""outside_declared_working_range"":false,""calibration_domain_mm"":{""x"":[-10.0,10.0],""y"":[-10.0,10.0],""depth"":[0.2,0.8]},""xy_outside_calibration_domain"":false,""excluded_calibration_samples"":0,""uncorrected_static_xyz_mm"":[-0.3414978029493949,-0.217546328640583,0.2054820337221509],""unaligned_xyz_mm"":[-1.6820248790304935,0.19519725022334278,0.2054820337221509],""xy_rotation_deg"":-4.580684956890044,""xy_translation_mm"":[1.3195654319610284,-0.5464514666381837],""xy_translation_source"":""five_point_reassembly"",""xy_translation_details"":{""preset"":""5×5｜441点1mm连续"",""calibration_points"":5,""calibration_strategy"":""rigid_rotation_translation_v1"",""calibration_rms_mm"":0.507358956567797,""check_rms_mm"":null},""dynamic_model_enabled"":false,""dynamic_history_ready"":false,""dynamic_gate"":0.0,""contact_score"":0.9993636628669308,""contact_score_threshold"":0.49492851692021117,""status"":""有效"",""preset"":""5×5｜441点1mm连续"",""needs_baseline"":false,""display.contact"":true,""display.contact_reason"":""拟合响应/相似度接触门控"",""display.contact_segment"":611,""display.contact_age_ms"":1135.2124,""display.contact_last_end_ns"":1240476446514800}"
S20260919_A,000133,199,1240477619741000,1240477627178400,NormalizedFit,1,1,True,unknown,False,False,0.0,0.4056405519420303,nan,nan,-0.16464609947035402,-0.3129963692079816,0.1986685485215367,x,y,z,-0.16464609947035402,-0.3129963692079816,0.1986685485215367,,,,,,,,2.158849772627865,-0.5924653608093222,0.022140556233377517,"{""x"":-0.16464609947035402,""y"":-0.3129963692079816,""z"":0.1986685485215367,""dx"":null,""dy"":null,""mode5"":null,""Q"":null,""X"":null,""Y"":null,""Z"":null,""dX"":2.158849772627865,""dY"":-0.5924653608093222,""dZ"":0.022140556233377517}","{""amplitude_uT"":410.82929361414773,""contact_threshold_uT"":40.0,""contact_gate"":""shape-aware ridge classifier + amplitude floor"",""cosine_similarity"":0.9956660067860752,""anti_jump_policy"":""快速门控（阈值/形状）"",""calibration_depth_range_mm"":[0.2,0.8],""depth_extrapolated"":true,""relative_reference"":""first valid prediction since B0/no-contact"",""xy_semantics"":""continuous XY RBF refit on all 441 positions at 1 mm spacing"",""fit_model"":""441点1 mm连续XY/RBF＋跨深度连续Z＋接触/释放门控"",""fit_variant"":""dense441_1mm_continuous_development"",""evidence_tier"":""development_dense441_single_repeat_random_validation_pending"",""continuous_xy_method"":""kernel_rbf"",""working_range_model"":false,""working_range_mm"":null,""outside_declared_working_range"":false,""calibration_domain_mm"":{""x"":[-10.0,10.0],""y"":[-10.0,10.0],""depth"":[0.2,0.8]},""xy_outside_calibration_domain"":false,""excluded_calibration_samples"":0,""uncorrected_static_xyz_mm"":[-0.16464609947035402,-0.3129963692079816,0.1986685485215367],""unaligned_xyz_mm"":[-1.4981151485217534,0.11417597960902093,0.1986685485215367],""xy_rotation_deg"":-4.580684956890044,""xy_translation_mm"":[1.3195654319610284,-0.5464514666381837],""xy_translation_source"":""five_point_reassembly"",""xy_translation_details"":{""preset"":""5×5｜441点1mm连续"",""calibration_points"":5,""calibration_strategy"":""rigid_rotation_translation_v1"",""calibration_rms_mm"":0.507358956567797,""check_rms_mm"":null},""dynamic_model_enabled"":false,""dynamic_history_ready"":false,""dynamic_gate"":0.0,""contact_score"":0.9993035458663668,""contact_score_threshold"":0.49492851692021117,""status"":""有效"",""preset"":""5×5｜441点1mm连续"",""needs_baseline"":false,""display.contact"":true,""display.contact_reason"":""拟合响应/相似度接触门控"",""display.contact_segment"":611,""display.contact_age_ms"":1161.3361,""display.contact_last_end_ns"":1240476446514800}"
S20260919_A,000133,200,1240477645970700,1240477676577000,NormalizedFit,1,1,True,unknown,False,False,0.0,0.3543463432438362,nan,nan,-0.16940882580539296,-0.23973081198989804,0.1984719589568782,x,y,z,-0.16940882580539296,-0.23973081198989804,0.1984719589568782,,,,,,,,2.154087046292826,-0.5191998035912386,0.021943966668719006,"{""x"":-0.16940882580539296,""y"":-0.23973081198989804,""z"":0.1984719589568782,""dx"":null,""dy"":null,""mode5"":null,""Q"":null,""X"":null,""Y"":null,""Z"":null,""dX"":2.154087046292826,""dY"":-0.5191998035912386,""dZ"":0.021943966668719006}","{""amplitude_uT"":411.11605723262574,""contact_threshold_uT"":40.0,""contact_gate"":""shape-aware ridge classifier + amplitude floor"",""cosine_similarity"":0.9959012253083382,""anti_jump_policy"":""快速门控（阈值/形状）"",""calibration_depth_range_mm"":[0.2,0.8],""depth_extrapolated"":true,""relative_reference"":""first valid prediction since B0/no-contact"",""xy_semantics"":""continuous XY RBF refit on all 441 positions at 1 mm spacing"",""fit_model"":""441点1 mm连续XY/RBF＋跨深度连续Z＋接触/释放门控"",""fit_variant"":""dense441_1mm_continuous_development"",""evidence_tier"":""development_dense441_single_repeat_random_validation_pending"",""continuous_xy_method"":""kernel_rbf"",""working_range_model"":false,""working_range_mm"":null,""outside_declared_working_range"":false,""calibration_domain_mm"":{""x"":[-10.0,10.0],""y"":[-10.0,10.0],""depth"":[0.2,0.8]},""xy_outside_calibration_domain"":false,""excluded_calibration_samples"":0,""uncorrected_static_xyz_mm"":[-0.16940882580539296,-0.23973081198989804,0.1984719589568782],""unaligned_xyz_mm"":[-1.5087138615021827,0.18682715110526882,0.1984719589568782],""xy_rotation_deg"":-4.580684956890044,""xy_translation_mm"":[1.3195654319610284,-0.5464514666381837],""xy_translation_source"":""five_point_reassembly"",""xy_translation_details"":{""preset"":""5×5｜441点1mm连续"",""calibration_points"":5,""calibration_strategy"":""rigid_rotation_translation_v1"",""calibration_rms_mm"":0.507358956567797,""check_rms_mm"":null},""dynamic_model_enabled"":false,""dynamic_history_ready"":false,""dynamic_gate"":0.0,""contact_score"":0.9992893268085898,""contact_score_threshold"":0.49492851692021117,""status"":""有效"",""preset"":""5×5｜441点1mm连续"",""needs_baseline"":false,""display.contact"":true,""display.contact_reason"":""拟合响应/相似度接触门控"",""display.contact_segment"":611,""display.contact_age_ms"":1187.5658,""display.contact_last_end_ns"":1240476446514800}"
S20260919_A,000133,201,1240477656710200,1240477679424500,NormalizedFit,1,1,True,unknown,False,False,0.0,0.2812190071761774,nan,nan,-0.029532647649036292,-0.19833941055259013,0.19716346249151717,x,y,z,-0.029532647649036292,-0.19833941055259013,0.19716346249151717,,,,,,,,2.2939632244491825,-0.4778084021539308,0.020635470203357986,"{""x"":-0.029532647649036292,""y"":-0.19833941055259013,""z"":0.19716346249151717,""dx"":null,""dy"":null,""mode5"":null,""Q"":null,""X"":null,""Y"":null,""Z"":null,""dX"":2.2939632244491825,""dY"":-0.4778084021539308,""dZ"":0.020635470203357986}","{""amplitude_uT"":413.12539211448876,""contact_threshold_uT"":40.0,""contact_gate"":""shape-aware ridge classifier + amplitude floor"",""cosine_similarity"":0.9963494488528902,""anti_jump_policy"":""快速门控（阈值/形状）"",""calibration_depth_range_mm"":[0.2,0.8],""depth_extrapolated"":true,""relative_reference"":""first valid prediction since B0/no-contact"",""xy_semantics"":""continuous XY RBF refit on all 441 positions at 1 mm spacing"",""fit_model"":""441点1 mm连续XY/RBF＋跨深度连续Z＋接触/释放门控"",""fit_variant"":""dense441_1mm_continuous_development"",""evidence_tier"":""development_dense441_single_repeat_random_validation_pending"",""continuous_xy_method"":""kernel_rbf"",""working_range_model"":false,""working_range_mm"":null,""outside_declared_working_range"":false,""calibration_domain_mm"":{""x"":[-10.0,10.0],""y"":[-10.0,10.0],""depth"":[0.2,0.8]},""xy_outside_calibration_domain"":false,""excluded_calibration_samples"":0,""uncorrected_static_xyz_mm"":[-0.029532647649036292,-0.19833941055259013,0.19716346249151717],""unaligned_xyz_mm"":[-1.372590104882791,0.2392572589861217,0.19716346249151717],""xy_rotation_deg"":-4.580684956890044,""xy_translation_mm"":[1.3195654319610284,-0.5464514666381837],""xy_translation_source"":""five_point_reassembly"",""xy_translation_details"":{""preset"":""5×5｜441点1mm连续"",""calibration_points"":5,""calibration_strategy"":""rigid_rotation_translation_v1"",""calibration_rms_mm"":0.507358956567797,""check_rms_mm"":null},""dynamic_model_enabled"":false,""dynamic_history_ready"":false,""dynamic_gate"":0.0,""contact_score"":0.9993749833840154,""contact_score_threshold"":0.49492851692021117,""status"":""有效"",""preset"":""5×5｜441点1mm连续"",""needs_baseline"":false,""display.contact"":true,""display.contact_reason"":""拟合响应/相似度接触门控"",""display.contact_segment"":611,""display.contact_age_ms"":1198.3053,""display.contact_last_end_ns"":1240476446514800}"
S20260919_A,000133,202,1240477682658800,1240477736057300,NormalizedFit,1,1,True,unknown,False,False,0.0,0.31917064904483755,nan,nan,0.09551954172701183,0.2435841382899353,0.18279137817061886,x,y,z,0.09551954172701183,0.2435841382899353,0.18279137817061886,,,,,,,,2.419015413825231,-0.03588485331140534,0.006263385882459671,"{""x"":0.09551954172701183,""y"":0.2435841382899353,""z"":0.18279137817061886,""dx"":null,""dy"":null,""mode5"":null,""Q"":null,""X"":null,""Y"":null,""Z"":null,""dX"":2.419015413825231,""dY"":-0.03588485331140534,""dZ"":0.006263385882459671}","{""amplitude_uT"":417.30769260642643,""contact_threshold_uT"":40.0,""contact_gate"":""shape-aware ridge classifier + amplitude floor"",""cosine_similarity"":0.9965170923658907,""anti_jump_policy"":""快速门控（阈值/形状）"",""calibration_depth_range_mm"":[0.2,0.8],""depth_extrapolated"":true,""relative_reference"":""first valid prediction since B0/no-contact"",""xy_semantics"":""continuous XY RBF refit on all 441 positions at 1 mm spacing"",""fit_model"":""441点1 mm连续XY/RBF＋跨深度连续Z＋接触/释放门控"",""fit_variant"":""dense441_1mm_continuous_development"",""evidence_tier"":""development_dense441_single_repeat_random_validation_pending"",""continuous_xy_method"":""kernel_rbf"",""working_range_model"":false,""working_range_mm"":null,""outside_declared_working_range"":false,""calibration_domain_mm"":{""x"":[-10.0,10.0],""y"":[-10.0,10.0],""depth"":[0.2,0.8]},""xy_outside_calibration_domain"":false,""excluded_calibration_samples"":0,""uncorrected_static_xyz_mm"":[0.09551954172701183,0.2435841382899353,0.18279137817061886],""unaligned_xyz_mm"":[-1.2832306437697736,0.6897562709705056,0.18279137817061886],""xy_rotation_deg"":-4.580684956890044,""xy_translation_mm"":[1.3195654319610284,-0.5464514666381837],""xy_translation_source"":""five_point_reassembly"",""xy_translation_details"":{""preset"":""5×5｜441点1mm连续"",""calibration_points"":5,""calibration_strategy"":""rigid_rotation_translation_v1"",""calibration_rms_mm"":0.507358956567797,""check_rms_mm"":null},""dynamic_model_enabled"":false,""dynamic_history_ready"":false,""dynamic_gate"":0.0,""contact_score"":0.9994425987777074,""contact_score_threshold"":0.49492851692021117,""status"":""有效"",""preset"":""5×5｜441点1mm连续"",""needs_baseline"":false,""display.contact"":true,""display.contact_reason"":""拟合响应/相似度接触门控"",""display.contact_segment"":611,""display.contact_age_ms"":1224.2539,""display.contact_last_end_ns"":1240476446514800}"
S20260919_A,000133,203,1240477707594300,1240477738790400,NormalizedFit,1,1,True,unknown,False,False,0.0,0.3130625694901306,nan,nan,0.21365679413698646,0.14023758836997358,0.1808103026462876,x,y,z,0.21365679413698646,0.14023758836997358,0.1808103026462876,,,,,,,,2.5371526662352055,-0.13923140323136707,0.004282310358128427,"{""x"":0.21365679413698646,""y"":0.14023758836997358,""z"":0.1808103026462876,""dx"":null,""dy"":null,""mode5"":null,""Q"":null,""X"":null,""Y"":null,""Z"":null,""dX"":2.5371526662352055,""dY"":-0.13923140323136707,""dZ"":0.004282310358128427}","{""amplitude_uT"":415.0019768705929,""contact_threshold_uT"":40.0,""contact_gate"":""shape-aware ridge classifier + amplitude floor"",""cosine_similarity"":0.9965780254815807,""anti_jump_policy"":""快速门控（阈值/形状）"",""calibration_depth_range_mm"":[0.2,0.8],""depth_extrapolated"":true,""relative_reference"":""first valid prediction since B0/no-contact"",""xy_semantics"":""continuous XY RBF refit on all 441 positions at 1 mm spacing"",""fit_model"":""441点1 mm连续XY/RBF＋跨深度连续Z＋接触/释放门控"",""fit_variant"":""dense441_1mm_continuous_development"",""evidence_tier"":""development_dense441_single_repeat_random_validation_pending"",""continuous_xy_method"":""kernel_rbf"",""working_range_model"":false,""working_range_mm"":null,""outside_declared_working_range"":false,""calibration_domain_mm"":{""x"":[-10.0,10.0],""y"":[-10.0,10.0],""depth"":[0.2,0.8]},""xy_outside_calibration_domain"":false,""excluded_calibration_samples"":0,""uncorrected_static_xyz_mm"":[0.21365679413698646,0.14023758836997358,0.1808103026462876],""unaligned_xyz_mm"":[-1.1572171839283003,0.5961746075629843,0.1808103026462876],""xy_rotation_deg"":-4.580684956890044,""xy_translation_mm"":[1.3195654319610284,-0.5464514666381837],""xy_translation_source"":""five_point_reassembly"",""xy_translation_details"":{""preset"":""5×5｜441点1mm连续"",""calibration_points"":5,""calibration_strategy"":""rigid_rotation_translation_v1"",""calibration_rms_mm"":0.507358956567797,""check_rms_mm"":null},""dynamic_model_enabled"":false,""dynamic_history_ready"":false,""dynamic_gate"":0.0,""contact_score"":0.9993940817453034,""contact_score_threshold"":0.49492851692021117,""status"":""有效"",""preset"":""5×5｜441点1mm连续"",""needs_baseline"":false,""display.contact"":true,""display.contact_reason"":""拟合响应/相似度接触门控"",""display.contact_segment"":611,""display.contact_age_ms"":1249.1894,""display.contact_last_end_ns"":1240476446514800}"
S20260919_A,000133,204,1240477718523300,1240477741412900,NormalizedFit,1,1,True,unknown,False,False,0.0,0.46150604051060473,nan,nan,0.13032693102463955,0.4036205668925261,0.1819152397652012,x,y,z,0.13032693102463955,0.4036205668925261,0.1819152397652012,,,,,,,,2.4538228031228586,0.12415157529118548,0.005387247477042001,"{""x"":0.13032693102463955,""y"":0.4036205668925261,""z"":0.1819152397652012,""dx"":null,""dy"":null,""mode5"":null,""Q"":null,""X"":null,""Y"":null,""Z"":null,""dX"":2.4538228031228586,""dY"":0.12415157529118548,""dZ"":0.005387247477042001}","{""amplitude_uT"":412.333080189123,""contact_threshold_uT"":40.0,""contact_gate"":""shape-aware ridge classifier + amplitude floor"",""cosine_similarity"":0.996656152981845,""anti_jump_policy"":""快速门控（阈值/形状）"",""calibration_depth_range_mm"":[0.2,0.8],""depth_extrapolated"":true,""relative_reference"":""first valid prediction since B0/no-contact"",""xy_semantics"":""continuous XY RBF refit on all 441 positions at 1 mm spacing"",""fit_model"":""441点1 mm连续XY/RBF＋跨深度连续Z＋接触/释放门控"",""fit_variant"":""dense441_1mm_continuous_development"",""evidence_tier"":""development_dense441_single_repeat_random_validation_pending"",""continuous_xy_method"":""kernel_rbf"",""working_range_model"":false,""working_range_mm"":null,""outside_declared_working_range"":false,""calibration_domain_mm"":{""x"":[-10.0,10.0],""y"":[-10.0,10.0],""depth"":[0.2,0.8]},""xy_outside_calibration_domain"":false,""excluded_calibration_samples"":0,""uncorrected_static_xyz_mm"":[0.13032693102463955,0.4036205668925261,0.1819152397652012],""unaligned_xyz_mm"":[-1.2613154066471144,0.8520613393184977,0.1819152397652012],""xy_rotation_deg"":-4.580684956890044,""xy_translation_mm"":[1.3195654319610284,-0.5464514666381837],""xy_translation_source"":""five_point_reassembly"",""xy_translation_details"":{""preset"":""5×5｜441点1mm连续"",""calibration_points"":5,""calibration_strategy"":""rigid_rotation_translation_v1"",""calibration_rms_mm"":0.507358956567797,""check_rms_mm"":null},""dynamic_model_enabled"":false,""dynamic_history_ready"":false,""dynamic_gate"":0.0,""contact_score"":0.9994577690841175,""contact_score_threshold"":0.49492851692021117,""status"":""有效"",""preset"":""5×5｜441点1mm连续"",""needs_baseline"":false,""display.contact"":true,""display.contact_reason"":""拟合响应/相似度接触门控"",""display.contact_segment"":611,""display.contact_age_ms"":1260.1184,""display.contact_last_end_ns"":1240476446514800}"
S20260919_A,000133,205,1240477744617100,1240477797620500,NormalizedFit,1,1,True,unknown,False,False,0.0,0.6145424626039385,nan,nan,0.1413982201208468,0.569885587749497,0.18138191355639632,x,y,z,0.1413982201208468,0.569885587749497,0.18138191355639632,,,,,,,,2.4648940922190654,0.2904165961481564,0.004853921268237138,"{""x"":0.1413982201208468,""y"":0.569885587749497,""z"":0.18138191355639632,""dx"":null,""dy"":null,""mode5"":null,""Q"":null,""X"":null,""Y"":null,""Z"":null,""dX"":2.4648940922190654,""dY"":0.2904165961481564,""dZ"":0.004853921268237138}","{""amplitude_uT"":415.2286648564859,""contact_threshold_uT"":40.0,""contact_gate"":""shape-aware ridge classifier + amplitude floor"",""cosine_similarity"":0.9964197518602562,""anti_jump_policy"":""快速门控（阈值/形状）"",""calibration_depth_range_mm"":[0.2,0.8],""depth_extrapolated"":true,""relative_reference"":""first valid prediction since B0/no-contact"",""xy_semantics"":""continuous XY RBF refit on all 441 positions at 1 mm spacing"",""fit_model"":""441点1 mm连续XY/RBF＋跨深度连续Z＋接触/释放门控"",""fit_variant"":""dense441_1mm_continuous_development"",""evidence_tier"":""development_dense441_single_repeat_random_validation_pending"",""continuous_xy_method"":""kernel_rbf"",""working_range_model"":false,""working_range_mm"":null,""outside_declared_working_range"":false,""calibration_domain_mm"":{""x"":[-10.0,10.0],""y"":[-10.0,10.0],""depth"":[0.2,0.8]},""xy_outside_calibration_domain"":false,""excluded_calibration_samples"":0,""uncorrected_static_xyz_mm"":[0.1413982201208468,0.569885587749497,0.18138191355639632],""unaligned_xyz_mm"":[-1.2635578866521566,1.0186794712437108,0.18138191355639632],""xy_rotation_deg"":-4.580684956890044,""xy_translation_mm"":[1.3195654319610284,-0.5464514666381837],""xy_translation_source"":""five_point_reassembly"",""xy_translation_details"":{""preset"":""5×5｜441点1mm连续"",""calibration_points"":5,""calibration_strategy"":""rigid_rotation_translation_v1"",""calibration_rms_mm"":0.507358956567797,""check_rms_mm"":null},""dynamic_model_enabled"":false,""dynamic_history_ready"":false,""dynamic_gate"":0.0,""contact_score"":0.9994552591240471,""contact_score_threshold"":0.49492851692021117,""status"":""有效"",""preset"":""5×5｜441点1mm连续"",""needs_baseline"":false,""display.contact"":true,""display.contact_reason"":""拟合响应/相似度接触门控"",""display.contact_segment"":611,""display.contact_age_ms"":1286.2122,""display.contact_last_end_ns"":1240476446514800}"
S20260919_A,000133,206,1240477771384400,1240477800692000,NormalizedFit,1,1,True,unknown,False,False,0.0,0.7193131892758423,nan,nan,-0.02851277829156107,0.6947996163113204,0.1839890728111916,x,y,z,-0.02851277829156107,0.6947996163113204,0.1839890728111916,,,,,,,,2.2949830938066578,0.4153306247099797,0.007461080523032404,"{""x"":-0.02851277829156107,""y"":0.6947996163113204,""z"":0.1839890728111916,""dx"":null,""dy"":null,""mode5"":null,""Q"":null,""X"":null,""Y"":null,""Z"":null,""dX"":2.2949830938066578,""dY"":0.4153306247099797,""dZ"":0.007461080523032404}","{""amplitude_uT"":414.8736671861685,""contact_threshold_uT"":40.0,""contact_gate"":""shape-aware ridge classifier + amplitude floor"",""cosine_similarity"":0.9963845593455142,""anti_jump_policy"":""快速门控（阈值/形状）"",""calibration_depth_range_mm"":[0.2,0.8],""depth_extrapolated"":true,""relative_reference"":""first valid prediction since B0/no-contact"",""xy_semantics"":""continuous XY RBF refit on all 441 positions at 1 mm spacing"",""fit_model"":""441点1 mm连续XY/RBF＋跨深度连续Z＋接触/释放门控"",""fit_variant"":""dense441_1mm_continuous_development"",""evidence_tier"":""development_dense441_single_repeat_random_validation_pending"",""continuous_xy_method"":""kernel_rbf"",""working_range_model"":false,""working_range_mm"":null,""outside_declared_working_range"":false,""calibration_domain_mm"":{""x"":[-10.0,10.0],""y"":[-10.0,10.0],""depth"":[0.2,0.8]},""xy_outside_calibration_domain"":false,""excluded_calibration_samples"":0,""uncorrected_static_xyz_mm"":[-0.02851277829156107,0.6947996163113204,0.1839890728111916],""unaligned_xyz_mm"":[-1.4429021610598776,1.1296249224808546,0.1839890728111916],""xy_rotation_deg"":-4.580684956890044,""xy_translation_mm"":[1.3195654319610284,-0.5464514666381837],""xy_translation_source"":""five_point_reassembly"",""xy_translation_details"":{""preset"":""5×5｜441点1mm连续"",""calibration_points"":5,""calibration_strategy"":""rigid_rotation_translation_v1"",""calibration_rms_mm"":0.507358956567797,""check_rms_mm"":null},""dynamic_model_enabled"":false,""dynamic_history_ready"":false,""dynamic_gate"":0.0,""contact_score"":0.9994625010171448,""contact_score_threshold"":0.49492851692021117,""status"":""有效"",""preset"":""5×5｜441点1mm连续"",""needs_baseline"":false,""display.contact"":true,""display.contact_reason"":""拟合响应/相似度接触门控"",""display.contact_segment"":611,""display.contact_age_ms"":1312.9795,""display.contact_last_end_ns"":1240476446514800}"
S20260919_A,000133,207,1240477782365600,1240477803465300,NormalizedFit,1,1,True,unknown,False,False,0.0,0.7815507528015556,nan,nan,-0.2902324695680878,0.7033108616043873,0.17871912254255762,x,y,z,-0.2902324695680878,0.7033108616043873,0.17871912254255762,,,,,,,,2.033263402530131,0.42384187000304663,0.0021911302543984323,"{""x"":-0.2902324695680878,""y"":0.7033108616043873,""z"":0.17871912254255762,""dx"":null,""dy"":null,""mode5"":null,""Q"":null,""X"":null,""Y"":null,""Z"":null,""dX"":2.033263402530131,""dY"":0.42384187000304663,""dZ"":0.0021911302543984323}","{""amplitude_uT"":412.8480921374108,""contact_threshold_uT"":40.0,""contact_gate"":""shape-aware ridge classifier + amplitude floor"",""cosine_similarity"":0.9967469829857692,""anti_jump_policy"":""快速门控（阈值/形状）"",""calibration_depth_range_mm"":[0.2,0.8],""depth_extrapolated"":true,""relative_reference"":""first valid prediction since B0/no-contact"",""xy_semantics"":""continuous XY RBF refit on all 441 positions at 1 mm spacing"",""fit_model"":""441点1 mm连续XY/RBF＋跨深度连续Z＋接触/释放门控"",""fit_variant"":""dense441_1mm_continuous_development"",""evidence_tier"":""development_dense441_single_repeat_random_validation_pending"",""continuous_xy_method"":""kernel_rbf"",""working_range_model"":false,""working_range_mm"":null,""outside_declared_working_range"":false,""calibration_domain_mm"":{""x"":[-10.0,10.0],""y"":[-10.0,10.0],""depth"":[0.2,0.8]},""xy_outside_calibration_domain"":false,""excluded_calibration_samples"":0,""uncorrected_static_xyz_mm"":[-0.2902324695680878,0.7033108616043873,0.17871912254255762],""unaligned_xyz_mm"":[-1.7044656151019462,1.1172072895380616,0.17871912254255762],""xy_rotation_deg"":-4.580684956890044,""xy_translation_mm"":[1.3195654319610284,-0.5464514666381837],""xy_translation_source"":""five_point_reassembly"",""xy_translation_details"":{""preset"":""5×5｜441点1mm连续"",""calibration_points"":5,""calibration_strategy"":""rigid_rotation_translation_v1"",""calibration_rms_mm"":0.507358956567797,""check_rms_mm"":null},""dynamic_model_enabled"":false,""dynamic_history_ready"":false,""dynamic_gate"":0.0,""contact_score"":0.9994973987594025,""contact_score_threshold"":0.49492851692021117,""status"":""有效"",""preset"":""5×5｜441点1mm连续"",""needs_baseline"":false,""display.contact"":true,""display.contact_reason"":""拟合响应/相似度接触门控"",""display.contact_segment"":611,""display.contact_age_ms"":1323.9607,""display.contact_last_end_ns"":1240476446514800}"
S20260919_A,000133,208,1240477807212200,1240477838243400,NormalizedFit,1,1,True,unknown,False,False,0.0,0.5225980317075557,nan,nan,-0.20847033826992067,0.44324695364549527,0.18215641325581822,x,y,z,-0.20847033826992067,0.44324695364549527,0.18215641325581822,,,,,,,,2.115025533828298,0.16377796204415462,0.005628420967659031,"{""x"":-0.20847033826992067,""y"":0.44324695364549527,""z"":0.18215641325581822,""dx"":null,""dy"":null,""mode5"":null,""Q"":null,""X"":null,""Y"":null,""Z"":null,""dX"":2.115025533828298,""dY"":0.16377796204415462,""dZ"":0.005628420967659031}","{""amplitude_uT"":409.12710552070513,""contact_threshold_uT"":40.0,""contact_gate"":""shape-aware ridge classifier + amplitude floor"",""cosine_similarity"":0.9962416535854854,""anti_jump_policy"":""快速门控（阈值/形状）"",""calibration_depth_range_mm"":[0.2,0.8],""depth_extrapolated"":true,""relative_reference"":""first valid prediction since B0/no-contact"",""xy_semantics"":""continuous XY RBF refit on all 441 positions at 1 mm spacing"",""fit_model"":""441点1 mm连续XY/RBF＋跨深度连续Z＋接触/释放门控"",""fit_variant"":""dense441_1mm_continuous_development"",""evidence_tier"":""development_dense441_single_repeat_random_validation_pending"",""continuous_xy_method"":""kernel_rbf"",""working_range_model"":false,""working_range_mm"":null,""outside_declared_working_range"":false,""calibration_domain_mm"":{""x"":[-10.0,10.0],""y"":[-10.0,10.0],""depth"":[0.2,0.8]},""xy_outside_calibration_domain"":false,""excluded_calibration_samples"":0,""uncorrected_static_xyz_mm"":[-0.20847033826992067,0.44324695364549527,0.18215641325581822],""unaligned_xyz_mm"":[-1.6021951872213611,0.8645038231621691,0.18215641325581822],""xy_rotation_deg"":-4.580684956890044,""xy_translation_mm"":[1.3195654319610284,-0.5464514666381837],""xy_translation_source"":""five_point_reassembly"",""xy_translation_details"":{""preset"":""5×5｜441点1mm连续"",""calibration_points"":5,""calibration_strategy"":""rigid_rotation_translation_v1"",""calibration_rms_mm"":0.507358956567797,""check_rms_mm"":null},""dynamic_model_enabled"":false,""dynamic_history_ready"":false,""dynamic_gate"":0.0,""contact_score"":0.9994547935861389,""contact_score_threshold"":0.49492851692021117,""status"":""有效"",""preset"":""5×5｜441点1mm连续"",""needs_baseline"":false,""display.contact"":true,""display.contact_reason"":""拟合响应/相似度接触门控"",""display.contact_segment"":611,""display.contact_age_ms"":1348.8073,""display.contact_last_end_ns"":1240476446514800}"
S20260919_A,000133,209,1240477834174200,1240477841681400,NormalizedFit,1,1,True,unknown,False,False,0.0,0.22795190838715798,nan,nan,-0.11958935622171651,0.08863271989987387,0.17264037586547698,x,y,z,-0.11958935622171651,0.08863271989987387,0.17264037586547698,,,,,,,,2.2039065158765023,-0.19083627170146678,-0.003887616422682205,"{""x"":-0.11958935622171651,""y"":0.08863271989987387,""z"":0.17264037586547698,""dx"":null,""dy"":null,""mode5"":null,""Q"":null,""X"":null,""Y"":null,""Z"":null,""dX"":2.2039065158765023,""dY"":-0.19083627170146678,""dZ"":-0.003887616422682205}","{""amplitude_uT"":411.41171741152414,""contact_threshold_uT"":40.0,""contact_gate"":""shape-aware ridge classifier + amplitude floor"",""cosine_similarity"":0.9961965979984584,""anti_jump_policy"":""快速门控（阈值/形状）"",""calibration_depth_range_mm"":[0.2,0.8],""depth_extrapolated"":true,""relative_reference"":""first valid prediction since B0/no-contact"",""xy_semantics"":""continuous XY RBF refit on all 441 positions at 1 mm spacing"",""fit_model"":""441点1 mm连续XY/RBF＋跨深度连续Z＋接触/释放门控"",""fit_variant"":""dense441_1mm_continuous_development"",""evidence_tier"":""development_dense441_single_repeat_random_validation_pending"",""continuous_xy_method"":""kernel_rbf"",""working_range_model"":false,""working_range_mm"":null,""outside_declared_working_range"":false,""calibration_domain_mm"":{""x"":[-10.0,10.0],""y"":[-10.0,10.0],""depth"":[0.2,0.8]},""xy_outside_calibration_domain"":false,""excluded_calibration_samples"":0,""uncorrected_static_xyz_mm"":[-0.11958935622171651,0.08863271989987387,0.17264037586547698],""unaligned_xyz_mm"":[-1.4852775845139972,0.518120570215364,0.17264037586547698],""xy_rotation_deg"":-4.580684956890044,""xy_translation_mm"":[1.3195654319610284,-0.5464514666381837],""xy_translation_source"":""five_point_reassembly"",""xy_translation_details"":{""preset"":""5×5｜441点1mm连续"",""calibration_points"":5,""calibration_strategy"":""rigid_rotation_translation_v1"",""calibration_rms_mm"":0.507358956567797,""check_rms_mm"":null},""dynamic_model_enabled"":false,""dynamic_history_ready"":false,""dynamic_gate"":0.0,""contact_score"":0.9993499566114625,""contact_score_threshold"":0.49492851692021117,""status"":""有效"",""preset"":""5×5｜441点1mm连续"",""needs_baseline"":false,""display.contact"":true,""display.contact_reason"":""拟合响应/相似度接触门控"",""display.contact_segment"":611,""display.contact_age_ms"":1375.7693,""display.contact_last_end_ns"":1240476446514800}"
S20260919_A,000133,210,1240477845236800,1240477897089500,NormalizedFit,1,1,True,unknown,False,False,0.0,0.3308861876407019,nan,nan,0.23539364375825378,0.16511817813219098,0.16374214149056476,x,y,z,0.23539364375825378,0.16511817813219098,0.16374214149056476,,,,,,,,2.558889515856473,-0.11435081346914966,-0.012785850797594422,"{""x"":0.23539364375825378,""y"":0.16511817813219098,""z"":0.16374214149056476,""dx"":null,""dy"":null,""mode5"":null,""Q"":null,""X"":null,""Y"":null,""Z"":null,""dX"":2.558889515856473,""dY"":-0.11435081346914966,""dZ"":-0.012785850797594422}","{""amplitude_uT"":408.1688095843435,""contact_threshold_uT"":40.0,""contact_gate"":""shape-aware ridge classifier + amplitude floor"",""cosine_similarity"":0.9958512494521093,""anti_jump_policy"":""快速门控（阈值/形状）"",""calibration_depth_range_mm"":[0.2,0.8],""depth_extrapolated"":true,""relative_reference"":""first valid prediction since B0/no-contact"",""xy_semantics"":""continuous XY RBF refit on all 441 positions at 1 mm spacing"",""fit_model"":""441点1 mm连续XY/RBF＋跨深度连续Z＋接触/释放门控"",""fit_variant"":""dense441_1mm_continuous_development"",""evidence_tier"":""development_dense441_single_repeat_random_validation_pending"",""continuous_xy_method"":""kernel_rbf"",""working_range_model"":false,""working_range_mm"":null,""outside_declared_working_range"":false,""calibration_domain_mm"":{""x"":[-10.0,10.0],""y"":[-10.0,10.0],""depth"":[0.2,0.8]},""xy_outside_calibration_domain"":false,""excluded_calibration_samples"":0,""uncorrected_static_xyz_mm"":[0.23539364375825378,0.16511817813219098,0.16374214149056476],""unaligned_xyz_mm"":[-1.1375368008131659,0.6227116929118859,0.16374214149056476],""xy_rotation_deg"":-4.580684956890044,""xy_translation_mm"":[1.3195654319610284,-0.5464514666381837],""xy_translation_source"":""five_point_reassembly"",""xy_translation_details"":{""preset"":""5×5｜441点1mm连续"",""calibration_points"":5,""calibration_strategy"":""rigid_rotation_translation_v1"",""calibration_rms_mm"":0.507358956567797,""check_rms_mm"":null},""dynamic_model_enabled"":false,""dynamic_history_ready"":false,""dynamic_gate"":0.0,""contact_score"":0.9993761884307604,""contact_score_threshold"":0.49492851692021117,""status"":""有效"",""preset"":""5×5｜441点1mm连续"",""needs_baseline"":false,""display.contact"":true,""display.contact_reason"":""拟合响应/相似度接触门控"",""display.contact_segment"":611,""display.contact_age_ms"":1386.8319,""display.contact_last_end_ns"":1240476446514800}"
S20260919_A,000133,211,1240477872006500,1240477899961400,NormalizedFit,1,1,True,unknown,False,False,0.0,0.46174237383844485,nan,nan,0.37178233786456427,0.22273357772054936,0.1592911372478868,x,y,z,0.37178233786456427,0.22273357772054936,0.1592911372478868,,,,,,,,2.6952782099627832,-0.056735413880791286,-0.017236855040272392,"{""x"":0.37178233786456427,""y"":0.22273357772054936,""z"":0.1592911372478868,""dx"":null,""dy"":null,""mode5"":null,""Q"":null,""X"":null,""Y"":null,""Z"":null,""dX"":2.6952782099627832,""dY"":-0.056735413880791286,""dZ"":-0.017236855040272392}","{""amplitude_uT"":410.6805199902956,""contact_threshold_uT"":40.0,""contact_gate"":""shape-aware ridge classifier + amplitude floor"",""cosine_similarity"":0.9962330410802815,""anti_jump_policy"":""快速门控（阈值/形状）"",""calibration_depth_range_mm"":[0.2,0.8],""depth_extrapolated"":true,""relative_reference"":""first valid prediction since B0/no-contact"",""xy_semantics"":""continuous XY RBF refit on all 441 positions at 1 mm spacing"",""fit_model"":""441点1 mm连续XY/RBF＋跨深度连续Z＋接触/释放门控"",""fit_variant"":""dense441_1mm_continuous_development"",""evidence_tier"":""development_dense441_single_repeat_random_validation_pending"",""continuous_xy_method"":""kernel_rbf"",""working_range_model"":false,""working_range_mm"":null,""outside_declared_working_range"":false,""calibration_domain_mm"":{""x"":[-10.0,10.0],""y"":[-10.0,10.0],""depth"":[0.2,0.8]},""xy_outside_calibration_domain"":false,""excluded_calibration_samples"":0,""uncorrected_static_xyz_mm"":[0.37178233786456427,0.22273357772054936,0.1592911372478868],""unaligned_xyz_mm"":[-1.0061850841773428,0.6910354566151051,0.1592911372478868],""xy_rotation_deg"":-4.580684956890044,""xy_translation_mm"":[1.3195654319610284,-0.5464514666381837],""xy_translation_source"":""five_point_reassembly"",""xy_translation_details"":{""preset"":""5×5｜441点1mm连续"",""calibration_points"":5,""calibration_strategy"":""rigid_rotation_translation_v1"",""calibration_rms_mm"":0.507358956567797,""check_rms_mm"":null},""dynamic_model_enabled"":false,""dynamic_history_ready"":false,""dynamic_gate"":0.0,""contact_score"":0.99945214563955,""contact_score_threshold"":0.49492851692021117,""status"":""有效"",""preset"":""5×5｜441点1mm连续"",""needs_baseline"":false,""display.contact"":true,""display.contact_reason"":""拟合响应/相似度接触门控"",""display.contact_segment"":611,""display.contact_age_ms"":1413.6016,""display.contact_last_end_ns"":1240476446514800}"
S20260919_A,000133,212,1240477898059800,1240477935412400,NormalizedFit,1,1,True,unknown,False,False,0.0,0.6958136302537714,nan,nan,0.44036662425103446,0.513693488967554,0.16233558970546746,x,y,z,0.44036662425103446,0.513693488967554,0.16233558970546746,,,,,,,,2.7638624963492533,0.2342244973662133,-0.014192402582691721,"{""x"":0.44036662425103446,""y"":0.513693488967554,""z"":0.16233558970546746,""dx"":null,""dy"":null,""mode5"":null,""Q"":null,""X"":null,""Y"":null,""Z"":null,""dX"":2.7638624963492533,""dY"":0.2342244973662133,""dZ"":-0.014192402582691721}","{""amplitude_uT"":409.5270483051146,""contact_threshold_uT"":40.0,""contact_gate"":""shape-aware ridge classifier + amplitude floor"",""cosine_similarity"":0.9958772064356611,""anti_jump_policy"":""快速门控（阈值/形状）"",""calibration_depth_range_mm"":[0.2,0.8],""depth_extrapolated"":true,""relative_reference"":""first valid prediction since B0/no-contact"",""xy_semantics"":""continuous XY RBF refit on all 441 positions at 1 mm spacing"",""fit_model"":""441点1 mm连续XY/RBF＋跨深度连续Z＋接触/释放门控"",""fit_variant"":""dense441_1mm_continuous_development"",""evidence_tier"":""development_dense441_single_repeat_random_validation_pending"",""continuous_xy_method"":""kernel_rbf"",""working_range_model"":false,""working_range_mm"":null,""outside_declared_working_range"":false,""calibration_domain_mm"":{""x"":[-10.0,10.0],""y"":[-10.0,10.0],""depth"":[0.2,0.8]},""xy_outside_calibration_domain"":false,""excluded_calibration_samples"":0,""uncorrected_static_xyz_mm"":[0.44036662425103446,0.513693488967554,0.16233558970546746],""unaligned_xyz_mm"":[-0.9610567664688334,0.9865433401525938,0.16233558970546746],""xy_rotation_deg"":-4.580684956890044,""xy_translation_mm"":[1.3195654319610284,-0.5464514666381837],""xy_translation_source"":""five_point_reassembly"",""xy_translation_details"":{""preset"":""5×5｜441点1mm连续"",""calibration_points"":5,""calibration_strategy"":""rigid_rotation_translation_v1"",""calibration_rms_mm"":0.507358956567797,""check_rms_mm"":null},""dynamic_model_enabled"":false,""dynamic_history_ready"":false,""dynamic_gate"":0.0,""contact_score"":0.9994328901186217,""contact_score_threshold"":0.49492851692021117,""status"":""有效"",""preset"":""5×5｜441点1mm连续"",""needs_baseline"":false,""display.contact"":true,""display.contact_reason"":""拟合响应/相似度接触门控"",""display.contact_segment"":611,""display.contact_age_ms"":1439.6549,""display.contact_last_end_ns"":1240476446514800}"
S20260919_A,000133,213,1240477908076800,1240477939574300,NormalizedFit,1,1,True,unknown,False,False,0.0,0.4940290838490271,nan,nan,0.24624613747250734,0.3938520835754402,0.16825014630562596,x,y,z,0.24624613747250734,0.3938520835754402,0.16825014630562596,,,,,,,,2.569742009570726,0.11438309197409957,-0.008277845982533227,"{""x"":0.24624613747250734,""y"":0.3938520835754402,""z"":0.16825014630562596,""dx"":null,""dy"":null,""mode5"":null,""Q"":null,""X"":null,""Y"":null,""Z"":null,""dX"":2.569742009570726,""dY"":0.11438309197409957,""dZ"":-0.008277845982533227}","{""amplitude_uT"":411.8879959096885,""contact_threshold_uT"":40.0,""contact_gate"":""shape-aware ridge classifier + amplitude floor"",""cosine_similarity"":0.9966357282866679,""anti_jump_policy"":""快速门控（阈值/形状）"",""calibration_depth_range_mm"":[0.2,0.8],""depth_extrapolated"":true,""relative_reference"":""first valid prediction since B0/no-contact"",""xy_semantics"":""continuous XY RBF refit on all 441 positions at 1 mm spacing"",""fit_model"":""441点1 mm连续XY/RBF＋跨深度连续Z＋接触/释放门控"",""fit_variant"":""dense441_1mm_continuous_development"",""evidence_tier"":""development_dense441_single_repeat_random_validation_pending"",""continuous_xy_method"":""kernel_rbf"",""working_range_model"":false,""working_range_mm"":null,""outside_declared_working_range"":false,""calibration_domain_mm"":{""x"":[-10.0,10.0],""y"":[-10.0,10.0],""depth"":[0.2,0.8]},""xy_outside_calibration_domain"":false,""excluded_calibration_samples"":0,""uncorrected_static_xyz_mm"":[0.24624613747250734,0.3938520835754402,0.16825014630562596],""unaligned_xyz_mm"":[-1.1449863232793707,0.8515817012881794,0.16825014630562596],""xy_rotation_deg"":-4.580684956890044,""xy_translation_mm"":[1.3195654319610284,-0.5464514666381837],""xy_translation_source"":""five_point_reassembly"",""xy_translation_details"":{""preset"":""5×5｜441点1mm连续"",""calibration_points"":5,""calibration_strategy"":""rigid_rotation_translation_v1"",""calibration_rms_mm"":0.507358956567797,""check_rms_mm"":null},""dynamic_model_enabled"":false,""dynamic_history_ready"":false,""dynamic_gate"":0.0,""contact_score"":0.9994937399696571,""contact_score_threshold"":0.49492851692021117,""status"":""有效"",""preset"":""5×5｜441点1mm连续"",""needs_baseline"":false,""display.contact"":true,""display.contact_reason"":""拟合响应/相似度接触门控"",""display.contact_segment"":611,""display.contact_age_ms"":1449.6719,""display.contact_last_end_ns"":1240476446514800}"
S20260919_A,000133,214,1240477933917300,1240477943145900,NormalizedFit,1,1,True,unknown,False,False,0.0,0.6254904152698015,nan,nan,0.43279358442697524,0.41700509521459495,0.17330528970088022,x,y,z,0.43279358442697524,0.41700509521459495,0.17330528970088022,,,,,,,,2.7562894565251943,0.1375361036132543,-0.0032227025872789694,"{""x"":0.43279358442697524,""y"":0.41700509521459495,""z"":0.17330528970088022,""dx"":null,""dy"":null,""mode5"":null,""Q"":null,""X"":null,""Y"":null,""Z"":null,""dX"":2.7562894565251943,""dY"":0.1375361036132543,""dZ"":-0.0032227025872789694}","{""amplitude_uT"":417.2017528306894,""contact_threshold_uT"":40.0,""contact_gate"":""shape-aware ridge classifier + amplitude floor"",""cosine_similarity"":0.9960834590069576,""anti_jump_policy"":""快速门控（阈值/形状）"",""calibration_depth_range_mm"":[0.2,0.8],""depth_extrapolated"":true,""relative_reference"":""first valid prediction since B0/no-contact"",""xy_semantics"":""continuous XY RBF refit on all 441 positions at 1 mm spacing"",""fit_model"":""441点1 mm连续XY/RBF＋跨深度连续Z＋接触/释放门控"",""fit_variant"":""dense441_1mm_continuous_development"",""evidence_tier"":""development_dense441_single_repeat_random_validation_pending"",""continuous_xy_method"":""kernel_rbf"",""working_range_model"":false,""working_range_mm"":null,""outside_declared_working_range"":false,""calibration_domain_mm"":{""x"":[-10.0,10.0],""y"":[-10.0,10.0],""depth"":[0.2,0.8]},""xy_outside_calibration_domain"":false,""excluded_calibration_samples"":0,""uncorrected_static_xyz_mm"":[0.43279358442697524,0.41700509521459495,0.17330528970088022],""unaligned_xyz_mm"":[-0.9608838019314025,0.8895589780008901,0.17330528970088022],""xy_rotation_deg"":-4.580684956890044,""xy_translation_mm"":[1.3195654319610284,-0.5464514666381837],""xy_translation_source"":""five_point_reassembly"",""xy_translation_details"":{""preset"":""5×5｜441点1mm连续"",""calibration_points"":5,""calibration_strategy"":""rigid_rotation_translation_v1"",""calibration_rms_mm"":0.507358956567797,""check_rms_mm"":null},""dynamic_model_enabled"":false,""dynamic_history_ready"":false,""dynamic_gate"":0.0,""contact_score"":0.9994645693704248,""contact_score_threshold"":0.49492851692021117,""status"":""有效"",""preset"":""5×5｜441点1mm连续"",""needs_baseline"":false,""display.contact"":true,""display.contact_reason"":""拟合响应/相似度接触门控"",""display.contact_segment"":611,""display.contact_age_ms"":1475.5124,""display.contact_last_end_ns"":1240476446514800}"
S20260919_A,000133,215,1240477961770500,1240477995129800,NormalizedFit,1,1,True,unknown,False,False,0.0,0.5038502686863421,nan,nan,0.34763426725769564,0.3138620641076779,0.18575821434750084,x,y,z,0.34763426725769564,0.3138620641076779,0.18575821434750084,,,,,,,,2.6711301393559146,0.034393072506337274,0.009230222059341653,"{""x"":0.34763426725769564,""y"":0.3138620641076779,""z"":0.18575821434750084,""dx"":null,""dy"":null,""mode5"":null,""Q"":null,""X"":null,""Y"":null,""Z"":null,""dX"":2.6711301393559146,""dY"":0.034393072506337274,""dZ"":0.009230222059341653}","{""amplitude_uT"":425.24156513151405,""contact_threshold_uT"":40.0,""contact_gate"":""shape-aware ridge classifier + amplitude floor"",""cosine_similarity"":0.9956218701431312,""anti_jump_policy"":""快速门控（阈值/形状）"",""calibration_depth_range_mm"":[0.2,0.8],""depth_extrapolated"":true,""relative_reference"":""first valid prediction since B0/no-contact"",""xy_semantics"":""continuous XY RBF refit on all 441 positions at 1 mm spacing"",""fit_model"":""441点1 mm连续XY/RBF＋跨深度连续Z＋接触/释放门控"",""fit_variant"":""dense441_1mm_continuous_development"",""evidence_tier"":""development_dense441_single_repeat_random_validation_pending"",""continuous_xy_method"":""kernel_rbf"",""working_range_model"":false,""working_range_mm"":null,""outside_declared_working_range"":false,""calibration_domain_mm"":{""x"":[-10.0,10.0],""y"":[-10.0,10.0],""depth"":[0.2,0.8]},""xy_outside_calibration_domain"":false,""excluded_calibration_samples"":0,""uncorrected_static_xyz_mm"":[0.34763426725769564,0.3138620641076779,0.18575821434750084],""unaligned_xyz_mm"":[-1.0375338071114064,0.7799443308383607,0.18575821434750084],""xy_rotation_deg"":-4.580684956890044,""xy_translation_mm"":[1.3195654319610284,-0.5464514666381837],""xy_translation_source"":""five_point_reassembly"",""xy_translation_details"":{""preset"":""5×5｜441点1mm连续"",""calibration_points"":5,""calibration_strategy"":""rigid_rotation_translation_v1"",""calibration_rms_mm"":0.507358956567797,""check_rms_mm"":null},""dynamic_model_enabled"":false,""dynamic_history_ready"":false,""dynamic_gate"":0.0,""contact_score"":0.9994743308745461,""contact_score_threshold"":0.49492851692021117,""status"":""有效"",""preset"":""5×5｜441点1mm连续"",""needs_baseline"":false,""display.contact"":true,""display.contact_reason"":""拟合响应/相似度接触门控"",""display.contact_segment"":611,""display.contact_age_ms"":1503.3656,""display.contact_last_end_ns"":1240476446514800}"
S20260919_A,000133,216,1240477973655000,1240477999097400,NormalizedFit,1,1,True,unknown,False,False,0.0,0.46062256569752946,nan,nan,0.3654628718195755,0.2078716262897723,0.18814734740306238,x,y,z,0.3654628718195755,0.2078716262897723,0.18814734740306238,,,,,,,,2.6889587439177944,-0.07159736531156835,0.011619355114903196,"{""x"":0.3654628718195755,""y"":0.2078716262897723,""z"":0.18814734740306238,""dx"":null,""dy"":null,""mode5"":null,""Q"":null,""X"":null,""Y"":null,""Z"":null,""dX"":2.6889587439177944,""dY"":-0.07159736531156835,""dZ"":0.011619355114903196}","{""amplitude_uT"":426.74948137812623,""contact_threshold_uT"":40.0,""contact_gate"":""shape-aware ridge classifier + amplitude floor"",""cosine_similarity"":0.9960935857539557,""anti_jump_policy"":""快速门控（阈值/形状）"",""calibration_depth_range_mm"":[0.2,0.8],""depth_extrapolated"":true,""relative_reference"":""first valid prediction since B0/no-contact"",""xy_semantics"":""continuous XY RBF refit on all 441 positions at 1 mm spacing"",""fit_model"":""441点1 mm连续XY/RBF＋跨深度连续Z＋接触/释放门控"",""fit_variant"":""dense441_1mm_continuous_development"",""evidence_tier"":""development_dense441_single_repeat_random_validation_pending"",""continuous_xy_method"":""kernel_rbf"",""working_range_model"":false,""working_range_mm"":null,""outside_declared_working_range"":false,""calibration_domain_mm"":{""x"":[-10.0,10.0],""y"":[-10.0,10.0],""depth"":[0.2,0.8]},""xy_outside_calibration_domain"":false,""excluded_calibration_samples"":0,""uncorrected_static_xyz_mm"":[0.3654628718195755,0.2078716262897723,0.18814734740306238],""unaligned_xyz_mm"":[-1.0112974464889088,0.6757162855206946,0.18814734740306238],""xy_rotation_deg"":-4.580684956890044,""xy_translation_mm"":[1.3195654319610284,-0.5464514666381837],""xy_translation_source"":""five_point_reassembly"",""xy_translation_details"":{""preset"":""5×5｜441点1mm连续"",""calibration_points"":5,""calibration_strategy"":""rigid_rotation_translation_v1"",""calibration_rms_mm"":0.507358956567797,""check_rms_mm"":null},""dynamic_model_enabled"":false,""dynamic_history_ready"":false,""dynamic_gate"":0.0,""contact_score"":0.9994322733120758,""contact_score_threshold"":0.49492851692021117,""status"":""有效"",""preset"":""5×5｜441点1mm连续"",""needs_baseline"":false,""display.contact"":true,""display.contact_reason"":""拟合响应/相似度接触门控"",""display.contact_segment"":611,""display.contact_age_ms"":1515.2501,""display.contact_last_end_ns"":1240476446514800}"
S20260919_A,000133,217,1240477982755700,1240478001750000,NormalizedFit,1,1,True,unknown,False,False,0.0,0.5073287888260221,nan,nan,0.4355260288864786,0.16283004045431526,0.2029432335893433,x,y,z,0.4355260288864786,0.16283004045431526,0.2029432335893433,,,,,,,,2.7590219009846972,-0.11663895114702538,0.02641524130118411,"{""x"":0.4355260288864786,""y"":0.16283004045431526,""z"":0.2029432335893433,""dx"":null,""dy"":null,""mode5"":null,""Q"":null,""X"":null,""Y"":null,""Z"":null,""dX"":2.7590219009846972,""dY"":-0.11663895114702538,""dZ"":0.02641524130118411}","{""amplitude_uT"":451.97951529660065,""contact_threshold_uT"":40.0,""contact_gate"":""shape-aware ridge classifier + amplitude floor"",""cosine_similarity"":0.9949256948031537,""anti_jump_policy"":""快速门控（阈值/形状）"",""calibration_depth_range_mm"":[0.2,0.8],""depth_extrapolated"":false,""relative_reference"":""first valid prediction since B0/no-contact"",""xy_semantics"":""continuous XY RBF refit on all 441 positions at 1 mm spacing"",""fit_model"":""441点1 mm连续XY/RBF＋跨深度连续Z＋接触/释放门控"",""fit_variant"":""dense441_1mm_continuous_development"",""evidence_tier"":""development_dense441_single_repeat_random_validation_pending"",""continuous_xy_method"":""kernel_rbf"",""working_range_model"":false,""working_range_mm"":null,""outside_declared_working_range"":false,""calibration_domain_mm"":{""x"":[-10.0,10.0],""y"":[-10.0,10.0],""depth"":[0.2,0.8]},""xy_outside_calibration_domain"":false,""excluded_calibration_samples"":0,""uncorrected_static_xyz_mm"":[0.4355260288864786,0.16283004045431526,0.2029432335893433],""unaligned_xyz_mm"":[-0.9378609296909288,0.6364140154420546,0.2029432335893433],""xy_rotation_deg"":-4.580684956890044,""xy_translation_mm"":[1.3195654319610284,-0.5464514666381837],""xy_translation_source"":""five_point_reassembly"",""xy_translation_details"":{""preset"":""5×5｜441点1mm连续"",""calibration_points"":5,""calibration_strategy"":""rigid_rotation_translation_v1"",""calibration_rms_mm"":0.507358956567797,""check_rms_mm"":null},""dynamic_model_enabled"":false,""dynamic_history_ready"":false,""dynamic_gate"":0.0,""contact_score"":0.9995210248948907,""contact_score_threshold"":0.49492851692021117,""status"":""有效"",""preset"":""5×5｜441点1mm连续"",""needs_baseline"":false,""display.contact"":true,""display.contact_reason"":""拟合响应/相似度接触门控"",""display.contact_segment"":611,""display.contact_age_ms"":1524.3508,""display.contact_last_end_ns"":1240476446514800}"
S20260919_A,000133,218,1240478009549700,1240478034705600,NormalizedFit,1,1,True,unknown,False,False,0.0,0.8027825252914993,nan,nan,0.1584440585581941,0.7500959304841142,0.23814146697325805,x,y,z,0.1584440585581941,0.7500959304841142,0.23814146697325805,,,,,,,,2.481939930656413,0.4706269388827735,0.06161347468509887,"{""x"":0.1584440585581941,""y"":0.7500959304841142,""z"":0.23814146697325805,""dx"":null,""dy"":null,""mode5"":null,""Q"":null,""X"":null,""Y"":null,""Z"":null,""dX"":2.481939930656413,""dY"":0.4706269388827735,""dZ"":0.06161347468509887}","{""amplitude_uT"":532.1055571430352,""contact_threshold_uT"":40.0,""contact_gate"":""shape-aware ridge classifier + amplitude floor"",""cosine_similarity"":0.9928713251013779,""anti_jump_policy"":""快速门控（阈值/形状）"",""calibration_depth_range_mm"":[0.2,0.8],""depth_extrapolated"":false,""relative_reference"":""first valid prediction since B0/no-contact"",""xy_semantics"":""continuous XY RBF refit on all 441 positions at 1 mm spacing"",""fit_model"":""441点1 mm连续XY/RBF＋跨深度连续Z＋接触/释放门控"",""fit_variant"":""dense441_1mm_continuous_development"",""evidence_tier"":""development_dense441_single_repeat_random_validation_pending"",""continuous_xy_method"":""kernel_rbf"",""working_range_model"":false,""working_range_mm"":null,""outside_declared_working_range"":false,""calibration_domain_mm"":{""x"":[-10.0,10.0],""y"":[-10.0,10.0],""depth"":[0.2,0.8]},""xy_outside_calibration_domain"":false,""excluded_calibration_samples"":0,""uncorrected_static_xyz_mm"":[0.1584440585581941,0.7500959304841142,0.23814146697325805],""unaligned_xyz_mm"":[-1.260958614647121,1.1996755265090235,0.23814146697325805],""xy_rotation_deg"":-4.580684956890044,""xy_translation_mm"":[1.3195654319610284,-0.5464514666381837],""xy_translation_source"":""five_point_reassembly"",""xy_translation_details"":{""preset"":""5×5｜441点1mm连续"",""calibration_points"":5,""calibration_strategy"":""rigid_rotation_translation_v1"",""calibration_rms_mm"":0.507358956567797,""check_rms_mm"":null},""dynamic_model_enabled"":false,""dynamic_history_ready"":false,""dynamic_gate"":0.0,""contact_score"":0.9999659432893748,""contact_score_threshold"":0.49492851692021117,""status"":""有效"",""preset"":""5×5｜441点1mm连续"",""needs_baseline"":false,""display.contact"":true,""display.contact_reason"":""拟合响应/相似度接触门控"",""display.contact_segment"":611,""display.contact_age_ms"":1551.1448,""display.contact_last_end_ns"":1240476446514800}"
S20260919_A,000133,219,1240478036649200,1240478094096200,NormalizedFit,1,1,True,unknown,False,False,0.0,0.6750104193690929,nan,nan,0.16331943942833305,0.6119956032044855,0.2332963965003138,x,y,z,0.16331943942833305,0.6119956032044855,0.2332963965003138,,,,,,,,2.486815311526552,0.3325266116031449,0.05676840421215462,"{""x"":0.16331943942833305,""y"":0.6119956032044855,""z"":0.2332963965003138,""dx"":null,""dy"":null,""mode5"":null,""Q"":null,""X"":null,""Y"":null,""Z"":null,""dX"":2.486815311526552,""dY"":0.3325266116031449,""dZ"":0.05676840421215462}","{""amplitude_uT"":565.7708219875777,""contact_threshold_uT"":40.0,""contact_gate"":""shape-aware ridge classifier + amplitude floor"",""cosine_similarity"":0.9941296098958589,""anti_jump_policy"":""快速门控（阈值/形状）"",""calibration_depth_range_mm"":[0.2,0.8],""depth_extrapolated"":false,""relative_reference"":""first valid prediction since B0/no-contact"",""xy_semantics"":""continuous XY RBF refit on all 441 positions at 1 mm spacing"",""fit_model"":""441点1 mm连续XY/RBF＋跨深度连续Z＋接触/释放门控"",""fit_variant"":""dense441_1mm_continuous_development"",""evidence_tier"":""development_dense441_single_repeat_random_validation_pending"",""continuous_xy_method"":""kernel_rbf"",""working_range_model"":false,""working_range_mm"":null,""outside_declared_working_range"":false,""calibration_domain_mm"":{""x"":[-10.0,10.0],""y"":[-10.0,10.0],""depth"":[0.2,0.8]},""xy_outside_calibration_domain"":false,""excluded_calibration_samples"":0,""uncorrected_static_xyz_mm"":[0.16331943942833305,0.6119956032044855,0.2332963965003138],""unaligned_xyz_mm"":[-1.2450697145611769,1.0624056733458898,0.2332963965003138],""xy_rotation_deg"":-4.580684956890044,""xy_translation_mm"":[1.3195654319610284,-0.5464514666381837],""xy_translation_source"":""five_point_reassembly"",""xy_translation_details"":{""preset"":""5×5｜441点1mm连续"",""calibration_points"":5,""calibration_strategy"":""rigid_rotation_translation_v1"",""calibration_rms_mm"":0.507358956567797,""check_rms_mm"":null},""dynamic_model_enabled"":false,""dynamic_history_ready"":false,""dynamic_gate"":0.0,""contact_score"":1.000191487052573,""contact_score_threshold"":0.49492851692021117,""status"":""有效"",""preset"":""5×5｜441点1mm连续"",""needs_baseline"":false,""display.contact"":true,""display.contact_reason"":""拟合响应/相似度接触门控"",""display.contact_segment"":611,""display.contact_age_ms"":1578.2443,""display.contact_last_end_ns"":1240476446514800}"
S20260919_A,000133,220,1240478048425600,1240478096881000,NormalizedFit,1,1,True,unknown,False,False,0.0,0.677394283068275,nan,nan,-0.021456853722750635,0.633245500194934,0.23958871977781154,x,y,z,-0.021456853722750635,0.633245500194934,0.23958871977781154,,,,,,,,2.302039018375468,0.35377650859359333,0.06306072748965236,"{""x"":-0.021456853722750635,""y"":0.633245500194934,""z"":0.23958871977781154,""dx"":null,""dy"":null,""mode5"":null,""Q"":null,""X"":null,""Y"":null,""Z"":null,""dX"":2.302039018375468,""dY"":0.35377650859359333,""dZ"":0.06306072748965236}","{""amplitude_uT"":571.7896512577856,""contact_threshold_uT"":40.0,""contact_gate"":""shape-aware ridge classifier + amplitude floor"",""cosine_similarity"":0.9949280929167297,""anti_jump_policy"":""快速门控（阈值/形状）"",""calibration_depth_range_mm"":[0.2,0.8],""depth_extrapolated"":false,""relative_reference"":""first valid prediction since B0/no-contact"",""xy_semantics"":""continuous XY RBF refit on all 441 positions at 1 mm spacing"",""fit_model"":""441点1 mm连续XY/RBF＋跨深度连续Z＋接触/释放门控"",""fit_variant"":""dense441_1mm_continuous_development"",""evidence_tier"":""development_dense441_single_repeat_random_validation_pending"",""continuous_xy_method"":""kernel_rbf"",""working_range_model"":false,""working_range_mm"":null,""outside_declared_working_range"":false,""calibration_domain_mm"":{""x"":[-10.0,10.0],""y"":[-10.0,10.0],""depth"":[0.2,0.8]},""xy_outside_calibration_domain"":false,""excluded_calibration_samples"":0,""uncorrected_static_xyz_mm"":[-0.021456853722750635,0.633245500194934,0.23958871977781154],""unaligned_xyz_mm"":[-1.4309528842328203,1.0688309255263797,0.23958871977781154],""xy_rotation_deg"":-4.580684956890044,""xy_translation_mm"":[1.3195654319610284,-0.5464514666381837],""xy_translation_source"":""five_point_reassembly"",""xy_translation_details"":{""preset"":""5×5｜441点1mm连续"",""calibration_points"":5,""calibration_strategy"":""rigid_rotation_translation_v1"",""calibration_rms_mm"":0.507358956567797,""check_rms_mm"":null},""dynamic_model_enabled"":false,""dynamic_history_ready"":false,""dynamic_gate"":0.0,""contact_score"":1.0002054785564574,""contact_score_threshold"":0.49492851692021117,""status"":""有效"",""preset"":""5×5｜441点1mm连续"",""needs_baseline"":false,""display.contact"":true,""display.contact_reason"":""拟合响应/相似度接触门控"",""display.contact_segment"":611,""display.contact_age_ms"":1590.0207,""display.contact_last_end_ns"":1240476446514800}"
S20260919_A,000133,221,1240478075345300,1240478099816700,NormalizedFit,1,1,True,unknown,False,False,0.0,0.6285919107431762,nan,nan,0.24535382868304212,0.5155927485123923,0.2628562471842102,x,y,z,0.24535382868304212,0.5155927485123923,0.2628562471842102,,,,,,,,2.5688497007812607,0.2361237569110517,0.086328254896051,"{""x"":0.24535382868304212,""y"":0.5155927485123923,""z"":0.2628562471842102,""dx"":null,""dy"":null,""mode5"":null,""Q"":null,""X"":null,""Y"":null,""Z"":null,""dX"":2.5688497007812607,""dY"":0.2361237569110517,""dZ"":0.086328254896051}","{""amplitude_uT"":586.3310627073238,""contact_threshold_uT"":40.0,""contact_gate"":""shape-aware ridge classifier + amplitude floor"",""cosine_similarity"":0.995566300249293,""anti_jump_policy"":""快速门控（阈值/形状）"",""calibration_depth_range_mm"":[0.2,0.8],""depth_extrapolated"":false,""relative_reference"":""first valid prediction since B0/no-contact"",""xy_semantics"":""continuous XY RBF refit on all 441 positions at 1 mm spacing"",""fit_model"":""441点1 mm连续XY/RBF＋跨深度连续Z＋接触/释放门控"",""fit_variant"":""dense441_1mm_continuous_development"",""evidence_tier"":""development_dense441_single_repeat_random_validation_pending"",""continuous_xy_method"":""kernel_rbf"",""working_range_model"":false,""working_range_mm"":null,""outside_declared_working_range"":false,""calibration_domain_mm"":{""x"":[-10.0,10.0],""y"":[-10.0,10.0],""depth"":[0.2,0.8]},""xy_outside_calibration_domain"":false,""excluded_calibration_samples"":0,""uncorrected_static_xyz_mm"":[0.24535382868304212,0.5155927485123923,0.2628562471842102],""unaligned_xyz_mm"":[-1.1555983437947481,0.9728622468626789,0.2628562471842102],""xy_rotation_deg"":-4.580684956890044,""xy_translation_mm"":[1.3195654319610284,-0.5464514666381837],""xy_translation_source"":""five_point_reassembly"",""xy_translation_details"":{""preset"":""5×5｜441点1mm连续"",""calibration_points"":5,""calibration_strategy"":""rigid_rotation_translation_v1"",""calibration_rms_mm"":0.507358956567797,""check_rms_mm"":null},""dynamic_model_enabled"":false,""dynamic_history_ready"":false,""dynamic_gate"":0.0,""contact_score"":1.0001775524639387,""contact_score_threshold"":0.49492851692021117,""status"":""有效"",""preset"":""5×5｜441点1mm连续"",""needs_baseline"":false,""display.contact"":true,""display.contact_reason"":""拟合响应/相似度接触门控"",""display.contact_segment"":611,""display.contact_age_ms"":1616.9404,""display.contact_last_end_ns"":1240476446514800}"
S20260919_A,000133,222,1240478101358900,1240478134785300,NormalizedFit,1,1,True,unknown,False,False,0.0,0.5080103626996914,nan,nan,0.17591128680002788,0.3980162050962992,0.2621313568945366,x,y,z,0.17591128680002788,0.3980162050962992,0.2621313568945366,,,,,,,,2.4994071588982467,0.11854721349495856,0.08560336460637741,"{""x"":0.17591128680002788,""y"":0.3980162050962992,""z"":0.2621313568945366,""dx"":null,""dy"":null,""mode5"":null,""Q"":null,""X"":null,""Y"":null,""Z"":null,""dX"":2.4994071588982467,""dY"":0.11854721349495856,""dZ"":0.08560336460637741}","{""amplitude_uT"":596.3887919138823,""contact_threshold_uT"":40.0,""contact_gate"":""shape-aware ridge classifier + amplitude floor"",""cosine_similarity"":0.9969842644867937,""anti_jump_policy"":""快速门控（阈值/形状）"",""calibration_depth_range_mm"":[0.2,0.8],""depth_extrapolated"":false,""relative_reference"":""first valid prediction since B0/no-contact"",""xy_semantics"":""continuous XY RBF refit on all 441 positions at 1 mm spacing"",""fit_model"":""441点1 mm连续XY/RBF＋跨深度连续Z＋接触/释放门控"",""fit_variant"":""dense441_1mm_continuous_development"",""evidence_tier"":""development_dense441_single_repeat_random_validation_pending"",""continuous_xy_method"":""kernel_rbf"",""working_range_model"":false,""working_range_mm"":null,""outside_declared_working_range"":false,""calibration_domain_mm"":{""x"":[-10.0,10.0],""y"":[-10.0,10.0],""depth"":[0.2,0.8]},""xy_outside_calibration_domain"":false,""excluded_calibration_samples"":0,""uncorrected_static_xyz_mm"":[0.17591128680002788,0.3980162050962992,0.2621313568945366],""unaligned_xyz_mm"":[-1.2154290732326105,0.8501153772497068,0.2621313568945366],""xy_rotation_deg"":-4.580684956890044,""xy_translation_mm"":[1.3195654319610284,-0.5464514666381837],""xy_translation_source"":""five_point_reassembly"",""xy_translation_details"":{""preset"":""5×5｜441点1mm连续"",""calibration_points"":5,""calibration_strategy"":""rigid_rotation_translation_v1"",""calibration_rms_mm"":0.507358956567797,""check_rms_mm"":null},""dynamic_model_enabled"":false,""dynamic_history_ready"":false,""dynamic_gate"":0.0,""contact_score"":1.0002217572287293,""contact_score_threshold"":0.49492851692021117,""status"":""有效"",""preset"":""5×5｜441点1mm连续"",""needs_baseline"":false,""display.contact"":true,""display.contact_reason"":""拟合响应/相似度接触门控"",""display.contact_segment"":611,""display.contact_age_ms"":1642.954,""display.contact_last_end_ns"":1240476446514800}"
S20260919_A,000133,223,1240478111539200,1240478137625500,NormalizedFit,1,1,True,unknown,False,False,0.0,0.5698246129560389,nan,nan,0.22162396189251155,0.4544771758274917,0.2627420896952624,x,y,z,0.22162396189251155,0.4544771758274917,0.2627420896952624,,,,,,,,2.5451198339907304,0.17500818422615105,0.08621409740710323,"{""x"":0.22162396189251155,""y"":0.4544771758274917,""z"":0.2627420896952624,""dx"":null,""dy"":null,""mode5"":null,""Q"":null,""X"":null,""Y"":null,""Z"":null,""dX"":2.5451198339907304,""dY"":0.17500818422615105,""dZ"":0.08621409740710323}","{""amplitude_uT"":594.8453414581807,""contact_threshold_uT"":40.0,""contact_gate"":""shape-aware ridge classifier + amplitude floor"",""cosine_similarity"":0.9965147425739355,""anti_jump_policy"":""快速门控（阈值/形状）"",""calibration_depth_range_mm"":[0.2,0.8],""depth_extrapolated"":false,""relative_reference"":""first valid prediction since B0/no-contact"",""xy_semantics"":""continuous XY RBF refit on all 441 positions at 1 mm spacing"",""fit_model"":""441点1 mm连续XY/RBF＋跨深度连续Z＋接触/释放门控"",""fit_variant"":""dense441_1mm_continuous_development"",""evidence_tier"":""development_dense441_single_repeat_random_validation_pending"",""continuous_xy_method"":""kernel_rbf"",""working_range_model"":false,""working_range_mm"":null,""outside_declared_working_range"":false,""calibration_domain_mm"":{""x"":[-10.0,10.0],""y"":[-10.0,10.0],""depth"":[0.2,0.8]},""xy_outside_calibration_domain"":false,""excluded_calibration_samples"":0,""uncorrected_static_xyz_mm"":[0.22162396189251155,0.4544771758274917,0.2627420896952624],""unaligned_xyz_mm"":[-1.1743715474784162,0.9100467501604221,0.2627420896952624],""xy_rotation_deg"":-4.580684956890044,""xy_translation_mm"":[1.3195654319610284,-0.5464514666381837],""xy_translation_source"":""five_point_reassembly"",""xy_translation_details"":{""preset"":""5×5｜441点1mm连续"",""calibration_points"":5,""calibration_strategy"":""rigid_rotation_translation_v1"",""calibration_rms_mm"":0.507358956567797,""check_rms_mm"":null},""dynamic_model_enabled"":false,""dynamic_history_ready"":false,""dynamic_gate"":0.0,""contact_score"":1.000285388863701,""contact_score_threshold"":0.49492851692021117,""status"":""有效"",""preset"":""5×5｜441点1mm连续"",""needs_baseline"":false,""display.contact"":true,""display.contact_reason"":""拟合响应/相似度接触门控"",""display.contact_segment"":611,""display.contact_age_ms"":1653.1343,""display.contact_last_end_ns"":1240476446514800}"
S20260919_A,000133,224,1240478138186600,1240478190333800,NormalizedFit,1,1,True,unknown,False,False,0.0,0.48896325372578664,nan,nan,0.21964976329116004,0.35344704496318236,0.25673767037004824,x,y,z,0.21964976329116004,0.35344704496318236,0.25673767037004824,,,,,,,,2.543145635389379,0.07397805336184171,0.08020967808188906,"{""x"":0.21964976329116004,""y"":0.35344704496318236,""z"":0.25673767037004824,""dx"":null,""dy"":null,""mode5"":null,""Q"":null,""X"":null,""Y"":null,""Z"":null,""dX"":2.543145635389379,""dY"":0.07397805336184171,""dZ"":0.08020967808188906}","{""amplitude_uT"":595.7790458882383,""contact_threshold_uT"":40.0,""contact_gate"":""shape-aware ridge classifier + amplitude floor"",""cosine_similarity"":0.9967477528641272,""anti_jump_policy"":""快速门控（阈值/形状）"",""calibration_depth_range_mm"":[0.2,0.8],""depth_extrapolated"":false,""relative_reference"":""first valid prediction since B0/no-contact"",""xy_semantics"":""continuous XY RBF refit on all 441 positions at 1 mm spacing"",""fit_model"":""441点1 mm连续XY/RBF＋跨深度连续Z＋接触/释放门控"",""fit_variant"":""dense441_1mm_continuous_development"",""evidence_tier"":""development_dense441_single_repeat_random_validation_pending"",""continuous_xy_method"":""kernel_rbf"",""working_range_model"":false,""working_range_mm"":null,""outside_declared_working_range"":false,""calibration_domain_mm"":{""x"":[-10.0,10.0],""y"":[-10.0,10.0],""depth"":[0.2,0.8]},""xy_outside_calibration_domain"":false,""excluded_calibration_samples"":0,""uncorrected_static_xyz_mm"":[0.21964976329116004,0.35344704496318236,0.25673767037004824],""unaligned_xyz_mm"":[-1.1682708815203826,0.80918165868946,0.25673767037004824],""xy_rotation_deg"":-4.580684956890044,""xy_translation_mm"":[1.3195654319610284,-0.5464514666381837],""xy_translation_source"":""five_point_reassembly"",""xy_translation_details"":{""preset"":""5×5｜441点1mm连续"",""calibration_points"":5,""calibration_strategy"":""rigid_rotation_translation_v1"",""calibration_rms_mm"":0.507358956567797,""check_rms_mm"":null},""dynamic_model_enabled"":false,""dynamic_history_ready"":false,""dynamic_gate"":0.0,""contact_score"":1.0003231790414449,""contact_score_threshold"":0.49492851692021117,""status"":""有效"",""preset"":""5×5｜441点1mm连续"",""needs_baseline"":false,""display.contact"":true,""display.contact_reason"":""拟合响应/相似度接触门控"",""display.contact_segment"":611,""display.contact_age_ms"":1679.7817,""display.contact_last_end_ns"":1240476446514800}"
S20260919_A,000133,225,1240478165090200,1240478193850300,NormalizedFit,1,1,True,unknown,False,False,0.0,0.5413528418497572,nan,nan,0.3065440579867771,0.3648084464988349,0.25692107203363906,x,y,z,0.3065440579867771,0.3648084464988349,0.25692107203363906,,,,,,,,2.6300399300849957,0.08533945489749428,0.08039307974547988,"{""x"":0.3065440579867771,""y"":0.3648084464988349,""z"":0.25692107203363906,""dx"":null,""dy"":null,""mode5"":null,""Q"":null,""X"":null,""Y"":null,""Z"":null,""dX"":2.6300399300849957,""dY"":0.08533945489749428,""dZ"":0.08039307974547988}","{""amplitude_uT"":596.3957596005358,""contact_threshold_uT"":40.0,""contact_gate"":""shape-aware ridge classifier + amplitude floor"",""cosine_similarity"":0.9965508864919361,""anti_jump_policy"":""快速门控（阈值/形状）"",""calibration_depth_range_mm"":[0.2,0.8],""depth_extrapolated"":false,""relative_reference"":""first valid prediction since B0/no-contact"",""xy_semantics"":""continuous XY RBF refit on all 441 positions at 1 mm spacing"",""fit_model"":""441点1 mm连续XY/RBF＋跨深度连续Z＋接触/释放门控"",""fit_variant"":""dense441_1mm_continuous_development"",""evidence_tier"":""development_dense441_single_repeat_random_validation_pending"",""continuous_xy_method"":""kernel_rbf"",""working_range_model"":false,""working_range_mm"":null,""outside_declared_working_range"":false,""calibration_domain_mm"":{""x"":[-10.0,10.0],""y"":[-10.0,10.0],""depth"":[0.2,0.8]},""xy_outside_calibration_domain"":false,""excluded_calibration_samples"":0,""uncorrected_static_xyz_mm"":[0.3065440579867771,0.3648084464988349,0.25692107203363906],""unaligned_xyz_mm"":[-1.082561493974358,0.8274464001874517,0.25692107203363906],""xy_rotation_deg"":-4.580684956890044,""xy_translation_mm"":[1.3195654319610284,-0.5464514666381837],""xy_translation_source"":""five_point_reassembly"",""xy_translation_details"":{""preset"":""5×5｜441点1mm连续"",""calibration_points"":5,""calibration_strategy"":""rigid_rotation_translation_v1"",""calibration_rms_mm"":0.507358956567797,""check_rms_mm"":null},""dynamic_model_enabled"":false,""dynamic_history_ready"":false,""dynamic_gate"":0.0,""contact_score"":1.000343121621,""contact_score_threshold"":0.49492851692021117,""status"":""有效"",""preset"":""5×5｜441点1mm连续"",""needs_baseline"":false,""display.contact"":true,""display.contact_reason"":""拟合响应/相似度接触门控"",""display.contact_segment"":611,""display.contact_age_ms"":1706.6853,""display.contact_last_end_ns"":1240476446514800}"
S20260919_A,000133,226,1240478178036800,1240478196719500,NormalizedFit,1,1,True,unknown,False,False,0.0,0.38001016150157,nan,nan,0.1571873400228383,0.2381198369367299,0.2509956299185687,x,y,z,0.1571873400228383,0.2381198369367299,0.2509956299185687,,,,,,,,2.480683212121057,-0.041349154664610754,0.07446763763040953,"{""x"":0.1571873400228383,""y"":0.2381198369367299,""z"":0.2509956299185687,""dx"":null,""dy"":null,""mode5"":null,""Q"":null,""X"":null,""Y"":null,""Z"":null,""dX"":2.480683212121057,""dY"":-0.041349154664610754,""dZ"":0.07446763763040953}","{""amplitude_uT"":596.0516517530172,""contact_threshold_uT"":40.0,""contact_gate"":""shape-aware ridge classifier + amplitude floor"",""cosine_similarity"":0.9966871646831521,""anti_jump_policy"":""快速门控（阈值/形状）"",""calibration_depth_range_mm"":[0.2,0.8],""depth_extrapolated"":false,""relative_reference"":""first valid prediction since B0/no-contact"",""xy_semantics"":""continuous XY RBF refit on all 441 positions at 1 mm spacing"",""fit_model"":""441点1 mm连续XY/RBF＋跨深度连续Z＋接触/释放门控"",""fit_variant"":""dense441_1mm_continuous_development"",""evidence_tier"":""development_dense441_single_repeat_random_validation_pending"",""continuous_xy_method"":""kernel_rbf"",""working_range_model"":false,""working_range_mm"":null,""outside_declared_working_range"":false,""calibration_domain_mm"":{""x"":[-10.0,10.0],""y"":[-10.0,10.0],""depth"":[0.2,0.8]},""xy_outside_calibration_domain"":false,""excluded_calibration_samples"":0,""uncorrected_static_xyz_mm"":[0.1571873400228383,0.2381198369367299,0.2509956299185687],""unaligned_xyz_mm"":[-1.2213234262702755,0.6892343922458757,0.2509956299185687],""xy_rotation_deg"":-4.580684956890044,""xy_translation_mm"":[1.3195654319610284,-0.5464514666381837],""xy_translation_source"":""five_point_reassembly"",""xy_translation_details"":{""preset"":""5×5｜441点1mm连续"",""calibration_points"":5,""calibration_strategy"":""rigid_rotation_translation_v1"",""calibration_rms_mm"":0.507358956567797,""check_rms_mm"":null},""dynamic_model_enabled"":false,""dynamic_history_ready"":false,""dynamic_gate"":0.0,""contact_score"":1.000334893466706,""contact_score_threshold"":0.49492851692021117,""status"":""有效"",""preset"":""5×5｜441点1mm连续"",""needs_baseline"":false,""display.contact"":true,""display.contact_reason"":""拟合响应/相似度接触门控"",""display.contact_segment"":611,""display.contact_age_ms"":1719.6319,""display.contact_last_end_ns"":1240476446514800}"
S20260919_A,000133,227,1240478188065800,1240478199402200,NormalizedFit,1,1,True,unknown,False,False,0.0,0.38623646037593273,nan,nan,0.0799817394744815,0.27934125602772075,0.25446018815370897,x,y,z,0.0799817394744815,0.27934125602772075,0.25446018815370897,,,,,,,,2.4034776115727006,-0.00012773557361989152,0.07793219586554978,"{""x"":0.0799817394744815,""y"":0.27934125602772075,""z"":0.25446018815370897,""dx"":null,""dy"":null,""mode5"":null,""Q"":null,""X"":null,""Y"":null,""Z"":null,""dX"":2.4034776115727006,""dY"":-0.00012773557361989152,""dZ"":0.07793219586554978}","{""amplitude_uT"":595.9196746005285,""contact_threshold_uT"":40.0,""contact_gate"":""shape-aware ridge classifier + amplitude floor"",""cosine_similarity"":0.9968709402143725,""anti_jump_policy"":""快速门控（阈值/形状）"",""calibration_depth_range_mm"":[0.2,0.8],""depth_extrapolated"":false,""relative_reference"":""first valid prediction since B0/no-contact"",""xy_semantics"":""continuous XY RBF refit on all 441 positions at 1 mm spacing"",""fit_model"":""441点1 mm连续XY/RBF＋跨深度连续Z＋接触/释放门控"",""fit_variant"":""dense441_1mm_continuous_development"",""evidence_tier"":""development_dense441_single_repeat_random_validation_pending"",""continuous_xy_method"":""kernel_rbf"",""working_range_model"":false,""working_range_mm"":null,""outside_declared_working_range"":false,""calibration_domain_mm"":{""x"":[-10.0,10.0],""y"":[-10.0,10.0],""depth"":[0.2,0.8]},""xy_outside_calibration_domain"":false,""excluded_calibration_samples"":0,""uncorrected_static_xyz_mm"":[0.0799817394744815,0.27934125602772075,0.25446018815370897],""unaligned_xyz_mm"":[-1.3015744829954166,0.7241582815253604,0.25446018815370897],""xy_rotation_deg"":-4.580684956890044,""xy_translation_mm"":[1.3195654319610284,-0.5464514666381837],""xy_translation_source"":""five_point_reassembly"",""xy_translation_details"":{""preset"":""5×5｜441点1mm连续"",""calibration_points"":5,""calibration_strategy"":""rigid_rotation_translation_v1"",""calibration_rms_mm"":0.507358956567797,""check_rms_mm"":null},""dynamic_model_enabled"":false,""dynamic_history_ready"":false,""dynamic_gate"":0.0,""contact_score"":1.0003053595068572,""contact_score_threshold"":0.49492851692021117,""status"":""有效"",""preset"":""5×5｜441点1mm连续"",""needs_baseline"":false,""display.contact"":true,""display.contact_reason"":""拟合响应/相似度接触门控"",""display.contact_segment"":611,""display.contact_age_ms"":1729.6609,""display.contact_last_end_ns"":1240476446514800}"
S20260919_A,000133,228,1240478214936200,1240478235496100,NormalizedFit,1,1,True,unknown,False,False,0.0,0.49558158083749615,nan,nan,0.1422723343824992,0.3993736084686845,0.25663282524542325,x,y,z,0.1422723343824992,0.3993736084686845,0.25663282524542325,,,,,,,,2.465768206480718,0.11990461686734388,0.08010483295726406,"{""x"":0.1422723343824992,""y"":0.3993736084686845,""z"":0.25663282524542325,""dx"":null,""dy"":null,""mode5"":null,""Q"":null,""X"":null,""Y"":null,""Z"":null,""dX"":2.465768206480718,""dY"":0.11990461686734388,""dZ"":0.08010483295726406}","{""amplitude_uT"":594.913055802694,""contact_threshold_uT"":40.0,""contact_gate"":""shape-aware ridge classifier + amplitude floor"",""cosine_similarity"":0.9965249614111414,""anti_jump_policy"":""快速门控（阈值/形状）"",""calibration_depth_range_mm"":[0.2,0.8],""depth_extrapolated"":false,""relative_reference"":""first valid prediction since B0/no-contact"",""xy_semantics"":""continuous XY RBF refit on all 441 positions at 1 mm spacing"",""fit_model"":""441点1 mm连续XY/RBF＋跨深度连续Z＋接触/释放门控"",""fit_variant"":""dense441_1mm_continuous_development"",""evidence_tier"":""development_dense441_single_repeat_random_validation_pending"",""continuous_xy_method"":""kernel_rbf"",""working_range_model"":false,""working_range_mm"":null,""outside_declared_working_range"":false,""calibration_domain_mm"":{""x"":[-10.0,10.0],""y"":[-10.0,10.0],""depth"":[0.2,0.8]},""xy_outside_calibration_domain"":false,""excluded_calibration_samples"":0,""uncorrected_static_xyz_mm"":[0.1422723343824992,0.3993736084686845,0.25663282524542325],""unaligned_xyz_mm"":[-1.2490689842138543,0.8487819407727355,0.25663282524542325],""xy_rotation_deg"":-4.580684956890044,""xy_translation_mm"":[1.3195654319610284,-0.5464514666381837],""xy_translation_source"":""five_point_reassembly"",""xy_translation_details"":{""preset"":""5×5｜441点1mm连续"",""calibration_points"":5,""calibration_strategy"":""rigid_rotation_translation_v1"",""calibration_rms_mm"":0.507358956567797,""check_rms_mm"":null},""dynamic_model_enabled"":false,""dynamic_history_ready"":false,""dynamic_gate"":0.0,""contact_score"":1.0003119576743802,""contact_score_threshold"":0.49492851692021117,""status"":""有效"",""preset"":""5×5｜441点1mm连续"",""needs_baseline"":false,""display.contact"":true,""display.contact_reason"":""拟合响应/相似度接触门控"",""display.contact_segment"":611,""display.contact_age_ms"":1756.5313,""display.contact_last_end_ns"":1240476446514800}"
S20260919_A,000133,229,1240478241900500,1240478294993700,NormalizedFit,1,1,True,unknown,False,False,0.0,0.4502783732529648,nan,nan,0.21300534430039808,0.3000626988851023,0.2595028197469029,x,y,z,0.21300534430039808,0.3000626988851023,0.2595028197469029,,,,,,,,2.5365012163986167,0.020593707283761642,0.08297482745874374,"{""x"":0.21300534430039808,""y"":0.3000626988851023,""z"":0.2595028197469029,""dx"":null,""dy"":null,""mode5"":null,""Q"":null,""X"":null,""Y"":null,""Z"":null,""dX"":2.5365012163986167,""dY"":0.020593707283761642,""dZ"":0.08297482745874374}","{""amplitude_uT"":597.0472910226625,""contact_threshold_uT"":40.0,""contact_gate"":""shape-aware ridge classifier + amplitude floor"",""cosine_similarity"":0.9962673376520806,""anti_jump_policy"":""快速门控（阈值/形状）"",""calibration_depth_range_mm"":[0.2,0.8],""depth_extrapolated"":false,""relative_reference"":""first valid prediction since B0/no-contact"",""xy_semantics"":""continuous XY RBF refit on all 441 positions at 1 mm spacing"",""fit_model"":""441点1 mm连续XY/RBF＋跨深度连续Z＋接触/释放门控"",""fit_variant"":""dense441_1mm_continuous_development"",""evidence_tier"":""development_dense441_single_repeat_random_validation_pending"",""continuous_xy_method"":""kernel_rbf"",""working_range_model"":false,""working_range_mm"":null,""outside_declared_working_range"":false,""calibration_domain_mm"":{""x"":[-10.0,10.0],""y"":[-10.0,10.0],""depth"":[0.2,0.8]},""xy_outside_calibration_domain"":false,""excluded_calibration_samples"":0,""uncorrected_static_xyz_mm"":[0.21300534430039808,0.3000626988851023,0.2595028197469029],""unaligned_xyz_mm"":[-1.1706306488900098,0.7554371872726691,0.2595028197469029],""xy_rotation_deg"":-4.580684956890044,""xy_translation_mm"":[1.3195654319610284,-0.5464514666381837],""xy_translation_source"":""five_point_reassembly"",""xy_translation_details"":{""preset"":""5×5｜441点1mm连续"",""calibration_points"":5,""calibration_strategy"":""rigid_rotation_translation_v1"",""calibration_rms_mm"":0.507358956567797,""check_rms_mm"":null},""dynamic_model_enabled"":false,""dynamic_history_ready"":false,""dynamic_gate"":0.0,""contact_score"":1.0002549123643032,""contact_score_threshold"":0.49492851692021117,""status"":""有效"",""preset"":""5×5｜441点1mm连续"",""needs_baseline"":false,""display.contact"":true,""display.contact_reason"":""拟合响应/相似度接触门控"",""display.contact_segment"":611,""display.contact_age_ms"":1783.4956,""display.contact_last_end_ns"":1240476446514800}"
S20260919_A,000133,230,1240478253736400,1240478299097300,NormalizedFit,1,1,True,unknown,False,False,0.0,0.3727451403110988,nan,nan,0.14248872776868438,0.2290671951512303,0.2572238756218999,x,y,z,0.14248872776868438,0.2290671951512303,0.2572238756218999,,,,,,,,2.4659845998669034,-0.05040179645011034,0.08069588333374073,"{""x"":0.14248872776868438,""y"":0.2290671951512303,""z"":0.2572238756218999,""dx"":null,""dy"":null,""mode5"":null,""Q"":null,""X"":null,""Y"":null,""Z"":null,""dX"":2.4659845998669034,""dY"":-0.05040179645011034,""dZ"":0.08069588333374073}","{""amplitude_uT"":594.2000340518753,""contact_threshold_uT"":40.0,""contact_gate"":""shape-aware ridge classifier + amplitude floor"",""cosine_similarity"":0.9964022708291101,""anti_jump_policy"":""快速门控（阈值/形状）"",""calibration_depth_range_mm"":[0.2,0.8],""depth_extrapolated"":false,""relative_reference"":""first valid prediction since B0/no-contact"",""xy_semantics"":""continuous XY RBF refit on all 441 positions at 1 mm spacing"",""fit_model"":""441点1 mm连续XY/RBF＋跨深度连续Z＋接触/释放门控"",""fit_variant"":""dense441_1mm_continuous_development"",""evidence_tier"":""development_dense441_single_repeat_random_validation_pending"",""continuous_xy_method"":""kernel_rbf"",""working_range_model"":false,""working_range_mm"":null,""outside_declared_working_range"":false,""calibration_domain_mm"":{""x"":[-10.0,10.0],""y"":[-10.0,10.0],""depth"":[0.2,0.8]},""xy_outside_calibration_domain"":false,""excluded_calibration_samples"":0,""uncorrected_static_xyz_mm"":[0.14248872776868438,0.2290671951512303,0.2572238756218999],""unaligned_xyz_mm"":[-1.2352521188898473,0.6790367921652676,0.2572238756218999],""xy_rotation_deg"":-4.580684956890044,""xy_translation_mm"":[1.3195654319610284,-0.5464514666381837],""xy_translation_source"":""five_point_reassembly"",""xy_translation_details"":{""preset"":""5×5｜441点1mm连续"",""calibration_points"":5,""calibration_strategy"":""rigid_rotation_translation_v1"",""calibration_rms_mm"":0.507358956567797,""check_rms_mm"":null},""dynamic_model_enabled"":false,""dynamic_history_ready"":false,""dynamic_gate"":0.0,""contact_score"":1.000232147494732,""contact_score_threshold"":0.49492851692021117,""status"":""有效"",""preset"":""5×5｜441点1mm连续"",""needs_baseline"":false,""display.contact"":true,""display.contact_reason"":""拟合响应/相似度接触门控"",""display.contact_segment"":611,""display.contact_age_ms"":1795.3315,""display.contact_last_end_ns"":1240476446514800}"
S20260919_A,000133,231,1240478279889200,1240478301815100,NormalizedFit,1,1,True,unknown,False,False,0.0,0.3652311256673252,nan,nan,0.04971882155736851,0.24516278308007478,0.2661146815408729,x,y,z,0.04971882155736851,0.24516278308007478,0.2661146815408729,,,,,,,,2.373214693655587,-0.03430620852126587,0.08958668925271374,"{""x"":0.04971882155736851,""y"":0.24516278308007478,""z"":0.2661146815408729,""dx"":null,""dy"":null,""mode5"":null,""Q"":null,""X"":null,""Y"":null,""Z"":null,""dX"":2.373214693655587,""dY"":-0.03430620852126587,""dZ"":0.08958668925271374}","{""amplitude_uT"":596.0941370668725,""contact_threshold_uT"":40.0,""contact_gate"":""shape-aware ridge classifier + amplitude floor"",""cosine_similarity"":0.996175813937802,""anti_jump_policy"":""快速门控（阈值/形状）"",""calibration_depth_range_mm"":[0.2,0.8],""depth_extrapolated"":false,""relative_reference"":""first valid prediction since B0/no-contact"",""xy_semantics"":""continuous XY RBF refit on all 441 positions at 1 mm spacing"",""fit_model"":""441点1 mm连续XY/RBF＋跨深度连续Z＋接触/释放门控"",""fit_variant"":""dense441_1mm_continuous_development"",""evidence_tier"":""development_dense441_single_repeat_random_validation_pending"",""continuous_xy_method"":""kernel_rbf"",""working_range_model"":false,""working_range_mm"":null,""outside_declared_working_range"":false,""calibration_domain_mm"":{""x"":[-10.0,10.0],""y"":[-10.0,10.0],""depth"":[0.2,0.8]},""xy_outside_calibration_domain"":false,""excluded_calibration_samples"":0,""uncorrected_static_xyz_mm"":[0.04971882155736851,0.24516278308007478,0.2661146815408729],""unaligned_xyz_mm"":[-1.3290111450671107,0.6876720952591233,0.2661146815408729],""xy_rotation_deg"":-4.580684956890044,""xy_translation_mm"":[1.3195654319610284,-0.5464514666381837],""xy_translation_source"":""five_point_reassembly"",""xy_translation_details"":{""preset"":""5×5｜441点1mm连续"",""calibration_points"":5,""calibration_strategy"":""rigid_rotation_translation_v1"",""calibration_rms_mm"":0.507358956567797,""check_rms_mm"":null},""dynamic_model_enabled"":false,""dynamic_history_ready"":false,""dynamic_gate"":0.0,""contact_score"":1.0001906444582613,""contact_score_threshold"":0.49492851692021117,""status"":""有效"",""preset"":""5×5｜441点1mm连续"",""needs_baseline"":false,""display.contact"":true,""display.contact_reason"":""拟合响应/相似度接触门控"",""display.contact_segment"":611,""display.contact_age_ms"":1821.4843,""display.contact_last_end_ns"":1240476446514800}"
S20260919_A,000133,232,1240478306729200,1240478334112800,NormalizedFit,1,1,True,unknown,False,False,0.0,0.49159256627714754,nan,nan,0.20327810165337623,0.3604872318046407,0.2653115532972105,x,y,z,0.20327810165337623,0.3604872318046407,0.2653115532972105,,,,,,,,2.5267739737515953,0.08101824020330006,0.08878356100905133,"{""x"":0.20327810165337623,""y"":0.3604872318046407,""z"":0.2653115532972105,""dx"":null,""dy"":null,""mode5"":null,""Q"":null,""X"":null,""Y"":null,""Z"":null,""dX"":2.5267739737515953,""dY"":0.08101824020330006,""dZ"":0.08878356100905133}","{""amplitude_uT"":596.2135749096119,""contact_threshold_uT"":40.0,""contact_gate"":""shape-aware ridge classifier + amplitude floor"",""cosine_similarity"":0.9959331363213562,""anti_jump_policy"":""快速门控（阈值/形状）"",""calibration_depth_range_mm"":[0.2,0.8],""depth_extrapolated"":false,""relative_reference"":""first valid prediction since B0/no-contact"",""xy_semantics"":""continuous XY RBF refit on all 441 positions at 1 mm spacing"",""fit_model"":""441点1 mm连续XY/RBF＋跨深度连续Z＋接触/释放门控"",""fit_variant"":""dense441_1mm_continuous_development"",""evidence_tier"":""development_dense441_single_repeat_random_validation_pending"",""continuous_xy_method"":""kernel_rbf"",""working_range_model"":false,""working_range_mm"":null,""outside_declared_working_range"":false,""calibration_domain_mm"":{""x"":[-10.0,10.0],""y"":[-10.0,10.0],""depth"":[0.2,0.8]},""xy_outside_calibration_domain"":false,""excluded_calibration_samples"":0,""uncorrected_static_xyz_mm"":[0.20327810165337623,0.3604872318046407,0.2653115532972105],""unaligned_xyz_mm"":[-1.185152499441637,0.8148918698856864,0.2653115532972105],""xy_rotation_deg"":-4.580684956890044,""xy_translation_mm"":[1.3195654319610284,-0.5464514666381837],""xy_translation_source"":""five_point_reassembly"",""xy_translation_details"":{""preset"":""5×5｜441点1mm连续"",""calibration_points"":5,""calibration_strategy"":""rigid_rotation_translation_v1"",""calibration_rms_mm"":0.507358956567797,""check_rms_mm"":null},""dynamic_model_enabled"":false,""dynamic_history_ready"":false,""dynamic_gate"":0.0,""contact_score"":1.0002076296398925,""contact_score_threshold"":0.49492851692021117,""status"":""有效"",""preset"":""5×5｜441点1mm连续"",""needs_baseline"":false,""display.contact"":true,""display.contact_reason"":""拟合响应/相似度接触门控"",""display.contact_segment"":611,""display.contact_age_ms"":1848.3243,""display.contact_last_end_ns"":1240476446514800}"
S20260919_A,000133,233,1240478332732500,1240478389888000,NormalizedFit,1,1,True,unknown,False,False,0.0,0.3447958268826728,nan,nan,-0.11547302845730023,0.2011126016392336,0.2551545872535011,x,y,z,-0.11547302845730023,0.2011126016392336,0.2551545872535011,,,,,,,,2.2080228436409186,-0.07835638996210703,0.07862659496534191,"{""x"":-0.11547302845730023,""y"":0.2011126016392336,""z"":0.2551545872535011,""dx"":null,""dy"":null,""mode5"":null,""Q"":null,""X"":null,""Y"":null,""Z"":null,""dX"":2.2080228436409186,""dY"":-0.07835638996210703,""dZ"":0.07862659496534191}","{""amplitude_uT"":597.4049970694081,""contact_threshold_uT"":40.0,""contact_gate"":""shape-aware ridge classifier + amplitude floor"",""cosine_similarity"":0.9960054818552512,""anti_jump_policy"":""快速门控（阈值/形状）"",""calibration_depth_range_mm"":[0.2,0.8],""depth_extrapolated"":false,""relative_reference"":""first valid prediction since B0/no-contact"",""xy_semantics"":""continuous XY RBF refit on all 441 positions at 1 mm spacing"",""fit_model"":""441点1 mm连续XY/RBF＋跨深度连续Z＋接触/释放门控"",""fit_variant"":""dense441_1mm_continuous_development"",""evidence_tier"":""development_dense441_single_repeat_random_validation_pending"",""continuous_xy_method"":""kernel_rbf"",""working_range_model"":false,""working_range_mm"":null,""outside_declared_working_range"":false,""calibration_domain_mm"":{""x"":[-10.0,10.0],""y"":[-10.0,10.0],""depth"":[0.2,0.8]},""xy_outside_calibration_domain"":false,""excluded_calibration_samples"":0,""uncorrected_static_xyz_mm"":[-0.11547302845730023,0.2011126016392336,0.2551545872535011],""unaligned_xyz_mm"":[-1.4901573738210332,0.6305699170639936,0.2551545872535011],""xy_rotation_deg"":-4.580684956890044,""xy_translation_mm"":[1.3195654319610284,-0.5464514666381837],""xy_translation_source"":""five_point_reassembly"",""xy_translation_details"":{""preset"":""5×5｜441点1mm连续"",""calibration_points"":5,""calibration_strategy"":""rigid_rotation_translation_v1"",""calibration_rms_mm"":0.507358956567797,""check_rms_mm"":null},""dynamic_model_enabled"":false,""dynamic_history_ready"":false,""dynamic_gate"":0.0,""contact_score"":1.0002528588834108,""contact_score_threshold"":0.49492851692021117,""status"":""有效"",""preset"":""5×5｜441点1mm连续"",""needs_baseline"":false,""display.contact"":true,""display.contact_reason"":""拟合响应/相似度接触门控"",""display.contact_segment"":611,""display.contact_age_ms"":1874.3276,""display.contact_last_end_ns"":1240476446514800}"
S20260919_A,000133,234,1240478345450200,1240478392733100,NormalizedFit,1,1,True,unknown,False,False,0.0,0.4095192846259863,nan,nan,0.10397537817564162,0.31288446951607374,0.2428960146841792,x,y,z,0.10397537817564162,0.31288446951607374,0.2428960146841792,,,,,,,,2.4274712502738605,0.033415477914733094,0.06636802239602002,"{""x"":0.10397537817564162,""y"":0.31288446951607374,""z"":0.2428960146841792,""dx"":null,""dy"":null,""mode5"":null,""Q"":null,""X"":null,""Y"":null,""Z"":null,""dX"":2.4274712502738605,""dY"":0.033415477914733094,""dZ"":0.06636802239602002}","{""amplitude_uT"":597.2536571646082,""contact_threshold_uT"":40.0,""contact_gate"":""shape-aware ridge classifier + amplitude floor"",""cosine_similarity"":0.9957010997418598,""anti_jump_policy"":""快速门控（阈值/形状）"",""calibration_depth_range_mm"":[0.2,0.8],""depth_extrapolated"":false,""relative_reference"":""first valid prediction since B0/no-contact"",""xy_semantics"":""continuous XY RBF refit on all 441 positions at 1 mm spacing"",""fit_model"":""441点1 mm连续XY/RBF＋跨深度连续Z＋接触/释放门控"",""fit_variant"":""dense441_1mm_continuous_development"",""evidence_tier"":""development_dense441_single_repeat_random_validation_pending"",""continuous_xy_method"":""kernel_rbf"",""working_range_model"":false,""working_range_mm"":null,""outside_declared_working_range"":false,""calibration_domain_mm"":{""x"":[-10.0,10.0],""y"":[-10.0,10.0],""depth"":[0.2,0.8]},""xy_outside_calibration_domain"":false,""excluded_calibration_samples"":0,""uncorrected_static_xyz_mm"":[0.10397537817564162,0.31288446951607374,0.2428960146841792],""unaligned_xyz_mm"":[-1.2803363415109303,0.7595105546564049,0.2428960146841792],""xy_rotation_deg"":-4.580684956890044,""xy_translation_mm"":[1.3195654319610284,-0.5464514666381837],""xy_translation_source"":""five_point_reassembly"",""xy_translation_details"":{""preset"":""5×5｜441点1mm连续"",""calibration_points"":5,""calibration_strategy"":""rigid_rotation_translation_v1"",""calibration_rms_mm"":0.507358956567797,""check_rms_mm"":null},""dynamic_model_enabled"":false,""dynamic_history_ready"":false,""dynamic_gate"":0.0,""contact_score"":1.000316078989587,""contact_score_threshold"":0.49492851692021117,""status"":""有效"",""preset"":""5×5｜441点1mm连续"",""needs_baseline"":false,""display.contact"":true,""display.contact_reason"":""拟合响应/相似度接触门控"",""display.contact_segment"":611,""display.contact_age_ms"":1887.0453,""display.contact_last_end_ns"":1240476446514800}"
S20260919_A,000133,235,1240478371447600,1240478395519800,NormalizedFit,1,1,True,unknown,False,False,0.0,0.28236534684320663,nan,nan,-0.10244688042683192,0.02037886796328281,0.26233476233475017,x,y,z,-0.10244688042683192,0.02037886796328281,0.26233476233475017,,,,,,,,2.221048991671387,-0.25909012363805783,0.08580677004659099,"{""x"":-0.10244688042683192,""y"":0.02037886796328281,""z"":0.26233476233475017,""dx"":null,""dy"":null,""mode5"":null,""Q"":null,""X"":null,""Y"":null,""Z"":null,""dX"":2.221048991671387,""dY"":-0.25909012363805783,""dZ"":0.08580677004659099}","{""amplitude_uT"":599.95045867013,""contact_threshold_uT"":40.0,""contact_gate"":""shape-aware ridge classifier + amplitude floor"",""cosine_similarity"":0.9962279467902272,""anti_jump_policy"":""快速门控（阈值/形状）"",""calibration_depth_range_mm"":[0.2,0.8],""depth_extrapolated"":false,""relative_reference"":""first valid prediction since B0/no-contact"",""xy_semantics"":""continuous XY RBF refit on all 441 positions at 1 mm spacing"",""fit_model"":""441点1 mm连续XY/RBF＋跨深度连续Z＋接触/释放门控"",""fit_variant"":""dense441_1mm_continuous_development"",""evidence_tier"":""development_dense441_single_repeat_random_validation_pending"",""continuous_xy_method"":""kernel_rbf"",""working_range_model"":false,""working_range_mm"":null,""outside_declared_working_range"":false,""calibration_domain_mm"":{""x"":[-10.0,10.0],""y"":[-10.0,10.0],""depth"":[0.2,0.8]},""xy_outside_calibration_domain"":false,""excluded_calibration_samples"":0,""uncorrected_static_xyz_mm"":[-0.10244688042683192,0.02037886796328281,0.26233476233475017],""unaligned_xyz_mm"":[-1.4627389140447846,0.45145377852684376,0.26233476233475017],""xy_rotation_deg"":-4.580684956890044,""xy_translation_mm"":[1.3195654319610284,-0.5464514666381837],""xy_translation_source"":""five_point_reassembly"",""xy_translation_details"":{""preset"":""5×5｜441点1mm连续"",""calibration_points"":5,""calibration_strategy"":""rigid_rotation_translation_v1"",""calibration_rms_mm"":0.507358956567797,""check_rms_mm"":null},""dynamic_model_enabled"":false,""dynamic_history_ready"":false,""dynamic_gate"":0.0,""contact_score"":1.000237524586911,""contact_score_threshold"":0.49492851692021117,""status"":""有效"",""preset"":""5×5｜441点1mm连续"",""needs_baseline"":false,""display.contact"":true,""display.contact_reason"":""拟合响应/相似度接触门控"",""display.contact_segment"":611,""display.contact_age_ms"":1913.0427,""display.contact_last_end_ns"":1240476446514800}"
S20260919_A,000133,236,1240478397217000,1240478430532800,NormalizedFit,1,1,True,unknown,False,False,0.0,0.4101597457922455,nan,nan,-0.2723623680980509,-0.11625435235481446,0.28378633348162474,x,y,z,-0.2723623680980509,-0.11625435235481446,0.28378633348162474,,,,,,,,2.051133504000168,-0.3957233439561551,0.10725834119346556,"{""x"":-0.2723623680980509,""y"":-0.11625435235481446,""z"":0.28378633348162474,""dx"":null,""dy"":null,""mode5"":null,""Q"":null,""X"":null,""Y"":null,""Z"":null,""dX"":2.051133504000168,""dY"":-0.3957233439561551,""dZ"":0.10725834119346556}","{""amplitude_uT"":600.2671813646815,""contact_threshold_uT"":40.0,""contact_gate"":""shape-aware ridge classifier + amplitude floor"",""cosine_similarity"":0.9966902169112968,""anti_jump_policy"":""快速门控（阈值/形状）"",""calibration_depth_range_mm"":[0.2,0.8],""depth_extrapolated"":false,""relative_reference"":""first valid prediction since B0/no-contact"",""xy_semantics"":""continuous XY RBF refit on all 441 positions at 1 mm spacing"",""fit_model"":""441点1 mm连续XY/RBF＋跨深度连续Z＋接触/释放门控"",""fit_variant"":""dense441_1mm_continuous_development"",""evidence_tier"":""development_dense441_single_repeat_random_validation_pending"",""continuous_xy_method"":""kernel_rbf"",""working_range_model"":false,""working_range_mm"":null,""outside_declared_working_range"":false,""calibration_domain_mm"":{""x"":[-10.0,10.0],""y"":[-10.0,10.0],""depth"":[0.2,0.8]},""xy_outside_calibration_domain"":false,""excluded_calibration_samples"":0,""uncorrected_static_xyz_mm"":[-0.2723623680980509,-0.11625435235481446,0.28378633348162474],""unaligned_xyz_mm"":[-1.6211997430131326,0.3016870414731647,0.28378633348162474],""xy_rotation_deg"":-4.580684956890044,""xy_translation_mm"":[1.3195654319610284,-0.5464514666381837],""xy_translation_source"":""five_point_reassembly"",""xy_translation_details"":{""preset"":""5×5｜441点1mm连续"",""calibration_points"":5,""calibration_strategy"":""rigid_rotation_translation_v1"",""calibration_rms_mm"":0.507358956567797,""check_rms_mm"":null},""dynamic_model_enabled"":false,""dynamic_history_ready"":false,""dynamic_gate"":0.0,""contact_score"":1.0001284300456268,""contact_score_threshold"":0.49492851692021117,""status"":""有效"",""preset"":""5×5｜441点1mm连续"",""needs_baseline"":false,""display.contact"":true,""display.contact_reason"":""拟合响应/相似度接触门控"",""display.contact_segment"":611,""display.contact_age_ms"":1938.8121,""display.contact_last_end_ns"":1240476446514800}"
S20260919_A,000133,237,1240478408263300,1240478434727500,NormalizedFit,1,1,True,unknown,False,False,0.0,0.5258666335830132,nan,nan,-0.4288069830589001,-0.06483842580399568,0.29741598164038696,x,y,z,-0.4288069830589001,-0.06483842580399568,0.29741598164038696,,,,,,,,1.8946888890393188,-0.3443074174053363,0.12088798935222778,"{""x"":-0.4288069830589001,""y"":-0.06483842580399568,""z"":0.29741598164038696,""dx"":null,""dy"":null,""mode5"":null,""Q"":null,""X"":null,""Y"":null,""Z"":null,""dX"":1.8946888890393188,""dY"":-0.3443074174053363,""dZ"":0.12088798935222778}","{""amplitude_uT"":598.7357622720556,""contact_threshold_uT"":40.0,""contact_gate"":""shape-aware ridge classifier + amplitude floor"",""cosine_similarity"":0.9960857756905271,""anti_jump_policy"":""快速门控（阈值/形状）"",""calibration_depth_range_mm"":[0.2,0.8],""depth_extrapolated"":false,""relative_reference"":""first valid prediction since B0/no-contact"",""xy_semantics"":""continuous XY RBF refit on all 441 positions at 1 mm spacing"",""fit_model"":""441点1 mm连续XY/RBF＋跨深度连续Z＋接触/释放门控"",""fit_variant"":""dense441_1mm_continuous_development"",""evidence_tier"":""development_dense441_single_repeat_random_validation_pending"",""continuous_xy_method"":""kernel_rbf"",""working_range_model"":false,""working_range_mm"":null,""outside_declared_working_range"":false,""calibration_domain_mm"":{""x"":[-10.0,10.0],""y"":[-10.0,10.0],""depth"":[0.2,0.8]},""xy_outside_calibration_domain"":false,""excluded_calibration_samples"":0,""uncorrected_static_xyz_mm"":[-0.4288069830589001,-0.06483842580399568,0.29741598164038696],""unaligned_xyz_mm"":[-1.7812508763424293,0.34044461845283713,0.29741598164038696],""xy_rotation_deg"":-4.580684956890044,""xy_translation_mm"":[1.3195654319610284,-0.5464514666381837],""xy_translation_source"":""five_point_reassembly"",""xy_translation_details"":{""preset"":""5×5｜441点1mm连续"",""calibration_points"":5,""calibration_strategy"":""rigid_rotation_translation_v1"",""calibration_rms_mm"":0.507358956567797,""check_rms_mm"":null},""dynamic_model_enabled"":false,""dynamic_history_ready"":false,""dynamic_gate"":0.0,""contact_score"":1.000057413981784,""contact_score_threshold"":0.49492851692021117,""status"":""有效"",""preset"":""5×5｜441点1mm连续"",""needs_baseline"":false,""display.contact"":true,""display.contact_reason"":""拟合响应/相似度接触门控"",""display.contact_segment"":611,""display.contact_age_ms"":1949.8584,""display.contact_last_end_ns"":1240476446514800}"
S20260919_A,000133,238,1240478434150200,1240478484605700,NormalizedFit,1,1,True,unknown,False,False,0.0,0.465571229160118,nan,nan,-0.34255033062736606,-0.0816124995398913,0.30455744996239464,x,y,z,-0.34255033062736606,-0.0816124995398913,0.30455744996239464,,,,,,,,1.9809455414708528,-0.36108149114123195,0.12802945767423546,"{""x"":-0.34255033062736606,""y"":-0.0816124995398913,""z"":0.30455744996239464,""dx"":null,""dy"":null,""mode5"":null,""Q"":null,""X"":null,""Y"":null,""Z"":null,""dX"":1.9809455414708528,""dY"":-0.36108149114123195,""dZ"":0.12802945767423546}","{""amplitude_uT"":603.3831001880143,""contact_threshold_uT"":40.0,""contact_gate"":""shape-aware ridge classifier + amplitude floor"",""cosine_similarity"":0.9961067126433635,""anti_jump_policy"":""快速门控（阈值/形状）"",""calibration_depth_range_mm"":[0.2,0.8],""depth_extrapolated"":false,""relative_reference"":""first valid prediction since B0/no-contact"",""xy_semantics"":""continuous XY RBF refit on all 441 positions at 1 mm spacing"",""fit_model"":""441点1 mm连续XY/RBF＋跨深度连续Z＋接触/释放门控"",""fit_variant"":""dense441_1mm_continuous_development"",""evidence_tier"":""development_dense441_single_repeat_random_validation_pending"",""continuous_xy_method"":""kernel_rbf"",""working_range_model"":false,""working_range_mm"":null,""outside_declared_working_range"":false,""calibration_domain_mm"":{""x"":[-10.0,10.0],""y"":[-10.0,10.0],""depth"":[0.2,0.8]},""xy_outside_calibration_domain"":false,""excluded_calibration_samples"":0,""uncorrected_static_xyz_mm"":[-0.34255033062736606,-0.0816124995398913,0.30455744996239464],""unaligned_xyz_mm"":[-1.6939301138454907,0.3306128294322681,0.30455744996239464],""xy_rotation_deg"":-4.580684956890044,""xy_translation_mm"":[1.3195654319610284,-0.5464514666381837],""xy_translation_source"":""five_point_reassembly"",""xy_translation_details"":{""preset"":""5×5｜441点1mm连续"",""calibration_points"":5,""calibration_strategy"":""rigid_rotation_translation_v1"",""calibration_rms_mm"":0.507358956567797,""check_rms_mm"":null},""dynamic_model_enabled"":false,""dynamic_history_ready"":false,""dynamic_gate"":0.0,""contact_score"":1.0000312731729015,""contact_score_threshold"":0.49492851692021117,""status"":""有效"",""preset"":""5×5｜441点1mm连续"",""needs_baseline"":false,""display.contact"":true,""display.contact_reason"":""拟合响应/相似度接触门控"",""display.contact_segment"":611,""display.contact_age_ms"":1975.7453,""display.contact_last_end_ns"":1240476446514800}"
S20260919_A,000133,239,1240478461178700,1240478487333200,NormalizedFit,1,1,True,unknown,False,False,0.0,0.3997188060869068,nan,nan,-0.18823157362795984,-0.19544197297016697,0.2935071273932077,x,y,z,-0.18823157362795984,-0.19544197297016697,0.2935071273932077,,,,,,,,2.135264298470259,-0.4749109645715076,0.11697913510504854,"{""x"":-0.18823157362795984,""y"":-0.19544197297016697,""z"":0.2935071273932077,""dx"":null,""dy"":null,""mode5"":null,""Q"":null,""X"":null,""Y"":null,""Z"":null,""dX"":2.135264298470259,""dY"":-0.4749109645715076,""dZ"":0.11697913510504854}","{""amplitude_uT"":603.9753245924036,""contact_threshold_uT"":40.0,""contact_gate"":""shape-aware ridge classifier + amplitude floor"",""cosine_similarity"":0.9960927537296538,""anti_jump_policy"":""快速门控（阈值/形状）"",""calibration_depth_range_mm"":[0.2,0.8],""depth_extrapolated"":false,""relative_reference"":""first valid prediction since B0/no-contact"",""xy_semantics"":""continuous XY RBF refit on all 441 positions at 1 mm spacing"",""fit_model"":""441点1 mm连续XY/RBF＋跨深度连续Z＋接触/释放门控"",""fit_variant"":""dense441_1mm_continuous_development"",""evidence_tier"":""development_dense441_single_repeat_random_validation_pending"",""continuous_xy_method"":""kernel_rbf"",""working_range_model"":false,""working_range_mm"":null,""outside_declared_working_range"":false,""calibration_domain_mm"":{""x"":[-10.0,10.0],""y"":[-10.0,10.0],""depth"":[0.2,0.8]},""xy_outside_calibration_domain"":false,""excluded_calibration_samples"":0,""uncorrected_static_xyz_mm"":[-0.18823157362795984,-0.19544197297016697,0.2935071273932077],""unaligned_xyz_mm"":[-1.5310135216716008,0.22947128614909484,0.2935071273932077],""xy_rotation_deg"":-4.580684956890044,""xy_translation_mm"":[1.3195654319610284,-0.5464514666381837],""xy_translation_source"":""five_point_reassembly"",""xy_translation_details"":{""preset"":""5×5｜441点1mm连续"",""calibration_points"":5,""calibration_strategy"":""rigid_rotation_translation_v1"",""calibration_rms_mm"":0.507358956567797,""check_rms_mm"":null},""dynamic_model_enabled"":false,""dynamic_history_ready"":false,""dynamic_gate"":0.0,""contact_score"":1.0000468807237448,""contact_score_threshold"":0.49492851692021117,""status"":""有效"",""preset"":""5×5｜441点1mm连续"",""needs_baseline"":false,""display.contact"":true,""display.contact_reason"":""拟合响应/相似度接触门控"",""display.contact_segment"":611,""display.contact_age_ms"":2002.7738,""display.contact_last_end_ns"":1240476446514800}"
S20260919_A,000133,240,1240478473047600,1240478489890700,NormalizedFit,1,1,True,unknown,False,False,0.0,0.4894772929175463,nan,nan,-0.2213894140186714,0.3395498277464667,0.2743732168410459,x,y,z,-0.2213894140186714,0.3395498277464667,0.2743732168410459,,,,,,,,2.1021064580795477,0.06008083614512605,0.09784522455288669,"{""x"":-0.2213894140186714,""y"":0.3395498277464667,""z"":0.2743732168410459,""dx"":null,""dy"":null,""mode5"":null,""Q"":null,""X"":null,""Y"":null,""Z"":null,""dX"":2.1021064580795477,""dY"":0.06008083614512605,""dZ"":0.09784522455288669}","{""amplitude_uT"":598.3952946368306,""contact_threshold_uT"":40.0,""contact_gate"":""shape-aware ridge classifier + amplitude floor"",""cosine_similarity"":0.9961355233596318,""anti_jump_policy"":""快速门控（阈值/形状）"",""calibration_depth_range_mm"":[0.2,0.8],""depth_extrapolated"":false,""relative_reference"":""first valid prediction since B0/no-contact"",""xy_semantics"":""continuous XY RBF refit on all 441 positions at 1 mm spacing"",""fit_model"":""441点1 mm连续XY/RBF＋跨深度连续Z＋接触/释放门控"",""fit_variant"":""dense441_1mm_continuous_development"",""evidence_tier"":""development_dense441_single_repeat_random_validation_pending"",""continuous_xy_method"":""kernel_rbf"",""working_range_model"":false,""working_range_mm"":null,""outside_declared_working_range"":false,""calibration_domain_mm"":{""x"":[-10.0,10.0],""y"":[-10.0,10.0],""depth"":[0.2,0.8]},""xy_outside_calibration_domain"":false,""excluded_calibration_samples"":0,""uncorrected_static_xyz_mm"":[-0.2213894140186714,0.3395498277464667,0.2743732168410459],""unaligned_xyz_mm"":[-1.606791444973124,0.7601061658484136,0.2743732168410459],""xy_rotation_deg"":-4.580684956890044,""xy_translation_mm"":[1.3195654319610284,-0.5464514666381837],""xy_translation_source"":""five_point_reassembly"",""xy_translation_details"":{""preset"":""5×5｜441点1mm连续"",""calibration_points"":5,""calibration_strategy"":""rigid_rotation_translation_v1"",""calibration_rms_mm"":0.507358956567797,""check_rms_mm"":null},""dynamic_model_enabled"":false,""dynamic_history_ready"":false,""dynamic_gate"":0.0,""contact_score"":1.0001665123464836,""contact_score_threshold"":0.49492851692021117,""status"":""有效"",""preset"":""5×5｜441点1mm连续"",""needs_baseline"":false,""display.contact"":true,""display.contact_reason"":""拟合响应/相似度接触门控"",""display.contact_segment"":611,""display.contact_age_ms"":2014.6427,""display.contact_last_end_ns"":1240476446514800}"
S20260919_A,000133,241,1240478498036400,1240478543537500,NormalizedFit,1,1,True,unknown,False,False,0.0,0.6300244415441976,nan,nan,-0.12095225795011388,0.5603312873291175,0.2614004527156391,x,y,z,-0.12095225795011388,0.5603312873291175,0.2614004527156391,,,,,,,,2.202543614148105,0.2808622957277769,0.08487246042747992,"{""x"":-0.12095225795011388,""y"":0.5603312873291175,""z"":0.2614004527156391,""dx"":null,""dy"":null,""mode5"":null,""Q"":null,""X"":null,""Y"":null,""Z"":null,""dX"":2.202543614148105,""dY"":0.2808622957277769,""dZ"":0.08487246042747992}","{""amplitude_uT"":599.2422790996138,""contact_threshold_uT"":40.0,""contact_gate"":""shape-aware ridge classifier + amplitude floor"",""cosine_similarity"":0.9960769432345543,""anti_jump_policy"":""快速门控（阈值/形状）"",""calibration_depth_range_mm"":[0.2,0.8],""depth_extrapolated"":false,""relative_reference"":""first valid prediction since B0/no-contact"",""xy_semantics"":""continuous XY RBF refit on all 441 positions at 1 mm spacing"",""fit_model"":""441点1 mm连续XY/RBF＋跨深度连续Z＋接触/释放门控"",""fit_variant"":""dense441_1mm_continuous_development"",""evidence_tier"":""development_dense441_single_repeat_random_validation_pending"",""continuous_xy_method"":""kernel_rbf"",""working_range_model"":false,""working_range_mm"":null,""outside_declared_working_range"":false,""calibration_domain_mm"":{""x"":[-10.0,10.0],""y"":[-10.0,10.0],""depth"":[0.2,0.8]},""xy_outside_calibration_domain"":false,""excluded_calibration_samples"":0,""uncorrected_static_xyz_mm"":[-0.12095225795011388,0.5603312873291175,0.2614004527156391],""unaligned_xyz_mm"":[-1.5243073458934977,0.988203620050796,0.2614004527156391],""xy_rotation_deg"":-4.580684956890044,""xy_translation_mm"":[1.3195654319610284,-0.5464514666381837],""xy_translation_source"":""five_point_reassembly"",""xy_translation_details"":{""preset"":""5×5｜441点1mm连续"",""calibration_points"":5,""calibration_strategy"":""rigid_rotation_translation_v1"",""calibration_rms_mm"":0.507358956567797,""check_rms_mm"":null},""dynamic_model_enabled"":false,""dynamic_history_ready"":false,""dynamic_gate"":0.0,""contact_score"":1.0002904980086829,""contact_score_threshold"":0.49492851692021117,""status"":""有效"",""preset"":""5×5｜441点1mm连续"",""needs_baseline"":false,""display.contact"":true,""display.contact_reason"":""拟合响应/相似度接触门控"",""display.contact_segment"":611,""display.contact_age_ms"":2039.6315,""display.contact_last_end_ns"":1240476446514800}"
S20260919_A,000133,242,1240478524880900,1240478548086500,NormalizedFit,1,1,True,unknown,False,False,0.0,0.410928363581995,nan,nan,-0.04860324672642813,0.317862249518029,0.255858231712729,x,y,z,-0.04860324672642813,0.317862249518029,0.255858231712729,,,,,,,,2.2748926253717907,0.03839325791668835,0.07933023942456979,"{""x"":-0.04860324672642813,""y"":0.317862249518029,""z"":0.255858231712729,""dx"":null,""dy"":null,""mode5"":null,""Q"":null,""X"":null,""Y"":null,""Z"":null,""dX"":2.2748926253717907,""dY"":0.03839325791668835,""dZ"":0.07933023942456979}","{""amplitude_uT"":601.134976536468,""contact_threshold_uT"":40.0,""contact_gate"":""shape-aware ridge classifier + amplitude floor"",""cosine_similarity"":0.9965610350714753,""anti_jump_policy"":""快速门控（阈值/形状）"",""calibration_depth_range_mm"":[0.2,0.8],""depth_extrapolated"":false,""relative_reference"":""first valid prediction since B0/no-contact"",""xy_semantics"":""continuous XY RBF refit on all 441 positions at 1 mm spacing"",""fit_model"":""441点1 mm连续XY/RBF＋跨深度连续Z＋接触/释放门控"",""fit_variant"":""dense441_1mm_continuous_development"",""evidence_tier"":""development_dense441_single_repeat_random_validation_pending"",""continuous_xy_method"":""kernel_rbf"",""working_range_model"":false,""working_range_mm"":null,""outside_declared_working_range"":false,""calibration_domain_mm"":{""x"":[-10.0,10.0],""y"":[-10.0,10.0],""depth"":[0.2,0.8]},""xy_outside_calibration_domain"":false,""excluded_calibration_samples"":0,""uncorrected_static_xyz_mm"":[-0.04860324672642813,0.317862249518029,0.255858231712729],""unaligned_xyz_mm"":[-1.432825148502344,0.7522870642888781,0.255858231712729],""xy_rotation_deg"":-4.580684956890044,""xy_translation_mm"":[1.3195654319610284,-0.5464514666381837],""xy_translation_source"":""five_point_reassembly"",""xy_translation_details"":{""preset"":""5×5｜441点1mm连续"",""calibration_points"":5,""calibration_strategy"":""rigid_rotation_translation_v1"",""calibration_rms_mm"":0.507358956567797,""check_rms_mm"":null},""dynamic_model_enabled"":false,""dynamic_history_ready"":false,""dynamic_gate"":0.0,""contact_score"":1.0002905609412773,""contact_score_threshold"":0.49492851692021117,""status"":""有效"",""preset"":""5×5｜441点1mm连续"",""needs_baseline"":false,""display.contact"":true,""display.contact_reason"":""拟合响应/相似度接触门控"",""display.contact_segment"":611,""display.contact_age_ms"":2066.476,""display.contact_last_end_ns"":1240476446514800}"
S20260919_A,000133,243,1240478551673100,1240478604315400,NormalizedFit,1,1,True,unknown,False,False,0.0,0.5766032631034176,nan,nan,-0.202700297814562,0.47339117737126646,0.25939295571476695,x,y,z,-0.202700297814562,0.47339117737126646,0.25939295571476695,,,,,,,,2.120795574283657,0.19392218576992581,0.08286496342660776,"{""x"":-0.202700297814562,""y"":0.47339117737126646,""z"":0.25939295571476695,""dx"":null,""dy"":null,""mode5"":null,""Q"":null,""X"":null,""Y"":null,""Z"":null,""dX"":2.120795574283657,""dY"":0.19392218576992581,""dZ"":0.08286496342660776}","{""amplitude_uT"":598.9423128144313,""contact_threshold_uT"":40.0,""contact_gate"":""shape-aware ridge classifier + amplitude floor"",""cosine_similarity"":0.9956416396870553,""anti_jump_policy"":""快速门控（阈值/形状）"",""calibration_depth_range_mm"":[0.2,0.8],""depth_extrapolated"":false,""relative_reference"":""first valid prediction since B0/no-contact"",""xy_semantics"":""continuous XY RBF refit on all 441 positions at 1 mm spacing"",""fit_model"":""441点1 mm连续XY/RBF＋跨深度连续Z＋接触/释放门控"",""fit_variant"":""dense441_1mm_continuous_development"",""evidence_tier"":""development_dense441_single_repeat_random_validation_pending"",""continuous_xy_method"":""kernel_rbf"",""working_range_model"":false,""working_range_mm"":null,""outside_declared_working_range"":false,""calibration_domain_mm"":{""x"":[-10.0,10.0],""y"":[-10.0,10.0],""depth"":[0.2,0.8]},""xy_outside_calibration_domain"":false,""excluded_calibration_samples"":0,""uncorrected_static_xyz_mm"":[-0.202700297814562,0.47339117737126646,0.25939295571476695],""unaligned_xyz_mm"":[-1.5988509820568235,0.8950125740822461,0.25939295571476695],""xy_rotation_deg"":-4.580684956890044,""xy_translation_mm"":[1.3195654319610284,-0.5464514666381837],""xy_translation_source"":""five_point_reassembly"",""xy_translation_details"":{""preset"":""5×5｜441点1mm连续"",""calibration_points"":5,""calibration_strategy"":""rigid_rotation_translation_v1"",""calibration_rms_mm"":0.507358956567797,""check_rms_mm"":null},""dynamic_model_enabled"":false,""dynamic_history_ready"":false,""dynamic_gate"":0.0,""contact_score"":1.0003510630597328,""contact_score_threshold"":0.49492851692021117,""status"":""有效"",""preset"":""5×5｜441点1mm连续"",""needs_baseline"":false,""display.contact"":true,""display.contact_reason"":""拟合响应/相似度接触门控"",""display.contact_segment"":611,""display.contact_age_ms"":2093.2682,""display.contact_last_end_ns"":1240476446514800}"
S20260919_A,000133,244,1240478562613300,1240478607534300,NormalizedFit,1,1,True,unknown,False,False,0.0,0.6494387745997033,nan,nan,-0.2837809919613652,0.5166807427140767,0.27254372248029846,x,y,z,-0.2837809919613652,0.5166807427140767,0.27254372248029846,,,,,,,,2.0397148801368536,0.23721175111273607,0.09601573019213927,"{""x"":-0.2837809919613652,""y"":0.5166807427140767,""z"":0.27254372248029846,""dx"":null,""dy"":null,""mode5"":null,""Q"":null,""X"":null,""Y"":null,""Z"":null,""dX"":2.0397148801368536,""dY"":0.23721175111273607,""dZ"":0.09601573019213927}","{""amplitude_uT"":598.317111101212,""contact_threshold_uT"":40.0,""contact_gate"":""shape-aware ridge classifier + amplitude floor"",""cosine_similarity"":0.9954007540078895,""anti_jump_policy"":""快速门控（阈值/形状）"",""calibration_depth_range_mm"":[0.2,0.8],""depth_extrapolated"":false,""relative_reference"":""first valid prediction since B0/no-contact"",""xy_semantics"":""continuous XY RBF refit on all 441 positions at 1 mm spacing"",""fit_model"":""441点1 mm连续XY/RBF＋跨深度连续Z＋接触/释放门控"",""fit_variant"":""dense441_1mm_continuous_development"",""evidence_tier"":""development_dense441_single_repeat_random_validation_pending"",""continuous_xy_method"":""kernel_rbf"",""working_range_model"":false,""working_range_mm"":null,""outside_declared_working_range"":false,""calibration_domain_mm"":{""x"":[-10.0,10.0],""y"":[-10.0,10.0],""depth"":[0.2,0.8]},""xy_outside_calibration_domain"":false,""excluded_calibration_samples"":0,""uncorrected_static_xyz_mm"":[-0.2837809919613652,0.5166807427140767,0.27254372248029846],""unaligned_xyz_mm"":[-1.6831299229263172,0.931688527468808,0.27254372248029846],""xy_rotation_deg"":-4.580684956890044,""xy_translation_mm"":[1.3195654319610284,-0.5464514666381837],""xy_translation_source"":""five_point_reassembly"",""xy_translation_details"":{""preset"":""5×5｜441点1mm连续"",""calibration_points"":5,""calibration_strategy"":""rigid_rotation_translation_v1"",""calibration_rms_mm"":0.507358956567797,""check_rms_mm"":null},""dynamic_model_enabled"":false,""dynamic_history_ready"":false,""dynamic_gate"":0.0,""contact_score"":1.0003032723293406,""contact_score_threshold"":0.49492851692021117,""status"":""有效"",""preset"":""5×5｜441点1mm连续"",""needs_baseline"":false,""display.contact"":true,""display.contact_reason"":""拟合响应/相似度接触门控"",""display.contact_segment"":611,""display.contact_age_ms"":2104.2084,""display.contact_last_end_ns"":1240476446514800}"
S20260919_A,000133,245,1240478589629900,1240478611198400,NormalizedFit,1,1,True,unknown,False,False,0.0,0.4661645270371737,nan,nan,-0.218385039010351,0.31152062043681306,0.269392360780521,x,y,z,-0.218385039010351,0.31152062043681306,0.269392360780521,,,,,,,,2.105110833087868,0.03205162883547241,0.09286436849236179,"{""x"":-0.218385039010351,""y"":0.31152062043681306,""z"":0.269392360780521,""dx"":null,""dy"":null,""mode5"":null,""Q"":null,""X"":null,""Y"":null,""Z"":null,""dX"":2.105110833087868,""dY"":0.03205162883547241,""dZ"":0.09286436849236179}","{""amplitude_uT"":599.6569233666028,""contact_threshold_uT"":40.0,""contact_gate"":""shape-aware ridge classifier + amplitude floor"",""cosine_similarity"":0.9955531917976752,""anti_jump_policy"":""快速门控（阈值/形状）"",""calibration_depth_range_mm"":[0.2,0.8],""depth_extrapolated"":false,""relative_reference"":""first valid prediction since B0/no-contact"",""xy_semantics"":""continuous XY RBF refit on all 441 positions at 1 mm spacing"",""fit_model"":""441点1 mm连续XY/RBF＋跨深度连续Z＋接触/释放门控"",""fit_variant"":""dense441_1mm_continuous_development"",""evidence_tier"":""development_dense441_single_repeat_random_validation_pending"",""continuous_xy_method"":""kernel_rbf"",""working_range_model"":false,""working_range_mm"":null,""outside_declared_working_range"":false,""calibration_domain_mm"":{""x"":[-10.0,10.0],""y"":[-10.0,10.0],""depth"":[0.2,0.8]},""xy_outside_calibration_domain"":false,""excluded_calibration_samples"":0,""uncorrected_static_xyz_mm"":[-0.218385039010351,0.31152062043681306,0.269392360780521],""unaligned_xyz_mm"":[-1.6015581727380352,0.7324064258981613,0.269392360780521],""xy_rotation_deg"":-4.580684956890044,""xy_translation_mm"":[1.3195654319610284,-0.5464514666381837],""xy_translation_source"":""five_point_reassembly"",""xy_translation_details"":{""preset"":""5×5｜441点1mm连续"",""calibration_points"":5,""calibration_strategy"":""rigid_rotation_translation_v1"",""calibration_rms_mm"":0.507358956567797,""check_rms_mm"":null},""dynamic_model_enabled"":false,""dynamic_history_ready"":false,""dynamic_gate"":0.0,""contact_score"":1.000258052537714,""contact_score_threshold"":0.49492851692021117,""status"":""有效"",""preset"":""5×5｜441点1mm连续"",""needs_baseline"":false,""display.contact"":true,""display.contact_reason"":""拟合响应/相似度接触门控"",""display.contact_segment"":611,""display.contact_age_ms"":2131.225,""display.contact_last_end_ns"":1240476446514800}"
S20260919_A,000133,246,1240478616411700,1240478644290100,NormalizedFit,1,1,True,unknown,False,False,0.0,0.45001459462260274,nan,nan,-0.25630512761899893,0.2522798354187651,0.2705100766526729,x,y,z,-0.25630512761899893,0.2522798354187651,0.2705100766526729,,,,,,,,2.0671907444792197,-0.027189156182575558,0.09398208436451372,"{""x"":-0.25630512761899893,""y"":0.2522798354187651,""z"":0.2705100766526729,""dx"":null,""dy"":null,""mode5"":null,""Q"":null,""X"":null,""Y"":null,""Z"":null,""dX"":2.0671907444792197,""dY"":-0.027189156182575558,""dZ"":0.09398208436451372}","{""amplitude_uT"":599.6348337617651,""contact_threshold_uT"":40.0,""contact_gate"":""shape-aware ridge classifier + amplitude floor"",""cosine_similarity"":0.99548151130114,""anti_jump_policy"":""快速门控（阈值/形状）"",""calibration_depth_range_mm"":[0.2,0.8],""depth_extrapolated"":false,""relative_reference"":""first valid prediction since B0/no-contact"",""xy_semantics"":""continuous XY RBF refit on all 441 positions at 1 mm spacing"",""fit_model"":""441点1 mm连续XY/RBF＋跨深度连续Z＋接触/释放门控"",""fit_variant"":""dense441_1mm_continuous_development"",""evidence_tier"":""development_dense441_single_repeat_random_validation_pending"",""continuous_xy_method"":""kernel_rbf"",""working_range_model"":false,""working_range_mm"":null,""outside_declared_working_range"":false,""calibration_domain_mm"":{""x"":[-10.0,10.0],""y"":[-10.0,10.0],""depth"":[0.2,0.8]},""xy_outside_calibration_domain"":false,""excluded_calibration_samples"":0,""uncorrected_static_xyz_mm"":[-0.25630512761899893,0.2522798354187651,0.2705100766526729],""unaligned_xyz_mm"":[-1.63462599862273,0.6703264563354931,0.2705100766526729],""xy_rotation_deg"":-4.580684956890044,""xy_translation_mm"":[1.3195654319610284,-0.5464514666381837],""xy_translation_source"":""five_point_reassembly"",""xy_translation_details"":{""preset"":""5×5｜441点1mm连续"",""calibration_points"":5,""calibration_strategy"":""rigid_rotation_translation_v1"",""calibration_rms_mm"":0.507358956567797,""check_rms_mm"":null},""dynamic_model_enabled"":false,""dynamic_history_ready"":false,""dynamic_gate"":0.0,""contact_score"":1.0002959473325719,""contact_score_threshold"":0.49492851692021117,""status"":""有效"",""preset"":""5×5｜441点1mm连续"",""needs_baseline"":false,""display.contact"":true,""display.contact_reason"":""拟合响应/相似度接触门控"",""display.contact_segment"":611,""display.contact_age_ms"":2158.0068,""display.contact_last_end_ns"":1240476446514800}"
S20260919_A,000133,247,1240478627392500,1240478647325400,NormalizedFit,1,1,True,unknown,False,False,0.0,0.48357872203793106,nan,nan,-0.33870167047400357,0.20929876697105187,0.27445142552072016,x,y,z,-0.33870167047400357,0.20929876697105187,0.27445142552072016,,,,,,,,1.9847942016242153,-0.07017022463028877,0.09792343323256097,"{""x"":-0.33870167047400357,""y"":0.20929876697105187,""z"":0.27445142552072016,""dx"":null,""dy"":null,""mode5"":null,""Q"":null,""X"":null,""Y"":null,""Z"":null,""dX"":1.9847942016242153,""dY"":-0.07017022463028877,""dZ"":0.09792343323256097}","{""amplitude_uT"":601.7221825423253,""contact_threshold_uT"":40.0,""contact_gate"":""shape-aware ridge classifier + amplitude floor"",""cosine_similarity"":0.9956344480416128,""anti_jump_policy"":""快速门控（阈值/形状）"",""calibration_depth_range_mm"":[0.2,0.8],""depth_extrapolated"":false,""relative_reference"":""first valid prediction since B0/no-contact"",""xy_semantics"":""continuous XY RBF refit on all 441 positions at 1 mm spacing"",""fit_model"":""441点1 mm连续XY/RBF＋跨深度连续Z＋接触/释放门控"",""fit_variant"":""dense441_1mm_continuous_development"",""evidence_tier"":""development_dense441_single_repeat_random_validation_pending"",""continuous_xy_method"":""kernel_rbf"",""working_range_model"":false,""working_range_mm"":null,""outside_declared_working_range"":false,""calibration_domain_mm"":{""x"":[-10.0,10.0],""y"":[-10.0,10.0],""depth"":[0.2,0.8]},""xy_outside_calibration_domain"":false,""excluded_calibration_samples"":0,""uncorrected_static_xyz_mm"":[-0.33870167047400357,0.20929876697105187,0.27445142552072016],""unaligned_xyz_mm"":[-1.713326762662751,0.6209022491199945,0.27445142552072016],""xy_rotation_deg"":-4.580684956890044,""xy_translation_mm"":[1.3195654319610284,-0.5464514666381837],""xy_translation_source"":""five_point_reassembly"",""xy_translation_details"":{""preset"":""5×5｜441点1mm连续"",""calibration_points"":5,""calibration_strategy"":""rigid_rotation_translation_v1"",""calibration_rms_mm"":0.507358956567797,""check_rms_mm"":null},""dynamic_model_enabled"":false,""dynamic_history_ready"":false,""dynamic_gate"":0.0,""contact_score"":1.0002781877587679,""contact_score_threshold"":0.49492851692021117,""status"":""有效"",""preset"":""5×5｜441点1mm连续"",""needs_baseline"":false,""display.contact"":true,""display.contact_reason"":""拟合响应/相似度接触门控"",""display.contact_segment"":611,""display.contact_age_ms"":2168.9876,""display.contact_last_end_ns"":1240476446514800}"
S20260919_A,000133,248,1240478654272200,1240478704695400,NormalizedFit,1,1,True,unknown,False,False,0.0,0.3605539708325079,nan,nan,0.10173713444539567,0.21551458185956684,0.270559025655816,x,y,z,0.10173713444539567,0.21551458185956684,0.270559025655816,,,,,,,,2.4252330065436145,-0.0639544097417738,0.09403103336765684,"{""x"":0.10173713444539567,""y"":0.21551458185956684,""z"":0.270559025655816,""dx"":null,""dy"":null,""mode5"":null,""Q"":null,""X"":null,""Y"":null,""Z"":null,""dX"":2.4252330065436145,""dY"":-0.0639544097417738,""dZ"":0.09403103336765684}","{""amplitude_uT"":606.2398449108239,""contact_threshold_uT"":40.0,""contact_gate"":""shape-aware ridge classifier + amplitude floor"",""cosine_similarity"":0.9955858981635602,""anti_jump_policy"":""快速门控（阈值/形状）"",""calibration_depth_range_mm"":[0.2,0.8],""depth_extrapolated"":false,""relative_reference"":""first valid prediction since B0/no-contact"",""xy_semantics"":""continuous XY RBF refit on all 441 positions at 1 mm spacing"",""fit_model"":""441点1 mm连续XY/RBF＋跨深度连续Z＋接触/释放门控"",""fit_variant"":""dense441_1mm_continuous_development"",""evidence_tier"":""development_dense441_single_repeat_random_validation_pending"",""continuous_xy_method"":""kernel_rbf"",""working_range_model"":false,""working_range_mm"":null,""outside_declared_working_range"":false,""calibration_domain_mm"":{""x"":[-10.0,10.0],""y"":[-10.0,10.0],""depth"":[0.2,0.8]},""xy_outside_calibration_domain"":false,""excluded_calibration_samples"":0,""uncorrected_static_xyz_mm"":[0.10173713444539567,0.21551458185956684,0.270559025655816],""unaligned_xyz_mm"":[-1.2747911949014488,0.662272927647535,0.270559025655816],""xy_rotation_deg"":-4.580684956890044,""xy_translation_mm"":[1.3195654319610284,-0.5464514666381837],""xy_translation_source"":""five_point_reassembly"",""xy_translation_details"":{""preset"":""5×5｜441点1mm连续"",""calibration_points"":5,""calibration_strategy"":""rigid_rotation_translation_v1"",""calibration_rms_mm"":0.507358956567797,""check_rms_mm"":null},""dynamic_model_enabled"":false,""dynamic_history_ready"":false,""dynamic_gate"":0.0,""contact_score"":1.0003043220839203,""contact_score_threshold"":0.49492851692021117,""status"":""有效"",""preset"":""5×5｜441点1mm连续"",""needs_baseline"":false,""display.contact"":true,""display.contact_reason"":""拟合响应/相似度接触门控"",""display.contact_segment"":611,""display.contact_age_ms"":2195.8673,""display.contact_last_end_ns"":1240476446514800}"
S20260919_A,000133,249,1240478680236100,1240478707430200,NormalizedFit,1,1,True,unknown,False,False,0.0,0.3524565229078609,nan,nan,-0.058936735788015726,0.22179059762149278,0.2675088643795831,x,y,z,-0.058936735788015726,0.22179059762149278,0.2675088643795831,,,,,,,,2.2645591363102033,-0.057678393979847864,0.09098087209142391,"{""x"":-0.058936735788015726,""y"":0.22179059762149278,""z"":0.2675088643795831,""dx"":null,""dy"":null,""mode5"":null,""Q"":null,""X"":null,""Y"":null,""Z"":null,""dX"":2.2645591363102033,""dY"":-0.057678393979847864,""dZ"":0.09098087209142391}","{""amplitude_uT"":608.9049995249667,""contact_threshold_uT"":40.0,""contact_gate"":""shape-aware ridge classifier + amplitude floor"",""cosine_similarity"":0.9961626170571894,""anti_jump_policy"":""快速门控（阈值/形状）"",""calibration_depth_range_mm"":[0.2,0.8],""depth_extrapolated"":false,""relative_reference"":""first valid prediction since B0/no-contact"",""xy_semantics"":""continuous XY RBF refit on all 441 positions at 1 mm spacing"",""fit_model"":""441点1 mm连续XY/RBF＋跨深度连续Z＋接触/释放门控"",""fit_variant"":""dense441_1mm_continuous_development"",""evidence_tier"":""development_dense441_single_repeat_random_validation_pending"",""continuous_xy_method"":""kernel_rbf"",""working_range_model"":false,""working_range_mm"":null,""outside_declared_working_range"":false,""calibration_domain_mm"":{""x"":[-10.0,10.0],""y"":[-10.0,10.0],""depth"":[0.2,0.8]},""xy_outside_calibration_domain"":false,""excluded_calibration_samples"":0,""uncorrected_static_xyz_mm"":[-0.058936735788015726,0.22179059762149278,0.2675088643795831],""unaligned_xyz_mm"":[-1.4354530707247903,0.6556970165659997,0.2675088643795831],""xy_rotation_deg"":-4.580684956890044,""xy_translation_mm"":[1.3195654319610284,-0.5464514666381837],""xy_translation_source"":""five_point_reassembly"",""xy_translation_details"":{""preset"":""5×5｜441点1mm连续"",""calibration_points"":5,""calibration_strategy"":""rigid_rotation_translation_v1"",""calibration_rms_mm"":0.507358956567797,""check_rms_mm"":null},""dynamic_model_enabled"":false,""dynamic_history_ready"":false,""dynamic_gate"":0.0,""contact_score"":1.0002718907794674,""contact_score_threshold"":0.49492851692021117,""status"":""有效"",""preset"":""5×5｜441点1mm连续"",""needs_baseline"":false,""display.contact"":true,""display.contact_reason"":""拟合响应/相似度接触门控"",""display.contact_segment"":611,""display.contact_age_ms"":2221.8312,""display.contact_last_end_ns"":1240476446514800}"
S20260919_A,000133,250,1240478691159400,1240478710874700,NormalizedFit,1,1,True,unknown,False,False,0.0,0.3135852101175078,nan,nan,0.08439831678247378,0.17999166829330393,0.24251929299278427,x,y,z,0.08439831678247378,0.17999166829330393,0.24251929299278427,,,,,,,,2.4078941888806926,-0.09947732330803671,0.06599130070462508,"{""x"":0.08439831678247378,""y"":0.17999166829330393,""z"":0.24251929299278427,""dx"":null,""dy"":null,""mode5"":null,""Q"":null,""X"":null,""Y"":null,""Z"":null,""dX"":2.4078941888806926,""dY"":-0.09947732330803671,""dZ"":0.06599130070462508}","{""amplitude_uT"":590.1586158665309,""contact_threshold_uT"":40.0,""contact_gate"":""shape-aware ridge classifier + amplitude floor"",""cosine_similarity"":0.9967699816416139,""anti_jump_policy"":""快速门控（阈值/形状）"",""calibration_depth_range_mm"":[0.2,0.8],""depth_extrapolated"":false,""relative_reference"":""first valid prediction since B0/no-contact"",""xy_semantics"":""continuous XY RBF refit on all 441 positions at 1 mm spacing"",""fit_model"":""441点1 mm连续XY/RBF＋跨深度连续Z＋接触/释放门控"",""fit_variant"":""dense441_1mm_continuous_development"",""evidence_tier"":""development_dense441_single_repeat_random_validation_pending"",""continuous_xy_method"":""kernel_rbf"",""working_range_model"":false,""working_range_mm"":null,""outside_declared_working_range"":false,""calibration_domain_mm"":{""x"":[-10.0,10.0],""y"":[-10.0,10.0],""depth"":[0.2,0.8]},""xy_outside_calibration_domain"":false,""excluded_calibration_samples"":0,""uncorrected_static_xyz_mm"":[0.08439831678247378,0.17999166829330393,0.24251929299278427],""unaligned_xyz_mm"":[-1.289237667214071,0.625478751153083,0.24251929299278427],""xy_rotation_deg"":-4.580684956890044,""xy_translation_mm"":[1.3195654319610284,-0.5464514666381837],""xy_translation_source"":""five_point_reassembly"",""xy_translation_details"":{""preset"":""5×5｜441点1mm连续"",""calibration_points"":5,""calibration_strategy"":""rigid_rotation_translation_v1"",""calibration_rms_mm"":0.507358956567797,""check_rms_mm"":null},""dynamic_model_enabled"":false,""dynamic_history_ready"":false,""dynamic_gate"":0.0,""contact_score"":1.000333492854784,""contact_score_threshold"":0.49492851692021117,""status"":""有效"",""preset"":""5×5｜441点1mm连续"",""needs_baseline"":false,""display.contact"":true,""display.contact_reason"":""拟合响应/相似度接触门控"",""display.contact_segment"":611,""display.contact_age_ms"":2232.7545,""display.contact_last_end_ns"":1240476446514800}"
S20260919_A,000133,251,1240478717062100,1240478762872000,NormalizedFit,1,1,True,unknown,False,False,0.0,0.4517653408594036,nan,nan,0.30559674680640314,0.22179083662661825,0.24801487119046112,x,y,z,0.30559674680640314,0.22179083662661825,0.24801487119046112,,,,,,,,2.6290926189046218,-0.057678154974722395,0.07148687890230193,"{""x"":0.30559674680640314,""y"":0.22179083662661825,""z"":0.24801487119046112,""dx"":null,""dy"":null,""mode5"":null,""Q"":null,""X"":null,""Y"":null,""Z"":null,""dX"":2.6290926189046218,""dY"":-0.057678154974722395,""dZ"":0.07148687890230193}","{""amplitude_uT"":609.001915768333,""contact_threshold_uT"":40.0,""contact_gate"":""shape-aware ridge classifier + amplitude floor"",""cosine_similarity"":0.9959730480602691,""anti_jump_policy"":""快速门控（阈值/形状）"",""calibration_depth_range_mm"":[0.2,0.8],""depth_extrapolated"":false,""relative_reference"":""first valid prediction since B0/no-contact"",""xy_semantics"":""continuous XY RBF refit on all 441 positions at 1 mm spacing"",""fit_model"":""441点1 mm连续XY/RBF＋跨深度连续Z＋接触/释放门控"",""fit_variant"":""dense441_1mm_continuous_development"",""evidence_tier"":""development_dense441_single_repeat_random_validation_pending"",""continuous_xy_method"":""kernel_rbf"",""working_range_model"":false,""working_range_mm"":null,""outside_declared_working_range"":false,""calibration_domain_mm"":{""x"":[-10.0,10.0],""y"":[-10.0,10.0],""depth"":[0.2,0.8]},""xy_outside_calibration_domain"":false,""excluded_calibration_samples"":0,""uncorrected_static_xyz_mm"":[0.30559674680640314,0.22179083662661825,0.24801487119046112],""unaligned_xyz_mm"":[-1.0720839790111256,0.6848099538904786,0.24801487119046112],""xy_rotation_deg"":-4.580684956890044,""xy_translation_mm"":[1.3195654319610284,-0.5464514666381837],""xy_translation_source"":""five_point_reassembly"",""xy_translation_details"":{""preset"":""5×5｜441点1mm连续"",""calibration_points"":5,""calibration_strategy"":""rigid_rotation_translation_v1"",""calibration_rms_mm"":0.507358956567797,""check_rms_mm"":null},""dynamic_model_enabled"":false,""dynamic_history_ready"":false,""dynamic_gate"":0.0,""contact_score"":1.0003736025294943,""contact_score_threshold"":0.49492851692021117,""status"":""有效"",""preset"":""5×5｜441点1mm连续"",""needs_baseline"":false,""display.contact"":true,""display.contact_reason"":""拟合响应/相似度接触门控"",""display.contact_segment"":611,""display.contact_age_ms"":2258.6572,""display.contact_last_end_ns"":1240476446514800}"
S20260919_A,000133,252,1240478743086900,1240478767152800,NormalizedFit,1,1,True,unknown,False,False,0.0,0.45282129374656677,nan,nan,0.21485316694945422,0.30198316306990114,0.26017572896871444,x,y,z,0.21485316694945422,0.30198316306990114,0.26017572896871444,,,,,,,,2.538349039047673,0.022514171468560495,0.08364773668055525,"{""x"":0.21485316694945422,""y"":0.30198316306990114,""z"":0.26017572896871444,""dx"":null,""dy"":null,""mode5"":null,""Q"":null,""X"":null,""Y"":null,""Z"":null,""dX"":2.538349039047673,""dY"":0.022514171468560495,""dZ"":0.08364773668055525}","{""amplitude_uT"":617.8023655615924,""contact_threshold_uT"":40.0,""contact_gate"":""shape-aware ridge classifier + amplitude floor"",""cosine_similarity"":0.9952418592348755,""anti_jump_policy"":""快速门控（阈值/形状）"",""calibration_depth_range_mm"":[0.2,0.8],""depth_extrapolated"":false,""relative_reference"":""first valid prediction since B0/no-contact"",""xy_semantics"":""continuous XY RBF refit on all 441 positions at 1 mm spacing"",""fit_model"":""441点1 mm连续XY/RBF＋跨深度连续Z＋接触/释放门控"",""fit_variant"":""dense441_1mm_continuous_development"",""evidence_tier"":""development_dense441_single_repeat_random_validation_pending"",""continuous_xy_method"":""kernel_rbf"",""working_range_model"":false,""working_range_mm"":null,""outside_declared_working_range"":false,""calibration_domain_mm"":{""x"":[-10.0,10.0],""y"":[-10.0,10.0],""depth"":[0.2,0.8]},""xy_outside_calibration_domain"":false,""excluded_calibration_samples"":0,""uncorrected_static_xyz_mm"":[0.21485316694945422,0.30198316306990114,0.26017572896871444],""unaligned_xyz_mm"":[-1.1689421022780113,0.7574990896870837,0.26017572896871444],""xy_rotation_deg"":-4.580684956890044,""xy_translation_mm"":[1.3195654319610284,-0.5464514666381837],""xy_translation_source"":""five_point_reassembly"",""xy_translation_details"":{""preset"":""5×5｜441点1mm连续"",""calibration_points"":5,""calibration_strategy"":""rigid_rotation_translation_v1"",""calibration_rms_mm"":0.507358956567797,""check_rms_mm"":null},""dynamic_model_enabled"":false,""dynamic_history_ready"":false,""dynamic_gate"":0.0,""contact_score"":1.0003973602422298,""contact_score_threshold"":0.49492851692021117,""status"":""有效"",""preset"":""5×5｜441点1mm连续"",""needs_baseline"":false,""display.contact"":true,""display.contact_reason"":""拟合响应/相似度接触门控"",""display.contact_segment"":611,""display.contact_age_ms"":2284.682,""display.contact_last_end_ns"":1240476446514800}"
S20260919_A,000133,253,1240478753935700,1240478770033600,NormalizedFit,1,1,True,unknown,False,False,0.0,0.4370884181373094,nan,nan,0.0002525684600755973,0.3419210570530449,0.27227965811400023,x,y,z,0.0002525684600755973,0.3419210570530449,0.27227965811400023,,,,,,,,2.3237484405582944,0.06245206545170423,0.09575166582584105,"{""x"":0.0002525684600755973,""y"":0.3419210570530449,""z"":0.27227965811400023,""dx"":null,""dy"":null,""mode5"":null,""Q"":null,""X"":null,""Y"":null,""Z"":null,""dX"":2.3237484405582944,""dY"":0.06245206545170423,""dZ"":0.09575166582584105}","{""amplitude_uT"":622.8257347306302,""contact_threshold_uT"":40.0,""contact_gate"":""shape-aware ridge classifier + amplitude floor"",""cosine_similarity"":0.9954046910879834,""anti_jump_policy"":""快速门控（阈值/形状）"",""calibration_depth_range_mm"":[0.2,0.8],""depth_extrapolated"":false,""relative_reference"":""first valid prediction since B0/no-contact"",""xy_semantics"":""continuous XY RBF refit on all 441 positions at 1 mm spacing"",""fit_model"":""441点1 mm连续XY/RBF＋跨深度连续Z＋接触/释放门控"",""fit_variant"":""dense441_1mm_continuous_development"",""evidence_tier"":""development_dense441_single_repeat_random_validation_pending"",""continuous_xy_method"":""kernel_rbf"",""working_range_model"":false,""working_range_mm"":null,""outside_declared_working_range"":false,""calibration_domain_mm"":{""x"":[-10.0,10.0],""y"":[-10.0,10.0],""depth"":[0.2,0.8]},""xy_outside_calibration_domain"":false,""excluded_calibration_samples"":0,""uncorrected_static_xyz_mm"":[0.0002525684600755973,0.3419210570530449,0.27227965811400023],""unaligned_xyz_mm"":[-1.3860467917479165,0.7801707913873179,0.27227965811400023],""xy_rotation_deg"":-4.580684956890044,""xy_translation_mm"":[1.3195654319610284,-0.5464514666381837],""xy_translation_source"":""five_point_reassembly"",""xy_translation_details"":{""preset"":""5×5｜441点1mm连续"",""calibration_points"":5,""calibration_strategy"":""rigid_rotation_translation_v1"",""calibration_rms_mm"":0.507358956567797,""check_rms_mm"":null},""dynamic_model_enabled"":false,""dynamic_history_ready"":false,""dynamic_gate"":0.0,""contact_score"":1.0003985792317613,""contact_score_threshold"":0.49492851692021117,""status"":""有效"",""preset"":""5×5｜441点1mm连续"",""needs_baseline"":false,""display.contact"":true,""display.contact_reason"":""拟合响应/相似度接触门控"",""display.contact_segment"":611,""display.contact_age_ms"":2295.5308,""display.contact_last_end_ns"":1240476446514800}"
S20260919_A,000133,254,1240478779910200,1240478825801000,NormalizedFit,1,1,True,unknown,False,False,0.0,0.7211295553364501,nan,nan,-0.03878286172818579,0.647815639115983,0.3144179112783956,x,y,z,-0.03878286172818579,0.647815639115983,0.3144179112783956,,,,,,,,2.284713010370033,0.3683466475146424,0.1378899189902364,"{""x"":-0.03878286172818579,""y"":0.647815639115983,""z"":0.3144179112783956,""dx"":null,""dy"":null,""mode5"":null,""Q"":null,""X"":null,""Y"":null,""Z"":null,""dX"":2.284713010370033,""dY"":0.3683466475146424,""dZ"":0.1378899189902364}","{""amplitude_uT"":709.2669141425177,""contact_threshold_uT"":40.0,""contact_gate"":""shape-aware ridge classifier + amplitude floor"",""cosine_similarity"":0.993631037428133,""anti_jump_policy"":""快速门控（阈值/形状）"",""calibration_depth_range_mm"":[0.2,0.8],""depth_extrapolated"":false,""relative_reference"":""first valid prediction since B0/no-contact"",""xy_semantics"":""continuous XY RBF refit on all 441 positions at 1 mm spacing"",""fit_model"":""441点1 mm连续XY/RBF＋跨深度连续Z＋接触/释放门控"",""fit_variant"":""dense441_1mm_continuous_development"",""evidence_tier"":""development_dense441_single_repeat_random_validation_pending"",""continuous_xy_method"":""kernel_rbf"",""working_range_model"":false,""working_range_mm"":null,""outside_declared_working_range"":false,""calibration_domain_mm"":{""x"":[-10.0,10.0],""y"":[-10.0,10.0],""depth"":[0.2,0.8]},""xy_outside_calibration_domain"":false,""excluded_calibration_samples"":0,""uncorrected_static_xyz_mm"":[-0.03878286172818579,0.647815639115983,0.3144179112783956],""unaligned_xyz_mm"":[-1.4493871639726337,1.0819708202008957,0.3144179112783956],""xy_rotation_deg"":-4.580684956890044,""xy_translation_mm"":[1.3195654319610284,-0.5464514666381837],""xy_translation_source"":""five_point_reassembly"",""xy_translation_details"":{""preset"":""5×5｜441点1mm连续"",""calibration_points"":5,""calibration_strategy"":""rigid_rotation_translation_v1"",""calibration_rms_mm"":0.507358956567797,""check_rms_mm"":null},""dynamic_model_enabled"":false,""dynamic_history_ready"":false,""dynamic_gate"":0.0,""contact_score"":1.0006104022109854,""contact_score_threshold"":0.49492851692021117,""status"":""有效"",""preset"":""5×5｜441点1mm连续"",""needs_baseline"":false,""display.contact"":true,""display.contact_reason"":""拟合响应/相似度接触门控"",""display.contact_segment"":611,""display.contact_age_ms"":2321.5053,""display.contact_last_end_ns"":1240476446514800}"
S20260919_A,000133,255,1240478806840800,1240478829369000,NormalizedFit,1,1,True,unknown,False,False,0.0,0.6424228590150551,nan,nan,-0.05160393387711748,0.49315050412314054,0.408468779806457,x,y,z,-0.05160393387711748,0.49315050412314054,0.408468779806457,,,,,,,,2.2718919382211014,0.2136815125217999,0.23194078751829783,"{""x"":-0.05160393387711748,""y"":0.49315050412314054,""z"":0.408468779806457,""dx"":null,""dy"":null,""mode5"":null,""Q"":null,""X"":null,""Y"":null,""Z"":null,""dX"":2.2718919382211014,""dY"":0.2136815125217999,""dZ"":0.23194078751829783}","{""amplitude_uT"":868.5272628982348,""contact_threshold_uT"":40.0,""contact_gate"":""shape-aware ridge classifier + amplitude floor"",""cosine_similarity"":0.9908135892239307,""anti_jump_policy"":""快速门控（阈值/形状）"",""calibration_depth_range_mm"":[0.2,0.8],""depth_extrapolated"":false,""relative_reference"":""first valid prediction since B0/no-contact"",""xy_semantics"":""continuous XY RBF refit on all 441 positions at 1 mm spacing"",""fit_model"":""441点1 mm连续XY/RBF＋跨深度连续Z＋接触/释放门控"",""fit_variant"":""dense441_1mm_continuous_development"",""evidence_tier"":""development_dense441_single_repeat_random_validation_pending"",""continuous_xy_method"":""kernel_rbf"",""working_range_model"":false,""working_range_mm"":null,""outside_declared_working_range"":false,""calibration_domain_mm"":{""x"":[-10.0,10.0],""y"":[-10.0,10.0],""depth"":[0.2,0.8]},""xy_outside_calibration_domain"":false,""excluded_calibration_samples"":0,""uncorrected_static_xyz_mm"":[-0.05160393387711748,0.49315050412314054,0.408468779806457],""unaligned_xyz_mm"":[-1.4498152784259986,0.9267757797150056,0.408468779806457],""xy_rotation_deg"":-4.580684956890044,""xy_translation_mm"":[1.3195654319610284,-0.5464514666381837],""xy_translation_source"":""five_point_reassembly"",""xy_translation_details"":{""preset"":""5×5｜441点1mm连续"",""calibration_points"":5,""calibration_strategy"":""rigid_rotation_translation_v1"",""calibration_rms_mm"":0.507358956567797,""check_rms_mm"":null},""dynamic_model_enabled"":false,""dynamic_history_ready"":false,""dynamic_gate"":0.0,""contact_score"":1.0006138345700544,""contact_score_threshold"":0.49492851692021117,""status"":""有效"",""preset"":""5×5｜441点1mm连续"",""needs_baseline"":false,""display.contact"":true,""display.contact_reason"":""拟合响应/相似度接触门控"",""display.contact_segment"":611,""display.contact_age_ms"":2348.4359,""display.contact_last_end_ns"":1240476446514800}"
S20260919_A,000133,256,1240478833824400,1240478883239400,NormalizedFit,1,1,True,unknown,False,False,0.0,0.9179562785337871,nan,nan,-0.11288851368885999,0.8141986760732096,0.40863238816490377,x,y,z,-0.11288851368885999,0.8141986760732096,0.40863238816490377,,,,,,,,2.2106073584093586,0.534729684471869,0.23210439587674458,"{""x"":-0.11288851368885999,""y"":0.8141986760732096,""z"":0.40863238816490377,""dx"":null,""dy"":null,""mode5"":null,""Q"":null,""X"":null,""Y"":null,""Z"":null,""dX"":2.2106073584093586,""dY"":0.534729684471869,""dZ"":0.23210439587674458}","{""amplitude_uT"":952.9584504360616,""contact_threshold_uT"":40.0,""contact_gate"":""shape-aware ridge classifier + amplitude floor"",""cosine_similarity"":0.99176598669828,""anti_jump_policy"":""快速门控（阈值/形状）"",""calibration_depth_range_mm"":[0.2,0.8],""depth_extrapolated"":false,""relative_reference"":""first valid prediction since B0/no-contact"",""xy_semantics"":""continuous XY RBF refit on all 441 positions at 1 mm spacing"",""fit_model"":""441点1 mm连续XY/RBF＋跨深度连续Z＋接触/释放门控"",""fit_variant"":""dense441_1mm_continuous_development"",""evidence_tier"":""development_dense441_single_repeat_random_validation_pending"",""continuous_xy_method"":""kernel_rbf"",""working_range_model"":false,""working_range_mm"":null,""outside_declared_working_range"":false,""calibration_domain_mm"":{""x"":[-10.0,10.0],""y"":[-10.0,10.0],""depth"":[0.2,0.8]},""xy_outside_calibration_domain"":false,""excluded_calibration_samples"":0,""uncorrected_static_xyz_mm"":[-0.11288851368885999,0.8141986760732096,0.40863238816490377],""unaligned_xyz_mm"":[-1.5365439428769834,1.2419041142038791,0.40863238816490377],""xy_rotation_deg"":-4.580684956890044,""xy_translation_mm"":[1.3195654319610284,-0.5464514666381837],""xy_translation_source"":""five_point_reassembly"",""xy_translation_details"":{""preset"":""5×5｜441点1mm连续"",""calibration_points"":5,""calibration_strategy"":""rigid_rotation_translation_v1"",""calibration_rms_mm"":0.507358956567797,""check_rms_mm"":null},""dynamic_model_enabled"":false,""dynamic_history_ready"":false,""dynamic_gate"":0.0,""contact_score"":1.0009995798414375,""contact_score_threshold"":0.49492851692021117,""status"":""有效"",""preset"":""5×5｜441点1mm连续"",""needs_baseline"":false,""display.contact"":true,""display.contact_reason"":""拟合响应/相似度接触门控"",""display.contact_segment"":611,""display.contact_age_ms"":2375.4195,""display.contact_last_end_ns"":1240476446514800}"
S20260919_A,000133,257,1240478845707700,1240478886414100,NormalizedFit,1,1,True,unknown,False,False,0.0,0.777428954846137,nan,nan,0.11917105085351198,0.6263026014886321,0.44490346350663346,x,y,z,0.11917105085351198,0.6263026014886321,0.44490346350663346,,,,,,,,2.442666922951731,0.3468336098872915,0.26837547121847427,"{""x"":0.11917105085351198,""y"":0.6263026014886321,""z"":0.44490346350663346,""dx"":null,""dy"":null,""mode5"":null,""Q"":null,""X"":null,""Y"":null,""Z"":null,""dX"":2.442666922951731,""dY"":0.3468336098872915,""dZ"":0.26837547121847427}","{""amplitude_uT"":997.9465307212103,""contact_threshold_uT"":40.0,""contact_gate"":""shape-aware ridge classifier + amplitude floor"",""cosine_similarity"":0.99319310682746,""anti_jump_policy"":""快速门控（阈值/形状）"",""calibration_depth_range_mm"":[0.2,0.8],""depth_extrapolated"":false,""relative_reference"":""first valid prediction since B0/no-contact"",""xy_semantics"":""continuous XY RBF refit on all 441 positions at 1 mm spacing"",""fit_model"":""441点1 mm连续XY/RBF＋跨深度连续Z＋接触/释放门控"",""fit_variant"":""dense441_1mm_continuous_development"",""evidence_tier"":""development_dense441_single_repeat_random_validation_pending"",""continuous_xy_method"":""kernel_rbf"",""working_range_model"":false,""working_range_mm"":null,""outside_declared_working_range"":false,""calibration_domain_mm"":{""x"":[-10.0,10.0],""y"":[-10.0,10.0],""depth"":[0.2,0.8]},""xy_outside_calibration_domain"":false,""excluded_calibration_samples"":0,""uncorrected_static_xyz_mm"":[0.11917105085351198,0.6263026014886321,0.44490346350663346],""unaligned_xyz_mm"":[-1.2902196851987968,1.073141154940957,0.44490346350663346],""xy_rotation_deg"":-4.580684956890044,""xy_translation_mm"":[1.3195654319610284,-0.5464514666381837],""xy_translation_source"":""five_point_reassembly"",""xy_translation_details"":{""preset"":""5×5｜441点1mm连续"",""calibration_points"":5,""calibration_strategy"":""rigid_rotation_translation_v1"",""calibration_rms_mm"":0.507358956567797,""check_rms_mm"":null},""dynamic_model_enabled"":false,""dynamic_history_ready"":false,""dynamic_gate"":0.0,""contact_score"":1.0008210019712025,""contact_score_threshold"":0.49492851692021117,""status"":""有效"",""preset"":""5×5｜441点1mm连续"",""needs_baseline"":false,""display.contact"":true,""display.contact_reason"":""拟合响应/相似度接触门控"",""display.contact_segment"":611,""display.contact_age_ms"":2387.3028,""display.contact_last_end_ns"":1240476446514800}"
S20260919_A,000133,258,1240478872547800,1240478889680700,NormalizedFit,1,1,True,unknown,False,False,0.0,0.7527015764600457,nan,nan,-0.007674338567715822,0.5973430232246519,0.4579105593211614,x,y,z,-0.007674338567715822,0.5973430232246519,0.4579105593211614,,,,,,,,2.315821533530503,0.3178740316233113,0.28138256703300224,"{""x"":-0.007674338567715822,""y"":0.5973430232246519,""z"":0.4579105593211614,""dx"":null,""dy"":null,""mode5"":null,""Q"":null,""X"":null,""Y"":null,""Z"":null,""dX"":2.315821533530503,""dY"":0.3178740316233113,""dZ"":0.28138256703300224}","{""amplitude_uT"":1015.538181333178,""contact_threshold_uT"":40.0,""contact_gate"":""shape-aware ridge classifier + amplitude floor"",""cosine_similarity"":0.9943111241489866,""anti_jump_policy"":""快速门控（阈值/形状）"",""calibration_depth_range_mm"":[0.2,0.8],""depth_extrapolated"":false,""relative_reference"":""first valid prediction since B0/no-contact"",""xy_semantics"":""continuous XY RBF refit on all 441 positions at 1 mm spacing"",""fit_model"":""441点1 mm连续XY/RBF＋跨深度连续Z＋接触/释放门控"",""fit_variant"":""dense441_1mm_continuous_development"",""evidence_tier"":""development_dense441_single_repeat_random_validation_pending"",""continuous_xy_method"":""kernel_rbf"",""working_range_model"":false,""working_range_mm"":null,""outside_declared_working_range"":false,""calibration_domain_mm"":{""x"":[-10.0,10.0],""y"":[-10.0,10.0],""depth"":[0.2,0.8]},""xy_outside_calibration_domain"":false,""excluded_calibration_samples"":0,""uncorrected_static_xyz_mm"":[-0.007674338567715822,0.5973430232246519,0.4579105593211614],""unaligned_xyz_mm"":[-1.414347116658961,1.0341438377287084,0.4579105593211614],""xy_rotation_deg"":-4.580684956890044,""xy_translation_mm"":[1.3195654319610284,-0.5464514666381837],""xy_translation_source"":""five_point_reassembly"",""xy_translation_details"":{""preset"":""5×5｜441点1mm连续"",""calibration_points"":5,""calibration_strategy"":""rigid_rotation_translation_v1"",""calibration_rms_mm"":0.507358956567797,""check_rms_mm"":null},""dynamic_model_enabled"":false,""dynamic_history_ready"":false,""dynamic_gate"":0.0,""contact_score"":1.000708310648986,""contact_score_threshold"":0.49492851692021117,""status"":""有效"",""preset"":""5×5｜441点1mm连续"",""needs_baseline"":false,""display.contact"":true,""display.contact_reason"":""拟合响应/相似度接触门控"",""display.contact_segment"":611,""display.contact_age_ms"":2414.1429,""display.contact_last_end_ns"":1240476446514800}"
S20260919_A,000133,259,1240478898624200,1240478938243900,NormalizedFit,1,1,True,unknown,False,False,0.0,0.6686941994666699,nan,nan,-0.035419346359832904,0.4785868944100755,0.465673691336253,x,y,z,-0.035419346359832904,0.4785868944100755,0.465673691336253,,,,,,,,2.288076525738386,0.19911790280873487,0.28914569904809384,"{""x"":-0.035419346359832904,""y"":0.4785868944100755,""z"":0.465673691336253,""dx"":null,""dy"":null,""mode5"":null,""Q"":null,""X"":null,""Y"":null,""Z"":null,""dX"":2.288076525738386,""dY"":0.19911790280873487,""dZ"":0.28914569904809384}","{""amplitude_uT"":1025.0905700368621,""contact_threshold_uT"":40.0,""contact_gate"":""shape-aware ridge classifier + amplitude floor"",""cosine_similarity"":0.9946671363734298,""anti_jump_policy"":""快速门控（阈值/形状）"",""calibration_depth_range_mm"":[0.2,0.8],""depth_extrapolated"":false,""relative_reference"":""first valid prediction since B0/no-contact"",""xy_semantics"":""continuous XY RBF refit on all 441 positions at 1 mm spacing"",""fit_model"":""441点1 mm连续XY/RBF＋跨深度连续Z＋接触/释放门控"",""fit_variant"":""dense441_1mm_continuous_development"",""evidence_tier"":""development_dense441_single_repeat_random_validation_pending"",""continuous_xy_method"":""kernel_rbf"",""working_range_model"":false,""working_range_mm"":null,""outside_declared_working_range"":false,""calibration_domain_mm"":{""x"":[-10.0,10.0],""y"":[-10.0,10.0],""depth"":[0.2,0.8]},""xy_outside_calibration_domain"":false,""excluded_calibration_samples"":0,""uncorrected_static_xyz_mm"":[-0.035419346359832904,0.4785868944100755,0.465673691336253],""unaligned_xyz_mm"":[-1.4325192947563945,0.9135512362491647,0.465673691336253],""xy_rotation_deg"":-4.580684956890044,""xy_translation_mm"":[1.3195654319610284,-0.5464514666381837],""xy_translation_source"":""five_point_reassembly"",""xy_translation_details"":{""preset"":""5×5｜441点1mm连续"",""calibration_points"":5,""calibration_strategy"":""rigid_rotation_translation_v1"",""calibration_rms_mm"":0.507358956567797,""check_rms_mm"":null},""dynamic_model_enabled"":false,""dynamic_history_ready"":false,""dynamic_gate"":0.0,""contact_score"":1.0006535462506718,""contact_score_threshold"":0.49492851692021117,""status"":""有效"",""preset"":""5×5｜441点1mm连续"",""needs_baseline"":false,""display.contact"":true,""display.contact_reason"":""拟合响应/相似度接触门控"",""display.contact_segment"":611,""display.contact_age_ms"":2440.2193,""display.contact_last_end_ns"":1240476446514800}"
S20260919_A,000133,260,1240478909489300,1240478942515100,NormalizedFit,1,1,True,unknown,False,False,0.0,0.6290011112015822,nan,nan,0.04756790479418549,0.4161884306965822,0.46921943958092005,x,y,z,0.04756790479418549,0.4161884306965822,0.46921943958092005,,,,,,,,2.371063776892404,0.13671943909524154,0.29269144729276086,"{""x"":0.04756790479418549,""y"":0.4161884306965822,""z"":0.46921943958092005,""dx"":null,""dy"":null,""mode5"":null,""Q"":null,""X"":null,""Y"":null,""Z"":null,""dX"":2.371063776892404,""dY"":0.13671943909524154,""dZ"":0.29269144729276086}","{""amplitude_uT"":1028.1410343680964,""contact_threshold_uT"":40.0,""contact_gate"":""shape-aware ridge classifier + amplitude floor"",""cosine_similarity"":0.9952473819362626,""anti_jump_policy"":""快速门控（阈值/形状）"",""calibration_depth_range_mm"":[0.2,0.8],""depth_extrapolated"":false,""relative_reference"":""first valid prediction since B0/no-contact"",""xy_semantics"":""continuous XY RBF refit on all 441 positions at 1 mm spacing"",""fit_model"":""441点1 mm连续XY/RBF＋跨深度连续Z＋接触/释放门控"",""fit_variant"":""dense441_1mm_continuous_development"",""evidence_tier"":""development_dense441_single_repeat_random_validation_pending"",""continuous_xy_method"":""kernel_rbf"",""working_range_model"":false,""working_range_mm"":null,""outside_declared_working_range"":false,""calibration_domain_mm"":{""x"":[-10.0,10.0],""y"":[-10.0,10.0],""depth"":[0.2,0.8]},""xy_outside_calibration_domain"":false,""excluded_calibration_samples"":0,""uncorrected_static_xyz_mm"":[0.04756790479418549,0.4161884306965822,0.46921943958092005],""unaligned_xyz_mm"":[-1.3448137947582777,0.857979684192518,0.46921943958092005],""xy_rotation_deg"":-4.580684956890044,""xy_translation_mm"":[1.3195654319610284,-0.5464514666381837],""xy_translation_source"":""five_point_reassembly"",""xy_translation_details"":{""preset"":""5×5｜441点1mm连续"",""calibration_points"":5,""calibration_strategy"":""rigid_rotation_translation_v1"",""calibration_rms_mm"":0.507358956567797,""check_rms_mm"":null},""dynamic_model_enabled"":false,""dynamic_history_ready"":false,""dynamic_gate"":0.0,""contact_score"":1.0005951948263259,""contact_score_threshold"":0.49492851692021117,""status"":""有效"",""preset"":""5×5｜441点1mm连续"",""needs_baseline"":false,""display.contact"":true,""display.contact_reason"":""拟合响应/相似度接触门控"",""display.contact_segment"":611,""display.contact_age_ms"":2451.0844,""display.contact_last_end_ns"":1240476446514800}"
S20260919_A,000133,261,1240478936424600,1240478945190100,NormalizedFit,1,1,True,unknown,False,False,0.0,0.5823903561714191,nan,nan,0.14565954901104328,0.31487079569852827,0.46778008161907403,x,y,z,0.14565954901104328,0.31487079569852827,0.46778008161907403,,,,,,,,2.469155421109262,0.03540180409718763,0.29125208933091484,"{""x"":0.14565954901104328,""y"":0.31487079569852827,""z"":0.46778008161907403,""dx"":null,""dy"":null,""mode5"":null,""Q"":null,""X"":null,""Y"":null,""Z"":null,""dX"":2.469155421109262,""dY"":0.03540180409718763,""dZ"":0.29125208933091484}","{""amplitude_uT"":1031.540055004409,""contact_threshold_uT"":40.0,""contact_gate"":""shape-aware ridge classifier + amplitude floor"",""cosine_similarity"":0.9955614459708384,""anti_jump_policy"":""快速门控（阈值/形状）"",""calibration_depth_range_mm"":[0.2,0.8],""depth_extrapolated"":false,""relative_reference"":""first valid prediction since B0/no-contact"",""xy_semantics"":""continuous XY RBF refit on all 441 positions at 1 mm spacing"",""fit_model"":""441点1 mm连续XY/RBF＋跨深度连续Z＋接触/释放门控"",""fit_variant"":""dense441_1mm_continuous_development"",""evidence_tier"":""development_dense441_single_repeat_random_validation_pending"",""continuous_xy_method"":""kernel_rbf"",""working_range_model"":false,""working_range_mm"":null,""outside_declared_working_range"":false,""calibration_domain_mm"":{""x"":[-10.0,10.0],""y"":[-10.0,10.0],""depth"":[0.2,0.8]},""xy_outside_calibration_domain"":false,""excluded_calibration_samples"":0,""uncorrected_static_xyz_mm"":[0.14565954901104328,0.31487079569852827,0.46778008161907403],""unaligned_xyz_mm"":[-1.238943949604622,0.7648195547706109,0.46778008161907403],""xy_rotation_deg"":-4.580684956890044,""xy_translation_mm"":[1.3195654319610284,-0.5464514666381837],""xy_translation_source"":""five_point_reassembly"",""xy_translation_details"":{""preset"":""5×5｜441点1mm连续"",""calibration_points"":5,""calibration_strategy"":""rigid_rotation_translation_v1"",""calibration_rms_mm"":0.507358956567797,""check_rms_mm"":null},""dynamic_model_enabled"":false,""dynamic_history_ready"":false,""dynamic_gate"":0.0,""contact_score"":1.000593007837573,""contact_score_threshold"":0.49492851692021117,""status"":""有效"",""preset"":""5×5｜441点1mm连续"",""needs_baseline"":false,""display.contact"":true,""display.contact_reason"":""拟合响应/相似度接触门控"",""display.contact_segment"":611,""display.contact_age_ms"":2478.0197,""display.contact_last_end_ns"":1240476446514800}"
S20260919_A,000133,262,1240478963249700,1240479000975300,NormalizedFit,1,1,True,unknown,False,False,0.0,0.564703357159798,nan,nan,0.23589760352627764,0.2262694071952256,0.4604827440910535,x,y,z,0.23589760352627764,0.2262694071952256,0.4604827440910535,,,,,,,,2.5593934756244963,-0.05319958440611505,0.2839547518028943,"{""x"":0.23589760352627764,""y"":0.2262694071952256,""z"":0.4604827440910535,""dx"":null,""dy"":null,""mode5"":null,""Q"":null,""X"":null,""Y"":null,""Z"":null,""dX"":2.5593934756244963,""dY"":-0.05319958440611505,""dZ"":0.2839547518028943}","{""amplitude_uT"":1030.1254510551125,""contact_threshold_uT"":40.0,""contact_gate"":""shape-aware ridge classifier + amplitude floor"",""cosine_similarity"":0.9952948402805089,""anti_jump_policy"":""快速门控（阈值/形状）"",""calibration_depth_range_mm"":[0.2,0.8],""depth_extrapolated"":false,""relative_reference"":""first valid prediction since B0/no-contact"",""xy_semantics"":""continuous XY RBF refit on all 441 positions at 1 mm spacing"",""fit_model"":""441点1 mm连续XY/RBF＋跨深度连续Z＋接触/释放门控"",""fit_variant"":""dense441_1mm_continuous_development"",""evidence_tier"":""development_dense441_single_repeat_random_validation_pending"",""continuous_xy_method"":""kernel_rbf"",""working_range_model"":false,""working_range_mm"":null,""outside_declared_working_range"":false,""calibration_domain_mm"":{""x"":[-10.0,10.0],""y"":[-10.0,10.0],""depth"":[0.2,0.8]},""xy_outside_calibration_domain"":false,""excluded_calibration_samples"":0,""uncorrected_static_xyz_mm"":[0.23589760352627764,0.2262694071952256,0.4604827440910535],""unaligned_xyz_mm"":[-1.1419181649229868,0.6837078439372144,0.4604827440910535],""xy_rotation_deg"":-4.580684956890044,""xy_translation_mm"":[1.3195654319610284,-0.5464514666381837],""xy_translation_source"":""five_point_reassembly"",""xy_translation_details"":{""preset"":""5×5｜441点1mm连续"",""calibration_points"":5,""calibration_strategy"":""rigid_rotation_translation_v1"",""calibration_rms_mm"":0.507358956567797,""check_rms_mm"":null},""dynamic_model_enabled"":false,""dynamic_history_ready"":false,""dynamic_gate"":0.0,""contact_score"":1.000564885057142,""contact_score_threshold"":0.49492851692021117,""status"":""有效"",""preset"":""5×5｜441点1mm连续"",""needs_baseline"":false,""display.contact"":true,""display.contact_reason"":""拟合响应/相似度接触门控"",""display.contact_segment"":611,""display.contact_age_ms"":2504.8448,""display.contact_last_end_ns"":1240476446514800}"
S20260919_A,000133,263,1240478990213200,1240479004132800,NormalizedFit,1,1,True,unknown,False,False,0.0,0.5774296299927657,nan,nan,0.2320477669937282,0.2586554663356647,0.46116825688840135,x,y,z,0.2320477669937282,0.2586554663356647,0.46116825688840135,,,,,,,,2.555543639091947,-0.020813525265675925,0.28464026460024217,"{""x"":0.2320477669937282,""y"":0.2586554663356647,""z"":0.46116825688840135,""dx"":null,""dy"":null,""mode5"":null,""Q"":null,""X"":null,""Y"":null,""Z"":null,""dX"":2.555543639091947,""dY"":-0.020813525265675925,""dZ"":0.28464026460024217}","{""amplitude_uT"":1030.5704150258243,""contact_threshold_uT"":40.0,""contact_gate"":""shape-aware ridge classifier + amplitude floor"",""cosine_similarity"":0.995005361555416,""anti_jump_policy"":""快速门控（阈值/形状）"",""calibration_depth_range_mm"":[0.2,0.8],""depth_extrapolated"":false,""relative_reference"":""first valid prediction since B0/no-contact"",""xy_semantics"":""continuous XY RBF refit on all 441 positions at 1 mm spacing"",""fit_model"":""441点1 mm连续XY/RBF＋跨深度连续Z＋接触/释放门控"",""fit_variant"":""dense441_1mm_continuous_development"",""evidence_tier"":""development_dense441_single_repeat_random_validation_pending"",""continuous_xy_method"":""kernel_rbf"",""working_range_model"":false,""working_range_mm"":null,""outside_declared_working_range"":false,""calibration_domain_mm"":{""x"":[-10.0,10.0],""y"":[-10.0,10.0],""depth"":[0.2,0.8]},""xy_outside_calibration_domain"":false,""excluded_calibration_samples"":0,""uncorrected_static_xyz_mm"":[0.2320477669937282,0.2586554663356647,0.46116825688840135],""unaligned_xyz_mm"":[-1.148342148956302,0.7156829983092434,0.46116825688840135],""xy_rotation_deg"":-4.580684956890044,""xy_translation_mm"":[1.3195654319610284,-0.5464514666381837],""xy_translation_source"":""five_point_reassembly"",""xy_translation_details"":{""preset"":""5×5｜441点1mm连续"",""calibration_points"":5,""calibration_strategy"":""rigid_rotation_translation_v1"",""calibration_rms_mm"":0.507358956567797,""check_rms_mm"":null},""dynamic_model_enabled"":false,""dynamic_history_ready"":false,""dynamic_gate"":0.0,""contact_score"":1.0005640096152244,""contact_score_threshold"":0.49492851692021117,""status"":""有效"",""preset"":""5×5｜441点1mm连续"",""needs_baseline"":false,""display.contact"":true,""display.contact_reason"":""拟合响应/相似度接触门控"",""display.contact_segment"":611,""display.contact_age_ms"":2531.8083,""display.contact_last_end_ns"":1240476446514800}"
S20260919_A,000133,264,1240479000452400,1240479036775000,NormalizedFit,1,1,True,unknown,False,False,0.0,0.7674291488421271,nan,nan,0.5386284071922478,0.3046532854287348,0.4538868946506075,x,y,z,0.5386284071922478,0.3046532854287348,0.4538868946506075,,,,,,,,2.862124279290467,0.025184293827394177,0.2773589023624483,"{""x"":0.5386284071922478,""y"":0.3046532854287348,""z"":0.4538868946506075,""dx"":null,""dy"":null,""mode5"":null,""Q"":null,""X"":null,""Y"":null,""Z"":null,""dX"":2.862124279290467,""dY"":0.025184293827394177,""dZ"":0.2773589023624483}","{""amplitude_uT"":1027.9352156685263,""contact_threshold_uT"":40.0,""contact_gate"":""shape-aware ridge classifier + amplitude floor"",""cosine_similarity"":0.995070919338851,""anti_jump_policy"":""快速门控（阈值/形状）"",""calibration_depth_range_mm"":[0.2,0.8],""depth_extrapolated"":false,""relative_reference"":""first valid prediction since B0/no-contact"",""xy_semantics"":""continuous XY RBF refit on all 441 positions at 1 mm spacing"",""fit_model"":""441点1 mm连续XY/RBF＋跨深度连续Z＋接触/释放门控"",""fit_variant"":""dense441_1mm_continuous_development"",""evidence_tier"":""development_dense441_single_repeat_random_validation_pending"",""continuous_xy_method"":""kernel_rbf"",""working_range_model"":false,""working_range_mm"":null,""outside_declared_working_range"":false,""calibration_domain_mm"":{""x"":[-10.0,10.0],""y"":[-10.0,10.0],""depth"":[0.2,0.8]},""xy_outside_calibration_domain"":false,""excluded_calibration_samples"":0,""uncorrected_static_xyz_mm"":[0.5386284071922478,0.3046532854287348,0.4538868946506075],""unaligned_xyz_mm"":[-0.8464142899053759,0.7860183111668482,0.4538868946506075],""xy_rotation_deg"":-4.580684956890044,""xy_translation_mm"":[1.3195654319610284,-0.5464514666381837],""xy_translation_source"":""five_point_reassembly"",""xy_translation_details"":{""preset"":""5×5｜441点1mm连续"",""calibration_points"":5,""calibration_strategy"":""rigid_rotation_translation_v1"",""calibration_rms_mm"":0.507358956567797,""check_rms_mm"":null},""dynamic_model_enabled"":false,""dynamic_history_ready"":false,""dynamic_gate"":0.0,""contact_score"":1.0006568261449758,""contact_score_threshold"":0.49492851692021117,""status"":""有效"",""preset"":""5×5｜441点1mm连续"",""needs_baseline"":false,""display.contact"":true,""display.contact_reason"":""拟合响应/相似度接触门控"",""display.contact_segment"":611,""display.contact_age_ms"":2542.0475,""display.contact_last_end_ns"":1240476446514800}"
S20260919_A,000133,265,1240479028039000,1240479039505600,NormalizedFit,1,1,True,unknown,False,False,0.0,0.7275379386661018,nan,nan,0.5258022316159031,0.22941341679026306,0.4474516170748226,x,y,z,0.5258022316159031,0.22941341679026306,0.4474516170748226,,,,,,,,2.849298103714122,-0.050055574811077586,0.27092362478666343,"{""x"":0.5258022316159031,""y"":0.22941341679026306,""z"":0.4474516170748226,""dx"":null,""dy"":null,""mode5"":null,""Q"":null,""X"":null,""Y"":null,""Z"":null,""dX"":2.849298103714122,""dY"":-0.050055574811077586,""dZ"":0.27092362478666343}","{""amplitude_uT"":1029.2311325108171,""contact_threshold_uT"":40.0,""contact_gate"":""shape-aware ridge classifier + amplitude floor"",""cosine_similarity"":0.9950294521632697,""anti_jump_policy"":""快速门控（阈值/形状）"",""calibration_depth_range_mm"":[0.2,0.8],""depth_extrapolated"":false,""relative_reference"":""first valid prediction since B0/no-contact"",""xy_semantics"":""continuous XY RBF refit on all 441 positions at 1 mm spacing"",""fit_model"":""441点1 mm连续XY/RBF＋跨深度连续Z＋接触/释放门控"",""fit_variant"":""dense441_1mm_continuous_development"",""evidence_tier"":""development_dense441_single_repeat_random_validation_pending"",""continuous_xy_method"":""kernel_rbf"",""working_range_model"":false,""working_range_mm"":null,""outside_declared_working_range"":false,""calibration_domain_mm"":{""x"":[-10.0,10.0],""y"":[-10.0,10.0],""depth"":[0.2,0.8]},""xy_outside_calibration_domain"":false,""excluded_calibration_samples"":0,""uncorrected_static_xyz_mm"":[0.5258022316159031,0.22941341679026306,0.4474516170748226],""unaligned_xyz_mm"":[-0.8531906231570656,0.7099944338629922,0.4474516170748226],""xy_rotation_deg"":-4.580684956890044,""xy_translation_mm"":[1.3195654319610284,-0.5464514666381837],""xy_translation_source"":""five_point_reassembly"",""xy_translation_details"":{""preset"":""5×5｜441点1mm连续"",""calibration_points"":5,""calibration_strategy"":""rigid_rotation_translation_v1"",""calibration_rms_mm"":0.507358956567797,""check_rms_mm"":null},""dynamic_model_enabled"":false,""dynamic_history_ready"":false,""dynamic_gate"":0.0,""contact_score"":1.0006996133492398,""contact_score_threshold"":0.49492851692021117,""status"":""有效"",""preset"":""5×5｜441点1mm连续"",""needs_baseline"":false,""display.contact"":true,""display.contact_reason"":""拟合响应/相似度接触门控"",""display.contact_segment"":611,""display.contact_age_ms"":2569.6341,""display.contact_last_end_ns"":1240476446514800}"
S20260919_A,000133,266,1240479055008500,1240479097815900,NormalizedFit,1,1,True,unknown,False,False,0.0,0.6277937912545731,nan,nan,0.3308300089324896,0.25742037901077375,0.4673449454069969,x,y,z,0.3308300089324896,0.25742037901077375,0.4673449454069969,,,,,,,,2.6543258810307084,-0.022048612590566896,0.2908169531188377,"{""x"":0.3308300089324896,""y"":0.25742037901077375,""z"":0.4673449454069969,""dx"":null,""dy"":null,""mode5"":null,""Q"":null,""X"":null,""Y"":null,""Z"":null,""dX"":2.6543258810307084,""dY"":-0.022048612590566896,""dZ"":0.2908169531188377}","{""amplitude_uT"":1031.1291271977043,""contact_threshold_uT"":40.0,""contact_gate"":""shape-aware ridge classifier + amplitude floor"",""cosine_similarity"":0.9950299496362014,""anti_jump_policy"":""快速门控（阈值/形状）"",""calibration_depth_range_mm"":[0.2,0.8],""depth_extrapolated"":false,""relative_reference"":""first valid prediction since B0/no-contact"",""xy_semantics"":""continuous XY RBF refit on all 441 positions at 1 mm spacing"",""fit_model"":""441点1 mm连续XY/RBF＋跨深度连续Z＋接触/释放门控"",""fit_variant"":""dense441_1mm_continuous_development"",""evidence_tier"":""development_dense441_single_repeat_random_validation_pending"",""continuous_xy_method"":""kernel_rbf"",""working_range_model"":false,""working_range_mm"":null,""outside_declared_working_range"":false,""calibration_domain_mm"":{""x"":[-10.0,10.0],""y"":[-10.0,10.0],""depth"":[0.2,0.8]},""xy_outside_calibration_domain"":false,""excluded_calibration_samples"":0,""uncorrected_static_xyz_mm"":[0.3308300089324896,0.25742037901077375,0.4673449454069969],""unaligned_xyz_mm"":[-1.0497767938998668,0.7223408918009566,0.4673449454069969],""xy_rotation_deg"":-4.580684956890044,""xy_translation_mm"":[1.3195654319610284,-0.5464514666381837],""xy_translation_source"":""five_point_reassembly"",""xy_translation_details"":{""preset"":""5×5｜441点1mm连续"",""calibration_points"":5,""calibration_strategy"":""rigid_rotation_translation_v1"",""calibration_rms_mm"":0.507358956567797,""check_rms_mm"":null},""dynamic_model_enabled"":false,""dynamic_history_ready"":false,""dynamic_gate"":0.0,""contact_score"":1.000534558216757,""contact_score_threshold"":0.49492851692021117,""status"":""有效"",""preset"":""5×5｜441点1mm连续"",""needs_baseline"":false,""display.contact"":true,""display.contact_reason"":""拟合响应/相似度接触门控"",""display.contact_segment"":611,""display.contact_age_ms"":2596.6036,""display.contact_last_end_ns"":1240476446514800}"
S20260919_A,000133,267,1240479065053800,1240479100541300,NormalizedFit,1,1,True,unknown,False,False,0.0,0.6764662254373391,nan,nan,0.46304340460697857,0.17291641720669482,0.4618411764533551,x,y,z,0.46304340460697857,0.17291641720669482,0.4618411764533551,,,,,,,,2.7865392767051973,-0.10655257439464583,0.2853131841651959,"{""x"":0.46304340460697857,""y"":0.17291641720669482,""z"":0.4618411764533551,""dx"":null,""dy"":null,""mode5"":null,""Q"":null,""X"":null,""Y"":null,""Z"":null,""dX"":2.7865392767051973,""dY"":-0.10655257439464583,""dZ"":0.2853131841651959}","{""amplitude_uT"":1037.3508099589549,""contact_threshold_uT"":40.0,""contact_gate"":""shape-aware ridge classifier + amplitude floor"",""cosine_similarity"":0.9951285251426099,""anti_jump_policy"":""快速门控（阈值/形状）"",""calibration_depth_range_mm"":[0.2,0.8],""depth_extrapolated"":false,""relative_reference"":""first valid prediction since B0/no-contact"",""xy_semantics"":""continuous XY RBF refit on all 441 positions at 1 mm spacing"",""fit_model"":""441点1 mm连续XY/RBF＋跨深度连续Z＋接触/释放门控"",""fit_variant"":""dense441_1mm_continuous_development"",""evidence_tier"":""development_dense441_single_repeat_random_validation_pending"",""continuous_xy_method"":""kernel_rbf"",""working_range_model"":false,""working_range_mm"":null,""outside_declared_working_range"":false,""calibration_domain_mm"":{""x"":[-10.0,10.0],""y"":[-10.0,10.0],""depth"":[0.2,0.8]},""xy_outside_calibration_domain"":false,""excluded_calibration_samples"":0,""uncorrected_static_xyz_mm"":[0.46304340460697857,0.17291641720669482,0.4618411764533551],""unaligned_xyz_mm"":[-0.9112369756254686,0.6486657921480825,0.4618411764533551],""xy_rotation_deg"":-4.580684956890044,""xy_translation_mm"":[1.3195654319610284,-0.5464514666381837],""xy_translation_source"":""five_point_reassembly"",""xy_translation_details"":{""preset"":""5×5｜441点1mm连续"",""calibration_points"":5,""calibration_strategy"":""rigid_rotation_translation_v1"",""calibration_rms_mm"":0.507358956567797,""check_rms_mm"":null},""dynamic_model_enabled"":false,""dynamic_history_ready"":false,""dynamic_gate"":0.0,""contact_score"":1.0006455436953547,""contact_score_threshold"":0.49492851692021117,""status"":""有效"",""preset"":""5×5｜441点1mm连续"",""needs_baseline"":false,""display.contact"":true,""display.contact_reason"":""拟合响应/相似度接触门控"",""display.contact_segment"":611,""display.contact_age_ms"":2606.6489,""display.contact_last_end_ns"":1240476446514800}"
S20260919_A,000133,268,1240479091835300,1240479103190300,NormalizedFit,1,1,True,unknown,False,False,0.0,0.6540050002684766,nan,nan,0.3788608518502725,0.2553760170792788,0.4679423951857534,x,y,z,0.3788608518502725,0.2553760170792788,0.4679423951857534,,,,,,,,2.7023567239484914,-0.024092974522061827,0.29141440289759424,"{""x"":0.3788608518502725,""y"":0.2553760170792788,""z"":0.4679423951857534,""dx"":null,""dy"":null,""mode5"":null,""Q"":null,""X"":null,""Y"":null,""Z"":null,""dX"":2.7023567239484914,""dY"":-0.024092974522061827,""dZ"":0.29141440289759424}","{""amplitude_uT"":1032.8968446798062,""contact_threshold_uT"":40.0,""contact_gate"":""shape-aware ridge classifier + amplitude floor"",""cosine_similarity"":0.9953712215362913,""anti_jump_policy"":""快速门控（阈值/形状）"",""calibration_depth_range_mm"":[0.2,0.8],""depth_extrapolated"":false,""relative_reference"":""first valid prediction since B0/no-contact"",""xy_semantics"":""continuous XY RBF refit on all 441 positions at 1 mm spacing"",""fit_model"":""441点1 mm连续XY/RBF＋跨深度连续Z＋接触/释放门控"",""fit_variant"":""dense441_1mm_continuous_development"",""evidence_tier"":""development_dense441_single_repeat_random_validation_pending"",""continuous_xy_method"":""kernel_rbf"",""working_range_model"":false,""working_range_mm"":null,""outside_declared_working_range"":false,""calibration_domain_mm"":{""x"":[-10.0,10.0],""y"":[-10.0,10.0],""depth"":[0.2,0.8]},""xy_outside_calibration_domain"":false,""excluded_calibration_samples"":0,""uncorrected_static_xyz_mm"":[0.3788608518502725,0.2553760170792788,0.4679423951857534],""unaligned_xyz_mm"":[-1.0017360996646976,0.7241389419956574,0.4679423951857534],""xy_rotation_deg"":-4.580684956890044,""xy_translation_mm"":[1.3195654319610284,-0.5464514666381837],""xy_translation_source"":""five_point_reassembly"",""xy_translation_details"":{""preset"":""5×5｜441点1mm连续"",""calibration_points"":5,""calibration_strategy"":""rigid_rotation_translation_v1"",""calibration_rms_mm"":0.507358956567797,""check_rms_mm"":null},""dynamic_model_enabled"":false,""dynamic_history_ready"":false,""dynamic_gate"":0.0,""contact_score"":1.000598646405733,""contact_score_threshold"":0.49492851692021117,""status"":""有效"",""preset"":""5×5｜441点1mm连续"",""needs_baseline"":false,""display.contact"":true,""display.contact_reason"":""拟合响应/相似度接触门控"",""display.contact_segment"":611,""display.contact_age_ms"":2633.4304,""display.contact_last_end_ns"":1240476446514800}"
S20260919_A,000133,269,1240479118849400,1240479138284200,NormalizedFit,1,1,True,unknown,False,False,0.0,0.7024444687972197,nan,nan,0.2617913185279297,0.4405165797144299,0.4804567413242492,x,y,z,0.2617913185279297,0.4405165797144299,0.4804567413242492,,,,,,,,2.5852871906261488,0.16104758811308928,0.30392874903609,"{""x"":0.2617913185279297,""y"":0.4405165797144299,""z"":0.4804567413242492,""dx"":null,""dy"":null,""mode5"":null,""Q"":null,""X"":null,""Y"":null,""Z"":null,""dX"":2.5852871906261488,""dY"":0.16104758811308928,""dZ"":0.30392874903609}","{""amplitude_uT"":1037.5462166547086,""contact_threshold_uT"":40.0,""contact_gate"":""shape-aware ridge classifier + amplitude floor"",""cosine_similarity"":0.9945294062046661,""anti_jump_policy"":""快速门控（阈值/形状）"",""calibration_depth_range_mm"":[0.2,0.8],""depth_extrapolated"":false,""relative_reference"":""first valid prediction since B0/no-contact"",""xy_semantics"":""continuous XY RBF refit on all 441 positions at 1 mm spacing"",""fit_model"":""441点1 mm连续XY/RBF＋跨深度连续Z＋接触/释放门控"",""fit_variant"":""dense441_1mm_continuous_development"",""evidence_tier"":""development_dense441_single_repeat_random_validation_pending"",""continuous_xy_method"":""kernel_rbf"",""working_range_model"":false,""working_range_mm"":null,""outside_declared_working_range"":false,""calibration_domain_mm"":{""x"":[-10.0,10.0],""y"":[-10.0,10.0],""depth"":[0.2,0.8]},""xy_outside_calibration_domain"":false,""excluded_calibration_samples"":0,""uncorrected_static_xyz_mm"":[0.2617913185279297,0.4405165797144299,0.4804567413242492],""unaligned_xyz_mm"":[-1.133217557478003,0.8993386275446316,0.4804567413242492],""xy_rotation_deg"":-4.580684956890044,""xy_translation_mm"":[1.3195654319610284,-0.5464514666381837],""xy_translation_source"":""five_point_reassembly"",""xy_translation_details"":{""preset"":""5×5｜441点1mm连续"",""calibration_points"":5,""calibration_strategy"":""rigid_rotation_translation_v1"",""calibration_rms_mm"":0.507358956567797,""check_rms_mm"":null},""dynamic_model_enabled"":false,""dynamic_history_ready"":false,""dynamic_gate"":0.0,""contact_score"":1.000513034350693,""contact_score_threshold"":0.49492851692021117,""status"":""有效"",""preset"":""5×5｜441点1mm连续"",""needs_baseline"":false,""display.contact"":true,""display.contact_reason"":""拟合响应/相似度接触门控"",""display.contact_segment"":611,""display.contact_age_ms"":2660.4445,""display.contact_last_end_ns"":1240476446514800}"
S20260919_A,000133,270,1240479145825000,1240479192483700,NormalizedFit,1,1,True,unknown,False,False,0.0,0.7217818296652002,nan,nan,0.2713013616569886,0.4621593018326424,0.4835011484241506,x,y,z,0.2713013616569886,0.4621593018326424,0.4835011484241506,,,,,,,,2.5947972337552074,0.18269031023130178,0.3069731561359914,"{""x"":0.2713013616569886,""y"":0.4621593018326424,""z"":0.4835011484241506,""dx"":null,""dy"":null,""mode5"":null,""Q"":null,""X"":null,""Y"":null,""Z"":null,""dX"":2.5947972337552074,""dY"":0.18269031023130178,""dZ"":0.3069731561359914}","{""amplitude_uT"":1039.0204205031293,""contact_threshold_uT"":40.0,""contact_gate"":""shape-aware ridge classifier + amplitude floor"",""cosine_similarity"":0.9945487886153774,""anti_jump_policy"":""快速门控（阈值/形状）"",""calibration_depth_range_mm"":[0.2,0.8],""depth_extrapolated"":false,""relative_reference"":""first valid prediction since B0/no-contact"",""xy_semantics"":""continuous XY RBF refit on all 441 positions at 1 mm spacing"",""fit_model"":""441点1 mm连续XY/RBF＋跨深度连续Z＋接触/释放门控"",""fit_variant"":""dense441_1mm_continuous_development"",""evidence_tier"":""development_dense441_single_repeat_random_validation_pending"",""continuous_xy_method"":""kernel_rbf"",""working_range_model"":false,""working_range_mm"":null,""outside_declared_working_range"":false,""calibration_domain_mm"":{""x"":[-10.0,10.0],""y"":[-10.0,10.0],""depth"":[0.2,0.8]},""xy_outside_calibration_domain"":false,""excluded_calibration_samples"":0,""uncorrected_static_xyz_mm"":[0.2713013616569886,0.4621593018326424,0.4835011484241506],""unaligned_xyz_mm"":[-1.1254663412138104,0.9216717193016732,0.4835011484241506],""xy_rotation_deg"":-4.580684956890044,""xy_translation_mm"":[1.3195654319610284,-0.5464514666381837],""xy_translation_source"":""five_point_reassembly"",""xy_translation_details"":{""preset"":""5×5｜441点1mm连续"",""calibration_points"":5,""calibration_strategy"":""rigid_rotation_translation_v1"",""calibration_rms_mm"":0.507358956567797,""check_rms_mm"":null},""dynamic_model_enabled"":false,""dynamic_history_ready"":false,""dynamic_gate"":0.0,""contact_score"":1.0005077624576413,""contact_score_threshold"":0.49492851692021117,""status"":""有效"",""preset"":""5×5｜441点1mm连续"",""needs_baseline"":false,""display.contact"":true,""display.contact_reason"":""拟合响应/相似度接触门控"",""display.contact_segment"":611,""display.contact_age_ms"":2687.4201,""display.contact_last_end_ns"":1240476446514800}"
S20260919_A,000133,271,1240479156714800,1240479195349400,NormalizedFit,1,1,True,unknown,False,False,0.0,0.6896478696925481,nan,nan,0.24118218764529198,0.4349954427246445,0.47772827145029995,x,y,z,0.24118218764529198,0.4349954427246445,0.47772827145029995,,,,,,,,2.564678059743511,0.15552645112330388,0.30120027916214076,"{""x"":0.24118218764529198,""y"":0.4349954427246445,""z"":0.47772827145029995,""dx"":null,""dy"":null,""mode5"":null,""Q"":null,""X"":null,""Y"":null,""Z"":null,""dX"":2.564678059743511,""dY"":0.15552645112330388,""dZ"":0.30120027916214076}","{""amplitude_uT"":1034.3637787720038,""contact_threshold_uT"":40.0,""contact_gate"":""shape-aware ridge classifier + amplitude floor"",""cosine_similarity"":0.9948107094284593,""anti_jump_policy"":""快速门控（阈值/形状）"",""calibration_depth_range_mm"":[0.2,0.8],""depth_extrapolated"":false,""relative_reference"":""first valid prediction since B0/no-contact"",""xy_semantics"":""continuous XY RBF refit on all 441 positions at 1 mm spacing"",""fit_model"":""441点1 mm连续XY/RBF＋跨深度连续Z＋接触/释放门控"",""fit_variant"":""dense441_1mm_continuous_development"",""evidence_tier"":""development_dense441_single_repeat_random_validation_pending"",""continuous_xy_method"":""kernel_rbf"",""working_range_model"":false,""working_range_mm"":null,""outside_declared_working_range"":false,""calibration_domain_mm"":{""x"":[-10.0,10.0],""y"":[-10.0,10.0],""depth"":[0.2,0.8]},""xy_outside_calibration_domain"":false,""excluded_calibration_samples"":0,""uncorrected_static_xyz_mm"":[0.24118218764529198,0.4349954427246445,0.47772827145029995],""unaligned_xyz_mm"":[-1.1533199258839981,0.8921892210051126,0.47772827145029995],""xy_rotation_deg"":-4.580684956890044,""xy_translation_mm"":[1.3195654319610284,-0.5464514666381837],""xy_translation_source"":""five_point_reassembly"",""xy_translation_details"":{""preset"":""5×5｜441点1mm连续"",""calibration_points"":5,""calibration_strategy"":""rigid_rotation_translation_v1"",""calibration_rms_mm"":0.507358956567797,""check_rms_mm"":null},""dynamic_model_enabled"":false,""dynamic_history_ready"":false,""dynamic_gate"":0.0,""contact_score"":1.0005163101013679,""contact_score_threshold"":0.49492851692021117,""status"":""有效"",""preset"":""5×5｜441点1mm连续"",""needs_baseline"":false,""display.contact"":true,""display.contact_reason"":""拟合响应/相似度接触门控"",""display.contact_segment"":611,""display.contact_age_ms"":2698.3099,""display.contact_last_end_ns"":1240476446514800}"
S20260919_A,000133,272,1240479182708400,1240479198067400,NormalizedFit,1,1,True,unknown,False,False,0.0,0.621134868821782,nan,nan,0.12882088996720276,0.36656911933057645,0.4846037394898185,x,y,z,0.12882088996720276,0.36656911933057645,0.4846037394898185,,,,,,,,2.4523167620654216,0.08710012772923581,0.3080757472016593,"{""x"":0.12882088996720276,""y"":0.36656911933057645,""z"":0.4846037394898185,""dx"":null,""dy"":null,""mode5"":null,""Q"":null,""X"":null,""Y"":null,""Z"":null,""dX"":2.4523167620654216,""dY"":0.08710012772923581,""dZ"":0.3080757472016593}","{""amplitude_uT"":1034.097981258304,""contact_threshold_uT"":40.0,""contact_gate"":""shape-aware ridge classifier + amplitude floor"",""cosine_similarity"":0.9946831339077411,""anti_jump_policy"":""快速门控（阈值/形状）"",""calibration_depth_range_mm"":[0.2,0.8],""depth_extrapolated"":false,""relative_reference"":""first valid prediction since B0/no-contact"",""xy_semantics"":""continuous XY RBF refit on all 441 positions at 1 mm spacing"",""fit_model"":""441点1 mm连续XY/RBF＋跨深度连续Z＋接触/释放门控"",""fit_variant"":""dense441_1mm_continuous_development"",""evidence_tier"":""development_dense441_single_repeat_random_validation_pending"",""continuous_xy_method"":""kernel_rbf"",""working_range_model"":false,""working_range_mm"":null,""outside_declared_working_range"":false,""calibration_domain_mm"":{""x"":[-10.0,10.0],""y"":[-10.0,10.0],""depth"":[0.2,0.8]},""xy_outside_calibration_domain"":false,""excluded_calibration_samples"":0,""uncorrected_static_xyz_mm"":[0.12882088996720276,0.36656911933057645,0.4846037394898185],""unaligned_xyz_mm"":[-1.2598576013453933,0.8150079625519346,0.4846037394898185],""xy_rotation_deg"":-4.580684956890044,""xy_translation_mm"":[1.3195654319610284,-0.5464514666381837],""xy_translation_source"":""five_point_reassembly"",""xy_translation_details"":{""preset"":""5×5｜441点1mm连续"",""calibration_points"":5,""calibration_strategy"":""rigid_rotation_translation_v1"",""calibration_rms_mm"":0.507358956567797,""check_rms_mm"":null},""dynamic_model_enabled"":false,""dynamic_history_ready"":false,""dynamic_gate"":0.0,""contact_score"":1.0003822356325665,""contact_score_threshold"":0.49492851692021117,""status"":""有效"",""preset"":""5×5｜441点1mm连续"",""needs_baseline"":false,""display.contact"":true,""display.contact_reason"":""拟合响应/相似度接触门控"",""display.contact_segment"":611,""display.contact_age_ms"":2724.3035,""display.contact_last_end_ns"":1240476446514800}"
S20260919_A,000133,273,1240479209527300,1240479252056800,NormalizedFit,1,1,True,unknown,False,False,0.0,0.684242746086828,nan,nan,0.38105913675986425,0.31463586569929436,0.4732719534051496,x,y,z,0.38105913675986425,0.31463586569929436,0.4732719534051496,,,,,,,,2.704555008858083,0.035166874097953715,0.2967439611169904,"{""x"":0.38105913675986425,""y"":0.31463586569929436,""z"":0.4732719534051496,""dx"":null,""dy"":null,""mode5"":null,""Q"":null,""X"":null,""Y"":null,""Z"":null,""dX"":2.704555008858083,""dY"":0.035166874097953715,""dZ"":0.2967439611169904}","{""amplitude_uT"":1033.7084966229593,""contact_threshold_uT"":40.0,""contact_gate"":""shape-aware ridge classifier + amplitude floor"",""cosine_similarity"":0.9947691733916699,""anti_jump_policy"":""快速门控（阈值/形状）"",""calibration_depth_range_mm"":[0.2,0.8],""depth_extrapolated"":false,""relative_reference"":""first valid prediction since B0/no-contact"",""xy_semantics"":""continuous XY RBF refit on all 441 positions at 1 mm spacing"",""fit_model"":""441点1 mm连续XY/RBF＋跨深度连续Z＋接触/释放门控"",""fit_variant"":""dense441_1mm_continuous_development"",""evidence_tier"":""development_dense441_single_repeat_random_validation_pending"",""continuous_xy_method"":""kernel_rbf"",""working_range_model"":false,""working_range_mm"":null,""outside_declared_working_range"":false,""calibration_domain_mm"":{""x"":[-10.0,10.0],""y"":[-10.0,10.0],""depth"":[0.2,0.8]},""xy_outside_calibration_domain"":false,""excluded_calibration_samples"":0,""uncorrected_static_xyz_mm"":[0.38105913675986425,0.31463586569929436,0.4732719534051496],""unaligned_xyz_mm"":[-1.0042774994315593,0.7833850676262495,0.4732719534051496],""xy_rotation_deg"":-4.580684956890044,""xy_translation_mm"":[1.3195654319610284,-0.5464514666381837],""xy_translation_source"":""five_point_reassembly"",""xy_translation_details"":{""preset"":""5×5｜441点1mm连续"",""calibration_points"":5,""calibration_strategy"":""rigid_rotation_translation_v1"",""calibration_rms_mm"":0.507358956567797,""check_rms_mm"":null},""dynamic_model_enabled"":false,""dynamic_history_ready"":false,""dynamic_gate"":0.0,""contact_score"":1.0005036951759587,""contact_score_threshold"":0.49492851692021117,""status"":""有效"",""preset"":""5×5｜441点1mm连续"",""needs_baseline"":false,""display.contact"":true,""display.contact_reason"":""拟合响应/相似度接触门控"",""display.contact_segment"":611,""display.contact_age_ms"":2751.1224,""display.contact_last_end_ns"":1240476446514800}"
S20260919_A,000133,274,1240479219860500,1240479255036700,NormalizedFit,1,1,True,unknown,False,False,0.0,0.6143686522695871,nan,nan,0.22850445543914089,0.3253882929627149,0.46835564856081435,x,y,z,0.22850445543914089,0.3253882929627149,0.46835564856081435,,,,,,,,2.5520003275373595,0.04591930136137423,0.29182765627265517,"{""x"":0.22850445543914089,""y"":0.3253882929627149,""z"":0.46835564856081435,""dx"":null,""dy"":null,""mode5"":null,""Q"":null,""X"":null,""Y"":null,""Z"":null,""dX"":2.5520003275373595,""dY"":0.04591930136137423,""dZ"":0.29182765627265517}","{""amplitude_uT"":1034.214972123542,""contact_threshold_uT"":40.0,""contact_gate"":""shape-aware ridge classifier + amplitude floor"",""cosine_similarity"":0.994375738345893,""anti_jump_policy"":""快速门控（阈值/形状）"",""calibration_depth_range_mm"":[0.2,0.8],""depth_extrapolated"":false,""relative_reference"":""first valid prediction since B0/no-contact"",""xy_semantics"":""continuous XY RBF refit on all 441 positions at 1 mm spacing"",""fit_model"":""441点1 mm连续XY/RBF＋跨深度连续Z＋接触/释放门控"",""fit_variant"":""dense441_1mm_continuous_development"",""evidence_tier"":""development_dense441_single_repeat_random_validation_pending"",""continuous_xy_method"":""kernel_rbf"",""working_range_model"":false,""working_range_mm"":null,""outside_declared_working_range"":false,""calibration_domain_mm"":{""x"":[-10.0,10.0],""y"":[-10.0,10.0],""depth"":[0.2,0.8]},""xy_outside_calibration_domain"":false,""excluded_calibration_samples"":0,""uncorrected_static_xyz_mm"":[0.22850445543914089,0.3253882929627149,0.46835564856081435],""unaligned_xyz_mm"":[-1.1572036193661748,0.7819196916791857,0.46835564856081435],""xy_rotation_deg"":-4.580684956890044,""xy_translation_mm"":[1.3195654319610284,-0.5464514666381837],""xy_translation_source"":""five_point_reassembly"",""xy_translation_details"":{""preset"":""5×5｜441点1mm连续"",""calibration_points"":5,""calibration_strategy"":""rigid_rotation_translation_v1"",""calibration_rms_mm"":0.507358956567797,""check_rms_mm"":null},""dynamic_model_enabled"":false,""dynamic_history_ready"":false,""dynamic_gate"":0.0,""contact_score"":1.000561844448729,""contact_score_threshold"":0.49492851692021117,""status"":""有效"",""preset"":""5×5｜441点1mm连续"",""needs_baseline"":false,""display.contact"":true,""display.contact_reason"":""拟合响应/相似度接触门控"",""display.contact_segment"":611,""display.contact_age_ms"":2761.4556,""display.contact_last_end_ns"":1240476446514800}"
S20260919_A,000133,275,1240479246482300,1240479257585100,NormalizedFit,1,1,True,unknown,False,False,0.0,0.5731173284723937,nan,nan,0.19494058658393976,0.2612069177680788,0.4714155131174018,x,y,z,0.19494058658393976,0.2612069177680788,0.4714155131174018,,,,,,,,2.5184364586821584,-0.018262073833261838,0.29488752082924263,"{""x"":0.19494058658393976,""y"":0.2612069177680788,""z"":0.4714155131174018,""dx"":null,""dy"":null,""mode5"":null,""Q"":null,""X"":null,""Y"":null,""Z"":null,""dX"":2.5184364586821584,""dY"":-0.018262073833261838,""dZ"":0.29488752082924263}","{""amplitude_uT"":1032.3541476211055,""contact_threshold_uT"":40.0,""contact_gate"":""shape-aware ridge classifier + amplitude floor"",""cosine_similarity"":0.9951735364841091,""anti_jump_policy"":""快速门控（阈值/形状）"",""calibration_depth_range_mm"":[0.2,0.8],""depth_extrapolated"":false,""relative_reference"":""first valid prediction since B0/no-contact"",""xy_semantics"":""continuous XY RBF refit on all 441 positions at 1 mm spacing"",""fit_model"":""441点1 mm连续XY/RBF＋跨深度连续Z＋接触/释放门控"",""fit_variant"":""dense441_1mm_continuous_development"",""evidence_tier"":""development_dense441_single_repeat_random_validation_pending"",""continuous_xy_method"":""kernel_rbf"",""working_range_model"":false,""working_range_mm"":null,""outside_declared_working_range"":false,""calibration_domain_mm"":{""x"":[-10.0,10.0],""y"":[-10.0,10.0],""depth"":[0.2,0.8]},""xy_outside_calibration_domain"":false,""excluded_calibration_samples"":0,""uncorrected_static_xyz_mm"":[0.19494058658393976,0.2612069177680788,0.4714155131174018],""unaligned_xyz_mm"":[-1.1855345700506055,0.7152628132065169,0.4714155131174018],""xy_rotation_deg"":-4.580684956890044,""xy_translation_mm"":[1.3195654319610284,-0.5464514666381837],""xy_translation_source"":""five_point_reassembly"",""xy_translation_details"":{""preset"":""5×5｜441点1mm连续"",""calibration_points"":5,""calibration_strategy"":""rigid_rotation_translation_v1"",""calibration_rms_mm"":0.507358956567797,""check_rms_mm"":null},""dynamic_model_enabled"":false,""dynamic_history_ready"":false,""dynamic_gate"":0.0,""contact_score"":1.000523697433164,""contact_score_threshold"":0.49492851692021117,""status"":""有效"",""preset"":""5×5｜441点1mm连续"",""needs_baseline"":false,""display.contact"":true,""display.contact_reason"":""拟合响应/相似度接触门控"",""display.contact_segment"":611,""display.contact_age_ms"":2788.0774,""display.contact_last_end_ns"":1240476446514800}"
S20260919_A,000133,276,1240479273214400,1240479293661300,NormalizedFit,1,1,True,unknown,False,False,0.0,0.5973769216963579,nan,nan,0.224546450838371,0.28539997525852767,0.47432576581263164,x,y,z,0.224546450838371,0.28539997525852767,0.47432576581263164,,,,,,,,2.54804232293659,0.005930983657187028,0.29779777352447245,"{""x"":0.224546450838371,""y"":0.28539997525852767,""z"":0.47432576581263164,""dx"":null,""dy"":null,""mode5"":null,""Q"":null,""X"":null,""Y"":null,""Z"":null,""dX"":2.54804232293659,""dY"":0.005930983657187028,""dZ"":0.29779777352447245}","{""amplitude_uT"":1039.2432059477221,""contact_threshold_uT"":40.0,""contact_gate"":""shape-aware ridge classifier + amplitude floor"",""cosine_similarity"":0.9950387276716683,""anti_jump_policy"":""快速门控（阈值/形状）"",""calibration_depth_range_mm"":[0.2,0.8],""depth_extrapolated"":false,""relative_reference"":""first valid prediction since B0/no-contact"",""xy_semantics"":""continuous XY RBF refit on all 441 positions at 1 mm spacing"",""fit_model"":""441点1 mm连续XY/RBF＋跨深度连续Z＋接触/释放门控"",""fit_variant"":""dense441_1mm_continuous_development"",""evidence_tier"":""development_dense441_single_repeat_random_validation_pending"",""continuous_xy_method"":""kernel_rbf"",""working_range_model"":false,""working_range_mm"":null,""outside_declared_working_range"":false,""calibration_domain_mm"":{""x"":[-10.0,10.0],""y"":[-10.0,10.0],""depth"":[0.2,0.8]},""xy_outside_calibration_domain"":false,""excluded_calibration_samples"":0,""uncorrected_static_xyz_mm"":[0.224546450838371,0.28539997525852767,0.47432576581263164],""unaligned_xyz_mm"":[-1.1579553987369766,0.7417430046454299,0.47432576581263164],""xy_rotation_deg"":-4.580684956890044,""xy_translation_mm"":[1.3195654319610284,-0.5464514666381837],""xy_translation_source"":""five_point_reassembly"",""xy_translation_details"":{""preset"":""5×5｜441点1mm连续"",""calibration_points"":5,""calibration_strategy"":""rigid_rotation_translation_v1"",""calibration_rms_mm"":0.507358956567797,""check_rms_mm"":null},""dynamic_model_enabled"":false,""dynamic_history_ready"":false,""dynamic_gate"":0.0,""contact_score"":1.0005586085076135,""contact_score_threshold"":0.49492851692021117,""status"":""有效"",""preset"":""5×5｜441点1mm连续"",""needs_baseline"":false,""display.contact"":true,""display.contact_reason"":""拟合响应/相似度接触门控"",""display.contact_segment"":611,""display.contact_age_ms"":2814.8095,""display.contact_last_end_ns"":1240476446514800}"
S20260919_A,000133,277,1240479282248600,1240479297851100,NormalizedFit,1,1,True,unknown,False,False,0.0,0.5627107916909123,nan,nan,0.13612543082659556,0.2727464307879316,0.47299332623212675,x,y,z,0.13612543082659556,0.2727464307879316,0.47299332623212675,,,,,,,,2.4596213029248144,-0.006722560813409051,0.29646533394396757,"{""x"":0.13612543082659556,""y"":0.2727464307879316,""z"":0.47299332623212675,""dx"":null,""dy"":null,""mode5"":null,""Q"":null,""X"":null,""Y"":null,""Z"":null,""dX"":2.4596213029248144,""dY"":-0.006722560813409051,""dZ"":0.29646533394396757}","{""amplitude_uT"":1036.2172635505783,""contact_threshold_uT"":40.0,""contact_gate"":""shape-aware ridge classifier + amplitude floor"",""cosine_similarity"":0.9949336187003531,""anti_jump_policy"":""快速门控（阈值/形状）"",""calibration_depth_range_mm"":[0.2,0.8],""depth_extrapolated"":false,""relative_reference"":""first valid prediction since B0/no-contact"",""xy_semantics"":""continuous XY RBF refit on all 441 positions at 1 mm spacing"",""fit_model"":""441点1 mm连续XY/RBF＋跨深度连续Z＋接触/释放门控"",""fit_variant"":""dense441_1mm_continuous_development"",""evidence_tier"":""development_dense441_single_repeat_random_validation_pending"",""continuous_xy_method"":""kernel_rbf"",""working_range_model"":false,""working_range_mm"":null,""outside_declared_working_range"":false,""calibration_domain_mm"":{""x"":[-10.0,10.0],""y"":[-10.0,10.0],""depth"":[0.2,0.8]},""xy_outside_calibration_domain"":false,""excluded_calibration_samples"":0,""uncorrected_static_xyz_mm"":[0.13612543082659556,0.2727464307879316,0.47299332623212675],""unaligned_xyz_mm"":[-1.245083440746379,0.7220683187978767,0.47299332623212675],""xy_rotation_deg"":-4.580684956890044,""xy_translation_mm"":[1.3195654319610284,-0.5464514666381837],""xy_translation_source"":""five_point_reassembly"",""xy_translation_details"":{""preset"":""5×5｜441点1mm连续"",""calibration_points"":5,""calibration_strategy"":""rigid_rotation_translation_v1"",""calibration_rms_mm"":0.507358956567797,""check_rms_mm"":null},""dynamic_model_enabled"":false,""dynamic_history_ready"":false,""dynamic_gate"":0.0,""contact_score"":1.0005580868171653,""contact_score_threshold"":0.49492851692021117,""status"":""有效"",""preset"":""5×5｜441点1mm连续"",""needs_baseline"":false,""display.contact"":true,""display.contact_reason"":""拟合响应/相似度接触门控"",""display.contact_segment"":611,""display.contact_age_ms"":2823.8437,""display.contact_last_end_ns"":1240476446514800}"
S20260919_A,000133,278,1240479309096200,1240479353036200,NormalizedFit,1,1,True,unknown,False,False,0.0,0.5684442177811919,nan,nan,0.22045668596781898,0.2324425185923873,0.46957230954495743,x,y,z,0.22045668596781898,0.2324425185923873,0.46957230954495743,,,,,,,,2.543952558066038,-0.04702647300895335,0.29304431725679825,"{""x"":0.22045668596781898,""y"":0.2324425185923873,""z"":0.46957230954495743,""dx"":null,""dy"":null,""mode5"":null,""Q"":null,""X"":null,""Y"":null,""Z"":null,""dX"":2.543952558066038,""dY"":-0.04702647300895335,""dZ"":0.29304431725679825}","{""amplitude_uT"":1039.5357819089247,""contact_threshold_uT"":40.0,""contact_gate"":""shape-aware ridge classifier + amplitude floor"",""cosine_similarity"":0.9955297563607963,""anti_jump_policy"":""快速门控（阈值/形状）"",""calibration_depth_range_mm"":[0.2,0.8],""depth_extrapolated"":false,""relative_reference"":""first valid prediction since B0/no-contact"",""xy_semantics"":""continuous XY RBF refit on all 441 positions at 1 mm spacing"",""fit_model"":""441点1 mm连续XY/RBF＋跨深度连续Z＋接触/释放门控"",""fit_variant"":""dense441_1mm_continuous_development"",""evidence_tier"":""development_dense441_single_repeat_random_validation_pending"",""continuous_xy_method"":""kernel_rbf"",""working_range_model"":false,""working_range_mm"":null,""outside_declared_working_range"":false,""calibration_domain_mm"":{""x"":[-10.0,10.0],""y"":[-10.0,10.0],""depth"":[0.2,0.8]},""xy_outside_calibration_domain"":false,""excluded_calibration_samples"":0,""uncorrected_static_xyz_mm"":[0.22045668596781898,0.2324425185923873,0.46957230954495743],""unaligned_xyz_mm"":[-1.15780276453911,0.6886280811677086,0.46957230954495743],""xy_rotation_deg"":-4.580684956890044,""xy_translation_mm"":[1.3195654319610284,-0.5464514666381837],""xy_translation_source"":""five_point_reassembly"",""xy_translation_details"":{""preset"":""5×5｜441点1mm连续"",""calibration_points"":5,""calibration_strategy"":""rigid_rotation_translation_v1"",""calibration_rms_mm"":0.507358956567797,""check_rms_mm"":null},""dynamic_model_enabled"":false,""dynamic_history_ready"":false,""dynamic_gate"":0.0,""contact_score"":1.0006241387029196,""contact_score_threshold"":0.49492851692021117,""status"":""有效"",""preset"":""5×5｜441点1mm连续"",""needs_baseline"":false,""display.contact"":true,""display.contact_reason"":""拟合响应/相似度接触门控"",""display.contact_segment"":611,""display.contact_age_ms"":2850.6913,""display.contact_last_end_ns"":1240476446514800}"
S20260919_A,000133,279,1240479336132900,1240479355760500,NormalizedFit,1,1,True,unknown,False,False,0.0,0.5156982465706005,nan,nan,0.10185092780770644,0.19951460967563595,0.46450510282092683,x,y,z,0.10185092780770644,0.19951460967563595,0.46450510282092683,,,,,,,,2.4253467999059253,-0.0799543819257047,0.28797711053276764,"{""x"":0.10185092780770644,""y"":0.19951460967563595,""z"":0.46450510282092683,""dx"":null,""dy"":null,""mode5"":null,""Q"":null,""X"":null,""Y"":null,""Z"":null,""dX"":2.4253467999059253,""dY"":-0.0799543819257047,""dZ"":0.28797711053276764}","{""amplitude_uT"":1036.4730484038162,""contact_threshold_uT"":40.0,""contact_gate"":""shape-aware ridge classifier + amplitude floor"",""cosine_similarity"":0.995933185066094,""anti_jump_policy"":""快速门控（阈值/形状）"",""calibration_depth_range_mm"":[0.2,0.8],""depth_extrapolated"":false,""relative_reference"":""first valid prediction since B0/no-contact"",""xy_semantics"":""continuous XY RBF refit on all 441 positions at 1 mm spacing"",""fit_model"":""441点1 mm连续XY/RBF＋跨深度连续Z＋接触/释放门控"",""fit_variant"":""dense441_1mm_continuous_development"",""evidence_tier"":""development_dense441_single_repeat_random_validation_pending"",""continuous_xy_method"":""kernel_rbf"",""working_range_model"":false,""working_range_mm"":null,""outside_declared_working_range"":false,""calibration_domain_mm"":{""x"":[-10.0,10.0],""y"":[-10.0,10.0],""depth"":[0.2,0.8]},""xy_outside_calibration_domain"":false,""excluded_calibration_samples"":0,""uncorrected_static_xyz_mm"":[0.10185092780770644,0.19951460967563595,0.46450510282092683],""unaligned_xyz_mm"":[-1.2733999609198898,0.6463331495178237,0.46450510282092683],""xy_rotation_deg"":-4.580684956890044,""xy_translation_mm"":[1.3195654319610284,-0.5464514666381837],""xy_translation_source"":""five_point_reassembly"",""xy_translation_details"":{""preset"":""5×5｜441点1mm连续"",""calibration_points"":5,""calibration_strategy"":""rigid_rotation_translation_v1"",""calibration_rms_mm"":0.507358956567797,""check_rms_mm"":null},""dynamic_model_enabled"":false,""dynamic_history_ready"":false,""dynamic_gate"":0.0,""contact_score"":1.0006322893011945,""contact_score_threshold"":0.49492851692021117,""status"":""有效"",""preset"":""5×5｜441点1mm连续"",""needs_baseline"":false,""display.contact"":true,""display.contact_reason"":""拟合响应/相似度接触门控"",""display.contact_segment"":611,""display.contact_age_ms"":2877.728,""display.contact_last_end_ns"":1240476446514800}"
S20260919_A,000133,280,1240479348018900,1240479359888000,NormalizedFit,1,1,True,unknown,False,False,0.0,0.5501922873739312,nan,nan,0.2294385563612238,0.19577812088840862,0.4601526152506793,x,y,z,0.2294385563612238,0.19577812088840862,0.4601526152506793,,,,,,,,2.5529344284594426,-0.08369087071293202,0.2836246229625201,"{""x"":0.2294385563612238,""y"":0.19577812088840862,""z"":0.4601526152506793,""dx"":null,""dy"":null,""mode5"":null,""Q"":null,""X"":null,""Y"":null,""Z"":null,""dX"":2.5529344284594426,""dY"":-0.08369087071293202,""dZ"":0.2836246229625201}","{""amplitude_uT"":1037.407399379096,""contact_threshold_uT"":40.0,""contact_gate"":""shape-aware ridge classifier + amplitude floor"",""cosine_similarity"":0.9952789235339512,""anti_jump_policy"":""快速门控（阈值/形状）"",""calibration_depth_range_mm"":[0.2,0.8],""depth_extrapolated"":false,""relative_reference"":""first valid prediction since B0/no-contact"",""xy_semantics"":""continuous XY RBF refit on all 441 positions at 1 mm spacing"",""fit_model"":""441点1 mm连续XY/RBF＋跨深度连续Z＋接触/释放门控"",""fit_variant"":""dense441_1mm_continuous_development"",""evidence_tier"":""development_dense441_single_repeat_random_validation_pending"",""continuous_xy_method"":""kernel_rbf"",""working_range_model"":false,""working_range_mm"":null,""outside_declared_working_range"":false,""calibration_domain_mm"":{""x"":[-10.0,10.0],""y"":[-10.0,10.0],""depth"":[0.2,0.8]},""xy_outside_calibration_domain"":false,""excluded_calibration_samples"":0,""uncorrected_static_xyz_mm"":[0.2294385563612238,0.19577812088840862,0.4601526152506793],""unaligned_xyz_mm"":[-1.145921458589473,0.652798112933135,0.4601526152506793],""xy_rotation_deg"":-4.580684956890044,""xy_translation_mm"":[1.3195654319610284,-0.5464514666381837],""xy_translation_source"":""five_point_reassembly"",""xy_translation_details"":{""preset"":""5×5｜441点1mm连续"",""calibration_points"":5,""calibration_strategy"":""rigid_rotation_translation_v1"",""calibration_rms_mm"":0.507358956567797,""check_rms_mm"":null},""dynamic_model_enabled"":false,""dynamic_history_ready"":false,""dynamic_gate"":0.0,""contact_score"":1.000611611874429,""contact_score_threshold"":0.49492851692021117,""status"":""有效"",""preset"":""5×5｜441点1mm连续"",""needs_baseline"":false,""display.contact"":true,""display.contact_reason"":""拟合响应/相似度接触门控"",""display.contact_segment"":611,""display.contact_age_ms"":2889.614,""display.contact_last_end_ns"":1240476446514800}"
S20260919_A,000133,281,1240479358017000,1240479392882600,NormalizedFit,1,1,True,unknown,False,False,0.0,0.5734162854862686,nan,nan,0.2697141084236079,0.2046264849681838,0.46280507541263394,x,y,z,0.2697141084236079,0.2046264849681838,0.46280507541263394,,,,,,,,2.5932099805218267,-0.07484250663315684,0.28627708312447475,"{""x"":0.2697141084236079,""y"":0.2046264849681838,""z"":0.46280507541263394,""dx"":null,""dy"":null,""mode5"":null,""Q"":null,""X"":null,""Y"":null,""Z"":null,""dX"":2.5932099805218267,""dY"":-0.07484250663315684,""dZ"":0.28627708312447475}","{""amplitude_uT"":1037.5401159573298,""contact_threshold_uT"":40.0,""contact_gate"":""shape-aware ridge classifier + amplitude floor"",""cosine_similarity"":0.9955230059762696,""anti_jump_policy"":""快速门控（阈值/形状）"",""calibration_depth_range_mm"":[0.2,0.8],""depth_extrapolated"":false,""relative_reference"":""first valid prediction since B0/no-contact"",""xy_semantics"":""continuous XY RBF refit on all 441 positions at 1 mm spacing"",""fit_model"":""441点1 mm连续XY/RBF＋跨深度连续Z＋接触/释放门控"",""fit_variant"":""dense441_1mm_continuous_development"",""evidence_tier"":""development_dense441_single_repeat_random_validation_pending"",""continuous_xy_method"":""kernel_rbf"",""working_range_model"":false,""working_range_mm"":null,""outside_declared_working_range"":false,""calibration_domain_mm"":{""x"":[-10.0,10.0],""y"":[-10.0,10.0],""depth"":[0.2,0.8]},""xy_outside_calibration_domain"":false,""excluded_calibration_samples"":0,""uncorrected_static_xyz_mm"":[0.2697141084236079,0.2046264849681838,0.46280507541263394],""unaligned_xyz_mm"":[-1.1064812083365019,0.6648347362470504,0.46280507541263394],""xy_rotation_deg"":-4.580684956890044,""xy_translation_mm"":[1.3195654319610284,-0.5464514666381837],""xy_translation_source"":""five_point_reassembly"",""xy_translation_details"":{""preset"":""5×5｜441点1mm连续"",""calibration_points"":5,""calibration_strategy"":""rigid_rotation_translation_v1"",""calibration_rms_mm"":0.507358956567797,""check_rms_mm"":null},""dynamic_model_enabled"":false,""dynamic_history_ready"":false,""dynamic_gate"":0.0,""contact_score"":1.0005907684603486,""contact_score_threshold"":0.49492851692021117,""status"":""有效"",""preset"":""5×5｜441点1mm连续"",""needs_baseline"":false,""display.contact"":true,""display.contact_reason"":""拟合响应/相似度接触门控"",""display.contact_segment"":611,""display.contact_age_ms"":2899.6121,""display.contact_last_end_ns"":1240476446514800}"
S20260919_A,000133,282,1240479384941000,1240479395602600,NormalizedFit,1,1,True,unknown,False,False,0.0,0.6065256741595434,nan,nan,0.3069201645558082,0.2330320706758039,0.46836893581905215,x,y,z,0.3069201645558082,0.2330320706758039,0.46836893581905215,,,,,,,,2.630416036654027,-0.04643692092553675,0.29184094353089296,"{""x"":0.3069201645558082,""y"":0.2330320706758039,""z"":0.46836893581905215,""dx"":null,""dy"":null,""mode5"":null,""Q"":null,""X"":null,""Y"":null,""Z"":null,""dX"":2.630416036654027,""dY"":-0.04643692092553675,""dZ"":0.29184094353089296}","{""amplitude_uT"":1035.819764382539,""contact_threshold_uT"":40.0,""contact_gate"":""shape-aware ridge classifier + amplitude floor"",""cosine_similarity"":0.9952820540077794,""anti_jump_policy"":""快速门控（阈值/形状）"",""calibration_depth_range_mm"":[0.2,0.8],""depth_extrapolated"":false,""relative_reference"":""first valid prediction since B0/no-contact"",""xy_semantics"":""continuous XY RBF refit on all 441 positions at 1 mm spacing"",""fit_model"":""441点1 mm连续XY/RBF＋跨深度连续Z＋接触/释放门控"",""fit_variant"":""dense441_1mm_continuous_development"",""evidence_tier"":""development_dense441_single_repeat_random_validation_pending"",""continuous_xy_method"":""kernel_rbf"",""working_range_model"":false,""working_range_mm"":null,""outside_declared_working_range"":false,""calibration_domain_mm"":{""x"":[-10.0,10.0],""y"":[-10.0,10.0],""depth"":[0.2,0.8]},""xy_outside_calibration_domain"":false,""excluded_calibration_samples"":0,""uncorrected_static_xyz_mm"":[0.3069201645558082,0.2330320706758039,0.46836893581905215],""unaligned_xyz_mm"":[-1.0716625459358053,0.6961209738113805,0.46836893581905215],""xy_rotation_deg"":-4.580684956890044,""xy_translation_mm"":[1.3195654319610284,-0.5464514666381837],""xy_translation_source"":""five_point_reassembly"",""xy_translation_details"":{""preset"":""5×5｜441点1mm连续"",""calibration_points"":5,""calibration_strategy"":""rigid_rotation_translation_v1"",""calibration_rms_mm"":0.507358956567797,""check_rms_mm"":null},""dynamic_model_enabled"":false,""dynamic_history_ready"":false,""dynamic_gate"":0.0,""contact_score"":1.0005460010050353,""contact_score_threshold"":0.49492851692021117,""status"":""有效"",""preset"":""5×5｜441点1mm连续"",""needs_baseline"":false,""display.contact"":true,""display.contact_reason"":""拟合响应/相似度接触门控"",""display.contact_segment"":611,""display.contact_age_ms"":2926.5361,""display.contact_last_end_ns"":1240476446514800}"
S20260919_A,000133,283,1240479411816800,1240479446666800,NormalizedFit,1,1,True,unknown,False,False,0.0,0.6734215526520473,nan,nan,0.355938663342928,0.32896598679950995,0.4675314267971389,x,y,z,0.355938663342928,0.32896598679950995,0.4675314267971389,,,,,,,,2.679434535441147,0.0494969951981693,0.2910034345089797,"{""x"":0.355938663342928,""y"":0.32896598679950995,""z"":0.4675314267971389,""dx"":null,""dy"":null,""mode5"":null,""Q"":null,""X"":null,""Y"":null,""Z"":null,""dX"":2.679434535441147,""dY"":0.0494969951981693,""dZ"":0.2910034345089797}","{""amplitude_uT"":1035.0742847474758,""contact_threshold_uT"":40.0,""contact_gate"":""shape-aware ridge classifier + amplitude floor"",""cosine_similarity"":0.9951310727051359,""anti_jump_policy"":""快速门控（阈值/形状）"",""calibration_depth_range_mm"":[0.2,0.8],""depth_extrapolated"":false,""relative_reference"":""first valid prediction since B0/no-contact"",""xy_semantics"":""continuous XY RBF refit on all 441 positions at 1 mm spacing"",""fit_model"":""441点1 mm连续XY/RBF＋跨深度连续Z＋接触/释放门控"",""fit_variant"":""dense441_1mm_continuous_development"",""evidence_tier"":""development_dense441_single_repeat_random_validation_pending"",""continuous_xy_method"":""kernel_rbf"",""working_range_model"":false,""working_range_mm"":null,""outside_declared_working_range"":false,""calibration_domain_mm"":{""x"":[-10.0,10.0],""y"":[-10.0,10.0],""depth"":[0.2,0.8]},""xy_outside_calibration_domain"":false,""excluded_calibration_samples"":0,""uncorrected_static_xyz_mm"":[0.355938663342928,0.32896598679950995,0.4675314267971389],""unaligned_xyz_mm"":[-1.0304621794337807,0.7956632225617075,0.4675314267971389],""xy_rotation_deg"":-4.580684956890044,""xy_translation_mm"":[1.3195654319610284,-0.5464514666381837],""xy_translation_source"":""five_point_reassembly"",""xy_translation_details"":{""preset"":""5×5｜441点1mm连续"",""calibration_points"":5,""calibration_strategy"":""rigid_rotation_translation_v1"",""calibration_rms_mm"":0.507358956567797,""check_rms_mm"":null},""dynamic_model_enabled"":false,""dynamic_history_ready"":false,""dynamic_gate"":0.0,""contact_score"":1.0005718667707297,""contact_score_threshold"":0.49492851692021117,""status"":""有效"",""preset"":""5×5｜441点1mm连续"",""needs_baseline"":false,""display.contact"":true,""display.contact_reason"":""拟合响应/相似度接触门控"",""display.contact_segment"":611,""display.contact_age_ms"":2953.4119,""display.contact_last_end_ns"":1240476446514800}"
S20260919_A,000133,284,1240479423767500,1240479451284000,NormalizedFit,1,1,True,unknown,False,False,0.0,0.6947128498618927,nan,nan,0.3578538244621179,0.36615256247285255,0.4695730881083714,x,y,z,0.3578538244621179,0.36615256247285255,0.4695730881083714,,,,,,,,2.6813496965603365,0.0866835708715119,0.2930450958202122,"{""x"":0.3578538244621179,""y"":0.36615256247285255,""z"":0.4695730881083714,""dx"":null,""dy"":null,""mode5"":null,""Q"":null,""X"":null,""Y"":null,""Z"":null,""dX"":2.6813496965603365,""dY"":0.0866835708715119,""dZ"":0.2930450958202122}","{""amplitude_uT"":1038.1615041993705,""contact_threshold_uT"":40.0,""contact_gate"":""shape-aware ridge classifier + amplitude floor"",""cosine_similarity"":0.9949869672640276,""anti_jump_policy"":""快速门控（阈值/形状）"",""calibration_depth_range_mm"":[0.2,0.8],""depth_extrapolated"":false,""relative_reference"":""first valid prediction since B0/no-contact"",""xy_semantics"":""continuous XY RBF refit on all 441 positions at 1 mm spacing"",""fit_model"":""441点1 mm连续XY/RBF＋跨深度连续Z＋接触/释放门控"",""fit_variant"":""dense441_1mm_continuous_development"",""evidence_tier"":""development_dense441_single_repeat_random_validation_pending"",""continuous_xy_method"":""kernel_rbf"",""working_range_model"":false,""working_range_mm"":null,""outside_declared_working_range"":false,""calibration_domain_mm"":{""x"":[-10.0,10.0],""y"":[-10.0,10.0],""depth"":[0.2,0.8]},""xy_outside_calibration_domain"":false,""excluded_calibration_samples"":0,""uncorrected_static_xyz_mm"":[0.3578538244621179,0.36615256247285255,0.4695730881083714],""unaligned_xyz_mm"":[-1.0315229631835292,0.8328839693336083,0.4695730881083714],""xy_rotation_deg"":-4.580684956890044,""xy_translation_mm"":[1.3195654319610284,-0.5464514666381837],""xy_translation_source"":""five_point_reassembly"",""xy_translation_details"":{""preset"":""5×5｜441点1mm连续"",""calibration_points"":5,""calibration_strategy"":""rigid_rotation_translation_v1"",""calibration_rms_mm"":0.507358956567797,""check_rms_mm"":null},""dynamic_model_enabled"":false,""dynamic_history_ready"":false,""dynamic_gate"":0.0,""contact_score"":1.000578887971226,""contact_score_threshold"":0.49492851692021117,""status"":""有效"",""preset"":""5×5｜441点1mm连续"",""needs_baseline"":false,""display.contact"":true,""display.contact_reason"":""拟合响应/相似度接触门控"",""display.contact_segment"":611,""display.contact_age_ms"":2965.3626,""display.contact_last_end_ns"":1240476446514800}"
S20260919_A,000133,285,1240479450650500,1240479488429300,NormalizedFit,1,1,True,unknown,False,False,0.0,0.7509717411617725,nan,nan,0.40632473077369247,0.4136703547739299,0.4772165197962467,x,y,z,0.40632473077369247,0.4136703547739299,0.4772165197962467,,,,,,,,2.729820602871911,0.13420136317258924,0.3006885275080875,"{""x"":0.40632473077369247,""y"":0.4136703547739299,""z"":0.4772165197962467,""dx"":null,""dy"":null,""mode5"":null,""Q"":null,""X"":null,""Y"":null,""Z"":null,""dX"":2.729820602871911,""dY"":0.13420136317258924,""dZ"":0.3006885275080875}","{""amplitude_uT"":1041.229106776458,""contact_threshold_uT"":40.0,""contact_gate"":""shape-aware ridge classifier + amplitude floor"",""cosine_similarity"":0.9949452068724449,""anti_jump_policy"":""快速门控（阈值/形状）"",""calibration_depth_range_mm"":[0.2,0.8],""depth_extrapolated"":false,""relative_reference"":""first valid prediction since B0/no-contact"",""xy_semantics"":""continuous XY RBF refit on all 441 positions at 1 mm spacing"",""fit_model"":""441点1 mm连续XY/RBF＋跨深度连续Z＋接触/释放门控"",""fit_variant"":""dense441_1mm_continuous_development"",""evidence_tier"":""development_dense441_single_repeat_random_validation_pending"",""continuous_xy_method"":""kernel_rbf"",""working_range_model"":false,""working_range_mm"":null,""outside_declared_working_range"":false,""calibration_domain_mm"":{""x"":[-10.0,10.0],""y"":[-10.0,10.0],""depth"":[0.2,0.8]},""xy_outside_calibration_domain"":false,""excluded_calibration_samples"":0,""uncorrected_static_xyz_mm"":[0.40632473077369247,0.4136703547739299,0.4772165197962467],""unaligned_xyz_mm"":[-0.9870017882771123,0.884121009927167,0.4772165197962467],""xy_rotation_deg"":-4.580684956890044,""xy_translation_mm"":[1.3195654319610284,-0.5464514666381837],""xy_translation_source"":""five_point_reassembly"",""xy_translation_details"":{""preset"":""5×5｜441点1mm连续"",""calibration_points"":5,""calibration_strategy"":""rigid_rotation_translation_v1"",""calibration_rms_mm"":0.507358956567797,""check_rms_mm"":null},""dynamic_model_enabled"":false,""dynamic_history_ready"":false,""dynamic_gate"":0.0,""contact_score"":1.0005107131651652,""contact_score_threshold"":0.49492851692021117,""status"":""有效"",""preset"":""5×5｜441点1mm连续"",""needs_baseline"":false,""display.contact"":true,""display.contact_reason"":""拟合响应/相似度接触门控"",""display.contact_segment"":611,""display.contact_age_ms"":2992.2456,""display.contact_last_end_ns"":1240476446514800}"
S20260919_A,000133,286,1240479477630800,1240479491235100,NormalizedFit,1,1,True,unknown,False,False,0.0,0.7608091747647666,nan,nan,0.2720945888212276,0.5291727878375931,0.474100512288947,x,y,z,0.2720945888212276,0.5291727878375931,0.474100512288947,,,,,,,,2.5955904609194462,0.2497037962362525,0.2975725200007878,"{""x"":0.2720945888212276,""y"":0.5291727878375931,""z"":0.474100512288947,""dx"":null,""dy"":null,""mode5"":null,""Q"":null,""X"":null,""Y"":null,""Z"":null,""dX"":2.5955904609194462,""dY"":0.2497037962362525,""dZ"":0.2975725200007878}","{""amplitude_uT"":1045.8821994964342,""contact_threshold_uT"":40.0,""contact_gate"":""shape-aware ridge classifier + amplitude floor"",""cosine_similarity"":0.9952090446546615,""anti_jump_policy"":""快速门控（阈值/形状）"",""calibration_depth_range_mm"":[0.2,0.8],""depth_extrapolated"":false,""relative_reference"":""first valid prediction since B0/no-contact"",""xy_semantics"":""continuous XY RBF refit on all 441 positions at 1 mm spacing"",""fit_model"":""441点1 mm连续XY/RBF＋跨深度连续Z＋接触/释放门控"",""fit_variant"":""dense441_1mm_continuous_development"",""evidence_tier"":""development_dense441_single_repeat_random_validation_pending"",""continuous_xy_method"":""kernel_rbf"",""working_range_model"":false,""working_range_mm"":null,""outside_declared_working_range"":false,""calibration_domain_mm"":{""x"":[-10.0,10.0],""y"":[-10.0,10.0],""depth"":[0.2,0.8]},""xy_outside_calibration_domain"":false,""excluded_calibration_samples"":0,""uncorrected_static_xyz_mm"":[0.2720945888212276,0.5291727878375931,0.474100512288947],""unaligned_xyz_mm"":[-1.1300275386966394,0.9885345041179852,0.474100512288947],""xy_rotation_deg"":-4.580684956890044,""xy_translation_mm"":[1.3195654319610284,-0.5464514666381837],""xy_translation_source"":""five_point_reassembly"",""xy_translation_details"":{""preset"":""5×5｜441点1mm连续"",""calibration_points"":5,""calibration_strategy"":""rigid_rotation_translation_v1"",""calibration_rms_mm"":0.507358956567797,""check_rms_mm"":null},""dynamic_model_enabled"":false,""dynamic_history_ready"":false,""dynamic_gate"":0.0,""contact_score"":1.0005911837156163,""contact_score_threshold"":0.49492851692021117,""status"":""有效"",""preset"":""5×5｜441点1mm连续"",""needs_baseline"":false,""display.contact"":true,""display.contact_reason"":""拟合响应/相似度接触门控"",""display.contact_segment"":611,""display.contact_age_ms"":3019.2259,""display.contact_last_end_ns"":1240476446514800}"
S20260919_A,000133,287,1240479488580600,1240479544989000,NormalizedFit,1,1,True,unknown,False,False,0.0,0.757158175259911,nan,nan,-0.006917656972580399,0.584188384875157,0.48162701269954045,x,y,z,-0.006917656972580399,0.584188384875157,0.48162701269954045,,,,,,,,2.3165782151256384,0.30471939327381636,0.30509902041138126,"{""x"":-0.006917656972580399,""y"":0.584188384875157,""z"":0.48162701269954045,""dx"":null,""dy"":null,""mode5"":null,""Q"":null,""X"":null,""Y"":null,""Z"":null,""dX"":2.3165782151256384,""dY"":0.30471939327381636,""dZ"":0.30509902041138126}","{""amplitude_uT"":1055.6829723844648,""contact_threshold_uT"":40.0,""contact_gate"":""shape-aware ridge classifier + amplitude floor"",""cosine_similarity"":0.994729022957326,""anti_jump_policy"":""快速门控（阈值/形状）"",""calibration_depth_range_mm"":[0.2,0.8],""depth_extrapolated"":false,""relative_reference"":""first valid prediction since B0/no-contact"",""xy_semantics"":""continuous XY RBF refit on all 441 positions at 1 mm spacing"",""fit_model"":""441点1 mm连续XY/RBF＋跨深度连续Z＋接触/释放门控"",""fit_variant"":""dense441_1mm_continuous_development"",""evidence_tier"":""development_dense441_single_repeat_random_validation_pending"",""continuous_xy_method"":""kernel_rbf"",""working_range_model"":false,""working_range_mm"":null,""outside_declared_working_range"":false,""calibration_domain_mm"":{""x"":[-10.0,10.0],""y"":[-10.0,10.0],""depth"":[0.2,0.8]},""xy_outside_calibration_domain"":false,""excluded_calibration_samples"":0,""uncorrected_static_xyz_mm"":[-0.006917656972580399,0.584188384875157,0.48162701269954045],""unaligned_xyz_mm"":[-1.4125422845170323,1.0210916479476073,0.48162701269954045],""xy_rotation_deg"":-4.580684956890044,""xy_translation_mm"":[1.3195654319610284,-0.5464514666381837],""xy_translation_source"":""five_point_reassembly"",""xy_translation_details"":{""preset"":""5×5｜441点1mm连续"",""calibration_points"":5,""calibration_strategy"":""rigid_rotation_translation_v1"",""calibration_rms_mm"":0.507358956567797,""check_rms_mm"":null},""dynamic_model_enabled"":false,""dynamic_history_ready"":false,""dynamic_gate"":0.0,""contact_score"":1.000570013207375,""contact_score_threshold"":0.49492851692021117,""status"":""有效"",""preset"":""5×5｜441点1mm连续"",""needs_baseline"":false,""display.contact"":true,""display.contact_reason"":""拟合响应/相似度接触门控"",""display.contact_segment"":611,""display.contact_age_ms"":3030.1757,""display.contact_last_end_ns"":1240476446514800}"
S20260919_A,000133,288,1240479500519800,1240479548919800,NormalizedFit,1,1,True,unknown,False,False,0.0,0.745677500026146,nan,nan,0.09210981671369023,0.5436632006599564,0.5019771309117431,x,y,z,0.09210981671369023,0.5436632006599564,0.5019771309117431,,,,,,,,2.415605688811909,0.2641942090586158,0.32544913862358393,"{""x"":0.09210981671369023,""y"":0.5436632006599564,""z"":0.5019771309117431,""dx"":null,""dy"":null,""mode5"":null,""Q"":null,""X"":null,""Y"":null,""Z"":null,""dX"":2.415605688811909,""dY"":0.2641942090586158,""dZ"":0.32544913862358393}","{""amplitude_uT"":1115.41022206126,""contact_threshold_uT"":40.0,""contact_gate"":""shape-aware ridge classifier + amplitude floor"",""cosine_similarity"":0.9940341250629677,""anti_jump_policy"":""快速门控（阈值/形状）"",""calibration_depth_range_mm"":[0.2,0.8],""depth_extrapolated"":false,""relative_reference"":""first valid prediction since B0/no-contact"",""xy_semantics"":""continuous XY RBF refit on all 441 positions at 1 mm spacing"",""fit_model"":""441点1 mm连续XY/RBF＋跨深度连续Z＋接触/释放门控"",""fit_variant"":""dense441_1mm_continuous_development"",""evidence_tier"":""development_dense441_single_repeat_random_validation_pending"",""continuous_xy_method"":""kernel_rbf"",""working_range_model"":false,""working_range_mm"":null,""outside_declared_working_range"":false,""calibration_domain_mm"":{""x"":[-10.0,10.0],""y"":[-10.0,10.0],""depth"":[0.2,0.8]},""xy_outside_calibration_domain"":false,""excluded_calibration_samples"":0,""uncorrected_static_xyz_mm"":[0.09210981671369023,0.5436632006599564,0.5019771309117431],""unaligned_xyz_mm"":[-1.3105946601531029,0.9886045276241298,0.5019771309117431],""xy_rotation_deg"":-4.580684956890044,""xy_translation_mm"":[1.3195654319610284,-0.5464514666381837],""xy_translation_source"":""five_point_reassembly"",""xy_translation_details"":{""preset"":""5×5｜441点1mm连续"",""calibration_points"":5,""calibration_strategy"":""rigid_rotation_translation_v1"",""calibration_rms_mm"":0.507358956567797,""check_rms_mm"":null},""dynamic_model_enabled"":false,""dynamic_history_ready"":false,""dynamic_gate"":0.0,""contact_score"":1.0006609617551216,""contact_score_threshold"":0.49492851692021117,""status"":""有效"",""preset"":""5×5｜441点1mm连续"",""needs_baseline"":false,""display.contact"":true,""display.contact_reason"":""拟合响应/相似度接触门控"",""display.contact_segment"":611,""display.contact_age_ms"":3042.1149,""display.contact_last_end_ns"":1240476446514800}"
S20260919_A,000133,289,1240479526429600,1240479551787800,NormalizedFit,1,1,True,unknown,False,False,0.0,0.696983251606355,nan,nan,-0.06539002484105993,0.3873200325550975,0.5757542792307943,x,y,z,-0.06539002484105993,0.3873200325550975,0.5757542792307943,,,,,,,,2.258105847257159,0.10785104095375686,0.39922628694263507,"{""x"":-0.06539002484105993,""y"":0.3873200325550975,""z"":0.5757542792307943,""dx"":null,""dy"":null,""mode5"":null,""Q"":null,""X"":null,""Y"":null,""Z"":null,""dX"":2.258105847257159,""dY"":0.10785104095375686,""dZ"":0.39922628694263507}","{""amplitude_uT"":1280.7728142092565,""contact_threshold_uT"":40.0,""contact_gate"":""shape-aware ridge classifier + amplitude floor"",""cosine_similarity"":0.9911471919853205,""anti_jump_policy"":""快速门控（阈值/形状）"",""calibration_depth_range_mm"":[0.2,0.8],""depth_extrapolated"":false,""relative_reference"":""first valid prediction since B0/no-contact"",""xy_semantics"":""continuous XY RBF refit on all 441 positions at 1 mm spacing"",""fit_model"":""441点1 mm连续XY/RBF＋跨深度连续Z＋接触/释放门控"",""fit_variant"":""dense441_1mm_continuous_development"",""evidence_tier"":""development_dense441_single_repeat_random_validation_pending"",""continuous_xy_method"":""kernel_rbf"",""working_range_model"":false,""working_range_mm"":null,""outside_declared_working_range"":false,""calibration_domain_mm"":{""x"":[-10.0,10.0],""y"":[-10.0,10.0],""depth"":[0.2,0.8]},""xy_outside_calibration_domain"":false,""excluded_calibration_samples"":0,""uncorrected_static_xyz_mm"":[-0.06539002484105993,0.3873200325550975,0.5757542792307943],""unaligned_xyz_mm"":[-1.4551054068628182,0.8201823485970308,0.5757542792307943],""xy_rotation_deg"":-4.580684956890044,""xy_translation_mm"":[1.3195654319610284,-0.5464514666381837],""xy_translation_source"":""five_point_reassembly"",""xy_translation_details"":{""preset"":""5×5｜441点1mm连续"",""calibration_points"":5,""calibration_strategy"":""rigid_rotation_translation_v1"",""calibration_rms_mm"":0.507358956567797,""check_rms_mm"":null},""dynamic_model_enabled"":false,""dynamic_history_ready"":false,""dynamic_gate"":0.0,""contact_score"":1.0006720181690292,""contact_score_threshold"":0.49492851692021117,""status"":""有效"",""preset"":""5×5｜441点1mm连续"",""needs_baseline"":false,""display.contact"":true,""display.contact_reason"":""拟合响应/相似度接触门控"",""display.contact_segment"":611,""display.contact_age_ms"":3068.0247,""display.contact_last_end_ns"":1240476446514800}"
S20260919_A,000133,290,1240479553429500,1240479585666000,NormalizedFit,1,1,True,unknown,False,False,0.0,0.7175173835722413,nan,nan,0.009983073716279822,0.3931150738736394,0.6001600392069212,x,y,z,0.009983073716279822,0.3931150738736394,0.6001600392069212,,,,,,,,2.3334789458144987,0.11364608227229878,0.423632046918762,"{""x"":0.009983073716279822,""y"":0.3931150738736394,""z"":0.6001600392069212,""dx"":null,""dy"":null,""mode5"":null,""Q"":null,""X"":null,""Y"":null,""Z"":null,""dX"":2.3334789458144987,""dY"":0.11364608227229878,""dZ"":0.423632046918762}","{""amplitude_uT"":1386.7443352062048,""contact_threshold_uT"":40.0,""contact_gate"":""shape-aware ridge classifier + amplitude floor"",""cosine_similarity"":0.9914576994243031,""anti_jump_policy"":""快速门控（阈值/形状）"",""calibration_depth_range_mm"":[0.2,0.8],""depth_extrapolated"":false,""relative_reference"":""first valid prediction since B0/no-contact"",""xy_semantics"":""continuous XY RBF refit on all 441 positions at 1 mm spacing"",""fit_model"":""441点1 mm连续XY/RBF＋跨深度连续Z＋接触/释放门控"",""fit_variant"":""dense441_1mm_continuous_development"",""evidence_tier"":""development_dense441_single_repeat_random_validation_pending"",""continuous_xy_method"":""kernel_rbf"",""working_range_model"":false,""working_range_mm"":null,""outside_declared_working_range"":false,""calibration_domain_mm"":{""x"":[-10.0,10.0],""y"":[-10.0,10.0],""depth"":[0.2,0.8]},""xy_outside_calibration_domain"":false,""excluded_calibration_samples"":0,""uncorrected_static_xyz_mm"":[0.009983073716279822,0.3931150738736394,0.6001600392069212],""unaligned_xyz_mm"":[-1.380435869476796,0.8319783935518243,0.6001600392069212],""xy_rotation_deg"":-4.580684956890044,""xy_translation_mm"":[1.3195654319610284,-0.5464514666381837],""xy_translation_source"":""five_point_reassembly"",""xy_translation_details"":{""preset"":""5×5｜441点1mm连续"",""calibration_points"":5,""calibration_strategy"":""rigid_rotation_translation_v1"",""calibration_rms_mm"":0.507358956567797,""check_rms_mm"":null},""dynamic_model_enabled"":false,""dynamic_history_ready"":false,""dynamic_gate"":0.0,""contact_score"":1.0009231110121624,""contact_score_threshold"":0.49492851692021117,""status"":""有效"",""preset"":""5×5｜441点1mm连续"",""needs_baseline"":false,""display.contact"":true,""display.contact_reason"":""拟合响应/相似度接触门控"",""display.contact_segment"":611,""display.contact_age_ms"":3095.0246,""display.contact_last_end_ns"":1240476446514800}"
S20260919_A,000133,291,1240479564247100,1240479588495200,NormalizedFit,1,1,True,unknown,False,False,0.0,0.7910048894159091,nan,nan,0.1427396896266786,0.42937547321839753,0.6488072279834983,x,y,z,0.1427396896266786,0.42937547321839753,0.6488072279834983,,,,,,,,2.4662355617248974,0.14990648161705689,0.47227923569533914,"{""x"":0.1427396896266786,""y"":0.42937547321839753,""z"":0.6488072279834983,""dx"":null,""dy"":null,""mode5"":null,""Q"":null,""X"":null,""Y"":null,""Z"":null,""dX"":2.4662355617248974,""dY"":0.14990648161705689,""dZ"":0.47227923569533914}","{""amplitude_uT"":1514.1214079548738,""contact_threshold_uT"":40.0,""contact_gate"":""shape-aware ridge classifier + amplitude floor"",""cosine_similarity"":0.9903938452902272,""anti_jump_policy"":""快速门控（阈值/形状）"",""calibration_depth_range_mm"":[0.2,0.8],""depth_extrapolated"":false,""relative_reference"":""first valid prediction since B0/no-contact"",""xy_semantics"":""continuous XY RBF refit on all 441 positions at 1 mm spacing"",""fit_model"":""441点1 mm连续XY/RBF＋跨深度连续Z＋接触/释放门控"",""fit_variant"":""dense441_1mm_continuous_development"",""evidence_tier"":""development_dense441_single_repeat_random_validation_pending"",""continuous_xy_method"":""kernel_rbf"",""working_range_model"":false,""working_range_mm"":null,""outside_declared_working_range"":false,""calibration_domain_mm"":{""x"":[-10.0,10.0],""y"":[-10.0,10.0],""depth"":[0.2,0.8]},""xy_outside_calibration_domain"":false,""excluded_calibration_samples"":0,""uncorrected_static_xyz_mm"":[0.1427396896266786,0.42937547321839753,0.6488072279834983],""unaligned_xyz_mm"":[-1.2509991575298056,0.8787252996416854,0.6488072279834983],""xy_rotation_deg"":-4.580684956890044,""xy_translation_mm"":[1.3195654319610284,-0.5464514666381837],""xy_translation_source"":""five_point_reassembly"",""xy_translation_details"":{""preset"":""5×5｜441点1mm连续"",""calibration_points"":5,""calibration_strategy"":""rigid_rotation_translation_v1"",""calibration_rms_mm"":0.507358956567797,""check_rms_mm"":null},""dynamic_model_enabled"":false,""dynamic_history_ready"":false,""dynamic_gate"":0.0,""contact_score"":1.0008478343546794,""contact_score_threshold"":0.49492851692021117,""status"":""有效"",""preset"":""5×5｜441点1mm连续"",""needs_baseline"":false,""display.contact"":true,""display.contact_reason"":""拟合响应/相似度接触门控"",""display.contact_segment"":611,""display.contact_age_ms"":3105.8422,""display.contact_last_end_ns"":1240476446514800}"
S20260919_A,000133,292,1240479590357600,1240479642678900,NormalizedFit,1,1,True,unknown,False,False,0.0,1.1106445105082485,nan,nan,0.2722646974550538,0.7886167257123409,0.7331349283512288,x,y,z,0.2722646974550538,0.7886167257123409,0.7331349283512288,,,,,,,,2.5957605695532724,0.5091477341110002,0.5566069360630697,"{""x"":0.2722646974550538,""y"":0.7886167257123409,""z"":0.7331349283512288,""dx"":null,""dy"":null,""mode5"":null,""Q"":null,""X"":null,""Y"":null,""Z"":null,""dX"":2.5957605695532724,""dY"":0.5091477341110002,""dZ"":0.5566069360630697}","{""amplitude_uT"":1760.0605053439212,""contact_threshold_uT"":40.0,""contact_gate"":""shape-aware ridge classifier + amplitude floor"",""cosine_similarity"":0.9908789569253567,""anti_jump_policy"":""快速门控（阈值/形状）"",""calibration_depth_range_mm"":[0.2,0.8],""depth_extrapolated"":false,""relative_reference"":""first valid prediction since B0/no-contact"",""xy_semantics"":""continuous XY RBF refit on all 441 positions at 1 mm spacing"",""fit_model"":""441点1 mm连续XY/RBF＋跨深度连续Z＋接触/释放门控"",""fit_variant"":""dense441_1mm_continuous_development"",""evidence_tier"":""development_dense441_single_repeat_random_validation_pending"",""continuous_xy_method"":""kernel_rbf"",""working_range_model"":false,""working_range_mm"":null,""outside_declared_working_range"":false,""calibration_domain_mm"":{""x"":[-10.0,10.0],""y"":[-10.0,10.0],""depth"":[0.2,0.8]},""xy_outside_calibration_domain"":false,""excluded_calibration_samples"":0,""uncorrected_static_xyz_mm"":[0.2722646974550538,0.7886167257123409,0.7331349283512288],""unaligned_xyz_mm"":[-1.1505779172678123,1.2471633265208348,0.7331349283512288],""xy_rotation_deg"":-4.580684956890044,""xy_translation_mm"":[1.3195654319610284,-0.5464514666381837],""xy_translation_source"":""five_point_reassembly"",""xy_translation_details"":{""preset"":""5×5｜441点1mm连续"",""calibration_points"":5,""calibration_strategy"":""rigid_rotation_translation_v1"",""calibration_rms_mm"":0.507358956567797,""check_rms_mm"":null},""dynamic_model_enabled"":false,""dynamic_history_ready"":false,""dynamic_gate"":0.0,""contact_score"":1.0006602310470414,""contact_score_threshold"":0.49492851692021117,""status"":""有效"",""preset"":""5×5｜441点1mm连续"",""needs_baseline"":false,""display.contact"":true,""display.contact_reason"":""拟合响应/相似度接触门控"",""display.contact_segment"":611,""display.contact_age_ms"":3131.9527,""display.contact_last_end_ns"":1240476446514800}"
S20260919_A,000133,293,1240479617176000,1240479645600500,NormalizedFit,1,1,True,unknown,False,False,0.0,1.0462908643150157,nan,nan,0.3257698280961667,0.6673766812432129,0.7370257506926413,x,y,z,0.3257698280961667,0.6673766812432129,0.7370257506926413,,,,,,,,2.649265700194386,0.3879076896418723,0.5604977584044821,"{""x"":0.3257698280961667,""y"":0.6673766812432129,""z"":0.7370257506926413,""dx"":null,""dy"":null,""mode5"":null,""Q"":null,""X"":null,""Y"":null,""Z"":null,""dX"":2.649265700194386,""dY"":0.3879076896418723,""dZ"":0.5604977584044821}","{""amplitude_uT"":1771.0089586869685,""contact_threshold_uT"":40.0,""contact_gate"":""shape-aware ridge classifier + amplitude floor"",""cosine_similarity"":0.9916094646131576,""anti_jump_policy"":""快速门控（阈值/形状）"",""calibration_depth_range_mm"":[0.2,0.8],""depth_extrapolated"":false,""relative_reference"":""first valid prediction since B0/no-contact"",""xy_semantics"":""continuous XY RBF refit on all 441 positions at 1 mm spacing"",""fit_model"":""441点1 mm连续XY/RBF＋跨深度连续Z＋接触/释放门控"",""fit_variant"":""dense441_1mm_continuous_development"",""evidence_tier"":""development_dense441_single_repeat_random_validation_pending"",""continuous_xy_method"":""kernel_rbf"",""working_range_model"":false,""working_range_mm"":null,""outside_declared_working_range"":false,""calibration_domain_mm"":{""x"":[-10.0,10.0],""y"":[-10.0,10.0],""depth"":[0.2,0.8]},""xy_outside_calibration_domain"":false,""excluded_calibration_samples"":0,""uncorrected_static_xyz_mm"":[0.3257698280961667,0.6673766812432129,0.7370257506926413],""unaligned_xyz_mm"":[-1.087561108736842,1.1305836146050399,0.7370257506926413],""xy_rotation_deg"":-4.580684956890044,""xy_translation_mm"":[1.3195654319610284,-0.5464514666381837],""xy_translation_source"":""five_point_reassembly"",""xy_translation_details"":{""preset"":""5×5｜441点1mm连续"",""calibration_points"":5,""calibration_strategy"":""rigid_rotation_translation_v1"",""calibration_rms_mm"":0.507358956567797,""check_rms_mm"":null},""dynamic_model_enabled"":false,""dynamic_history_ready"":false,""dynamic_gate"":0.0,""contact_score"":1.0005084302947336,""contact_score_threshold"":0.49492851692021117,""status"":""有效"",""preset"":""5×5｜441点1mm连续"",""needs_baseline"":false,""display.contact"":true,""display.contact_reason"":""拟合响应/相似度接触门控"",""display.contact_segment"":611,""display.contact_age_ms"":3158.7711,""display.contact_last_end_ns"":1240476446514800}"
S20260919_A,000133,294,1240479628067000,1240479648403800,NormalizedFit,1,1,True,unknown,False,False,0.0,1.0172730604465812,nan,nan,0.3195067787251944,0.5963936546316582,0.7596542019722511,x,y,z,0.3195067787251944,0.5963936546316582,0.7596542019722511,,,,,,,,2.643002650823413,0.3169246630303175,0.5831262096840919,"{""x"":0.3195067787251944,""y"":0.5963936546316582,""z"":0.7596542019722511,""dx"":null,""dy"":null,""mode5"":null,""Q"":null,""X"":null,""Y"":null,""Z"":null,""dX"":2.643002650823413,""dY"":0.3169246630303175,""dZ"":0.5831262096840919}","{""amplitude_uT"":1791.6544532276587,""contact_threshold_uT"":40.0,""contact_gate"":""shape-aware ridge classifier + amplitude floor"",""cosine_similarity"":0.992795859388081,""anti_jump_policy"":""快速门控（阈值/形状）"",""calibration_depth_range_mm"":[0.2,0.8],""depth_extrapolated"":false,""relative_reference"":""first valid prediction since B0/no-contact"",""xy_semantics"":""continuous XY RBF refit on all 441 positions at 1 mm spacing"",""fit_model"":""441点1 mm连续XY/RBF＋跨深度连续Z＋接触/释放门控"",""fit_variant"":""dense441_1mm_continuous_development"",""evidence_tier"":""development_dense441_single_repeat_random_validation_pending"",""continuous_xy_method"":""kernel_rbf"",""working_range_model"":false,""working_range_mm"":null,""outside_declared_working_range"":false,""calibration_domain_mm"":{""x"":[-10.0,10.0],""y"":[-10.0,10.0],""depth"":[0.2,0.8]},""xy_outside_calibration_domain"":false,""excluded_calibration_samples"":0,""uncorrected_static_xyz_mm"":[0.3195067787251944,0.5963936546316582,0.7596542019722511],""unaligned_xyz_mm"":[-1.0881352430677103,1.0593271326252927,0.7596542019722511],""xy_rotation_deg"":-4.580684956890044,""xy_translation_mm"":[1.3195654319610284,-0.5464514666381837],""xy_translation_source"":""five_point_reassembly"",""xy_translation_details"":{""preset"":""5×5｜441点1mm连续"",""calibration_points"":5,""calibration_strategy"":""rigid_rotation_translation_v1"",""calibration_rms_mm"":0.507358956567797,""check_rms_mm"":null},""dynamic_model_enabled"":false,""dynamic_history_ready"":false,""dynamic_gate"":0.0,""contact_score"":1.0002852463753014,""contact_score_threshold"":0.49492851692021117,""status"":""有效"",""preset"":""5×5｜441点1mm连续"",""needs_baseline"":false,""display.contact"":true,""display.contact_reason"":""拟合响应/相似度接触门控"",""display.contact_segment"":611,""display.contact_age_ms"":3169.6621,""display.contact_last_end_ns"":1240476446514800}"
S20260919_A,000133,295,1240479654048200,1240479683428100,NormalizedFit,1,1,True,unknown,False,False,0.0,1.005204068928816,nan,nan,0.4709181514139815,0.4465958053291841,0.7676089509133305,x,y,z,0.4709181514139815,0.4465958053291841,0.7676089509133305,,,,,,,,2.7944140235122004,0.16712681372784344,0.5910809586251713,"{""x"":0.4709181514139815,""y"":0.4465958053291841,""z"":0.7676089509133305,""dx"":null,""dy"":null,""mode5"":null,""Q"":null,""X"":null,""Y"":null,""Z"":null,""dX"":2.7944140235122004,""dY"":0.16712681372784344,""dZ"":0.5910809586251713}","{""amplitude_uT"":1812.9310555954683,""contact_threshold_uT"":40.0,""contact_gate"":""shape-aware ridge classifier + amplitude floor"",""cosine_similarity"":0.9931705860848109,""anti_jump_policy"":""快速门控（阈值/形状）"",""calibration_depth_range_mm"":[0.2,0.8],""depth_extrapolated"":false,""relative_reference"":""first valid prediction since B0/no-contact"",""xy_semantics"":""continuous XY RBF refit on all 441 positions at 1 mm spacing"",""fit_model"":""441点1 mm连续XY/RBF＋跨深度连续Z＋接触/释放门控"",""fit_variant"":""dense441_1mm_continuous_development"",""evidence_tier"":""development_dense441_single_repeat_random_validation_pending"",""continuous_xy_method"":""kernel_rbf"",""working_range_model"":false,""working_range_mm"":null,""outside_declared_working_range"":false,""calibration_domain_mm"":{""x"":[-10.0,10.0],""y"":[-10.0,10.0],""depth"":[0.2,0.8]},""xy_outside_calibration_domain"":false,""excluded_calibration_samples"":0,""uncorrected_static_xyz_mm"":[0.4709181514139815,0.4465958053291841,0.7676089509133305],""unaligned_xyz_mm"":[-0.9252442099957654,0.9220999094518127,0.7676089509133305],""xy_rotation_deg"":-4.580684956890044,""xy_translation_mm"":[1.3195654319610284,-0.5464514666381837],""xy_translation_source"":""five_point_reassembly"",""xy_translation_details"":{""preset"":""5×5｜441点1mm连续"",""calibration_points"":5,""calibration_strategy"":""rigid_rotation_translation_v1"",""calibration_rms_mm"":0.507358956567797,""check_rms_mm"":null},""dynamic_model_enabled"":false,""dynamic_history_ready"":false,""dynamic_gate"":0.0,""contact_score"":1.0001740761373088,""contact_score_threshold"":0.49492851692021117,""status"":""有效"",""preset"":""5×5｜441点1mm连续"",""needs_baseline"":false,""display.contact"":true,""display.contact_reason"":""拟合响应/相似度接触门控"",""display.contact_segment"":611,""display.contact_age_ms"":3195.6433,""display.contact_last_end_ns"":1240476446514800}"
S20260919_A,000133,296,1240479679626900,1240479687094200,NormalizedFit,1,1,True,unknown,False,False,0.0,1.0394927270275962,nan,nan,0.44324965199870314,0.5386398062930609,0.7706763488150336,x,y,z,0.44324965199870314,0.5386398062930609,0.7706763488150336,,,,,,,,2.766745524096922,0.2591708146917202,0.5941483565268744,"{""x"":0.44324965199870314,""y"":0.5386398062930609,""z"":0.7706763488150336,""dx"":null,""dy"":null,""mode5"":null,""Q"":null,""X"":null,""Y"":null,""Z"":null,""dX"":2.766745524096922,""dY"":0.2591708146917202,""dZ"":0.5941483565268744}","{""amplitude_uT"":1817.4272076571592,""contact_threshold_uT"":40.0,""contact_gate"":""shape-aware ridge classifier + amplitude floor"",""cosine_similarity"":0.9935339081196448,""anti_jump_policy"":""快速门控（阈值/形状）"",""calibration_depth_range_mm"":[0.2,0.8],""depth_extrapolated"":false,""relative_reference"":""first valid prediction since B0/no-contact"",""xy_semantics"":""continuous XY RBF refit on all 441 positions at 1 mm spacing"",""fit_model"":""441点1 mm连续XY/RBF＋跨深度连续Z＋接触/释放门控"",""fit_variant"":""dense441_1mm_continuous_development"",""evidence_tier"":""development_dense441_single_repeat_random_validation_pending"",""continuous_xy_method"":""kernel_rbf"",""working_range_model"":false,""working_range_mm"":null,""outside_declared_working_range"":false,""calibration_domain_mm"":{""x"":[-10.0,10.0],""y"":[-10.0,10.0],""depth"":[0.2,0.8]},""xy_outside_calibration_domain"":false,""excluded_calibration_samples"":0,""uncorrected_static_xyz_mm"":[0.44324965199870314,0.5386398062930609,0.7706763488150336],""unaligned_xyz_mm"":[-0.9601752326320017,1.0116402223333196,0.7706763488150336],""xy_rotation_deg"":-4.580684956890044,""xy_translation_mm"":[1.3195654319610284,-0.5464514666381837],""xy_translation_source"":""five_point_reassembly"",""xy_translation_details"":{""preset"":""5×5｜441点1mm连续"",""calibration_points"":5,""calibration_strategy"":""rigid_rotation_translation_v1"",""calibration_rms_mm"":0.507358956567797,""check_rms_mm"":null},""dynamic_model_enabled"":false,""dynamic_history_ready"":false,""dynamic_gate"":0.0,""contact_score"":1.000138045420745,""contact_score_threshold"":0.49492851692021117,""status"":""有效"",""preset"":""5×5｜441点1mm连续"",""needs_baseline"":false,""display.contact"":true,""display.contact_reason"":""拟合响应/相似度接触门控"",""display.contact_segment"":611,""display.contact_age_ms"":3221.222,""display.contact_last_end_ns"":1240476446514800}"
S20260919_A,000133,297,1240479689826000,1240479736569700,NormalizedFit,1,1,True,unknown,False,False,0.0,1.0252491144521454,nan,nan,0.4318625678048783,0.5194993979801621,0.7712009107308772,x,y,z,0.4318625678048783,0.5194993979801621,0.7712009107308772,,,,,,,,2.7553584399030973,0.24003040637882145,0.594672918442718,"{""x"":0.4318625678048783,""y"":0.5194993979801621,""z"":0.7712009107308772,""dx"":null,""dy"":null,""mode5"":null,""Q"":null,""X"":null,""Y"":null,""Z"":null,""dX"":2.7553584399030973,""dY"":0.24003040637882145,""dZ"":0.594672918442718}","{""amplitude_uT"":1820.6329927845145,""contact_threshold_uT"":40.0,""contact_gate"":""shape-aware ridge classifier + amplitude floor"",""cosine_similarity"":0.9935086453105726,""anti_jump_policy"":""快速门控（阈值/形状）"",""calibration_depth_range_mm"":[0.2,0.8],""depth_extrapolated"":false,""relative_reference"":""first valid prediction since B0/no-contact"",""xy_semantics"":""continuous XY RBF refit on all 441 positions at 1 mm spacing"",""fit_model"":""441点1 mm连续XY/RBF＋跨深度连续Z＋接触/释放门控"",""fit_variant"":""dense441_1mm_continuous_development"",""evidence_tier"":""development_dense441_single_repeat_random_validation_pending"",""continuous_xy_method"":""kernel_rbf"",""working_range_model"":false,""working_range_mm"":null,""outside_declared_working_range"":false,""calibration_domain_mm"":{""x"":[-10.0,10.0],""y"":[-10.0,10.0],""depth"":[0.2,0.8]},""xy_outside_calibration_domain"":false,""excluded_calibration_samples"":0,""uncorrected_static_xyz_mm"":[0.4318625678048783,0.5194993979801621,0.7712009107308772],""unaligned_xyz_mm"":[-0.9699973364483983,0.9916515457027453,0.7712009107308772],""xy_rotation_deg"":-4.580684956890044,""xy_translation_mm"":[1.3195654319610284,-0.5464514666381837],""xy_translation_source"":""five_point_reassembly"",""xy_translation_details"":{""preset"":""5×5｜441点1mm连续"",""calibration_points"":5,""calibration_strategy"":""rigid_rotation_translation_v1"",""calibration_rms_mm"":0.507358956567797,""check_rms_mm"":null},""dynamic_model_enabled"":false,""dynamic_history_ready"":false,""dynamic_gate"":0.0,""contact_score"":1.0001223249439384,""contact_score_threshold"":0.49492851692021117,""status"":""有效"",""preset"":""5×5｜441点1mm连续"",""needs_baseline"":false,""display.contact"":true,""display.contact_reason"":""拟合响应/相似度接触门控"",""display.contact_segment"":611,""display.contact_age_ms"":3231.4211,""display.contact_last_end_ns"":1240476446514800}"
S20260919_A,000133,298,1240479715473400,1240479739364200,NormalizedFit,1,1,True,unknown,False,False,0.0,1.0318450395325982,nan,nan,0.45886211979076574,0.5068592636751079,0.7728152608844377,x,y,z,0.45886211979076574,0.5068592636751079,0.7728152608844377,,,,,,,,2.7823579918889845,0.22739027207376727,0.5962872685962786,"{""x"":0.45886211979076574,""y"":0.5068592636751079,""z"":0.7728152608844377,""dx"":null,""dy"":null,""mode5"":null,""Q"":null,""X"":null,""Y"":null,""Z"":null,""dX"":2.7823579918889845,""dY"":0.22739027207376727,""dZ"":0.5962872685962786}","{""amplitude_uT"":1824.9316180483306,""contact_threshold_uT"":40.0,""contact_gate"":""shape-aware ridge classifier + amplitude floor"",""cosine_similarity"":0.9935447894973253,""anti_jump_policy"":""快速门控（阈值/形状）"",""calibration_depth_range_mm"":[0.2,0.8],""depth_extrapolated"":false,""relative_reference"":""first valid prediction since B0/no-contact"",""xy_semantics"":""continuous XY RBF refit on all 441 positions at 1 mm spacing"",""fit_model"":""441点1 mm连续XY/RBF＋跨深度连续Z＋接触/释放门控"",""fit_variant"":""dense441_1mm_continuous_development"",""evidence_tier"":""development_dense441_single_repeat_random_validation_pending"",""continuous_xy_method"":""kernel_rbf"",""working_range_model"":false,""working_range_mm"":null,""outside_declared_working_range"":false,""calibration_domain_mm"":{""x"":[-10.0,10.0],""y"":[-10.0,10.0],""depth"":[0.2,0.8]},""xy_outside_calibration_domain"":false,""excluded_calibration_samples"":0,""uncorrected_static_xyz_mm"":[0.45886211979076574,0.5068592636751079,0.7728152608844377],""unaligned_xyz_mm"":[-0.9420745471586711,0.981208048157864,0.7728152608844377],""xy_rotation_deg"":-4.580684956890044,""xy_translation_mm"":[1.3195654319610284,-0.5464514666381837],""xy_translation_source"":""five_point_reassembly"",""xy_translation_details"":{""preset"":""5×5｜441点1mm连续"",""calibration_points"":5,""calibration_strategy"":""rigid_rotation_translation_v1"",""calibration_rms_mm"":0.507358956567797,""check_rms_mm"":null},""dynamic_model_enabled"":false,""dynamic_history_ready"":false,""dynamic_gate"":0.0,""contact_score"":1.000105436589498,""contact_score_threshold"":0.49492851692021117,""status"":""有效"",""preset"":""5×5｜441点1mm连续"",""needs_baseline"":false,""display.contact"":true,""display.contact_reason"":""拟合响应/相似度接触门控"",""display.contact_segment"":611,""display.contact_age_ms"":3257.0685,""display.contact_last_end_ns"":1240476446514800}"
S20260919_A,000133,299,1240479742336300,1240479791062600,NormalizedFit,1,1,True,unknown,False,False,0.0,1.0408451828630292,nan,nan,0.49813446876889456,0.4808401942249183,0.7771830243457757,x,y,z,0.49813446876889456,0.4808401942249183,0.7771830243457757,,,,,,,,2.8216303408671135,0.20137120262357766,0.6006550320576165,"{""x"":0.49813446876889456,""y"":0.4808401942249183,""z"":0.7771830243457757,""dx"":null,""dy"":null,""mode5"":null,""Q"":null,""X"":null,""Y"":null,""Z"":null,""dX"":2.8216303408671135,""dY"":0.20137120262357766,""dZ"":0.6006550320576165}","{""amplitude_uT"":1823.1361052418713,""contact_threshold_uT"":40.0,""contact_gate"":""shape-aware ridge classifier + amplitude floor"",""cosine_similarity"":0.993657954832381,""anti_jump_policy"":""快速门控（阈值/形状）"",""calibration_depth_range_mm"":[0.2,0.8],""depth_extrapolated"":false,""relative_reference"":""first valid prediction since B0/no-contact"",""xy_semantics"":""continuous XY RBF refit on all 441 positions at 1 mm spacing"",""fit_model"":""441点1 mm连续XY/RBF＋跨深度连续Z＋接触/释放门控"",""fit_variant"":""dense441_1mm_continuous_development"",""evidence_tier"":""development_dense441_single_repeat_random_validation_pending"",""continuous_xy_method"":""kernel_rbf"",""working_range_model"":false,""working_range_mm"":null,""outside_declared_working_range"":false,""calibration_domain_mm"":{""x"":[-10.0,10.0],""y"":[-10.0,10.0],""depth"":[0.2,0.8]},""xy_outside_calibration_domain"":false,""excluded_calibration_samples"":0,""uncorrected_static_xyz_mm"":[0.49813446876889456,0.4808401942249183,0.7771830243457757],""unaligned_xyz_mm"":[-0.9008496814491518,0.9584084907817694,0.7771830243457757],""xy_rotation_deg"":-4.580684956890044,""xy_translation_mm"":[1.3195654319610284,-0.5464514666381837],""xy_translation_source"":""five_point_reassembly"",""xy_translation_details"":{""preset"":""5×5｜441点1mm连续"",""calibration_points"":5,""calibration_strategy"":""rigid_rotation_translation_v1"",""calibration_rms_mm"":0.507358956567797,""check_rms_mm"":null},""dynamic_model_enabled"":false,""dynamic_history_ready"":false,""dynamic_gate"":0.0,""contact_score"":1.0000294898230113,""contact_score_threshold"":0.49492851692021117,""status"":""有效"",""preset"":""5×5｜441点1mm连续"",""needs_baseline"":false,""display.contact"":true,""display.contact_reason"":""拟合响应/相似度接触门控"",""display.contact_segment"":611,""display.contact_age_ms"":3283.9314,""display.contact_last_end_ns"":1240476446514800}"
S20260919_A,000133,300,1240479753505500,1240479794388600,NormalizedFit,1,1,True,unknown,False,False,0.0,1.0334350994069161,nan,nan,0.48454718273377784,0.47399795170144077,0.7800820945091486,x,y,z,0.48454718273377784,0.47399795170144077,0.7800820945091486,,,,,,,,2.808043054831997,0.19452896010010012,0.6035541022209894,"{""x"":0.48454718273377784,""y"":0.47399795170144077,""z"":0.7800820945091486,""dx"":null,""dy"":null,""mode5"":null,""Q"":null,""X"":null,""Y"":null,""Z"":null,""dX"":2.808043054831997,""dY"":0.19452896010010012,""dZ"":0.6035541022209894}","{""amplitude_uT"":1825.8182840998302,""contact_threshold_uT"":40.0,""contact_gate"":""shape-aware ridge classifier + amplitude floor"",""cosine_similarity"":0.9937384598987891,""anti_jump_policy"":""快速门控（阈值/形状）"",""calibration_depth_range_mm"":[0.2,0.8],""depth_extrapolated"":false,""relative_reference"":""first valid prediction since B0/no-contact"",""xy_semantics"":""continuous XY RBF refit on all 441 positions at 1 mm spacing"",""fit_model"":""441点1 mm连续XY/RBF＋跨深度连续Z＋接触/释放门控"",""fit_variant"":""dense441_1mm_continuous_development"",""evidence_tier"":""development_dense441_single_repeat_random_validation_pending"",""continuous_xy_method"":""kernel_rbf"",""working_range_model"":false,""working_range_mm"":null,""outside_declared_working_range"":false,""calibration_domain_mm"":{""x"":[-10.0,10.0],""y"":[-10.0,10.0],""depth"":[0.2,0.8]},""xy_outside_calibration_domain"":false,""excluded_calibration_samples"":0,""uncorrected_static_xyz_mm"":[0.48454718273377784,0.47399795170144077,0.7800820945091486],""unaligned_xyz_mm"":[-0.9138471264668913,0.9505029833621914,0.7800820945091486],""xy_rotation_deg"":-4.580684956890044,""xy_translation_mm"":[1.3195654319610284,-0.5464514666381837],""xy_translation_source"":""five_point_reassembly"",""xy_translation_details"":{""preset"":""5×5｜441点1mm连续"",""calibration_points"":5,""calibration_strategy"":""rigid_rotation_translation_v1"",""calibration_rms_mm"":0.507358956567797,""check_rms_mm"":null},""dynamic_model_enabled"":false,""dynamic_history_ready"":false,""dynamic_gate"":0.0,""contact_score"":1.0000174029579694,""contact_score_threshold"":0.49492851692021117,""status"":""有效"",""preset"":""5×5｜441点1mm连续"",""needs_baseline"":false,""display.contact"":true,""display.contact_reason"":""拟合响应/相似度接触门控"",""display.contact_segment"":611,""display.contact_age_ms"":3295.1006,""display.contact_last_end_ns"":1240476446514800}"
S20260919_A,000133,301,1240479779206900,1240479798037400,NormalizedFit,1,1,True,unknown,False,False,0.0,1.0361144538480045,nan,nan,0.4689749074177171,0.495601715341619,0.7797272840139283,x,y,z,0.4689749074177171,0.495601715341619,0.7797272840139283,,,,,,,,2.792470779515936,0.21613272374027837,0.6031992917257691,"{""x"":0.4689749074177171,""y"":0.495601715341619,""z"":0.7797272840139283,""dx"":null,""dy"":null,""mode5"":null,""Q"":null,""X"":null,""Y"":null,""Z"":null,""dX"":2.792470779515936,""dY"":0.21613272374027837,""dZ"":0.6031992917257691}","{""amplitude_uT"":1822.2764832074743,""contact_threshold_uT"":40.0,""contact_gate"":""shape-aware ridge classifier + amplitude floor"",""cosine_similarity"":0.9938081066897511,""anti_jump_policy"":""快速门控（阈值/形状）"",""calibration_depth_range_mm"":[0.2,0.8],""depth_extrapolated"":false,""relative_reference"":""first valid prediction since B0/no-contact"",""xy_semantics"":""continuous XY RBF refit on all 441 positions at 1 mm spacing"",""fit_model"":""441点1 mm连续XY/RBF＋跨深度连续Z＋接触/释放门控"",""fit_variant"":""dense441_1mm_continuous_development"",""evidence_tier"":""development_dense441_single_repeat_random_validation_pending"",""continuous_xy_method"":""kernel_rbf"",""working_range_model"":false,""working_range_mm"":null,""outside_declared_working_range"":false,""calibration_domain_mm"":{""x"":[-10.0,10.0],""y"":[-10.0,10.0],""depth"":[0.2,0.8]},""xy_outside_calibration_domain"":false,""excluded_calibration_samples"":0,""uncorrected_static_xyz_mm"":[0.4689749074177171,0.495601715341619,0.7797272840139283],""unaligned_xyz_mm"":[-0.9310950008182779,0.9707940945269025,0.7797272840139283],""xy_rotation_deg"":-4.580684956890044,""xy_translation_mm"":[1.3195654319610284,-0.5464514666381837],""xy_translation_source"":""five_point_reassembly"",""xy_translation_details"":{""preset"":""5×5｜441点1mm连续"",""calibration_points"":5,""calibration_strategy"":""rigid_rotation_translation_v1"",""calibration_rms_mm"":0.507358956567797,""check_rms_mm"":null},""dynamic_model_enabled"":false,""dynamic_history_ready"":false,""dynamic_gate"":0.0,""contact_score"":1.0000166739756515,""contact_score_threshold"":0.49492851692021117,""status"":""有效"",""preset"":""5×5｜441点1mm连续"",""needs_baseline"":false,""display.contact"":true,""display.contact_reason"":""拟合响应/相似度接触门控"",""display.contact_segment"":611,""display.contact_age_ms"":3320.802,""display.contact_last_end_ns"":1240476446514800}"
S20260919_A,000133,302,1240479806106500,1240479851904200,NormalizedFit,1,1,True,unknown,False,False,0.0,1.0742455141249347,nan,nan,0.49960725761129887,0.5425554122713343,0.7810439407451703,x,y,z,0.49960725761129887,0.5425554122713343,0.7810439407451703,,,,,,,,2.8231031297095175,0.26308642066999366,0.6045159484570111,"{""x"":0.49960725761129887,""y"":0.5425554122713343,""z"":0.7810439407451703,""dx"":null,""dy"":null,""mode5"":null,""Q"":null,""X"":null,""Y"":null,""Z"":null,""dX"":2.8231031297095175,""dY"":0.26308642066999366,""dZ"":0.6045159484570111}","{""amplitude_uT"":1817.574646702715,""contact_threshold_uT"":40.0,""contact_gate"":""shape-aware ridge classifier + amplitude floor"",""cosine_similarity"":0.9940213285745371,""anti_jump_policy"":""快速门控（阈值/形状）"",""calibration_depth_range_mm"":[0.2,0.8],""depth_extrapolated"":false,""relative_reference"":""first valid prediction since B0/no-contact"",""xy_semantics"":""continuous XY RBF refit on all 441 positions at 1 mm spacing"",""fit_model"":""441点1 mm连续XY/RBF＋跨深度连续Z＋接触/释放门控"",""fit_variant"":""dense441_1mm_continuous_development"",""evidence_tier"":""development_dense441_single_repeat_random_validation_pending"",""continuous_xy_method"":""kernel_rbf"",""working_range_model"":false,""working_range_mm"":null,""outside_declared_working_range"":false,""calibration_domain_mm"":{""x"":[-10.0,10.0],""y"":[-10.0,10.0],""depth"":[0.2,0.8]},""xy_outside_calibration_domain"":false,""excluded_calibration_samples"":0,""uncorrected_static_xyz_mm"":[0.49960725761129887,0.5425554122713343,0.7810439407451703],""unaligned_xyz_mm"":[-0.9043103528551688,1.0200442028236574,0.7810439407451703],""xy_rotation_deg"":-4.580684956890044,""xy_translation_mm"":[1.3195654319610284,-0.5464514666381837],""xy_translation_source"":""five_point_reassembly"",""xy_translation_details"":{""preset"":""5×5｜441点1mm连续"",""calibration_points"":5,""calibration_strategy"":""rigid_rotation_translation_v1"",""calibration_rms_mm"":0.507358956567797,""check_rms_mm"":null},""dynamic_model_enabled"":false,""dynamic_history_ready"":false,""dynamic_gate"":0.0,""contact_score"":1.0000474253810512,""contact_score_threshold"":0.49492851692021117,""status"":""有效"",""preset"":""5×5｜441点1mm连续"",""needs_baseline"":false,""display.contact"":true,""display.contact_reason"":""拟合响应/相似度接触门控"",""display.contact_segment"":611,""display.contact_age_ms"":3347.7016,""display.contact_last_end_ns"":1240476446514800}"
S20260919_A,000133,303,1240479833044800,1240479855557800,NormalizedFit,1,1,True,unknown,False,False,0.0,1.0713556215668847,nan,nan,0.4986763189697455,0.5439839177081274,0.7766635655395892,x,y,z,0.4986763189697455,0.5439839177081274,0.7766635655395892,,,,,,,,2.8221721910679642,0.26451492610678673,0.60013557325143,"{""x"":0.4986763189697455,""y"":0.5439839177081274,""z"":0.7766635655395892,""dx"":null,""dy"":null,""mode5"":null,""Q"":null,""X"":null,""Y"":null,""Z"":null,""dX"":2.8221721910679642,""dY"":0.26451492610678673,""dZ"":0.60013557325143}","{""amplitude_uT"":1817.5709392423994,""contact_threshold_uT"":40.0,""contact_gate"":""shape-aware ridge classifier + amplitude floor"",""cosine_similarity"":0.9940989331335803,""anti_jump_policy"":""快速门控（阈值/形状）"",""calibration_depth_range_mm"":[0.2,0.8],""depth_extrapolated"":false,""relative_reference"":""first valid prediction since B0/no-contact"",""xy_semantics"":""continuous XY RBF refit on all 441 positions at 1 mm spacing"",""fit_model"":""441点1 mm连续XY/RBF＋跨深度连续Z＋接触/释放门控"",""fit_variant"":""dense441_1mm_continuous_development"",""evidence_tier"":""development_dense441_single_repeat_random_validation_pending"",""continuous_xy_method"":""kernel_rbf"",""working_range_model"":false,""working_range_mm"":null,""outside_declared_working_range"":false,""calibration_domain_mm"":{""x"":[-10.0,10.0],""y"":[-10.0,10.0],""depth"":[0.2,0.8]},""xy_outside_calibration_domain"":false,""excluded_calibration_samples"":0,""uncorrected_static_xyz_mm"":[0.4986763189697455,0.5439839177081274,0.7766635655395892],""unaligned_xyz_mm"":[-0.9053524025253603,1.021393797956332,0.7766635655395892],""xy_rotation_deg"":-4.580684956890044,""xy_translation_mm"":[1.3195654319610284,-0.5464514666381837],""xy_translation_source"":""five_point_reassembly"",""xy_translation_details"":{""preset"":""5×5｜441点1mm连续"",""calibration_points"":5,""calibration_strategy"":""rigid_rotation_translation_v1"",""calibration_rms_mm"":0.507358956567797,""check_rms_mm"":null},""dynamic_model_enabled"":false,""dynamic_history_ready"":false,""dynamic_gate"":0.0,""contact_score"":1.0000602387483681,""contact_score_threshold"":0.49492851692021117,""status"":""有效"",""preset"":""5×5｜441点1mm连续"",""needs_baseline"":false,""display.contact"":true,""display.contact_reason"":""拟合响应/相似度接触门控"",""display.contact_segment"":611,""display.contact_age_ms"":3374.6399,""display.contact_last_end_ns"":1240476446514800}"
S20260919_A,000133,304,1240479845162300,1240479858991600,NormalizedFit,1,1,True,unknown,False,False,0.0,1.056814378760506,nan,nan,0.4454311628657368,0.5585277498529653,0.778777543941282,x,y,z,0.4454311628657368,0.5585277498529653,0.778777543941282,,,,,,,,2.768927034963956,0.27905875825162463,0.6022495516531228,"{""x"":0.4454311628657368,""y"":0.5585277498529653,""z"":0.778777543941282,""dx"":null,""dy"":null,""mode5"":null,""Q"":null,""X"":null,""Y"":null,""Z"":null,""dX"":2.768927034963956,""dY"":0.27905875825162463,""dZ"":0.6022495516531228}","{""amplitude_uT"":1824.6892818886995,""contact_threshold_uT"":40.0,""contact_gate"":""shape-aware ridge classifier + amplitude floor"",""cosine_similarity"":0.9936933680782918,""anti_jump_policy"":""快速门控（阈值/形状）"",""calibration_depth_range_mm"":[0.2,0.8],""depth_extrapolated"":false,""relative_reference"":""first valid prediction since B0/no-contact"",""xy_semantics"":""continuous XY RBF refit on all 441 positions at 1 mm spacing"",""fit_model"":""441点1 mm连续XY/RBF＋跨深度连续Z＋接触/释放门控"",""fit_variant"":""dense441_1mm_continuous_development"",""evidence_tier"":""development_dense441_single_repeat_random_validation_pending"",""continuous_xy_method"":""kernel_rbf"",""working_range_model"":false,""working_range_mm"":null,""outside_declared_working_range"":false,""calibration_domain_mm"":{""x"":[-10.0,10.0],""y"":[-10.0,10.0],""depth"":[0.2,0.8]},""xy_outside_calibration_domain"":false,""excluded_calibration_samples"":0,""uncorrected_static_xyz_mm"":[0.4454311628657368,0.5585277498529653,0.778777543941282],""unaligned_xyz_mm"":[-0.9595889985604376,1.0316388627450643,0.778777543941282],""xy_rotation_deg"":-4.580684956890044,""xy_translation_mm"":[1.3195654319610284,-0.5464514666381837],""xy_translation_source"":""five_point_reassembly"",""xy_translation_details"":{""preset"":""5×5｜441点1mm连续"",""calibration_points"":5,""calibration_strategy"":""rigid_rotation_translation_v1"",""calibration_rms_mm"":0.507358956567797,""check_rms_mm"":null},""dynamic_model_enabled"":false,""dynamic_history_ready"":false,""dynamic_gate"":0.0,""contact_score"":1.0000319237722133,""contact_score_threshold"":0.49492851692021117,""status"":""有效"",""preset"":""5×5｜441点1mm连续"",""needs_baseline"":false,""display.contact"":true,""display.contact_reason"":""拟合响应/相似度接触门控"",""display.contact_segment"":611,""display.contact_age_ms"":3386.7574,""display.contact_last_end_ns"":1240476446514800}"
S20260919_A,000133,305,1240479870926400,1240479891600000,NormalizedFit,1,1,True,unknown,False,False,0.0,1.0285021535643866,nan,nan,0.3847482288685702,0.5498506806175407,0.7793906012350332,x,y,z,0.3847482288685702,0.5498506806175407,0.7793906012350332,,,,,,,,2.7082441009667892,0.2703816890162001,0.602862608946874,"{""x"":0.3847482288685702,""y"":0.5498506806175407,""z"":0.7793906012350332,""dx"":null,""dy"":null,""mode5"":null,""Q"":null,""X"":null,""Y"":null,""Z"":null,""dX"":2.7082441009667892,""dY"":0.2703816890162001,""dZ"":0.602862608946874}","{""amplitude_uT"":1823.597818630385,""contact_threshold_uT"":40.0,""contact_gate"":""shape-aware ridge classifier + amplitude floor"",""cosine_similarity"":0.9935075011812078,""anti_jump_policy"":""快速门控（阈值/形状）"",""calibration_depth_range_mm"":[0.2,0.8],""depth_extrapolated"":false,""relative_reference"":""first valid prediction since B0/no-contact"",""xy_semantics"":""continuous XY RBF refit on all 441 positions at 1 mm spacing"",""fit_model"":""441点1 mm连续XY/RBF＋跨深度连续Z＋接触/释放门控"",""fit_variant"":""dense441_1mm_continuous_development"",""evidence_tier"":""development_dense441_single_repeat_random_validation_pending"",""continuous_xy_method"":""kernel_rbf"",""working_range_model"":false,""working_range_mm"":null,""outside_declared_working_range"":false,""calibration_domain_mm"":{""x"":[-10.0,10.0],""y"":[-10.0,10.0],""depth"":[0.2,0.8]},""xy_outside_calibration_domain"":false,""excluded_calibration_samples"":0,""uncorrected_static_xyz_mm"":[0.3847482288685702,0.5498506806175407,0.7793906012350332],""unaligned_xyz_mm"":[-1.0193851267697238,1.0181431945437698,0.7793906012350332],""xy_rotation_deg"":-4.580684956890044,""xy_translation_mm"":[1.3195654319610284,-0.5464514666381837],""xy_translation_source"":""five_point_reassembly"",""xy_translation_details"":{""preset"":""5×5｜441点1mm连续"",""calibration_points"":5,""calibration_strategy"":""rigid_rotation_translation_v1"",""calibration_rms_mm"":0.507358956567797,""check_rms_mm"":null},""dynamic_model_enabled"":false,""dynamic_history_ready"":false,""dynamic_gate"":0.0,""contact_score"":1.0000279642292447,""contact_score_threshold"":0.49492851692021117,""status"":""有效"",""preset"":""5×5｜441点1mm连续"",""needs_baseline"":false,""display.contact"":true,""display.contact_reason"":""拟合响应/相似度接触门控"",""display.contact_segment"":611,""display.contact_age_ms"":3412.5215,""display.contact_last_end_ns"":1240476446514800}"
S20260919_A,000133,306,1240479897885900,1240479944246200,NormalizedFit,1,1,True,unknown,False,False,0.0,1.01301867994305,nan,nan,0.42064987372837437,0.4890551126242866,0.7810797823922399,x,y,z,0.42064987372837437,0.4890551126242866,0.7810797823922399,,,,,,,,2.744145745826593,0.20958612102294594,0.6045517901040807,"{""x"":0.42064987372837437,""y"":0.4890551126242866,""z"":0.7810797823922399,""dx"":null,""dy"":null,""mode5"":null,""Q"":null,""X"":null,""Y"":null,""Z"":null,""dX"":2.744145745826593,""dY"":0.20958612102294594,""dZ"":0.6045517901040807}","{""amplitude_uT"":1825.5083168026106,""contact_threshold_uT"":40.0,""contact_gate"":""shape-aware ridge classifier + amplitude floor"",""cosine_similarity"":0.9937266368403564,""anti_jump_policy"":""快速门控（阈值/形状）"",""calibration_depth_range_mm"":[0.2,0.8],""depth_extrapolated"":false,""relative_reference"":""first valid prediction since B0/no-contact"",""xy_semantics"":""continuous XY RBF refit on all 441 positions at 1 mm spacing"",""fit_model"":""441点1 mm连续XY/RBF＋跨深度连续Z＋接触/释放门控"",""fit_variant"":""dense441_1mm_continuous_development"",""evidence_tier"":""development_dense441_single_repeat_random_validation_pending"",""continuous_xy_method"":""kernel_rbf"",""working_range_model"":false,""working_range_mm"":null,""outside_declared_working_range"":false,""calibration_domain_mm"":{""x"":[-10.0,10.0],""y"":[-10.0,10.0],""depth"":[0.2,0.8]},""xy_outside_calibration_domain"":false,""excluded_calibration_samples"":0,""uncorrected_static_xyz_mm"":[0.42064987372837437,0.4890551126242866,0.7810797823922399],""unaligned_xyz_mm"":[-0.9787428468339496,0.9604090255198368,0.7810797823922399],""xy_rotation_deg"":-4.580684956890044,""xy_translation_mm"":[1.3195654319610284,-0.5464514666381837],""xy_translation_source"":""five_point_reassembly"",""xy_translation_details"":{""preset"":""5×5｜441点1mm连续"",""calibration_points"":5,""calibration_strategy"":""rigid_rotation_translation_v1"",""calibration_rms_mm"":0.507358956567797,""check_rms_mm"":null},""dynamic_model_enabled"":false,""dynamic_history_ready"":false,""dynamic_gate"":0.0,""contact_score"":0.9999855180214169,""contact_score_threshold"":0.49492851692021117,""status"":""有效"",""preset"":""5×5｜441点1mm连续"",""needs_baseline"":false,""display.contact"":true,""display.contact_reason"":""拟合响应/相似度接触门控"",""display.contact_segment"":611,""display.contact_age_ms"":3439.481,""display.contact_last_end_ns"":1240476446514800}"
S20260919_A,000133,307,1240479908812900,1240479947306900,NormalizedFit,1,1,True,unknown,False,False,0.0,0.9805118342107484,nan,nan,0.4534360229444244,0.3935695362721655,0.7751788504868938,x,y,z,0.4534360229444244,0.3935695362721655,0.7751788504868938,,,,,,,,2.7769318950426434,0.11410054467082487,0.5986508581987346,"{""x"":0.4534360229444244,""y"":0.3935695362721655,""z"":0.7751788504868938,""dx"":null,""dy"":null,""mode5"":null,""Q"":null,""X"":null,""Y"":null,""Z"":null,""dX"":2.7769318950426434,""dY"":0.11410054467082487,""dZ"":0.5986508581987346}","{""amplitude_uT"":1828.0879414922847,""contact_threshold_uT"":40.0,""contact_gate"":""shape-aware ridge classifier + amplitude floor"",""cosine_similarity"":0.9937365482844174,""anti_jump_policy"":""快速门控（阈值/形状）"",""calibration_depth_range_mm"":[0.2,0.8],""depth_extrapolated"":false,""relative_reference"":""first valid prediction since B0/no-contact"",""xy_semantics"":""continuous XY RBF refit on all 441 positions at 1 mm spacing"",""fit_model"":""441点1 mm连续XY/RBF＋跨深度连续Z＋接触/释放门控"",""fit_variant"":""dense441_1mm_continuous_development"",""evidence_tier"":""development_dense441_single_repeat_random_validation_pending"",""continuous_xy_method"":""kernel_rbf"",""working_range_model"":false,""working_range_mm"":null,""outside_declared_working_range"":false,""calibration_domain_mm"":{""x"":[-10.0,10.0],""y"":[-10.0,10.0],""depth"":[0.2,0.8]},""xy_outside_calibration_domain"":false,""excluded_calibration_samples"":0,""uncorrected_static_xyz_mm"":[0.4534360229444244,0.3935695362721655,0.7751788504868938],""unaligned_xyz_mm"":[-0.9384356667259786,0.867846840457807,0.7751788504868938],""xy_rotation_deg"":-4.580684956890044,""xy_translation_mm"":[1.3195654319610284,-0.5464514666381837],""xy_translation_source"":""five_point_reassembly"",""xy_translation_details"":{""preset"":""5×5｜441点1mm连续"",""calibration_points"":5,""calibration_strategy"":""rigid_rotation_translation_v1"",""calibration_rms_mm"":0.507358956567797,""check_rms_mm"":null},""dynamic_model_enabled"":false,""dynamic_history_ready"":false,""dynamic_gate"":0.0,""contact_score"":0.9999865699753832,""contact_score_threshold"":0.49492851692021117,""status"":""有效"",""preset"":""5×5｜441点1mm连续"",""needs_baseline"":false,""display.contact"":true,""display.contact_reason"":""拟合响应/相似度接触门控"",""display.contact_segment"":611,""display.contact_age_ms"":3450.408,""display.contact_last_end_ns"":1240476446514800}"
S20260919_A,000133,308,1240479934756600,1240479950083400,NormalizedFit,1,1,True,unknown,False,False,0.0,0.9924757817148661,nan,nan,0.42132144062015875,0.45099779023837205,0.7772370385953012,x,y,z,0.42132144062015875,0.45099779023837205,0.7772370385953012,,,,,,,,2.7448173127183777,0.1715287986370314,0.6007090463071421,"{""x"":0.42132144062015875,""y"":0.45099779023837205,""z"":0.7772370385953012,""dx"":null,""dy"":null,""mode5"":null,""Q"":null,""X"":null,""Y"":null,""Z"":null,""dX"":2.7448173127183777,""dY"":0.1715287986370314,""dZ"":0.6007090463071421}","{""amplitude_uT"":1829.6297088838762,""contact_threshold_uT"":40.0,""contact_gate"":""shape-aware ridge classifier + amplitude floor"",""cosine_similarity"":0.9936481827837906,""anti_jump_policy"":""快速门控（阈值/形状）"",""calibration_depth_range_mm"":[0.2,0.8],""depth_extrapolated"":false,""relative_reference"":""first valid prediction since B0/no-contact"",""xy_semantics"":""continuous XY RBF refit on all 441 positions at 1 mm spacing"",""fit_model"":""441点1 mm连续XY/RBF＋跨深度连续Z＋接触/释放门控"",""fit_variant"":""dense441_1mm_continuous_development"",""evidence_tier"":""development_dense441_single_repeat_random_validation_pending"",""continuous_xy_method"":""kernel_rbf"",""working_range_model"":false,""working_range_mm"":null,""outside_declared_working_range"":false,""calibration_domain_mm"":{""x"":[-10.0,10.0],""y"":[-10.0,10.0],""depth"":[0.2,0.8]},""xy_outside_calibration_domain"":false,""excluded_calibration_samples"":0,""uncorrected_static_xyz_mm"":[0.42132144062015875,0.45099779023837205,0.7772370385953012],""unaligned_xyz_mm"":[-0.9750340570975276,0.9225268969106022,0.7772370385953012],""xy_rotation_deg"":-4.580684956890044,""xy_translation_mm"":[1.3195654319610284,-0.5464514666381837],""xy_translation_source"":""five_point_reassembly"",""xy_translation_details"":{""preset"":""5×5｜441点1mm连续"",""calibration_points"":5,""calibration_strategy"":""rigid_rotation_translation_v1"",""calibration_rms_mm"":0.507358956567797,""check_rms_mm"":null},""dynamic_model_enabled"":false,""dynamic_history_ready"":false,""dynamic_gate"":0.0,""contact_score"":0.9999856211217145,""contact_score_threshold"":0.49492851692021117,""status"":""有效"",""preset"":""5×5｜441点1mm连续"",""needs_baseline"":false,""display.contact"":true,""display.contact_reason"":""拟合响应/相似度接触门控"",""display.contact_segment"":611,""display.contact_age_ms"":3476.3517,""display.contact_last_end_ns"":1240476446514800}"
S20260919_A,000133,309,1240479960674700,1240479986569600,NormalizedFit,1,1,True,unknown,False,False,0.0,1.0074451052995212,nan,nan,0.4535883502361465,0.4692774069595498,0.7674516037114884,x,y,z,0.4535883502361465,0.4692774069595498,0.7674516037114884,,,,,,,,2.7770842223343655,0.18980841535820914,0.5909236114233292,"{""x"":0.4535883502361465,""y"":0.4692774069595498,""z"":0.7674516037114884,""dx"":null,""dy"":null,""mode5"":null,""Q"":null,""X"":null,""Y"":null,""Z"":null,""dX"":2.7770842223343655,""dY"":0.18980841535820914,""dZ"":0.5909236114233292}","{""amplitude_uT"":1833.4089343328446,""contact_threshold_uT"":40.0,""contact_gate"":""shape-aware ridge classifier + amplitude floor"",""cosine_similarity"":0.9939502481147007,""anti_jump_policy"":""快速门控（阈值/形状）"",""calibration_depth_range_mm"":[0.2,0.8],""depth_extrapolated"":false,""relative_reference"":""first valid prediction since B0/no-contact"",""xy_semantics"":""continuous XY RBF refit on all 441 positions at 1 mm spacing"",""fit_model"":""441点1 mm连续XY/RBF＋跨深度连续Z＋接触/释放门控"",""fit_variant"":""dense441_1mm_continuous_development"",""evidence_tier"":""development_dense441_single_repeat_random_validation_pending"",""continuous_xy_method"":""kernel_rbf"",""working_range_model"":false,""working_range_mm"":null,""outside_declared_working_range"":false,""calibration_domain_mm"":{""x"":[-10.0,10.0],""y"":[-10.0,10.0],""depth"":[0.2,0.8]},""xy_outside_calibration_domain"":false,""excluded_calibration_samples"":0,""uncorrected_static_xyz_mm"":[0.4535883502361465,0.4692774069595498,0.7674516037114884],""unaligned_xyz_mm"":[-0.9443300756831001,0.9433250547362841,0.7674516037114884],""xy_rotation_deg"":-4.580684956890044,""xy_translation_mm"":[1.3195654319610284,-0.5464514666381837],""xy_translation_source"":""five_point_reassembly"",""xy_translation_details"":{""preset"":""5×5｜441点1mm连续"",""calibration_points"":5,""calibration_strategy"":""rigid_rotation_translation_v1"",""calibration_rms_mm"":0.507358956567797,""check_rms_mm"":null},""dynamic_model_enabled"":false,""dynamic_history_ready"":false,""dynamic_gate"":0.0,""contact_score"":1.0000912809826779,""contact_score_threshold"":0.49492851692021117,""status"":""有效"",""preset"":""5×5｜441点1mm连续"",""needs_baseline"":false,""display.contact"":true,""display.contact_reason"":""拟合响应/相似度接触门控"",""display.contact_segment"":611,""display.contact_age_ms"":3502.2698,""display.contact_last_end_ns"":1240476446514800}"
S20260919_A,000133,310,1240479971640300,1240479989315100,NormalizedFit,1,1,True,unknown,False,False,0.0,1.0270137397730688,nan,nan,0.4835934439455186,0.4842118675301281,0.7657894423394479,x,y,z,0.4835934439455186,0.4842118675301281,0.7657894423394479,,,,,,,,2.8070893160437373,0.20474287592878748,0.5892614500512887,"{""x"":0.4835934439455186,""y"":0.4842118675301281,""z"":0.7657894423394479,""dx"":null,""dy"":null,""mode5"":null,""Q"":null,""X"":null,""Y"":null,""Z"":null,""dX"":2.8070893160437373,""dY"":0.20474287592878748,""dZ"":0.5892614500512887}","{""amplitude_uT"":1832.9594077364336,""contact_threshold_uT"":40.0,""contact_gate"":""shape-aware ridge classifier + amplitude floor"",""cosine_similarity"":0.9939216214288511,""anti_jump_policy"":""快速门控（阈值/形状）"",""calibration_depth_range_mm"":[0.2,0.8],""depth_extrapolated"":false,""relative_reference"":""first valid prediction since B0/no-contact"",""xy_semantics"":""continuous XY RBF refit on all 441 positions at 1 mm spacing"",""fit_model"":""441点1 mm连续XY/RBF＋跨深度连续Z＋接触/释放门控"",""fit_variant"":""dense441_1mm_continuous_development"",""evidence_tier"":""development_dense441_single_repeat_random_validation_pending"",""continuous_xy_method"":""kernel_rbf"",""working_range_model"":false,""working_range_mm"":null,""outside_declared_working_range"":false,""calibration_domain_mm"":{""x"":[-10.0,10.0],""y"":[-10.0,10.0],""depth"":[0.2,0.8]},""xy_outside_calibration_domain"":false,""excluded_calibration_samples"":0,""uncorrected_static_xyz_mm"":[0.4835934439455186,0.4842118675301281,0.7657894423394479],""unaligned_xyz_mm"":[-0.9156135317606409,0.9606081061506564,0.7657894423394479],""xy_rotation_deg"":-4.580684956890044,""xy_translation_mm"":[1.3195654319610284,-0.5464514666381837],""xy_translation_source"":""five_point_reassembly"",""xy_translation_details"":{""preset"":""5×5｜441点1mm连续"",""calibration_points"":5,""calibration_strategy"":""rigid_rotation_translation_v1"",""calibration_rms_mm"":0.507358956567797,""check_rms_mm"":null},""dynamic_model_enabled"":false,""dynamic_history_ready"":false,""dynamic_gate"":0.0,""contact_score"":1.000114717870731,""contact_score_threshold"":0.49492851692021117,""status"":""有效"",""preset"":""5×5｜441点1mm连续"",""needs_baseline"":false,""display.contact"":true,""display.contact_reason"":""拟合响应/相似度接触门控"",""display.contact_segment"":611,""display.contact_age_ms"":3513.2354,""display.contact_last_end_ns"":1240476446514800}"
S20260919_A,000133,311,1240479997489300,1240480043006800,NormalizedFit,1,1,True,unknown,False,False,0.0,1.0208558547841942,nan,nan,0.5143686061434584,0.4307797764538672,0.7694156207535429,x,y,z,0.5143686061434584,0.4307797764538672,0.7694156207535429,,,,,,,,2.837864478241677,0.15131078485252658,0.5928876284653837,"{""x"":0.5143686061434584,""y"":0.4307797764538672,""z"":0.7694156207535429,""dx"":null,""dy"":null,""mode5"":null,""Q"":null,""X"":null,""Y"":null,""Z"":null,""dX"":2.837864478241677,""dY"":0.15131078485252658,""dZ"":0.5928876284653837}","{""amplitude_uT"":1832.7151351280015,""contact_threshold_uT"":40.0,""contact_gate"":""shape-aware ridge classifier + amplitude floor"",""cosine_similarity"":0.9937093946037581,""anti_jump_policy"":""快速门控（阈值/形状）"",""calibration_depth_range_mm"":[0.2,0.8],""depth_extrapolated"":false,""relative_reference"":""first valid prediction since B0/no-contact"",""xy_semantics"":""continuous XY RBF refit on all 441 positions at 1 mm spacing"",""fit_model"":""441点1 mm连续XY/RBF＋跨深度连续Z＋接触/释放门控"",""fit_variant"":""dense441_1mm_continuous_development"",""evidence_tier"":""development_dense441_single_repeat_random_validation_pending"",""continuous_xy_method"":""kernel_rbf"",""working_range_model"":false,""working_range_mm"":null,""outside_declared_working_range"":false,""calibration_domain_mm"":{""x"":[-10.0,10.0],""y"":[-10.0,10.0],""depth"":[0.2,0.8]},""xy_outside_calibration_domain"":false,""excluded_calibration_samples"":0,""uncorrected_static_xyz_mm"":[0.5143686061434584,0.4307797764538672,0.7694156207535429],""unaligned_xyz_mm"":[-0.8806694283525314,0.9098044783068233,0.7694156207535429],""xy_rotation_deg"":-4.580684956890044,""xy_translation_mm"":[1.3195654319610284,-0.5464514666381837],""xy_translation_source"":""five_point_reassembly"",""xy_translation_details"":{""preset"":""5×5｜441点1mm连续"",""calibration_points"":5,""calibration_strategy"":""rigid_rotation_translation_v1"",""calibration_rms_mm"":0.507358956567797,""check_rms_mm"":null},""dynamic_model_enabled"":false,""dynamic_history_ready"":false,""dynamic_gate"":0.0,""contact_score"":1.0000593188164872,""contact_score_threshold"":0.49492851692021117,""status"":""有效"",""preset"":""5×5｜441点1mm连续"",""needs_baseline"":false,""display.contact"":true,""display.contact_reason"":""拟合响应/相似度接触门控"",""display.contact_segment"":611,""display.contact_age_ms"":3539.0844,""display.contact_last_end_ns"":1240476446514800}"
S20260919_A,000133,312,1240480024489700,1240480046861900,NormalizedFit,1,1,True,unknown,False,False,0.0,1.013377379132791,nan,nan,0.4775327230176868,0.45907771615147186,0.7669053797689166,x,y,z,0.4775327230176868,0.45907771615147186,0.7669053797689166,,,,,,,,2.8010285951159055,0.17960872455013122,0.5903773874807574,"{""x"":0.4775327230176868,""y"":0.45907771615147186,""z"":0.7669053797689166,""dx"":null,""dy"":null,""mode5"":null,""Q"":null,""X"":null,""Y"":null,""Z"":null,""dX"":2.8010285951159055,""dY"":0.17960872455013122,""dZ"":0.5903773874807574}","{""amplitude_uT"":1829.202551758689,""contact_threshold_uT"":40.0,""contact_gate"":""shape-aware ridge classifier + amplitude floor"",""cosine_similarity"":0.9935045168349501,""anti_jump_policy"":""快速门控（阈值/形状）"",""calibration_depth_range_mm"":[0.2,0.8],""depth_extrapolated"":false,""relative_reference"":""first valid prediction since B0/no-contact"",""xy_semantics"":""continuous XY RBF refit on all 441 positions at 1 mm spacing"",""fit_model"":""441点1 mm连续XY/RBF＋跨深度连续Z＋接触/释放门控"",""fit_variant"":""dense441_1mm_continuous_development"",""evidence_tier"":""development_dense441_single_repeat_random_validation_pending"",""continuous_xy_method"":""kernel_rbf"",""working_range_model"":false,""working_range_mm"":null,""outside_declared_working_range"":false,""calibration_domain_mm"":{""x"":[-10.0,10.0],""y"":[-10.0,10.0],""depth"":[0.2,0.8]},""xy_outside_calibration_domain"":false,""excluded_calibration_samples"":0,""uncorrected_static_xyz_mm"":[0.4775327230176868,0.45907771615147186,0.7669053797689166],""unaligned_xyz_mm"":[-0.9196476078024558,0.9350702101100832,0.7669053797689166],""xy_rotation_deg"":-4.580684956890044,""xy_translation_mm"":[1.3195654319610284,-0.5464514666381837],""xy_translation_source"":""five_point_reassembly"",""xy_translation_details"":{""preset"":""5×5｜441点1mm连续"",""calibration_points"":5,""calibration_strategy"":""rigid_rotation_translation_v1"",""calibration_rms_mm"":0.507358956567797,""check_rms_mm"":null},""dynamic_model_enabled"":false,""dynamic_history_ready"":false,""dynamic_gate"":0.0,""contact_score"":1.0000688695156292,""contact_score_threshold"":0.49492851692021117,""status"":""有效"",""preset"":""5×5｜441点1mm连续"",""needs_baseline"":false,""display.contact"":true,""display.contact_reason"":""拟合响应/相似度接触门控"",""display.contact_segment"":611,""display.contact_age_ms"":3566.0848,""display.contact_last_end_ns"":1240476446514800}"
S20260919_A,000133,313,1240480034423300,1240480050146300,NormalizedFit,1,1,True,unknown,False,False,0.0,1.0329404419724773,nan,nan,0.4647914739544309,0.5098366715115481,0.7687661613153834,x,y,z,0.4647914739544309,0.5098366715115481,0.7687661613153834,,,,,,,,2.7882873460526496,0.23036767991020746,0.5922381690272243,"{""x"":0.4647914739544309,""y"":0.5098366715115481,""z"":0.7687661613153834,""dx"":null,""dy"":null,""mode5"":null,""Q"":null,""X"":null,""Y"":null,""Z"":null,""dX"":2.7882873460526496,""dY"":0.23036767991020746,""dZ"":0.5922381690272243}","{""amplitude_uT"":1830.4036461399708,""contact_threshold_uT"":40.0,""contact_gate"":""shape-aware ridge classifier + amplitude floor"",""cosine_similarity"":0.9934193731374219,""anti_jump_policy"":""快速门控（阈值/形状）"",""calibration_depth_range_mm"":[0.2,0.8],""depth_extrapolated"":false,""relative_reference"":""first valid prediction since B0/no-contact"",""xy_semantics"":""continuous XY RBF refit on all 441 positions at 1 mm spacing"",""fit_model"":""441点1 mm连续XY/RBF＋跨深度连续Z＋接触/释放门控"",""fit_variant"":""dense441_1mm_continuous_development"",""evidence_tier"":""development_dense441_single_repeat_random_validation_pending"",""continuous_xy_method"":""kernel_rbf"",""working_range_model"":false,""working_range_mm"":null,""outside_declared_working_range"":false,""calibration_domain_mm"":{""x"":[-10.0,10.0],""y"":[-10.0,10.0],""depth"":[0.2,0.8]},""xy_outside_calibration_domain"":false,""excluded_calibration_samples"":0,""uncorrected_static_xyz_mm"":[0.4647914739544309,0.5098366715115481,0.7687661613153834],""unaligned_xyz_mm"":[-0.9364019166036646,0.9846494811165418,0.7687661613153834],""xy_rotation_deg"":-4.580684956890044,""xy_translation_mm"":[1.3195654319610284,-0.5464514666381837],""xy_translation_source"":""five_point_reassembly"",""xy_translation_details"":{""preset"":""5×5｜441点1mm连续"",""calibration_points"":5,""calibration_strategy"":""rigid_rotation_translation_v1"",""calibration_rms_mm"":0.507358956567797,""check_rms_mm"":null},""dynamic_model_enabled"":false,""dynamic_history_ready"":false,""dynamic_gate"":0.0,""contact_score"":1.0000824615806594,""contact_score_threshold"":0.49492851692021117,""status"":""有效"",""preset"":""5×5｜441点1mm连续"",""needs_baseline"":false,""display.contact"":true,""display.contact_reason"":""拟合响应/相似度接触门控"",""display.contact_segment"":611,""display.contact_age_ms"":3576.0184,""display.contact_last_end_ns"":1240476446514800}"
S20260919_A,000133,314,1240480061334300,1240480084422700,NormalizedFit,1,1,True,unknown,False,False,0.0,1.0381286132293315,nan,nan,0.4576794555946365,0.5251215556851936,0.7697323465249556,x,y,z,0.4576794555946365,0.5251215556851936,0.7697323465249556,,,,,,,,2.7811753276928552,0.24565256408385294,0.5932043542367964,"{""x"":0.4576794555946365,""y"":0.5251215556851936,""z"":0.7697323465249556,""dx"":null,""dy"":null,""mode5"":null,""Q"":null,""X"":null,""Y"":null,""Z"":null,""dX"":2.7811753276928552,""dY"":0.24565256408385294,""dZ"":0.5932043542367964}","{""amplitude_uT"":1826.8071819093277,""contact_threshold_uT"":40.0,""contact_gate"":""shape-aware ridge classifier + amplitude floor"",""cosine_similarity"":0.9932086290164426,""anti_jump_policy"":""快速门控（阈值/形状）"",""calibration_depth_range_mm"":[0.2,0.8],""depth_extrapolated"":false,""relative_reference"":""first valid prediction since B0/no-contact"",""xy_semantics"":""continuous XY RBF refit on all 441 positions at 1 mm spacing"",""fit_model"":""441点1 mm连续XY/RBF＋跨深度连续Z＋接触/释放门控"",""fit_variant"":""dense441_1mm_continuous_development"",""evidence_tier"":""development_dense441_single_repeat_random_validation_pending"",""continuous_xy_method"":""kernel_rbf"",""working_range_model"":false,""working_range_mm"":null,""outside_declared_working_range"":false,""calibration_domain_mm"":{""x"":[-10.0,10.0],""y"":[-10.0,10.0],""depth"":[0.2,0.8]},""xy_outside_calibration_domain"":false,""excluded_calibration_samples"":0,""uncorrected_static_xyz_mm"":[0.4576794555946365,0.5251215556851936,0.7697323465249556],""unaligned_xyz_mm"":[-0.9447119132583031,0.9993175568237267,0.7697323465249556],""xy_rotation_deg"":-4.580684956890044,""xy_translation_mm"":[1.3195654319610284,-0.5464514666381837],""xy_translation_source"":""five_point_reassembly"",""xy_translation_details"":{""preset"":""5×5｜441点1mm连续"",""calibration_points"":5,""calibration_strategy"":""rigid_rotation_translation_v1"",""calibration_rms_mm"":0.507358956567797,""check_rms_mm"":null},""dynamic_model_enabled"":false,""dynamic_history_ready"":false,""dynamic_gate"":0.0,""contact_score"":1.0000767639839756,""contact_score_threshold"":0.49492851692021117,""status"":""有效"",""preset"":""5×5｜441点1mm连续"",""needs_baseline"":false,""display.contact"":true,""display.contact_reason"":""拟合响应/相似度接触门控"",""display.contact_segment"":611,""display.contact_age_ms"":3602.9294,""display.contact_last_end_ns"":1240476446514800}"
S20260919_A,000133,315,1240480087333600,1240480135110400,NormalizedFit,1,1,True,unknown,False,False,0.0,1.0420603646418949,nan,nan,0.46668745006546786,0.5284949248240636,0.7673237530170677,x,y,z,0.46668745006546786,0.5284949248240636,0.7673237530170677,,,,,,,,2.7901833221636867,0.24902593322272293,0.5907957607289085,"{""x"":0.46668745006546786,""y"":0.5284949248240636,""z"":0.7673237530170677,""dx"":null,""dy"":null,""mode5"":null,""Q"":null,""X"":null,""Y"":null,""Z"":null,""dX"":2.7901833221636867,""dY"":0.24902593322272293,""dZ"":0.5907957607289085}","{""amplitude_uT"":1829.4196627508682,""contact_threshold_uT"":40.0,""contact_gate"":""shape-aware ridge classifier + amplitude floor"",""cosine_similarity"":0.9931715425062508,""anti_jump_policy"":""快速门控（阈值/形状）"",""calibration_depth_range_mm"":[0.2,0.8],""depth_extrapolated"":false,""relative_reference"":""first valid prediction since B0/no-contact"",""xy_semantics"":""continuous XY RBF refit on all 441 positions at 1 mm spacing"",""fit_model"":""441点1 mm连续XY/RBF＋跨深度连续Z＋接触/释放门控"",""fit_variant"":""dense441_1mm_continuous_development"",""evidence_tier"":""development_dense441_single_repeat_random_validation_pending"",""continuous_xy_method"":""kernel_rbf"",""working_range_model"":false,""working_range_mm"":null,""outside_declared_working_range"":false,""calibration_domain_mm"":{""x"":[-10.0,10.0],""y"":[-10.0,10.0],""depth"":[0.2,0.8]},""xy_outside_calibration_domain"":false,""excluded_calibration_samples"":0,""uncorrected_static_xyz_mm"":[0.46668745006546786,0.5284949248240636,0.7673237530170677],""unaligned_xyz_mm"":[-0.9360020986269086,1.0033995554543433,0.7673237530170677],""xy_rotation_deg"":-4.580684956890044,""xy_translation_mm"":[1.3195654319610284,-0.5464514666381837],""xy_translation_source"":""five_point_reassembly"",""xy_translation_details"":{""preset"":""5×5｜441点1mm连续"",""calibration_points"":5,""calibration_strategy"":""rigid_rotation_translation_v1"",""calibration_rms_mm"":0.507358956567797,""check_rms_mm"":null},""dynamic_model_enabled"":false,""dynamic_history_ready"":false,""dynamic_gate"":0.0,""contact_score"":1.0001321042713207,""contact_score_threshold"":0.49492851692021117,""status"":""有效"",""preset"":""5×5｜441点1mm连续"",""needs_baseline"":false,""display.contact"":true,""display.contact_reason"":""拟合响应/相似度接触门控"",""display.contact_segment"":611,""display.contact_age_ms"":3628.9287,""display.contact_last_end_ns"":1240476446514800}"
S20260919_A,000133,316,1240480099280900,1240480138645400,NormalizedFit,1,1,True,unknown,False,False,0.0,1.0070138505640611,nan,nan,0.4658865734228783,0.45215306867632643,0.7697949067243349,x,y,z,0.4658865734228783,0.45215306867632643,0.7697949067243349,,,,,,,,2.789382445521097,0.1726840770749858,0.5932669144361757,"{""x"":0.4658865734228783,""y"":0.45215306867632643,""z"":0.7697949067243349,""dx"":null,""dy"":null,""mode5"":null,""Q"":null,""X"":null,""Y"":null,""Z"":null,""dX"":2.789382445521097,""dY"":0.1726840770749858,""dZ"":0.5932669144361757}","{""amplitude_uT"":1829.53318446824,""contact_threshold_uT"":40.0,""contact_gate"":""shape-aware ridge classifier + amplitude floor"",""cosine_similarity"":0.9934988782167417,""anti_jump_policy"":""快速门控（阈值/形状）"",""calibration_depth_range_mm"":[0.2,0.8],""depth_extrapolated"":false,""relative_reference"":""first valid prediction since B0/no-contact"",""xy_semantics"":""continuous XY RBF refit on all 441 positions at 1 mm spacing"",""fit_model"":""441点1 mm连续XY/RBF＋跨深度连续Z＋接触/释放门控"",""fit_variant"":""dense441_1mm_continuous_development"",""evidence_tier"":""development_dense441_single_repeat_random_validation_pending"",""continuous_xy_method"":""kernel_rbf"",""working_range_model"":false,""working_range_mm"":null,""outside_declared_working_range"":false,""calibration_domain_mm"":{""x"":[-10.0,10.0],""y"":[-10.0,10.0],""depth"":[0.2,0.8]},""xy_outside_calibration_domain"":false,""excluded_calibration_samples"":0,""uncorrected_static_xyz_mm"":[0.4658865734228783,0.45215306867632643,0.7697949067243349],""unaligned_xyz_mm"":[-0.9307035355478104,0.927237585726826,0.7697949067243349],""xy_rotation_deg"":-4.580684956890044,""xy_translation_mm"":[1.3195654319610284,-0.5464514666381837],""xy_translation_source"":""five_point_reassembly"",""xy_translation_details"":{""preset"":""5×5｜441点1mm连续"",""calibration_points"":5,""calibration_strategy"":""rigid_rotation_translation_v1"",""calibration_rms_mm"":0.507358956567797,""check_rms_mm"":null},""dynamic_model_enabled"":false,""dynamic_history_ready"":false,""dynamic_gate"":0.0,""contact_score"":1.0000981497377488,""contact_score_threshold"":0.49492851692021117,""status"":""有效"",""preset"":""5×5｜441点1mm连续"",""needs_baseline"":false,""display.contact"":true,""display.contact_reason"":""拟合响应/相似度接触门控"",""display.contact_segment"":611,""display.contact_age_ms"":3640.876,""display.contact_last_end_ns"":1240476446514800}"
S20260919_A,000133,317,1240480110232700,1240480142229600,NormalizedFit,1,1,True,unknown,False,False,0.0,1.0163922521217292,nan,nan,0.4843013487238349,0.4446299424422555,0.7751191057386934,x,y,z,0.4843013487238349,0.4446299424422555,0.7751191057386934,,,,,,,,2.807797220822054,0.16516095084091487,0.5985911134505342,"{""x"":0.4843013487238349,""y"":0.4446299424422555,""z"":0.7751191057386934,""dx"":null,""dy"":null,""mode5"":null,""Q"":null,""X"":null,""Y"":null,""Z"":null,""dX"":2.807797220822054,""dY"":0.16516095084091487,""dZ"":0.5985911134505342}","{""amplitude_uT"":1831.843292440704,""contact_threshold_uT"":40.0,""contact_gate"":""shape-aware ridge classifier + amplitude floor"",""cosine_similarity"":0.9936787561590943,""anti_jump_policy"":""快速门控（阈值/形状）"",""calibration_depth_range_mm"":[0.2,0.8],""depth_extrapolated"":false,""relative_reference"":""first valid prediction since B0/no-contact"",""xy_semantics"":""continuous XY RBF refit on all 441 positions at 1 mm spacing"",""fit_model"":""441点1 mm连续XY/RBF＋跨深度连续Z＋接触/释放门控"",""fit_variant"":""dense441_1mm_continuous_development"",""evidence_tier"":""development_dense441_single_repeat_random_validation_pending"",""continuous_xy_method"":""kernel_rbf"",""working_range_model"":false,""working_range_mm"":null,""outside_declared_working_range"":false,""calibration_domain_mm"":{""x"":[-10.0,10.0],""y"":[-10.0,10.0],""depth"":[0.2,0.8]},""xy_outside_calibration_domain"":false,""excluded_calibration_samples"":0,""uncorrected_static_xyz_mm"":[0.4843013487238349,0.4446299424422555,0.7751191057386934],""unaligned_xyz_mm"":[-0.911746761021238,0.9212091466861474,0.7751191057386934],""xy_rotation_deg"":-4.580684956890044,""xy_translation_mm"":[1.3195654319610284,-0.5464514666381837],""xy_translation_source"":""five_point_reassembly"",""xy_translation_details"":{""preset"":""5×5｜441点1mm连续"",""calibration_points"":5,""calibration_strategy"":""rigid_rotation_translation_v1"",""calibration_rms_mm"":0.507358956567797,""check_rms_mm"":null},""dynamic_model_enabled"":false,""dynamic_history_ready"":false,""dynamic_gate"":0.0,""contact_score"":1.0000726889179221,""contact_score_threshold"":0.49492851692021117,""status"":""有效"",""preset"":""5×5｜441点1mm连续"",""needs_baseline"":false,""display.contact"":true,""display.contact_reason"":""拟合响应/相似度接触门控"",""display.contact_segment"":611,""display.contact_age_ms"":3651.8278,""display.contact_last_end_ns"":1240476446514800}"
S20260919_A,000133,318,1240480136128200,1240480144893400,NormalizedFit,1,1,True,unknown,False,False,0.0,1.0625381037822286,nan,nan,0.5091258137953101,0.506718397280236,0.7829524848764108,x,y,z,0.5091258137953101,0.506718397280236,0.7829524848764108,,,,,,,,2.832621685893529,0.2272494056788954,0.6064244925882516,"{""x"":0.5091258137953101,""y"":0.506718397280236,""z"":0.7829524848764108,""dx"":null,""dy"":null,""mode5"":null,""Q"":null,""X"":null,""Y"":null,""Z"":null,""dX"":2.832621685893529,""dY"":0.2272494056788954,""dZ"":0.6064244925882516}","{""amplitude_uT"":1833.5162645808462,""contact_threshold_uT"":40.0,""contact_gate"":""shape-aware ridge classifier + amplitude floor"",""cosine_similarity"":0.9937376134701706,""anti_jump_policy"":""快速门控（阈值/形状）"",""calibration_depth_range_mm"":[0.2,0.8],""depth_extrapolated"":false,""relative_reference"":""first valid prediction since B0/no-contact"",""xy_semantics"":""continuous XY RBF refit on all 441 positions at 1 mm spacing"",""fit_model"":""441点1 mm连续XY/RBF＋跨深度连续Z＋接触/释放门控"",""fit_variant"":""dense441_1mm_continuous_development"",""evidence_tier"":""development_dense441_single_repeat_random_validation_pending"",""continuous_xy_method"":""kernel_rbf"",""working_range_model"":false,""working_range_mm"":null,""outside_declared_working_range"":false,""calibration_domain_mm"":{""x"":[-10.0,10.0],""y"":[-10.0,10.0],""depth"":[0.2,0.8]},""xy_outside_calibration_domain"":false,""excluded_calibration_samples"":0,""uncorrected_static_xyz_mm"":[0.5091258137953101,0.506718397280236,0.7829524848764108],""unaligned_xyz_mm"":[-0.891960152544033,0.9850818358046012,0.7829524848764108],""xy_rotation_deg"":-4.580684956890044,""xy_translation_mm"":[1.3195654319610284,-0.5464514666381837],""xy_translation_source"":""five_point_reassembly"",""xy_translation_details"":{""preset"":""5×5｜441点1mm连续"",""calibration_points"":5,""calibration_strategy"":""rigid_rotation_translation_v1"",""calibration_rms_mm"":0.507358956567797,""check_rms_mm"":null},""dynamic_model_enabled"":false,""dynamic_history_ready"":false,""dynamic_gate"":0.0,""contact_score"":1.0000372018977066,""contact_score_threshold"":0.49492851692021117,""status"":""有效"",""preset"":""5×5｜441点1mm连续"",""needs_baseline"":false,""display.contact"":true,""display.contact_reason"":""拟合响应/相似度接触门控"",""display.contact_segment"":611,""display.contact_age_ms"":3677.7233,""display.contact_last_end_ns"":1240476446514800}"
S20260919_A,000133,319,1240480163126700,1240480197160300,NormalizedFit,1,1,True,unknown,False,False,0.0,1.0547336926823963,nan,nan,0.5052810799091975,0.49198149739294106,0.7842884666933706,x,y,z,0.5052810799091975,0.49198149739294106,0.7842884666933706,,,,,,,,2.8287769520074164,0.21251250579160041,0.6077604744052114,"{""x"":0.5052810799091975,""y"":0.49198149739294106,""z"":0.7842884666933706,""dx"":null,""dy"":null,""mode5"":null,""Q"":null,""X"":null,""Y"":null,""Z"":null,""dX"":2.8287769520074164,""dY"":0.21251250579160041,""dZ"":0.6077604744052114}","{""amplitude_uT"":1838.5694126944184,""contact_threshold_uT"":40.0,""contact_gate"":""shape-aware ridge classifier + amplitude floor"",""cosine_similarity"":0.9937953649956744,""anti_jump_policy"":""快速门控（阈值/形状）"",""calibration_depth_range_mm"":[0.2,0.8],""depth_extrapolated"":false,""relative_reference"":""first valid prediction since B0/no-contact"",""xy_semantics"":""continuous XY RBF refit on all 441 positions at 1 mm spacing"",""fit_model"":""441点1 mm连续XY/RBF＋跨深度连续Z＋接触/释放门控"",""fit_variant"":""dense441_1mm_continuous_development"",""evidence_tier"":""development_dense441_single_repeat_random_validation_pending"",""continuous_xy_method"":""kernel_rbf"",""working_range_model"":false,""working_range_mm"":null,""outside_declared_working_range"":false,""calibration_domain_mm"":{""x"":[-10.0,10.0],""y"":[-10.0,10.0],""depth"":[0.2,0.8]},""xy_outside_calibration_domain"":false,""excluded_calibration_samples"":0,""uncorrected_static_xyz_mm"":[0.5052810799091975,0.49198149739294106,0.7842884666933706],""unaligned_xyz_mm"":[-0.8946156743214653,0.9700849560947162,0.7842884666933706],""xy_rotation_deg"":-4.580684956890044,""xy_translation_mm"":[1.3195654319610284,-0.5464514666381837],""xy_translation_source"":""five_point_reassembly"",""xy_translation_details"":{""preset"":""5×5｜441点1mm连续"",""calibration_points"":5,""calibration_strategy"":""rigid_rotation_translation_v1"",""calibration_rms_mm"":0.507358956567797,""check_rms_mm"":null},""dynamic_model_enabled"":false,""dynamic_history_ready"":false,""dynamic_gate"":0.0,""contact_score"":1.00001087308334,""contact_score_threshold"":0.49492851692021117,""status"":""有效"",""preset"":""5×5｜441点1mm连续"",""needs_baseline"":false,""display.contact"":true,""display.contact_reason"":""拟合响应/相似度接触门控"",""display.contact_segment"":611,""display.contact_age_ms"":3704.7218,""display.contact_last_end_ns"":1240476446514800}"
S20260919_A,000133,320,1240480175975900,1240480200279200,NormalizedFit,1,1,True,unknown,False,False,0.0,0.9998146730053797,nan,nan,0.43274821678585096,0.43553815025903986,0.789091174006182,x,y,z,0.43274821678585096,0.43553815025903986,0.789091174006182,,,,,,,,2.7562440888840696,0.15606915865769921,0.6125631817180228,"{""x"":0.43274821678585096,""y"":0.43553815025903986,""z"":0.789091174006182,""dx"":null,""dy"":null,""mode5"":null,""Q"":null,""X"":null,""Y"":null,""Z"":null,""dX"":2.7562440888840696,""dY"":0.15606915865769921,""dZ"":0.6125631817180228}","{""amplitude_uT"":1836.9484566245992,""contact_threshold_uT"":40.0,""contact_gate"":""shape-aware ridge classifier + amplitude floor"",""cosine_similarity"":0.9937256714161353,""anti_jump_policy"":""快速门控（阈值/形状）"",""calibration_depth_range_mm"":[0.2,0.8],""depth_extrapolated"":false,""relative_reference"":""first valid prediction since B0/no-contact"",""xy_semantics"":""continuous XY RBF refit on all 441 positions at 1 mm spacing"",""fit_model"":""441点1 mm连续XY/RBF＋跨深度连续Z＋接触/释放门控"",""fit_variant"":""dense441_1mm_continuous_development"",""evidence_tier"":""development_dense441_single_repeat_random_validation_pending"",""continuous_xy_method"":""kernel_rbf"",""working_range_model"":false,""working_range_mm"":null,""outside_declared_working_range"":false,""calibration_domain_mm"":{""x"":[-10.0,10.0],""y"":[-10.0,10.0],""depth"":[0.2,0.8]},""xy_outside_calibration_domain"":false,""excluded_calibration_samples"":0,""uncorrected_static_xyz_mm"":[0.43274821678585096,0.43553815025903986,0.789091174006182],""unaligned_xyz_mm"":[-0.9624091280826534,0.90802921264032,0.789091174006182],""xy_rotation_deg"":-4.580684956890044,""xy_translation_mm"":[1.3195654319610284,-0.5464514666381837],""xy_translation_source"":""five_point_reassembly"",""xy_translation_details"":{""preset"":""5×5｜441点1mm连续"",""calibration_points"":5,""calibration_strategy"":""rigid_rotation_translation_v1"",""calibration_rms_mm"":0.507358956567797,""check_rms_mm"":null},""dynamic_model_enabled"":false,""dynamic_history_ready"":false,""dynamic_gate"":0.0,""contact_score"":0.99991567912736,""contact_score_threshold"":0.49492851692021117,""status"":""有效"",""preset"":""5×5｜441点1mm连续"",""needs_baseline"":false,""display.contact"":true,""display.contact_reason"":""拟合响应/相似度接触门控"",""display.contact_segment"":611,""display.contact_age_ms"":3717.571,""display.contact_last_end_ns"":1240476446514800}"
S20260919_A,000133,321,1240480186976200,1240480203433600,NormalizedFit,1,1,True,unknown,False,False,0.0,1.0036842840899713,nan,nan,0.3940502988195156,0.4762983116227124,0.7907252509404278,x,y,z,0.3940502988195156,0.4762983116227124,0.7907252509404278,,,,,,,,2.7175461709177346,0.19682932002137177,0.6141972586522686,"{""x"":0.3940502988195156,""y"":0.4762983116227124,""z"":0.7907252509404278,""dx"":null,""dy"":null,""mode5"":null,""Q"":null,""X"":null,""Y"":null,""Z"":null,""dX"":2.7175461709177346,""dY"":0.19682932002137177,""dZ"":0.6141972586522686}","{""amplitude_uT"":1835.8363792458463,""contact_threshold_uT"":40.0,""contact_gate"":""shape-aware ridge classifier + amplitude floor"",""cosine_similarity"":0.9940518231851669,""anti_jump_policy"":""快速门控（阈值/形状）"",""calibration_depth_range_mm"":[0.2,0.8],""depth_extrapolated"":false,""relative_reference"":""first valid prediction since B0/no-contact"",""xy_semantics"":""continuous XY RBF refit on all 441 positions at 1 mm spacing"",""fit_model"":""441点1 mm连续XY/RBF＋跨深度连续Z＋接触/释放门控"",""fit_variant"":""dense441_1mm_continuous_development"",""evidence_tier"":""development_dense441_single_repeat_random_validation_pending"",""continuous_xy_method"":""kernel_rbf"",""working_range_model"":false,""working_range_mm"":null,""outside_declared_working_range"":false,""calibration_domain_mm"":{""x"":[-10.0,10.0],""y"":[-10.0,10.0],""depth"":[0.2,0.8]},""xy_outside_calibration_domain"":false,""excluded_calibration_samples"":0,""uncorrected_static_xyz_mm"":[0.3940502988195156,0.4762983116227124,0.7907252509404278],""unaligned_xyz_mm"":[-1.0042386638638705,0.94556865250894,0.7907252509404278],""xy_rotation_deg"":-4.580684956890044,""xy_translation_mm"":[1.3195654319610284,-0.5464514666381837],""xy_translation_source"":""five_point_reassembly"",""xy_translation_details"":{""preset"":""5×5｜441点1mm连续"",""calibration_points"":5,""calibration_strategy"":""rigid_rotation_translation_v1"",""calibration_rms_mm"":0.507358956567797,""check_rms_mm"":null},""dynamic_model_enabled"":false,""dynamic_history_ready"":false,""dynamic_gate"":0.0,""contact_score"":0.9998670142474466,""contact_score_threshold"":0.49492851692021117,""status"":""有效"",""preset"":""5×5｜441点1mm连续"",""needs_baseline"":false,""display.contact"":true,""display.contact_reason"":""拟合响应/相似度接触门控"",""display.contact_segment"":611,""display.contact_age_ms"":3728.5713,""display.contact_last_end_ns"":1240476446514800}"
S20260919_A,000133,322,1240480212882800,1240480259682300,NormalizedFit,1,1,True,unknown,False,False,0.0,0.9871091263470603,nan,nan,0.342646828551459,0.4837842154664238,0.7892594067015105,x,y,z,0.342646828551459,0.4837842154664238,0.7892594067015105,,,,,,,,2.6661427006496776,0.20431522386508316,0.6127314144133513,"{""x"":0.342646828551459,""y"":0.4837842154664238,""z"":0.7892594067015105,""dx"":null,""dy"":null,""mode5"":null,""Q"":null,""X"":null,""Y"":null,""Z"":null,""dX"":2.6661427006496776,""dY"":0.20431522386508316,""dZ"":0.6127314144133513}","{""amplitude_uT"":1829.1669846584539,""contact_threshold_uT"":40.0,""contact_gate"":""shape-aware ridge classifier + amplitude floor"",""cosine_similarity"":0.9940721973338533,""anti_jump_policy"":""快速门控（阈值/形状）"",""calibration_depth_range_mm"":[0.2,0.8],""depth_extrapolated"":false,""relative_reference"":""first valid prediction since B0/no-contact"",""xy_semantics"":""continuous XY RBF refit on all 441 positions at 1 mm spacing"",""fit_model"":""441点1 mm连续XY/RBF＋跨深度连续Z＋接触/释放门控"",""fit_variant"":""dense441_1mm_continuous_development"",""evidence_tier"":""development_dense441_single_repeat_random_validation_pending"",""continuous_xy_method"":""kernel_rbf"",""working_range_model"":false,""working_range_mm"":null,""outside_declared_working_range"":false,""calibration_domain_mm"":{""x"":[-10.0,10.0],""y"":[-10.0,10.0],""depth"":[0.2,0.8]},""xy_outside_calibration_domain"":false,""excluded_calibration_samples"":0,""uncorrected_static_xyz_mm"":[0.342646828551459,0.4837842154664238,0.7892594067015105],""unaligned_xyz_mm"":[-1.0560757900858087,0.9489254153851525,0.7892594067015105],""xy_rotation_deg"":-4.580684956890044,""xy_translation_mm"":[1.3195654319610284,-0.5464514666381837],""xy_translation_source"":""five_point_reassembly"",""xy_translation_details"":{""preset"":""5×5｜441点1mm连续"",""calibration_points"":5,""calibration_strategy"":""rigid_rotation_translation_v1"",""calibration_rms_mm"":0.507358956567797,""check_rms_mm"":null},""dynamic_model_enabled"":false,""dynamic_history_ready"":false,""dynamic_gate"":0.0,""contact_score"":0.9998739343919009,""contact_score_threshold"":0.49492851692021117,""status"":""有效"",""preset"":""5×5｜441点1mm连续"",""needs_baseline"":false,""display.contact"":true,""display.contact_reason"":""拟合响应/相似度接触门控"",""display.contact_segment"":611,""display.contact_age_ms"":3754.4779,""display.contact_last_end_ns"":1240476446514800}"
S20260919_A,000133,323,1240480239743500,1240480262766400,NormalizedFit,1,1,True,unknown,False,False,0.0,1.0022628124061284,nan,nan,0.35880591050336064,0.5003939271156164,0.7908191837745892,x,y,z,0.35880591050336064,0.5003939271156164,0.7908191837745892,,,,,,,,2.6823017826015794,0.22092493551427572,0.61429119148643,"{""x"":0.35880591050336064,""y"":0.5003939271156164,""z"":0.7908191837745892,""dx"":null,""dy"":null,""mode5"":null,""Q"":null,""X"":null,""Y"":null,""Z"":null,""dX"":2.6823017826015794,""dY"":0.22092493551427572,""dZ"":0.61429119148643}","{""amplitude_uT"":1827.798898510583,""contact_threshold_uT"":40.0,""contact_gate"":""shape-aware ridge classifier + amplitude floor"",""cosine_similarity"":0.993941676703629,""anti_jump_policy"":""快速门控（阈值/形状）"",""calibration_depth_range_mm"":[0.2,0.8],""depth_extrapolated"":false,""relative_reference"":""first valid prediction since B0/no-contact"",""xy_semantics"":""continuous XY RBF refit on all 441 positions at 1 mm spacing"",""fit_model"":""441点1 mm连续XY/RBF＋跨深度连续Z＋接触/释放门控"",""fit_variant"":""dense441_1mm_continuous_development"",""evidence_tier"":""development_dense441_single_repeat_random_validation_pending"",""continuous_xy_method"":""kernel_rbf"",""working_range_model"":false,""working_range_mm"":null,""outside_declared_working_range"":false,""calibration_domain_mm"":{""x"":[-10.0,10.0],""y"":[-10.0,10.0],""depth"":[0.2,0.8]},""xy_outside_calibration_domain"":false,""excluded_calibration_samples"":0,""uncorrected_static_xyz_mm"":[0.35880591050336064,0.5003939271156164,0.7908191837745892],""unaligned_xyz_mm"":[-1.0412948221901153,0.9667725843108976,0.7908191837745892],""xy_rotation_deg"":-4.580684956890044,""xy_translation_mm"":[1.3195654319610284,-0.5464514666381837],""xy_translation_source"":""five_point_reassembly"",""xy_translation_details"":{""preset"":""5×5｜441点1mm连续"",""calibration_points"":5,""calibration_strategy"":""rigid_rotation_translation_v1"",""calibration_rms_mm"":0.507358956567797,""check_rms_mm"":null},""dynamic_model_enabled"":false,""dynamic_history_ready"":false,""dynamic_gate"":0.0,""contact_score"":0.9998419642299599,""contact_score_threshold"":0.49492851692021117,""status"":""有效"",""preset"":""5×5｜441点1mm连续"",""needs_baseline"":false,""display.contact"":true,""display.contact_reason"":""拟合响应/相似度接触门控"",""display.contact_segment"":611,""display.contact_age_ms"":3781.3386,""display.contact_last_end_ns"":1240476446514800}"
S20260919_A,000133,324,1240480251718800,1240480266579100,NormalizedFit,1,1,True,unknown,False,False,0.0,0.9897693145238559,nan,nan,0.37926657522519647,0.47061172636288884,0.7837887240192444,x,y,z,0.37926657522519647,0.47061172636288884,0.7837887240192444,,,,,,,,2.7027624473234155,0.1911427347615482,0.6072607317310852,"{""x"":0.37926657522519647,""y"":0.47061172636288884,""z"":0.7837887240192444,""dx"":null,""dy"":null,""mode5"":null,""Q"":null,""X"":null,""Y"":null,""Z"":null,""dX"":2.7027624473234155,""dY"":0.1911427347615482,""dZ"":0.6072607317310852}","{""amplitude_uT"":1831.8567559797077,""contact_threshold_uT"":40.0,""contact_gate"":""shape-aware ridge classifier + amplitude floor"",""cosine_similarity"":0.9940958892313208,""anti_jump_policy"":""快速门控（阈值/形状）"",""calibration_depth_range_mm"":[0.2,0.8],""depth_extrapolated"":false,""relative_reference"":""first valid prediction since B0/no-contact"",""xy_semantics"":""continuous XY RBF refit on all 441 positions at 1 mm spacing"",""fit_model"":""441点1 mm连续XY/RBF＋跨深度连续Z＋接触/释放门控"",""fit_variant"":""dense441_1mm_continuous_development"",""evidence_tier"":""development_dense441_single_repeat_random_validation_pending"",""continuous_xy_method"":""kernel_rbf"",""working_range_model"":false,""working_range_mm"":null,""outside_declared_working_range"":false,""calibration_domain_mm"":{""x"":[-10.0,10.0],""y"":[-10.0,10.0],""depth"":[0.2,0.8]},""xy_outside_calibration_domain"":false,""excluded_calibration_samples"":0,""uncorrected_static_xyz_mm"":[0.37926657522519647,0.47061172636288884,0.7837887240192444],""unaligned_xyz_mm"":[-1.0185210189832627,0.9387195600527058,0.7837887240192444],""xy_rotation_deg"":-4.580684956890044,""xy_translation_mm"":[1.3195654319610284,-0.5464514666381837],""xy_translation_source"":""five_point_reassembly"",""xy_translation_details"":{""preset"":""5×5｜441点1mm连续"",""calibration_points"":5,""calibration_strategy"":""rigid_rotation_translation_v1"",""calibration_rms_mm"":0.507358956567797,""check_rms_mm"":null},""dynamic_model_enabled"":false,""dynamic_history_ready"":false,""dynamic_gate"":0.0,""contact_score"":0.9999573832052253,""contact_score_threshold"":0.49492851692021117,""status"":""有效"",""preset"":""5×5｜441点1mm连续"",""needs_baseline"":false,""display.contact"":true,""display.contact_reason"":""拟合响应/相似度接触门控"",""display.contact_segment"":611,""display.contact_age_ms"":3793.3139,""display.contact_last_end_ns"":1240476446514800}"
S20260919_A,000133,325,1240480278570200,1240480299367100,NormalizedFit,1,1,True,unknown,False,False,0.0,0.9895988925717625,nan,nan,0.41336720394302395,0.454111584166085,0.7760258964813956,x,y,z,0.41336720394302395,0.454111584166085,0.7760258964813956,,,,,,,,2.7368630760412427,0.17464259256474435,0.5994979041932365,"{""x"":0.41336720394302395,""y"":0.454111584166085,""z"":0.7760258964813956,""dx"":null,""dy"":null,""mode5"":null,""Q"":null,""X"":null,""Y"":null,""Z"":null,""dX"":2.7368630760412427,""dY"":0.17464259256474435,""dZ"":0.5994979041932365}","{""amplitude_uT"":1836.6987578289752,""contact_threshold_uT"":40.0,""contact_gate"":""shape-aware ridge classifier + amplitude floor"",""cosine_similarity"":0.9941576904992165,""anti_jump_policy"":""快速门控（阈值/形状）"",""calibration_depth_range_mm"":[0.2,0.8],""depth_extrapolated"":false,""relative_reference"":""first valid prediction since B0/no-contact"",""xy_semantics"":""continuous XY RBF refit on all 441 positions at 1 mm spacing"",""fit_model"":""441点1 mm连续XY/RBF＋跨深度连续Z＋接触/释放门控"",""fit_variant"":""dense441_1mm_continuous_development"",""evidence_tier"":""development_dense441_single_repeat_random_validation_pending"",""continuous_xy_method"":""kernel_rbf"",""working_range_model"":false,""working_range_mm"":null,""outside_declared_working_range"":false,""calibration_domain_mm"":{""x"":[-10.0,10.0],""y"":[-10.0,10.0],""depth"":[0.2,0.8]},""xy_outside_calibration_domain"":false,""excluded_calibration_samples"":0,""uncorrected_static_xyz_mm"":[0.41336720394302395,0.454111584166085,0.7760258964813956],""unaligned_xyz_mm"":[-0.9832115634074583,0.9249954965725933,0.7760258964813956],""xy_rotation_deg"":-4.580684956890044,""xy_translation_mm"":[1.3195654319610284,-0.5464514666381837],""xy_translation_source"":""five_point_reassembly"",""xy_translation_details"":{""preset"":""5×5｜441点1mm连续"",""calibration_points"":5,""calibration_strategy"":""rigid_rotation_translation_v1"",""calibration_rms_mm"":0.507358956567797,""check_rms_mm"":null},""dynamic_model_enabled"":false,""dynamic_history_ready"":false,""dynamic_gate"":0.0,""contact_score"":1.0000847734042582,""contact_score_threshold"":0.49492851692021117,""status"":""有效"",""preset"":""5×5｜441点1mm连续"",""needs_baseline"":false,""display.contact"":true,""display.contact_reason"":""拟合响应/相似度接触门控"",""display.contact_segment"":611,""display.contact_age_ms"":3820.1653,""display.contact_last_end_ns"":1240476446514800}"
S20260919_A,000133,326,1240480305526400,1240480354338800,NormalizedFit,1,1,True,unknown,False,False,0.0,0.9855457275215334,nan,nan,0.3339299041946089,0.5028578457228361,0.7790540335018593,x,y,z,0.3339299041946089,0.5028578457228361,0.7790540335018593,,,,,,,,2.6574257762928277,0.22338885412149545,0.6025260412137001,"{""x"":0.3339299041946089,""y"":0.5028578457228361,""z"":0.7790540335018593,""dx"":null,""dy"":null,""mode5"":null,""Q"":null,""X"":null,""Y"":null,""Z"":null,""dX"":2.6574257762928277,""dY"":0.22338885412149545,""dZ"":0.6025260412137001}","{""amplitude_uT"":1850.1708911374915,""contact_threshold_uT"":40.0,""contact_gate"":""shape-aware ridge classifier + amplitude floor"",""cosine_similarity"":0.9938315902855694,""anti_jump_policy"":""快速门控（阈值/形状）"",""calibration_depth_range_mm"":[0.2,0.8],""depth_extrapolated"":false,""relative_reference"":""first valid prediction since B0/no-contact"",""xy_semantics"":""continuous XY RBF refit on all 441 positions at 1 mm spacing"",""fit_model"":""441点1 mm连续XY/RBF＋跨深度连续Z＋接触/释放门控"",""fit_variant"":""dense441_1mm_continuous_development"",""evidence_tier"":""development_dense441_single_repeat_random_validation_pending"",""continuous_xy_method"":""kernel_rbf"",""working_range_model"":false,""working_range_mm"":null,""outside_declared_working_range"":false,""calibration_domain_mm"":{""x"":[-10.0,10.0],""y"":[-10.0,10.0],""depth"":[0.2,0.8]},""xy_outside_calibration_domain"":false,""excluded_calibration_samples"":0,""uncorrected_static_xyz_mm"":[0.3339299041946089,0.5028578457228361,0.7790540335018593],""unaligned_xyz_mm"":[-1.066288146668383,0.9672419629428046,0.7790540335018593],""xy_rotation_deg"":-4.580684956890044,""xy_translation_mm"":[1.3195654319610284,-0.5464514666381837],""xy_translation_source"":""five_point_reassembly"",""xy_translation_details"":{""preset"":""5×5｜441点1mm连续"",""calibration_points"":5,""calibration_strategy"":""rigid_rotation_translation_v1"",""calibration_rms_mm"":0.507358956567797,""check_rms_mm"":null},""dynamic_model_enabled"":false,""dynamic_history_ready"":false,""dynamic_gate"":0.0,""contact_score"":1.0001397436140018,""contact_score_threshold"":0.49492851692021117,""status"":""有效"",""preset"":""5×5｜441点1mm连续"",""needs_baseline"":false,""display.contact"":true,""display.contact_reason"":""拟合响应/相似度接触门控"",""display.contact_segment"":611,""display.contact_age_ms"":3847.1215,""display.contact_last_end_ns"":1240476446514800}"
S20260919_A,000133,327,1240480315456900,1240480358856000,NormalizedFit,1,1,True,unknown,False,False,0.0,1.1044438423451577,nan,nan,0.3302770995511346,0.6322966025421515,0.8431573072801292,x,y,z,0.3302770995511346,0.6322966025421515,0.8431573072801292,,,,,,,,2.6537729716493534,0.35282761094081083,0.66662931499197,"{""x"":0.3302770995511346,""y"":0.6322966025421515,""z"":0.8431573072801292,""dx"":null,""dy"":null,""mode5"":null,""Q"":null,""X"":null,""Y"":null,""Z"":null,""dX"":2.6537729716493534,""dY"":0.35282761094081083,""dZ"":0.66662931499197}","{""amplitude_uT"":2046.198906938057,""contact_threshold_uT"":40.0,""contact_gate"":""shape-aware ridge classifier + amplitude floor"",""cosine_similarity"":0.9922417109753419,""anti_jump_policy"":""快速门控（阈值/形状）"",""calibration_depth_range_mm"":[0.2,0.8],""depth_extrapolated"":true,""relative_reference"":""first valid prediction since B0/no-contact"",""xy_semantics"":""continuous XY RBF refit on all 441 positions at 1 mm spacing"",""fit_model"":""441点1 mm连续XY/RBF＋跨深度连续Z＋接触/释放门控"",""fit_variant"":""dense441_1mm_continuous_development"",""evidence_tier"":""development_dense441_single_repeat_random_validation_pending"",""continuous_xy_method"":""kernel_rbf"",""working_range_model"":false,""working_range_mm"":null,""outside_declared_working_range"":false,""calibration_domain_mm"":{""x"":[-10.0,10.0],""y"":[-10.0,10.0],""depth"":[0.2,0.8]},""xy_outside_calibration_domain"":false,""excluded_calibration_samples"":0,""uncorrected_static_xyz_mm"":[0.3302770995511346,0.6322966025421515,0.8431573072801292],""unaligned_xyz_mm"":[-1.0802666375216583,1.0959755504099382,0.8431573072801292],""xy_rotation_deg"":-4.580684956890044,""xy_translation_mm"":[1.3195654319610284,-0.5464514666381837],""xy_translation_source"":""five_point_reassembly"",""xy_translation_details"":{""preset"":""5×5｜441点1mm连续"",""calibration_points"":5,""calibration_strategy"":""rigid_rotation_translation_v1"",""calibration_rms_mm"":0.507358956567797,""check_rms_mm"":null},""dynamic_model_enabled"":false,""dynamic_history_ready"":false,""dynamic_gate"":0.0,""contact_score"":1.0002305518058359,""contact_score_threshold"":0.49492851692021117,""status"":""有效"",""preset"":""5×5｜441点1mm连续"",""needs_baseline"":false,""display.contact"":true,""display.contact_reason"":""拟合响应/相似度接触门控"",""display.contact_segment"":611,""display.contact_age_ms"":3857.052,""display.contact_last_end_ns"":1240476446514800}"
S20260919_A,000133,328,1240480342417100,1240480361607000,NormalizedFit,1,1,True,unknown,False,False,0.0,1.0876006427650637,nan,nan,0.19480688379467903,0.5601897420551512,0.9116539305379917,x,y,z,0.19480688379467903,0.5601897420551512,0.9116539305379917,,,,,,,,2.518302755892898,0.2807207504538105,0.7351259382498325,"{""x"":0.19480688379467903,""y"":0.5601897420551512,""z"":0.9116539305379917,""dx"":null,""dy"":null,""mode5"":null,""Q"":null,""X"":null,""Y"":null,""Z"":null,""dX"":2.518302755892898,""dY"":0.2807207504538105,""dZ"":0.7351259382498325}","{""amplitude_uT"":2277.320922116929,""contact_threshold_uT"":40.0,""contact_gate"":""shape-aware ridge classifier + amplitude floor"",""cosine_similarity"":0.991584279898867,""anti_jump_policy"":""快速门控（阈值/形状）"",""calibration_depth_range_mm"":[0.2,0.8],""depth_extrapolated"":true,""relative_reference"":""first valid prediction since B0/no-contact"",""xy_semantics"":""continuous XY RBF refit on all 441 positions at 1 mm spacing"",""fit_model"":""441点1 mm连续XY/RBF＋跨深度连续Z＋接触/释放门控"",""fit_variant"":""dense441_1mm_continuous_development"",""evidence_tier"":""development_dense441_single_repeat_random_validation_pending"",""continuous_xy_method"":""kernel_rbf"",""working_range_model"":false,""working_range_mm"":null,""outside_declared_working_range"":false,""calibration_domain_mm"":{""x"":[-10.0,10.0],""y"":[-10.0,10.0],""depth"":[0.2,0.8]},""xy_outside_calibration_domain"":false,""excluded_calibration_samples"":0,""uncorrected_static_xyz_mm"":[0.19480688379467903,0.5601897420551512,0.9116539305379917],""unaligned_xyz_mm"":[-1.2095454795443978,1.0132799659349985,0.9116539305379917],""xy_rotation_deg"":-4.580684956890044,""xy_translation_mm"":[1.3195654319610284,-0.5464514666381837],""xy_translation_source"":""five_point_reassembly"",""xy_translation_details"":{""preset"":""5×5｜441点1mm连续"",""calibration_points"":5,""calibration_strategy"":""rigid_rotation_translation_v1"",""calibration_rms_mm"":0.507358956567797,""check_rms_mm"":null},""dynamic_model_enabled"":false,""dynamic_history_ready"":false,""dynamic_gate"":0.0,""contact_score"":1.0001914547565511,""contact_score_threshold"":0.49492851692021117,""status"":""有效"",""preset"":""5×5｜441点1mm连续"",""needs_baseline"":false,""display.contact"":true,""display.contact_reason"":""拟合响应/相似度接触门控"",""display.contact_segment"":611,""display.contact_age_ms"":3884.0122,""display.contact_last_end_ns"":1240476446514800}"
S20260919_A,000133,329,1240480369364000,1240480394367800,NormalizedFit,1,1,True,unknown,False,False,0.0,1.13967705133606,nan,nan,0.25262394309516867,0.6117887797073744,0.9277712076483441,x,y,z,0.25262394309516867,0.6117887797073744,0.9277712076483441,,,,,,,,2.5761198151933877,0.3323197881060338,0.7512432153601849,"{""x"":0.25262394309516867,""y"":0.6117887797073744,""z"":0.9277712076483441,""dx"":null,""dy"":null,""mode5"":null,""Q"":null,""X"":null,""Y"":null,""Z"":null,""dX"":2.5761198151933877,""dY"":0.3323197881060338,""dZ"":0.7512432153601849}","{""amplitude_uT"":2328.3276887898533,""contact_threshold_uT"":40.0,""contact_gate"":""shape-aware ridge classifier + amplitude floor"",""cosine_similarity"":0.9906662385569925,""anti_jump_policy"":""快速门控（阈值/形状）"",""calibration_depth_range_mm"":[0.2,0.8],""depth_extrapolated"":true,""relative_reference"":""first valid prediction since B0/no-contact"",""xy_semantics"":""continuous XY RBF refit on all 441 positions at 1 mm spacing"",""fit_model"":""441点1 mm连续XY/RBF＋跨深度连续Z＋接触/释放门控"",""fit_variant"":""dense441_1mm_continuous_development"",""evidence_tier"":""development_dense441_single_repeat_random_validation_pending"",""continuous_xy_method"":""kernel_rbf"",""working_range_model"":false,""working_range_mm"":null,""outside_declared_working_range"":false,""calibration_domain_mm"":{""x"":[-10.0,10.0],""y"":[-10.0,10.0],""depth"":[0.2,0.8]},""xy_outside_calibration_domain"":false,""excluded_calibration_samples"":0,""uncorrected_static_xyz_mm"":[0.25262394309516867,0.6117887797073744,0.9277712076483441],""unaligned_xyz_mm"":[-1.1560339446582077,1.0693316266322155,0.9277712076483441],""xy_rotation_deg"":-4.580684956890044,""xy_translation_mm"":[1.3195654319610284,-0.5464514666381837],""xy_translation_source"":""five_point_reassembly"",""xy_translation_details"":{""preset"":""5×5｜441点1mm连续"",""calibration_points"":5,""calibration_strategy"":""rigid_rotation_translation_v1"",""calibration_rms_mm"":0.507358956567797,""check_rms_mm"":null},""dynamic_model_enabled"":false,""dynamic_history_ready"":false,""dynamic_gate"":0.0,""contact_score"":1.000061946327558,""contact_score_threshold"":0.49492851692021117,""status"":""有效"",""preset"":""5×5｜441点1mm连续"",""needs_baseline"":false,""display.contact"":true,""display.contact_reason"":""拟合响应/相似度接触门控"",""display.contact_segment"":611,""display.contact_age_ms"":3910.9591,""display.contact_last_end_ns"":1240476446514800}"
S20260919_A,000133,330,1240480396310300,1240480447340500,NormalizedFit,1,1,True,unknown,False,False,0.0,1.2493151496894457,nan,nan,0.41212933967340426,0.7113090441477625,0.940732264960399,x,y,z,0.41212933967340426,0.7113090441477625,0.940732264960399,,,,,,,,2.735625211771623,0.4318400525464219,0.7642042726722398,"{""x"":0.41212933967340426,""y"":0.7113090441477625,""z"":0.940732264960399,""dx"":null,""dy"":null,""mode5"":null,""Q"":null,""X"":null,""Y"":null,""Z"":null,""dX"":2.735625211771623,""dY"":0.4318400525464219,""dZ"":0.7642042726722398}","{""amplitude_uT"":2415.2528027493313,""contact_threshold_uT"":40.0,""contact_gate"":""shape-aware ridge classifier + amplitude floor"",""cosine_similarity"":0.9914246844143088,""anti_jump_policy"":""快速门控（阈值/形状）"",""calibration_depth_range_mm"":[0.2,0.8],""depth_extrapolated"":true,""relative_reference"":""first valid prediction since B0/no-contact"",""xy_semantics"":""continuous XY RBF refit on all 441 positions at 1 mm spacing"",""fit_model"":""441点1 mm连续XY/RBF＋跨深度连续Z＋接触/释放门控"",""fit_variant"":""dense441_1mm_continuous_development"",""evidence_tier"":""development_dense441_single_repeat_random_validation_pending"",""continuous_xy_method"":""kernel_rbf"",""working_range_model"":false,""working_range_mm"":null,""outside_declared_working_range"":false,""calibration_domain_mm"":{""x"":[-10.0,10.0],""y"":[-10.0,10.0],""depth"":[0.2,0.8]},""xy_outside_calibration_domain"":false,""excluded_calibration_samples"":0,""uncorrected_static_xyz_mm"":[0.41212933967340426,0.7113090441477625,0.940732264960399],""unaligned_xyz_mm"":[-1.0049860073892614,1.1812725718607662,0.940732264960399],""xy_rotation_deg"":-4.580684956890044,""xy_translation_mm"":[1.3195654319610284,-0.5464514666381837],""xy_translation_source"":""five_point_reassembly"",""xy_translation_details"":{""preset"":""5×5｜441点1mm连续"",""calibration_points"":5,""calibration_strategy"":""rigid_rotation_translation_v1"",""calibration_rms_mm"":0.507358956567797,""check_rms_mm"":null},""dynamic_model_enabled"":false,""dynamic_history_ready"":false,""dynamic_gate"":0.0,""contact_score"":0.9999876103880462,""contact_score_threshold"":0.49492851692021117,""status"":""有效"",""preset"":""5×5｜441点1mm连续"",""needs_baseline"":false,""display.contact"":true,""display.contact_reason"":""拟合响应/相似度接触门控"",""display.contact_segment"":611,""display.contact_age_ms"":3937.9054,""display.contact_last_end_ns"":1240476446514800}"
S20260919_A,000133,331,1240480407243900,1240480450939700,NormalizedFit,1,1,True,unknown,False,False,0.0,1.2571235990686331,nan,nan,0.4155436129841159,0.7149761730746682,0.9468327840642629,x,y,z,0.4155436129841159,0.7149761730746682,0.9468327840642629,,,,,,,,2.7390394850823347,0.43550718147332756,0.7703047917761037,"{""x"":0.4155436129841159,""y"":0.7149761730746682,""z"":0.9468327840642629,""dx"":null,""dy"":null,""mode5"":null,""Q"":null,""X"":null,""Y"":null,""Z"":null,""dX"":2.7390394850823347,""dY"":0.43550718147332756,""dZ"":0.7703047917761037}","{""amplitude_uT"":2421.7405049239896,""contact_threshold_uT"":40.0,""contact_gate"":""shape-aware ridge classifier + amplitude floor"",""cosine_similarity"":0.9919437661858458,""anti_jump_policy"":""快速门控（阈值/形状）"",""calibration_depth_range_mm"":[0.2,0.8],""depth_extrapolated"":true,""relative_reference"":""first valid prediction since B0/no-contact"",""xy_semantics"":""continuous XY RBF refit on all 441 positions at 1 mm spacing"",""fit_model"":""441点1 mm连续XY/RBF＋跨深度连续Z＋接触/释放门控"",""fit_variant"":""dense441_1mm_continuous_development"",""evidence_tier"":""development_dense441_single_repeat_random_validation_pending"",""continuous_xy_method"":""kernel_rbf"",""working_range_model"":false,""working_range_mm"":null,""outside_declared_working_range"":false,""calibration_domain_mm"":{""x"":[-10.0,10.0],""y"":[-10.0,10.0],""depth"":[0.2,0.8]},""xy_outside_calibration_domain"":false,""excluded_calibration_samples"":0,""uncorrected_static_xyz_mm"":[0.4155436129841159,0.7149761730746682,0.9468327840642629],""unaligned_xyz_mm"":[-1.0018755072839507,1.1852006612056831,0.9468327840642629],""xy_rotation_deg"":-4.580684956890044,""xy_translation_mm"":[1.3195654319610284,-0.5464514666381837],""xy_translation_source"":""five_point_reassembly"",""xy_translation_details"":{""preset"":""5×5｜441点1mm连续"",""calibration_points"":5,""calibration_strategy"":""rigid_rotation_translation_v1"",""calibration_rms_mm"":0.507358956567797,""check_rms_mm"":null},""dynamic_model_enabled"":false,""dynamic_history_ready"":false,""dynamic_gate"":0.0,""contact_score"":0.9998634123534149,""contact_score_threshold"":0.49492851692021117,""status"":""有效"",""preset"":""5×5｜441点1mm连续"",""needs_baseline"":false,""display.contact"":true,""display.contact_reason"":""拟合响应/相似度接触门控"",""display.contact_segment"":611,""display.contact_age_ms"":3948.839,""display.contact_last_end_ns"":1240476446514800}"
S20260919_A,000133,332,1240480434084700,1240480454508000,NormalizedFit,1,1,True,unknown,False,False,0.0,1.2834248655776528,nan,nan,0.48190040388139144,0.71615280944609,0.9497771000842462,x,y,z,0.48190040388139144,0.71615280944609,0.9497771000842462,,,,,,,,2.8053962759796103,0.4366838178447494,0.773249107796087,"{""x"":0.48190040388139144,""y"":0.71615280944609,""z"":0.9497771000842462,""dx"":null,""dy"":null,""mode5"":null,""Q"":null,""X"":null,""Y"":null,""Z"":null,""dX"":2.8053962759796103,""dY"":0.4366838178447494,""dZ"":0.773249107796087}","{""amplitude_uT"":2426.750467078249,""contact_threshold_uT"":40.0,""contact_gate"":""shape-aware ridge classifier + amplitude floor"",""cosine_similarity"":0.9922832279571708,""anti_jump_policy"":""快速门控（阈值/形状）"",""calibration_depth_range_mm"":[0.2,0.8],""depth_extrapolated"":true,""relative_reference"":""first valid prediction since B0/no-contact"",""xy_semantics"":""continuous XY RBF refit on all 441 positions at 1 mm spacing"",""fit_model"":""441点1 mm连续XY/RBF＋跨深度连续Z＋接触/释放门控"",""fit_variant"":""dense441_1mm_continuous_development"",""evidence_tier"":""development_dense441_single_repeat_random_validation_pending"",""continuous_xy_method"":""kernel_rbf"",""working_range_model"":false,""working_range_mm"":null,""outside_declared_working_range"":false,""calibration_domain_mm"":{""x"":[-10.0,10.0],""y"":[-10.0,10.0],""depth"":[0.2,0.8]},""xy_outside_calibration_domain"":false,""excluded_calibration_samples"":0,""uncorrected_static_xyz_mm"":[0.48190040388139144,0.71615280944609,0.9497771000842462],""unaligned_xyz_mm"":[-0.9358246390015736,1.191672984627715,0.9497771000842462],""xy_rotation_deg"":-4.580684956890044,""xy_translation_mm"":[1.3195654319610284,-0.5464514666381837],""xy_translation_source"":""five_point_reassembly"",""xy_translation_details"":{""preset"":""5×5｜441点1mm连续"",""calibration_points"":5,""calibration_strategy"":""rigid_rotation_translation_v1"",""calibration_rms_mm"":0.507358956567797,""check_rms_mm"":null},""dynamic_model_enabled"":false,""dynamic_history_ready"":false,""dynamic_gate"":0.0,""contact_score"":0.9998369201561175,""contact_score_threshold"":0.49492851692021117,""status"":""有效"",""preset"":""5×5｜441点1mm连续"",""needs_baseline"":false,""display.contact"":true,""display.contact_reason"":""拟合响应/相似度接触门控"",""display.contact_segment"":611,""display.contact_age_ms"":3975.6798,""display.contact_last_end_ns"":1240476446514800}"
S20260919_A,000133,333,1240480460705400,1240480489406300,NormalizedFit,1,1,True,unknown,False,False,0.0,1.2975289908176535,nan,nan,0.5527204433391159,0.6862525219135651,0.9524384860423066,x,y,z,0.5527204433391159,0.6862525219135651,0.9524384860423066,,,,,,,,2.876216315437335,0.4067835303122245,0.7759104937541474,"{""x"":0.5527204433391159,""y"":0.6862525219135651,""z"":0.9524384860423066,""dx"":null,""dy"":null,""mode5"":null,""Q"":null,""X"":null,""Y"":null,""Z"":null,""dX"":2.876216315437335,""dY"":0.4067835303122245,""dZ"":0.7759104937541474}","{""amplitude_uT"":2429.036915591136,""contact_threshold_uT"":40.0,""contact_gate"":""shape-aware ridge classifier + amplitude floor"",""cosine_similarity"":0.9922968795582732,""anti_jump_policy"":""快速门控（阈值/形状）"",""calibration_depth_range_mm"":[0.2,0.8],""depth_extrapolated"":true,""relative_reference"":""first valid prediction since B0/no-contact"",""xy_semantics"":""continuous XY RBF refit on all 441 positions at 1 mm spacing"",""fit_model"":""441点1 mm连续XY/RBF＋跨深度连续Z＋接触/释放门控"",""fit_variant"":""dense441_1mm_continuous_development"",""evidence_tier"":""development_dense441_single_repeat_random_validation_pending"",""continuous_xy_method"":""kernel_rbf"",""working_range_model"":false,""working_range_mm"":null,""outside_declared_working_range"":false,""calibration_domain_mm"":{""x"":[-10.0,10.0],""y"":[-10.0,10.0],""depth"":[0.2,0.8]},""xy_outside_calibration_domain"":false,""excluded_calibration_samples"":0,""uncorrected_static_xyz_mm"":[0.5527204433391159,0.6862525219135651,0.9524384860423066],""unaligned_xyz_mm"":[-0.8628428853126007,1.1675240962101627,0.9524384860423066],""xy_rotation_deg"":-4.580684956890044,""xy_translation_mm"":[1.3195654319610284,-0.5464514666381837],""xy_translation_source"":""five_point_reassembly"",""xy_translation_details"":{""preset"":""5×5｜441点1mm连续"",""calibration_points"":5,""calibration_strategy"":""rigid_rotation_translation_v1"",""calibration_rms_mm"":0.507358956567797,""check_rms_mm"":null},""dynamic_model_enabled"":false,""dynamic_history_ready"":false,""dynamic_gate"":0.0,""contact_score"":0.9997752999617462,""contact_score_threshold"":0.49492851692021117,""status"":""有效"",""preset"":""5×5｜441点1mm连续"",""needs_baseline"":false,""display.contact"":true,""display.contact_reason"":""拟合响应/相似度接触门控"",""display.contact_segment"":611,""display.contact_age_ms"":4002.3005,""display.contact_last_end_ns"":1240476446514800}"
S20260919_A,000133,334,1240480471585200,1240480492363700,NormalizedFit,1,1,True,unknown,False,False,0.0,1.2645855432631954,nan,nan,0.5434064037337784,0.6261941991968856,0.9548648603355158,x,y,z,0.5434064037337784,0.6261941991968856,0.9548648603355158,,,,,,,,2.8669022758319973,0.3467252075955449,0.7783368680473566,"{""x"":0.5434064037337784,""y"":0.6261941991968856,""z"":0.9548648603355158,""dx"":null,""dy"":null,""mode5"":null,""Q"":null,""X"":null,""Y"":null,""Z"":null,""dX"":2.8669022758319973,""dY"":0.3467252075955449,""dZ"":0.7783368680473566}","{""amplitude_uT"":2431.07800953867,""contact_threshold_uT"":40.0,""contact_gate"":""shape-aware ridge classifier + amplitude floor"",""cosine_similarity"":0.9925582007849058,""anti_jump_policy"":""快速门控（阈值/形状）"",""calibration_depth_range_mm"":[0.2,0.8],""depth_extrapolated"":true,""relative_reference"":""first valid prediction since B0/no-contact"",""xy_semantics"":""continuous XY RBF refit on all 441 positions at 1 mm spacing"",""fit_model"":""441点1 mm连续XY/RBF＋跨深度连续Z＋接触/释放门控"",""fit_variant"":""dense441_1mm_continuous_development"",""evidence_tier"":""development_dense441_single_repeat_random_validation_pending"",""continuous_xy_method"":""kernel_rbf"",""working_range_model"":false,""working_range_mm"":null,""outside_declared_working_range"":false,""calibration_domain_mm"":{""x"":[-10.0,10.0],""y"":[-10.0,10.0],""depth"":[0.2,0.8]},""xy_outside_calibration_domain"":false,""excluded_calibration_samples"":0,""uncorrected_static_xyz_mm"":[0.5434064037337784,0.6261941991968856,0.9548648603355158],""unaligned_xyz_mm"":[-0.8673307430562835,1.1069137621557865,0.9548648603355158],""xy_rotation_deg"":-4.580684956890044,""xy_translation_mm"":[1.3195654319610284,-0.5464514666381837],""xy_translation_source"":""five_point_reassembly"",""xy_translation_details"":{""preset"":""5×5｜441点1mm连续"",""calibration_points"":5,""calibration_strategy"":""rigid_rotation_translation_v1"",""calibration_rms_mm"":0.507358956567797,""check_rms_mm"":null},""dynamic_model_enabled"":false,""dynamic_history_ready"":false,""dynamic_gate"":0.0,""contact_score"":0.9996841951023203,""contact_score_threshold"":0.49492851692021117,""status"":""有效"",""preset"":""5×5｜441点1mm连续"",""needs_baseline"":false,""display.contact"":true,""display.contact_reason"":""拟合响应/相似度接触门控"",""display.contact_segment"":611,""display.contact_age_ms"":4013.1803,""display.contact_last_end_ns"":1240476446514800}"
S20260919_A,000133,335,1240480498448900,1240480548253700,NormalizedFit,1,1,True,unknown,False,False,0.0,1.2533999121194026,nan,nan,0.5285574066921559,0.6096381801936035,0.9591557208201497,x,y,z,0.5285574066921559,0.6096381801936035,0.9591557208201497,,,,,,,,2.8520532787903745,0.33016918859226285,0.7826277285319905,"{""x"":0.5285574066921559,""y"":0.6096381801936035,""z"":0.9591557208201497,""dx"":null,""dy"":null,""mode5"":null,""Q"":null,""X"":null,""Y"":null,""Z"":null,""dX"":2.8520532787903745,""dY"":0.33016918859226285,""dZ"":0.7826277285319905}","{""amplitude_uT"":2426.887881885049,""contact_threshold_uT"":40.0,""contact_gate"":""shape-aware ridge classifier + amplitude floor"",""cosine_similarity"":0.9926929160499975,""anti_jump_policy"":""快速门控（阈值/形状）"",""calibration_depth_range_mm"":[0.2,0.8],""depth_extrapolated"":true,""relative_reference"":""first valid prediction since B0/no-contact"",""xy_semantics"":""continuous XY RBF refit on all 441 positions at 1 mm spacing"",""fit_model"":""441点1 mm连续XY/RBF＋跨深度连续Z＋接触/释放门控"",""fit_variant"":""dense441_1mm_continuous_development"",""evidence_tier"":""development_dense441_single_repeat_random_validation_pending"",""continuous_xy_method"":""kernel_rbf"",""working_range_model"":false,""working_range_mm"":null,""outside_declared_working_range"":false,""calibration_domain_mm"":{""x"":[-10.0,10.0],""y"":[-10.0,10.0],""depth"":[0.2,0.8]},""xy_outside_calibration_domain"":false,""excluded_calibration_samples"":0,""uncorrected_static_xyz_mm"":[0.5285574066921559,0.6096381801936035,0.9591557208201497],""unaligned_xyz_mm"":[-0.880810098689361,1.0892247415470537,0.9591557208201497],""xy_rotation_deg"":-4.580684956890044,""xy_translation_mm"":[1.3195654319610284,-0.5464514666381837],""xy_translation_source"":""five_point_reassembly"",""xy_translation_details"":{""preset"":""5×5｜441点1mm连续"",""calibration_points"":5,""calibration_strategy"":""rigid_rotation_translation_v1"",""calibration_rms_mm"":0.507358956567797,""check_rms_mm"":null},""dynamic_model_enabled"":false,""dynamic_history_ready"":false,""dynamic_gate"":0.0,""contact_score"":0.9996066601746465,""contact_score_threshold"":0.49492851692021117,""status"":""有效"",""preset"":""5×5｜441点1mm连续"",""needs_baseline"":false,""display.contact"":true,""display.contact_reason"":""拟合响应/相似度接触门控"",""display.contact_segment"":611,""display.contact_age_ms"":4040.044,""display.contact_last_end_ns"":1240476446514800}"
S20260919_A,000133,336,1240480525485300,1240480552172700,NormalizedFit,1,1,True,unknown,False,False,0.0,1.2561948206409097,nan,nan,0.5634470178168957,0.5776686861867533,0.9627314134884996,x,y,z,0.5634470178168957,0.5776686861867533,0.9627314134884996,,,,,,,,2.8869428899151144,0.2981996945854126,0.7862034212003404,"{""x"":0.5634470178168957,""y"":0.5776686861867533,""z"":0.9627314134884996,""dx"":null,""dy"":null,""mode5"":null,""Q"":null,""X"":null,""Y"":null,""Z"":null,""dX"":2.8869428899151144,""dY"":0.2981996945854126,""dZ"":0.7862034212003404}","{""amplitude_uT"":2425.5667734101858,""contact_threshold_uT"":40.0,""contact_gate"":""shape-aware ridge classifier + amplitude floor"",""cosine_similarity"":0.9925443999421982,""anti_jump_policy"":""快速门控（阈值/形状）"",""calibration_depth_range_mm"":[0.2,0.8],""depth_extrapolated"":true,""relative_reference"":""first valid prediction since B0/no-contact"",""xy_semantics"":""continuous XY RBF refit on all 441 positions at 1 mm spacing"",""fit_model"":""441点1 mm连续XY/RBF＋跨深度连续Z＋接触/释放门控"",""fit_variant"":""dense441_1mm_continuous_development"",""evidence_tier"":""development_dense441_single_repeat_random_validation_pending"",""continuous_xy_method"":""kernel_rbf"",""working_range_model"":false,""working_range_mm"":null,""outside_declared_working_range"":false,""calibration_domain_mm"":{""x"":[-10.0,10.0],""y"":[-10.0,10.0],""depth"":[0.2,0.8]},""xy_outside_calibration_domain"":false,""excluded_calibration_samples"":0,""uncorrected_static_xyz_mm"":[0.5634470178168957,0.5776686861867533,0.9627314134884996],""unaligned_xyz_mm"":[-0.8434787536162096,1.0601437479856415,0.9627314134884996],""xy_rotation_deg"":-4.580684956890044,""xy_translation_mm"":[1.3195654319610284,-0.5464514666381837],""xy_translation_source"":""five_point_reassembly"",""xy_translation_details"":{""preset"":""5×5｜441点1mm连续"",""calibration_points"":5,""calibration_strategy"":""rigid_rotation_translation_v1"",""calibration_rms_mm"":0.507358956567797,""check_rms_mm"":null},""dynamic_model_enabled"":false,""dynamic_history_ready"":false,""dynamic_gate"":0.0,""contact_score"":0.9995838598047573,""contact_score_threshold"":0.49492851692021117,""status"":""有效"",""preset"":""5×5｜441点1mm连续"",""needs_baseline"":false,""display.contact"":true,""display.contact_reason"":""拟合响应/相似度接触门控"",""display.contact_segment"":611,""display.contact_age_ms"":4067.0804,""display.contact_last_end_ns"":1240476446514800}"
S20260919_A,000133,337,1240480552358900,1240480602511600,NormalizedFit,1,1,True,unknown,False,False,0.0,1.2219910704484296,nan,nan,0.46847864387864935,0.5809497511276929,0.9676194102796781,x,y,z,0.46847864387864935,0.5809497511276929,0.9676194102796781,,,,,,,,2.791974515976868,0.3014807595263522,0.7910914179915189,"{""x"":0.46847864387864935,""y"":0.5809497511276929,""z"":0.9676194102796781,""dx"":null,""dy"":null,""mode5"":null,""Q"":null,""X"":null,""Y"":null,""Z"":null,""dX"":2.791974515976868,""dY"":0.3014807595263522,""dZ"":0.7910914179915189}","{""amplitude_uT"":2425.8106494371114,""contact_threshold_uT"":40.0,""contact_gate"":""shape-aware ridge classifier + amplitude floor"",""cosine_similarity"":0.9922129288311993,""anti_jump_policy"":""快速门控（阈值/形状）"",""calibration_depth_range_mm"":[0.2,0.8],""depth_extrapolated"":true,""relative_reference"":""first valid prediction since B0/no-contact"",""xy_semantics"":""continuous XY RBF refit on all 441 positions at 1 mm spacing"",""fit_model"":""441点1 mm连续XY/RBF＋跨深度连续Z＋接触/释放门控"",""fit_variant"":""dense441_1mm_continuous_development"",""evidence_tier"":""development_dense441_single_repeat_random_validation_pending"",""continuous_xy_method"":""kernel_rbf"",""working_range_model"":false,""working_range_mm"":null,""outside_declared_working_range"":false,""calibration_domain_mm"":{""x"":[-10.0,10.0],""y"":[-10.0,10.0],""depth"":[0.2,0.8]},""xy_outside_calibration_domain"":false,""excluded_calibration_samples"":0,""uncorrected_static_xyz_mm"":[0.46847864387864935,0.5809497511276929,0.9676194102796781],""unaligned_xyz_mm"":[-0.9384058204036072,1.0558298835044377,0.9676194102796781],""xy_rotation_deg"":-4.580684956890044,""xy_translation_mm"":[1.3195654319610284,-0.5464514666381837],""xy_translation_source"":""five_point_reassembly"",""xy_translation_details"":{""preset"":""5×5｜441点1mm连续"",""calibration_points"":5,""calibration_strategy"":""rigid_rotation_translation_v1"",""calibration_rms_mm"":0.507358956567797,""check_rms_mm"":null},""dynamic_model_enabled"":false,""dynamic_history_ready"":false,""dynamic_gate"":0.0,""contact_score"":0.999466929555979,""contact_score_threshold"":0.49492851692021117,""status"":""有效"",""preset"":""5×5｜441点1mm连续"",""needs_baseline"":false,""display.contact"":true,""display.contact_reason"":""拟合响应/相似度接触门控"",""display.contact_segment"":611,""display.contact_age_ms"":4093.954,""display.contact_last_end_ns"":1240476446514800}"
S20260919_A,000133,338,1240480563297700,1240480605280300,NormalizedFit,1,1,True,unknown,False,False,0.0,1.2284549129854763,nan,nan,0.5393314338524824,0.5382789333279774,0.9635760829493821,x,y,z,0.5393314338524824,0.5382789333279774,0.9635760829493821,,,,,,,,2.8628273059507015,0.25880994172663674,0.7870480906612229,"{""x"":0.5393314338524824,""y"":0.5382789333279774,""z"":0.9635760829493821,""dx"":null,""dy"":null,""mode5"":null,""Q"":null,""X"":null,""Y"":null,""Z"":null,""dX"":2.8628273059507015,""dY"":0.25880994172663674,""dZ"":0.7870480906612229}","{""amplitude_uT"":2429.6267194170996,""contact_threshold_uT"":40.0,""contact_gate"":""shape-aware ridge classifier + amplitude floor"",""cosine_similarity"":0.9930862166096571,""anti_jump_policy"":""快速门控（阈值/形状）"",""calibration_depth_range_mm"":[0.2,0.8],""depth_extrapolated"":true,""relative_reference"":""first valid prediction since B0/no-contact"",""xy_semantics"":""continuous XY RBF refit on all 441 positions at 1 mm spacing"",""fit_model"":""441点1 mm连续XY/RBF＋跨深度连续Z＋接触/释放门控"",""fit_variant"":""dense441_1mm_continuous_development"",""evidence_tier"":""development_dense441_single_repeat_random_validation_pending"",""continuous_xy_method"":""kernel_rbf"",""working_range_model"":false,""working_range_mm"":null,""outside_declared_working_range"":false,""calibration_domain_mm"":{""x"":[-10.0,10.0],""y"":[-10.0,10.0],""depth"":[0.2,0.8]},""xy_outside_calibration_domain"":false,""excluded_calibration_samples"":0,""uncorrected_static_xyz_mm"":[0.5393314338524824,0.5382789333279774,0.9635760829493821],""unaligned_xyz_mm"":[-0.8643715292961724,1.0189538712608095,0.9635760829493821],""xy_rotation_deg"":-4.580684956890044,""xy_translation_mm"":[1.3195654319610284,-0.5464514666381837],""xy_translation_source"":""five_point_reassembly"",""xy_translation_details"":{""preset"":""5×5｜441点1mm连续"",""calibration_points"":5,""calibration_strategy"":""rigid_rotation_translation_v1"",""calibration_rms_mm"":0.507358956567797,""check_rms_mm"":null},""dynamic_model_enabled"":false,""dynamic_history_ready"":false,""dynamic_gate"":0.0,""contact_score"":0.9995092207668939,""contact_score_threshold"":0.49492851692021117,""status"":""有效"",""preset"":""5×5｜441点1mm连续"",""needs_baseline"":false,""display.contact"":true,""display.contact_reason"":""拟合响应/相似度接触门控"",""display.contact_segment"":611,""display.contact_age_ms"":4104.8928,""display.contact_last_end_ns"":1240476446514800}"
S20260919_A,000133,339,1240480589268300,1240480608816200,NormalizedFit,1,1,True,unknown,False,False,0.0,1.2787755471328377,nan,nan,0.49601263157859343,0.6762283040129666,0.9653774650938945,x,y,z,0.49601263157859343,0.6762283040129666,0.9653774650938945,,,,,,,,2.819508503676812,0.396759312411626,0.7888494728057354,"{""x"":0.49601263157859343,""y"":0.6762283040129666,""z"":0.9653774650938945,""dx"":null,""dy"":null,""mode5"":null,""Q"":null,""X"":null,""Y"":null,""Z"":null,""dX"":2.819508503676812,""dY"":0.396759312411626,""dZ"":0.7888494728057354}","{""amplitude_uT"":2427.3933222972946,""contact_threshold_uT"":40.0,""contact_gate"":""shape-aware ridge classifier + amplitude floor"",""cosine_similarity"":0.9924060742957189,""anti_jump_policy"":""快速门控（阈值/形状）"",""calibration_depth_range_mm"":[0.2,0.8],""depth_extrapolated"":true,""relative_reference"":""first valid prediction since B0/no-contact"",""xy_semantics"":""continuous XY RBF refit on all 441 positions at 1 mm spacing"",""fit_model"":""441点1 mm连续XY/RBF＋跨深度连续Z＋接触/释放门控"",""fit_variant"":""dense441_1mm_continuous_development"",""evidence_tier"":""development_dense441_single_repeat_random_validation_pending"",""continuous_xy_method"":""kernel_rbf"",""working_range_model"":false,""working_range_mm"":null,""outside_declared_working_range"":false,""calibration_domain_mm"":{""x"":[-10.0,10.0],""y"":[-10.0,10.0],""depth"":[0.2,0.8]},""xy_outside_calibration_domain"":false,""excluded_calibration_samples"":0,""uncorrected_static_xyz_mm"":[0.49601263157859343,0.6762283040129666,0.9653774650938945],""unaligned_xyz_mm"":[-0.9185690011992724,1.153003047096178,0.9653774650938945],""xy_rotation_deg"":-4.580684956890044,""xy_translation_mm"":[1.3195654319610284,-0.5464514666381837],""xy_translation_source"":""five_point_reassembly"",""xy_translation_details"":{""preset"":""5×5｜441点1mm连续"",""calibration_points"":5,""calibration_strategy"":""rigid_rotation_translation_v1"",""calibration_rms_mm"":0.507358956567797,""check_rms_mm"":null},""dynamic_model_enabled"":false,""dynamic_history_ready"":false,""dynamic_gate"":0.0,""contact_score"":0.9995076312128999,""contact_score_threshold"":0.49492851692021117,""status"":""有效"",""preset"":""5×5｜441点1mm连续"",""needs_baseline"":false,""display.contact"":true,""display.contact_reason"":""拟合响应/相似度接触门控"",""display.contact_segment"":611,""display.contact_age_ms"":4130.8634,""display.contact_last_end_ns"":1240476446514800}"
S20260919_A,000133,340,1240480615134300,1240480644513600,NormalizedFit,1,1,True,unknown,False,False,0.0,1.2815181843989438,nan,nan,0.5464365936976874,0.6448647982682423,0.963247267303517,x,y,z,0.5464365936976874,0.6448647982682423,0.963247267303517,,,,,,,,2.869932465795906,0.36539580666690163,0.7867192750153578,"{""x"":0.5464365936976874,""y"":0.6448647982682423,""z"":0.963247267303517,""dx"":null,""dy"":null,""mode5"":null,""Q"":null,""X"":null,""Y"":null,""Z"":null,""dX"":2.869932465795906,""dY"":0.36539580666690163,""dZ"":0.7867192750153578}","{""amplitude_uT"":2431.9417112380593,""contact_threshold_uT"":40.0,""contact_gate"":""shape-aware ridge classifier + amplitude floor"",""cosine_similarity"":0.9923666019108865,""anti_jump_policy"":""快速门控（阈值/形状）"",""calibration_depth_range_mm"":[0.2,0.8],""depth_extrapolated"":true,""relative_reference"":""first valid prediction since B0/no-contact"",""xy_semantics"":""continuous XY RBF refit on all 441 positions at 1 mm spacing"",""fit_model"":""441点1 mm连续XY/RBF＋跨深度连续Z＋接触/释放门控"",""fit_variant"":""dense441_1mm_continuous_development"",""evidence_tier"":""development_dense441_single_repeat_random_validation_pending"",""continuous_xy_method"":""kernel_rbf"",""working_range_model"":false,""working_range_mm"":null,""outside_declared_working_range"":false,""calibration_domain_mm"":{""x"":[-10.0,10.0],""y"":[-10.0,10.0],""depth"":[0.2,0.8]},""xy_outside_calibration_domain"":false,""excluded_calibration_samples"":0,""uncorrected_static_xyz_mm"":[0.5464365936976874,0.6448647982682423,0.963247267303517],""unaligned_xyz_mm"":[-0.865801320035064,1.1257667244196559,0.963247267303517],""xy_rotation_deg"":-4.580684956890044,""xy_translation_mm"":[1.3195654319610284,-0.5464514666381837],""xy_translation_source"":""five_point_reassembly"",""xy_translation_details"":{""preset"":""5×5｜441点1mm连续"",""calibration_points"":5,""calibration_strategy"":""rigid_rotation_translation_v1"",""calibration_rms_mm"":0.507358956567797,""check_rms_mm"":null},""dynamic_model_enabled"":false,""dynamic_history_ready"":false,""dynamic_gate"":0.0,""contact_score"":0.9995659421350953,""contact_score_threshold"":0.49492851692021117,""status"":""有效"",""preset"":""5×5｜441点1mm连续"",""needs_baseline"":false,""display.contact"":true,""display.contact_reason"":""拟合响应/相似度接触门控"",""display.contact_segment"":611,""display.contact_age_ms"":4156.7294,""display.contact_last_end_ns"":1240476446514800}"
S20260919_A,000133,341,1240480626311000,1240480647909900,NormalizedFit,1,1,True,unknown,False,False,0.0,1.2456485950529104,nan,nan,0.511049565711193,0.6031919686808245,0.9626152983734685,x,y,z,0.511049565711193,0.6031919686808245,0.9626152983734685,,,,,,,,2.8345454378094117,0.32372297707948383,0.7860873060853093,"{""x"":0.511049565711193,""y"":0.6031919686808245,""z"":0.9626152983734685,""dx"":null,""dy"":null,""mode5"":null,""Q"":null,""X"":null,""Y"":null,""Z"":null,""dX"":2.8345454378094117,""dY"":0.32372297707948383,""dZ"":0.7860873060853093}","{""amplitude_uT"":2434.1769782921497,""contact_threshold_uT"":40.0,""contact_gate"":""shape-aware ridge classifier + amplitude floor"",""cosine_similarity"":0.992542178640957,""anti_jump_policy"":""快速门控（阈值/形状）"",""calibration_depth_range_mm"":[0.2,0.8],""depth_extrapolated"":true,""relative_reference"":""first valid prediction since B0/no-contact"",""xy_semantics"":""continuous XY RBF refit on all 441 positions at 1 mm spacing"",""fit_model"":""441点1 mm连续XY/RBF＋跨深度连续Z＋接触/释放门控"",""fit_variant"":""dense441_1mm_continuous_development"",""evidence_tier"":""development_dense441_single_repeat_random_validation_pending"",""continuous_xy_method"":""kernel_rbf"",""working_range_model"":false,""working_range_mm"":null,""outside_declared_working_range"":false,""calibration_domain_mm"":{""x"":[-10.0,10.0],""y"":[-10.0,10.0],""depth"":[0.2,0.8]},""xy_outside_calibration_domain"":false,""excluded_calibration_samples"":0,""uncorrected_static_xyz_mm"":[0.511049565711193,0.6031919686808245,0.9626152983734685],""unaligned_xyz_mm"":[-0.8977472040256549,1.0814008932925527,0.9626152983734685],""xy_rotation_deg"":-4.580684956890044,""xy_translation_mm"":[1.3195654319610284,-0.5464514666381837],""xy_translation_source"":""five_point_reassembly"",""xy_translation_details"":{""preset"":""5×5｜441点1mm连续"",""calibration_points"":5,""calibration_strategy"":""rigid_rotation_translation_v1"",""calibration_rms_mm"":0.507358956567797,""check_rms_mm"":null},""dynamic_model_enabled"":false,""dynamic_history_ready"":false,""dynamic_gate"":0.0,""contact_score"":0.9995740740630454,""contact_score_threshold"":0.49492851692021117,""status"":""有效"",""preset"":""5×5｜441点1mm连续"",""needs_baseline"":false,""display.contact"":true,""display.contact_reason"":""拟合响应/相似度接触门控"",""display.contact_segment"":611,""display.contact_age_ms"":4167.9061,""display.contact_last_end_ns"":1240476446514800}"
S20260919_A,000133,342,1240480652919400,1240480702762500,NormalizedFit,1,1,True,unknown,False,False,0.0,1.3127552254577606,nan,nan,0.674186021036781,0.5905234654124376,0.9592088030259805,x,y,z,0.674186021036781,0.5905234654124376,0.9592088030259805,,,,,,,,2.9976818931349998,0.31105447381109697,0.7826808107378214,"{""x"":0.674186021036781,""y"":0.5905234654124376,""z"":0.9592088030259805,""dx"":null,""dy"":null,""mode5"":null,""Q"":null,""X"":null,""Y"":null,""Z"":null,""dX"":2.9976818931349998,""dY"":0.31105447381109697,""dZ"":0.7826808107378214}","{""amplitude_uT"":2432.043333572512,""contact_threshold_uT"":40.0,""contact_gate"":""shape-aware ridge classifier + amplitude floor"",""cosine_similarity"":0.9925005855499756,""anti_jump_policy"":""快速门控（阈值/形状）"",""calibration_depth_range_mm"":[0.2,0.8],""depth_extrapolated"":true,""relative_reference"":""first valid prediction since B0/no-contact"",""xy_semantics"":""continuous XY RBF refit on all 441 positions at 1 mm spacing"",""fit_model"":""441点1 mm连续XY/RBF＋跨深度连续Z＋接触/释放门控"",""fit_variant"":""dense441_1mm_continuous_development"",""evidence_tier"":""development_dense441_single_repeat_random_validation_pending"",""continuous_xy_method"":""kernel_rbf"",""working_range_model"":false,""working_range_mm"":null,""outside_declared_working_range"":false,""calibration_domain_mm"":{""x"":[-10.0,10.0],""y"":[-10.0,10.0],""depth"":[0.2,0.8]},""xy_outside_calibration_domain"":false,""excluded_calibration_samples"":0,""uncorrected_static_xyz_mm"":[0.674186021036781,0.5905234654124376,0.9592088030259805],""unaligned_xyz_mm"":[-0.7341200864015063,1.0818014045555167,0.9592088030259805],""xy_rotation_deg"":-4.580684956890044,""xy_translation_mm"":[1.3195654319610284,-0.5464514666381837],""xy_translation_source"":""five_point_reassembly"",""xy_translation_details"":{""preset"":""5×5｜441点1mm连续"",""calibration_points"":5,""calibration_strategy"":""rigid_rotation_translation_v1"",""calibration_rms_mm"":0.507358956567797,""check_rms_mm"":null},""dynamic_model_enabled"":false,""dynamic_history_ready"":false,""dynamic_gate"":0.0,""contact_score"":0.9996655117509152,""contact_score_threshold"":0.49492851692021117,""status"":""有效"",""preset"":""5×5｜441点1mm连续"",""needs_baseline"":false,""display.contact"":true,""display.contact_reason"":""拟合响应/相似度接触门控"",""display.contact_segment"":611,""display.contact_age_ms"":4194.5145,""display.contact_last_end_ns"":1240476446514800}"
S20260919_A,000133,343,1240480678855700,1240480705667000,NormalizedFit,1,1,True,unknown,False,False,0.0,1.2958294245176938,nan,nan,0.6581902066938559,0.5743859509734948,0.9570999574665285,x,y,z,0.6581902066938559,0.5743859509734948,0.9570999574665285,,,,,,,,2.981686078792075,0.2949169593721541,0.7805719651783694,"{""x"":0.6581902066938559,""y"":0.5743859509734948,""z"":0.9570999574665285,""dx"":null,""dy"":null,""mode5"":null,""Q"":null,""X"":null,""Y"":null,""Z"":null,""dX"":2.981686078792075,""dY"":0.2949169593721541,""dZ"":0.7805719651783694}","{""amplitude_uT"":2436.5707009503126,""contact_threshold_uT"":40.0,""contact_gate"":""shape-aware ridge classifier + amplitude floor"",""cosine_similarity"":0.9924276759056844,""anti_jump_policy"":""快速门控（阈值/形状）"",""calibration_depth_range_mm"":[0.2,0.8],""depth_extrapolated"":true,""relative_reference"":""first valid prediction since B0/no-contact"",""xy_semantics"":""continuous XY RBF refit on all 441 positions at 1 mm spacing"",""fit_model"":""441点1 mm连续XY/RBF＋跨深度连续Z＋接触/释放门控"",""fit_variant"":""dense441_1mm_continuous_development"",""evidence_tier"":""development_dense441_single_repeat_random_validation_pending"",""continuous_xy_method"":""kernel_rbf"",""working_range_model"":false,""working_range_mm"":null,""outside_declared_working_range"":false,""calibration_domain_mm"":{""x"":[-10.0,10.0],""y"":[-10.0,10.0],""depth"":[0.2,0.8]},""xy_outside_calibration_domain"":false,""excluded_calibration_samples"":0,""uncorrected_static_xyz_mm"":[0.6581902066938559,0.5743859509734948,0.9570999574665285],""unaligned_xyz_mm"":[-0.7487760192242008,1.0644379635988086,0.9570999574665285],""xy_rotation_deg"":-4.580684956890044,""xy_translation_mm"":[1.3195654319610284,-0.5464514666381837],""xy_translation_source"":""five_point_reassembly"",""xy_translation_details"":{""preset"":""5×5｜441点1mm连续"",""calibration_points"":5,""calibration_strategy"":""rigid_rotation_translation_v1"",""calibration_rms_mm"":0.507358956567797,""check_rms_mm"":null},""dynamic_model_enabled"":false,""dynamic_history_ready"":false,""dynamic_gate"":0.0,""contact_score"":0.9997440391605528,""contact_score_threshold"":0.49492851692021117,""status"":""有效"",""preset"":""5×5｜441点1mm连续"",""needs_baseline"":false,""display.contact"":true,""display.contact_reason"":""拟合响应/相似度接触门控"",""display.contact_segment"":611,""display.contact_age_ms"":4220.4508,""display.contact_last_end_ns"":1240476446514800}"
S20260919_A,000133,344,1240480689829000,1240480708336500,NormalizedFit,1,1,True,unknown,False,False,0.0,1.2937711993623486,nan,nan,0.6710912395148029,0.5551082679579429,0.9567315586885948,x,y,z,0.6710912395148029,0.5551082679579429,0.9567315586885948,,,,,,,,2.9945871116130216,0.27563927635660224,0.7802035664004356,"{""x"":0.6710912395148029,""y"":0.5551082679579429,""z"":0.9567315586885948,""dx"":null,""dy"":null,""mode5"":null,""Q"":null,""X"":null,""Y"":null,""Z"":null,""dX"":2.9945871116130216,""dY"":0.27563927635660224,""dZ"":0.7802035664004356}","{""amplitude_uT"":2437.0776497289735,""contact_threshold_uT"":40.0,""contact_gate"":""shape-aware ridge classifier + amplitude floor"",""cosine_similarity"":0.9924999010547372,""anti_jump_policy"":""快速门控（阈值/形状）"",""calibration_depth_range_mm"":[0.2,0.8],""depth_extrapolated"":true,""relative_reference"":""first valid prediction since B0/no-contact"",""xy_semantics"":""continuous XY RBF refit on all 441 positions at 1 mm spacing"",""fit_model"":""441点1 mm连续XY/RBF＋跨深度连续Z＋接触/释放门控"",""fit_variant"":""dense441_1mm_continuous_development"",""evidence_tier"":""development_dense441_single_repeat_random_validation_pending"",""continuous_xy_method"":""kernel_rbf"",""working_range_model"":false,""working_range_mm"":null,""outside_declared_working_range"":false,""calibration_domain_mm"":{""x"":[-10.0,10.0],""y"":[-10.0,10.0],""depth"":[0.2,0.8]},""xy_outside_calibration_domain"":false,""excluded_calibration_samples"":0,""uncorrected_static_xyz_mm"":[0.6710912395148029,0.5551082679579429,0.9567315586885948],""unaligned_xyz_mm"":[-0.7343766225711068,1.0462521700686347,0.9567315586885948],""xy_rotation_deg"":-4.580684956890044,""xy_translation_mm"":[1.3195654319610284,-0.5464514666381837],""xy_translation_source"":""five_point_reassembly"",""xy_translation_details"":{""preset"":""5×5｜441点1mm连续"",""calibration_points"":5,""calibration_strategy"":""rigid_rotation_translation_v1"",""calibration_rms_mm"":0.507358956567797,""check_rms_mm"":null},""dynamic_model_enabled"":false,""dynamic_history_ready"":false,""dynamic_gate"":0.0,""contact_score"":0.9997260243365342,""contact_score_threshold"":0.49492851692021117,""status"":""有效"",""preset"":""5×5｜441点1mm连续"",""needs_baseline"":false,""display.contact"":true,""display.contact_reason"":""拟合响应/相似度接触门控"",""display.contact_segment"":611,""display.contact_age_ms"":4231.4241,""display.contact_last_end_ns"":1240476446514800}"
S20260919_A,000133,345,1240480715760700,1240480762924500,NormalizedFit,1,1,True,unknown,False,False,0.0,1.2775027706192439,nan,nan,0.5966409888851845,0.5961828260474897,0.9594784506428388,x,y,z,0.5966409888851845,0.5961828260474897,0.9594784506428388,,,,,,,,2.920136860983403,0.3167138344461491,0.7829504583546796,"{""x"":0.5966409888851845,""y"":0.5961828260474897,""z"":0.9594784506428388,""dx"":null,""dy"":null,""mode5"":null,""Q"":null,""X"":null,""Y"":null,""Z"":null,""dX"":2.920136860983403,""dY"":0.3167138344461491,""dZ"":0.7829504583546796}","{""amplitude_uT"":2438.63493140312,""contact_threshold_uT"":40.0,""contact_gate"":""shape-aware ridge classifier + amplitude floor"",""cosine_similarity"":0.9921286497217597,""anti_jump_policy"":""快速门控（阈值/形状）"",""calibration_depth_range_mm"":[0.2,0.8],""depth_extrapolated"":true,""relative_reference"":""first valid prediction since B0/no-contact"",""xy_semantics"":""continuous XY RBF refit on all 441 positions at 1 mm spacing"",""fit_model"":""441点1 mm连续XY/RBF＋跨深度连续Z＋接触/释放门控"",""fit_variant"":""dense441_1mm_continuous_development"",""evidence_tier"":""development_dense441_single_repeat_random_validation_pending"",""continuous_xy_method"":""kernel_rbf"",""working_range_model"":false,""working_range_mm"":null,""outside_declared_working_range"":false,""calibration_domain_mm"":{""x"":[-10.0,10.0],""y"":[-10.0,10.0],""depth"":[0.2,0.8]},""xy_outside_calibration_domain"":false,""excluded_calibration_samples"":0,""uncorrected_static_xyz_mm"":[0.5966409888851845,0.5961828260474897,0.9594784506428388],""unaligned_xyz_mm"":[-0.8118694016123866,1.0812497176616294,0.9594784506428388],""xy_rotation_deg"":-4.580684956890044,""xy_translation_mm"":[1.3195654319610284,-0.5464514666381837],""xy_translation_source"":""five_point_reassembly"",""xy_translation_details"":{""preset"":""5×5｜441点1mm连续"",""calibration_points"":5,""calibration_strategy"":""rigid_rotation_translation_v1"",""calibration_rms_mm"":0.507358956567797,""check_rms_mm"":null},""dynamic_model_enabled"":false,""dynamic_history_ready"":false,""dynamic_gate"":0.0,""contact_score"":0.9996740020632622,""contact_score_threshold"":0.49492851692021117,""status"":""有效"",""preset"":""5×5｜441点1mm连续"",""needs_baseline"":false,""display.contact"":true,""display.contact_reason"":""拟合响应/相似度接触门控"",""display.contact_segment"":611,""display.contact_age_ms"":4257.3558,""display.contact_last_end_ns"":1240476446514800}"
S20260919_A,000133,346,1240480741718800,1240480766877400,NormalizedFit,1,1,True,unknown,False,False,0.0,1.2683112444319922,nan,nan,0.5786946120910903,0.6024154046203276,0.9543697600854179,x,y,z,0.5786946120910903,0.6024154046203276,0.9543697600854179,,,,,,,,2.902190484189309,0.32294641301898697,0.7778417677972587,"{""x"":0.5786946120910903,""y"":0.6024154046203276,""z"":0.9543697600854179,""dx"":null,""dy"":null,""mode5"":null,""Q"":null,""X"":null,""Y"":null,""Z"":null,""dX"":2.902190484189309,""dY"":0.32294641301898697,""dZ"":0.7778417677972587}","{""amplitude_uT"":2438.965390053434,""contact_threshold_uT"":40.0,""contact_gate"":""shape-aware ridge classifier + amplitude floor"",""cosine_similarity"":0.9921224602237518,""anti_jump_policy"":""快速门控（阈值/形状）"",""calibration_depth_range_mm"":[0.2,0.8],""depth_extrapolated"":true,""relative_reference"":""first valid prediction since B0/no-contact"",""xy_semantics"":""continuous XY RBF refit on all 441 positions at 1 mm spacing"",""fit_model"":""441点1 mm连续XY/RBF＋跨深度连续Z＋接触/释放门控"",""fit_variant"":""dense441_1mm_continuous_development"",""evidence_tier"":""development_dense441_single_repeat_random_validation_pending"",""continuous_xy_method"":""kernel_rbf"",""working_range_model"":false,""working_range_mm"":null,""outside_declared_working_range"":false,""calibration_domain_mm"":{""x"":[-10.0,10.0],""y"":[-10.0,10.0],""depth"":[0.2,0.8]},""xy_outside_calibration_domain"":false,""excluded_calibration_samples"":0,""uncorrected_static_xyz_mm"":[0.5786946120910903,0.6024154046203276,0.9543697600854179],""unaligned_xyz_mm"":[-0.8302562068917614,1.086029138894431,0.9543697600854179],""xy_rotation_deg"":-4.580684956890044,""xy_translation_mm"":[1.3195654319610284,-0.5464514666381837],""xy_translation_source"":""five_point_reassembly"",""xy_translation_details"":{""preset"":""5×5｜441点1mm连续"",""calibration_points"":5,""calibration_strategy"":""rigid_rotation_translation_v1"",""calibration_rms_mm"":0.507358956567797,""check_rms_mm"":null},""dynamic_model_enabled"":false,""dynamic_history_ready"":false,""dynamic_gate"":0.0,""contact_score"":0.999741122230107,""contact_score_threshold"":0.49492851692021117,""status"":""有效"",""preset"":""5×5｜441点1mm连续"",""needs_baseline"":false,""display.contact"":true,""display.contact_reason"":""拟合响应/相似度接触门控"",""display.contact_segment"":611,""display.contact_age_ms"":4283.3139,""display.contact_last_end_ns"":1240476446514800}"
S20260919_A,000133,347,1240480752383600,1240480769522600,NormalizedFit,1,1,True,unknown,False,False,0.0,1.2616321063088725,nan,nan,0.5787760127288373,0.583826074742537,0.9570167256687799,x,y,z,0.5787760127288373,0.583826074742537,0.9570167256687799,,,,,,,,2.902271884827056,0.30435708314119636,0.7804887333806207,"{""x"":0.5787760127288373,""y"":0.583826074742537,""z"":0.9570167256687799,""dx"":null,""dy"":null,""mode5"":null,""Q"":null,""X"":null,""Y"":null,""Z"":null,""dX"":2.902271884827056,""dY"":0.30435708314119636,""dZ"":0.7804887333806207}","{""amplitude_uT"":2443.5455796364836,""contact_threshold_uT"":40.0,""contact_gate"":""shape-aware ridge classifier + amplitude floor"",""cosine_similarity"":0.9921732485007361,""anti_jump_policy"":""快速门控（阈值/形状）"",""calibration_depth_range_mm"":[0.2,0.8],""depth_extrapolated"":true,""relative_reference"":""first valid prediction since B0/no-contact"",""xy_semantics"":""continuous XY RBF refit on all 441 positions at 1 mm spacing"",""fit_model"":""441点1 mm连续XY/RBF＋跨深度连续Z＋接触/释放门控"",""fit_variant"":""dense441_1mm_continuous_development"",""evidence_tier"":""development_dense441_single_repeat_random_validation_pending"",""continuous_xy_method"":""kernel_rbf"",""working_range_model"":false,""working_range_mm"":null,""outside_declared_working_range"":false,""calibration_domain_mm"":{""x"":[-10.0,10.0],""y"":[-10.0,10.0],""depth"":[0.2,0.8]},""xy_outside_calibration_domain"":false,""excluded_calibration_samples"":0,""uncorrected_static_xyz_mm"":[0.5787760127288373,0.583826074742537,0.9570167256687799],""unaligned_xyz_mm"":[-0.8286904685673226,1.0675056868708874,0.9570167256687799],""xy_rotation_deg"":-4.580684956890044,""xy_translation_mm"":[1.3195654319610284,-0.5464514666381837],""xy_translation_source"":""five_point_reassembly"",""xy_translation_details"":{""preset"":""5×5｜441点1mm连续"",""calibration_points"":5,""calibration_strategy"":""rigid_rotation_translation_v1"",""calibration_rms_mm"":0.507358956567797,""check_rms_mm"":null},""dynamic_model_enabled"":false,""dynamic_history_ready"":false,""dynamic_gate"":0.0,""contact_score"":0.9996694150538374,""contact_score_threshold"":0.49492851692021117,""status"":""有效"",""preset"":""5×5｜441点1mm连续"",""needs_baseline"":false,""display.contact"":true,""display.contact_reason"":""拟合响应/相似度接触门控"",""display.contact_segment"":611,""display.contact_age_ms"":4293.9787,""display.contact_last_end_ns"":1240476446514800}"
S20260919_A,000133,348,1240480779121500,1240480803360000,NormalizedFit,1,1,True,unknown,False,False,0.0,1.254319697929519,nan,nan,0.5811358039426799,0.5637913251382625,0.9579866511015366,x,y,z,0.5811358039426799,0.5637913251382625,0.9579866511015366,,,,,,,,2.904631676040899,0.2843223335369218,0.7814586588133774,"{""x"":0.5811358039426799,""y"":0.5637913251382625,""z"":0.9579866511015366,""dx"":null,""dy"":null,""mode5"":null,""Q"":null,""X"":null,""Y"":null,""Z"":null,""dX"":2.904631676040899,""dY"":0.2843223335369218,""dZ"":0.7814586588133774}","{""amplitude_uT"":2449.2153796678435,""contact_threshold_uT"":40.0,""contact_gate"":""shape-aware ridge classifier + amplitude floor"",""cosine_similarity"":0.9921929963301385,""anti_jump_policy"":""快速门控（阈值/形状）"",""calibration_depth_range_mm"":[0.2,0.8],""depth_extrapolated"":true,""relative_reference"":""first valid prediction since B0/no-contact"",""xy_semantics"":""continuous XY RBF refit on all 441 positions at 1 mm spacing"",""fit_model"":""441点1 mm连续XY/RBF＋跨深度连续Z＋接触/释放门控"",""fit_variant"":""dense441_1mm_continuous_development"",""evidence_tier"":""development_dense441_single_repeat_random_validation_pending"",""continuous_xy_method"":""kernel_rbf"",""working_range_model"":false,""working_range_mm"":null,""outside_declared_working_range"":false,""calibration_domain_mm"":{""x"":[-10.0,10.0],""y"":[-10.0,10.0],""depth"":[0.2,0.8]},""xy_outside_calibration_domain"":false,""excluded_calibration_samples"":0,""uncorrected_static_xyz_mm"":[0.5811358039426799,0.5637913251382625,0.9579866511015366],""unaligned_xyz_mm"":[-0.8247381817671506,1.047723390863394,0.9579866511015366],""xy_rotation_deg"":-4.580684956890044,""xy_translation_mm"":[1.3195654319610284,-0.5464514666381837],""xy_translation_source"":""five_point_reassembly"",""xy_translation_details"":{""preset"":""5×5｜441点1mm连续"",""calibration_points"":5,""calibration_strategy"":""rigid_rotation_translation_v1"",""calibration_rms_mm"":0.507358956567797,""check_rms_mm"":null},""dynamic_model_enabled"":false,""dynamic_history_ready"":false,""dynamic_gate"":0.0,""contact_score"":0.9995811286205505,""contact_score_threshold"":0.49492851692021117,""status"":""有效"",""preset"":""5×5｜441点1mm连续"",""needs_baseline"":false,""display.contact"":true,""display.contact_reason"":""拟合响应/相似度接触门控"",""display.contact_segment"":611,""display.contact_age_ms"":4320.7166,""display.contact_last_end_ns"":1240476446514800}"
S20260919_A,000133,349,1240480805478800,1240480857182000,NormalizedFit,1,1,True,unknown,False,False,0.0,1.2592347669927435,nan,nan,0.5637125877870272,0.5997922352218195,0.9529688302045013,x,y,z,0.5637125877870272,0.5997922352218195,0.9529688302045013,,,,,,,,2.887208459885246,0.3203232436204788,0.7764408379163421,"{""x"":0.5637125877870272,""y"":0.5997922352218195,""z"":0.9529688302045013,""dx"":null,""dy"":null,""mode5"":null,""Q"":null,""X"":null,""Y"":null,""Z"":null,""dX"":2.887208459885246,""dY"":0.3203232436204788,""dZ"":0.7764408379163421}","{""amplitude_uT"":2444.279160233032,""contact_threshold_uT"":40.0,""contact_gate"":""shape-aware ridge classifier + amplitude floor"",""cosine_similarity"":0.9927057822532581,""anti_jump_policy"":""快速门控（阈值/形状）"",""calibration_depth_range_mm"":[0.2,0.8],""depth_extrapolated"":true,""relative_reference"":""first valid prediction since B0/no-contact"",""xy_semantics"":""continuous XY RBF refit on all 441 positions at 1 mm spacing"",""fit_model"":""441点1 mm连续XY/RBF＋跨深度连续Z＋接触/释放门控"",""fit_variant"":""dense441_1mm_continuous_development"",""evidence_tier"":""development_dense441_single_repeat_random_validation_pending"",""continuous_xy_method"":""kernel_rbf"",""working_range_model"":false,""working_range_mm"":null,""outside_declared_working_range"":false,""calibration_domain_mm"":{""x"":[-10.0,10.0],""y"":[-10.0,10.0],""depth"":[0.2,0.8]},""xy_outside_calibration_domain"":false,""excluded_calibration_samples"":0,""uncorrected_static_xyz_mm"":[0.5637125877870272,0.5997922352218195,0.9529688302045013],""unaligned_xyz_mm"":[-0.8449808825781404,1.0822178404448515,0.9529688302045013],""xy_rotation_deg"":-4.580684956890044,""xy_translation_mm"":[1.3195654319610284,-0.5464514666381837],""xy_translation_source"":""five_point_reassembly"",""xy_translation_details"":{""preset"":""5×5｜441点1mm连续"",""calibration_points"":5,""calibration_strategy"":""rigid_rotation_translation_v1"",""calibration_rms_mm"":0.507358956567797,""check_rms_mm"":null},""dynamic_model_enabled"":false,""dynamic_history_ready"":false,""dynamic_gate"":0.0,""contact_score"":0.999600349535109,""contact_score_threshold"":0.49492851692021117,""status"":""有效"",""preset"":""5×5｜441点1mm连续"",""needs_baseline"":false,""display.contact"":true,""display.contact_reason"":""拟合响应/相似度接触门控"",""display.contact_segment"":611,""display.contact_age_ms"":4347.0739,""display.contact_last_end_ns"":1240476446514800}"
S20260919_A,000133,350,1240480815199900,1240480860864800,NormalizedFit,1,1,True,unknown,False,False,0.0,1.2386447154509672,nan,nan,0.5504513008682903,0.5614076561243615,0.957113128178673,x,y,z,0.5504513008682903,0.5614076561243615,0.957113128178673,,,,,,,,2.873947172966509,0.28193866452302085,0.7805851358905138,"{""x"":0.5504513008682903,""y"":0.5614076561243615,""z"":0.957113128178673,""dx"":null,""dy"":null,""mode5"":null,""Q"":null,""X"":null,""Y"":null,""Z"":null,""dX"":2.873947172966509,""dY"":0.28193866452302085,""dZ"":0.7805851358905138}","{""amplitude_uT"":2446.521542689691,""contact_threshold_uT"":40.0,""contact_gate"":""shape-aware ridge classifier + amplitude floor"",""cosine_similarity"":0.9926092890616857,""anti_jump_policy"":""快速门控（阈值/形状）"",""calibration_depth_range_mm"":[0.2,0.8],""depth_extrapolated"":true,""relative_reference"":""first valid prediction since B0/no-contact"",""xy_semantics"":""continuous XY RBF refit on all 441 positions at 1 mm spacing"",""fit_model"":""441点1 mm连续XY/RBF＋跨深度连续Z＋接触/释放门控"",""fit_variant"":""dense441_1mm_continuous_development"",""evidence_tier"":""development_dense441_single_repeat_random_validation_pending"",""continuous_xy_method"":""kernel_rbf"",""working_range_model"":false,""working_range_mm"":null,""outside_declared_working_range"":false,""calibration_domain_mm"":{""x"":[-10.0,10.0],""y"":[-10.0,10.0],""depth"":[0.2,0.8]},""xy_outside_calibration_domain"":false,""excluded_calibration_samples"":0,""uncorrected_static_xyz_mm"":[0.5504513008682903,0.5614076561243615,0.957113128178673],""unaligned_xyz_mm"":[-0.8551343074671713,1.0428967823938162,0.957113128178673],""xy_rotation_deg"":-4.580684956890044,""xy_translation_mm"":[1.3195654319610284,-0.5464514666381837],""xy_translation_source"":""five_point_reassembly"",""xy_translation_details"":{""preset"":""5×5｜441点1mm连续"",""calibration_points"":5,""calibration_strategy"":""rigid_rotation_translation_v1"",""calibration_rms_mm"":0.507358956567797,""check_rms_mm"":null},""dynamic_model_enabled"":false,""dynamic_history_ready"":false,""dynamic_gate"":0.0,""contact_score"":0.9995748183810078,""contact_score_threshold"":0.49492851692021117,""status"":""有效"",""preset"":""5×5｜441点1mm连续"",""needs_baseline"":false,""display.contact"":true,""display.contact_reason"":""拟合响应/相似度接触门控"",""display.contact_segment"":611,""display.contact_age_ms"":4356.795,""display.contact_last_end_ns"":1240476446514800}"
S20260919_A,000133,351,1240480841038100,1240480863450700,NormalizedFit,1,1,True,unknown,False,False,0.0,1.2401305703513519,nan,nan,0.5513448907725327,0.5692818878579056,0.9538662249476769,x,y,z,0.5513448907725327,0.5692818878579056,0.9538662249476769,,,,,,,,2.8748407628707513,0.2898128962565649,0.7773382326595177,"{""x"":0.5513448907725327,""y"":0.5692818878579056,""z"":0.9538662249476769,""dx"":null,""dy"":null,""mode5"":null,""Q"":null,""X"":null,""Y"":null,""Z"":null,""dX"":2.8748407628707513,""dY"":0.2898128962565649,""dZ"":0.7773382326595177}","{""amplitude_uT"":2441.21282122693,""contact_threshold_uT"":40.0,""contact_gate"":""shape-aware ridge classifier + amplitude floor"",""cosine_similarity"":0.9926205372544206,""anti_jump_policy"":""快速门控（阈值/形状）"",""calibration_depth_range_mm"":[0.2,0.8],""depth_extrapolated"":true,""relative_reference"":""first valid prediction since B0/no-contact"",""xy_semantics"":""continuous XY RBF refit on all 441 positions at 1 mm spacing"",""fit_model"":""441点1 mm连续XY/RBF＋跨深度连续Z＋接触/释放门控"",""fit_variant"":""dense441_1mm_continuous_development"",""evidence_tier"":""development_dense441_single_repeat_random_validation_pending"",""continuous_xy_method"":""kernel_rbf"",""working_range_model"":false,""working_range_mm"":null,""outside_declared_working_range"":false,""calibration_domain_mm"":{""x"":[-10.0,10.0],""y"":[-10.0,10.0],""depth"":[0.2,0.8]},""xy_outside_calibration_domain"":false,""excluded_calibration_samples"":0,""uncorrected_static_xyz_mm"":[0.5513448907725327,0.5692818878579056,0.9538662249476769],""unaligned_xyz_mm"":[-0.8548724307548334,1.0508172273875052,0.9538662249476769],""xy_rotation_deg"":-4.580684956890044,""xy_translation_mm"":[1.3195654319610284,-0.5464514666381837],""xy_translation_source"":""five_point_reassembly"",""xy_translation_details"":{""preset"":""5×5｜441点1mm连续"",""calibration_points"":5,""calibration_strategy"":""rigid_rotation_translation_v1"",""calibration_rms_mm"":0.507358956567797,""check_rms_mm"":null},""dynamic_model_enabled"":false,""dynamic_history_ready"":false,""dynamic_gate"":0.0,""contact_score"":0.9995982247024856,""contact_score_threshold"":0.49492851692021117,""status"":""有效"",""preset"":""5×5｜441点1mm连续"",""needs_baseline"":false,""display.contact"":true,""display.contact_reason"":""拟合响应/相似度接触门控"",""display.contact_segment"":611,""display.contact_age_ms"":4382.6332,""display.contact_last_end_ns"":1240476446514800}"
S20260919_A,000133,352,1240480868199000,1240480898782700,NormalizedFit,1,1,True,unknown,False,False,0.0,1.2407989644447441,nan,nan,0.5249493354087829,0.5864088607217774,0.9592366306016537,x,y,z,0.5249493354087829,0.5864088607217774,0.9592366306016537,,,,,,,,2.8484452075070017,0.3069398691204368,0.7827086383134945,"{""x"":0.5249493354087829,""y"":0.5864088607217774,""z"":0.9592366306016537,""dx"":null,""dy"":null,""mode5"":null,""Q"":null,""X"":null,""Y"":null,""Z"":null,""dX"":2.8484452075070017,""dY"":0.3069398691204368,""dZ"":0.7827086383134945}","{""amplitude_uT"":2436.084515795891,""contact_threshold_uT"":40.0,""contact_gate"":""shape-aware ridge classifier + amplitude floor"",""cosine_similarity"":0.9925721254534354,""anti_jump_policy"":""快速门控（阈值/形状）"",""calibration_depth_range_mm"":[0.2,0.8],""depth_extrapolated"":true,""relative_reference"":""first valid prediction since B0/no-contact"",""xy_semantics"":""continuous XY RBF refit on all 441 positions at 1 mm spacing"",""fit_model"":""441点1 mm连续XY/RBF＋跨深度连续Z＋接触/释放门控"",""fit_variant"":""dense441_1mm_continuous_development"",""evidence_tier"":""development_dense441_single_repeat_random_validation_pending"",""continuous_xy_method"":""kernel_rbf"",""working_range_model"":false,""working_range_mm"":null,""outside_declared_working_range"":false,""calibration_domain_mm"":{""x"":[-10.0,10.0],""y"":[-10.0,10.0],""depth"":[0.2,0.8]},""xy_outside_calibration_domain"":false,""excluded_calibration_samples"":0,""uncorrected_static_xyz_mm"":[0.5249493354087829,0.5864088607217774,0.9592366306016537],""unaligned_xyz_mm"":[-0.8825514845882592,1.0657814688092047,0.9592366306016537],""xy_rotation_deg"":-4.580684956890044,""xy_translation_mm"":[1.3195654319610284,-0.5464514666381837],""xy_translation_source"":""five_point_reassembly"",""xy_translation_details"":{""preset"":""5×5｜441点1mm连续"",""calibration_points"":5,""calibration_strategy"":""rigid_rotation_translation_v1"",""calibration_rms_mm"":0.507358956567797,""check_rms_mm"":null},""dynamic_model_enabled"":false,""dynamic_history_ready"":false,""dynamic_gate"":0.0,""contact_score"":0.9995735444586332,""contact_score_threshold"":0.49492851692021117,""status"":""有效"",""preset"":""5×5｜441点1mm连续"",""needs_baseline"":false,""display.contact"":true,""display.contact_reason"":""拟合响应/相似度接触门控"",""display.contact_segment"":611,""display.contact_age_ms"":4409.7941,""display.contact_last_end_ns"":1240476446514800}"
S20260919_A,000133,353,1240480879988000,1240480901477200,NormalizedFit,1,1,True,unknown,False,False,0.0,1.215649076460025,nan,nan,0.508676277934108,0.5480756653189003,0.9584697107631824,x,y,z,0.508676277934108,0.5480756653189003,0.9584697107631824,,,,,,,,2.832172150032327,0.26860667371755964,0.7819417184750233,"{""x"":0.508676277934108,""y"":0.5480756653189003,""z"":0.9584697107631824,""dx"":null,""dy"":null,""mode5"":null,""Q"":null,""X"":null,""Y"":null,""Z"":null,""dX"":2.832172150032327,""dY"":0.26860667371755964,""dZ"":0.7819417184750233}","{""amplitude_uT"":2434.046080530831,""contact_threshold_uT"":40.0,""contact_gate"":""shape-aware ridge classifier + amplitude floor"",""cosine_similarity"":0.9927162716599739,""anti_jump_policy"":""快速门控（阈值/形状）"",""calibration_depth_range_mm"":[0.2,0.8],""depth_extrapolated"":true,""relative_reference"":""first valid prediction since B0/no-contact"",""xy_semantics"":""continuous XY RBF refit on all 441 positions at 1 mm spacing"",""fit_model"":""441点1 mm连续XY/RBF＋跨深度连续Z＋接触/释放门控"",""fit_variant"":""dense441_1mm_continuous_development"",""evidence_tier"":""development_dense441_single_repeat_random_validation_pending"",""continuous_xy_method"":""kernel_rbf"",""working_range_model"":false,""working_range_mm"":null,""outside_declared_working_range"":false,""calibration_domain_mm"":{""x"":[-10.0,10.0],""y"":[-10.0,10.0],""depth"":[0.2,0.8]},""xy_outside_calibration_domain"":false,""excluded_calibration_samples"":0,""uncorrected_static_xyz_mm"":[0.508676277934108,0.5480756653189003,0.9584697107631824],""unaligned_xyz_mm"":[-0.8957111636602733,1.026271101611584,0.9584697107631824],""xy_rotation_deg"":-4.580684956890044,""xy_translation_mm"":[1.3195654319610284,-0.5464514666381837],""xy_translation_source"":""five_point_reassembly"",""xy_translation_details"":{""preset"":""5×5｜441点1mm连续"",""calibration_points"":5,""calibration_strategy"":""rigid_rotation_translation_v1"",""calibration_rms_mm"":0.507358956567797,""check_rms_mm"":null},""dynamic_model_enabled"":false,""dynamic_history_ready"":false,""dynamic_gate"":0.0,""contact_score"":0.9995646535463815,""contact_score_threshold"":0.49492851692021117,""status"":""有效"",""preset"":""5×5｜441点1mm连续"",""needs_baseline"":false,""display.contact"":true,""display.contact_reason"":""拟合响应/相似度接触门控"",""display.contact_segment"":611,""display.contact_age_ms"":4421.5831,""display.contact_last_end_ns"":1240476446514800}"
S20260919_A,000133,354,1240480891880700,1240480904736000,NormalizedFit,1,1,True,unknown,False,False,0.0,1.2233059700509932,nan,nan,0.4903894980415531,0.5791718000487842,0.9594559200928442,x,y,z,0.4903894980415531,0.5791718000487842,0.9594559200928442,,,,,,,,2.813885370139772,0.29970280844744357,0.782927927804685,"{""x"":0.4903894980415531,""y"":0.5791718000487842,""z"":0.9594559200928442,""dx"":null,""dy"":null,""mode5"":null,""Q"":null,""X"":null,""Y"":null,""Z"":null,""dX"":2.813885370139772,""dY"":0.29970280844744357,""dZ"":0.782927927804685}","{""amplitude_uT"":2434.892504257221,""contact_threshold_uT"":40.0,""contact_gate"":""shape-aware ridge classifier + amplitude floor"",""cosine_similarity"":0.9926863810709045,""anti_jump_policy"":""快速门控（阈值/形状）"",""calibration_depth_range_mm"":[0.2,0.8],""depth_extrapolated"":true,""relative_reference"":""first valid prediction since B0/no-contact"",""xy_semantics"":""continuous XY RBF refit on all 441 positions at 1 mm spacing"",""fit_model"":""441点1 mm连续XY/RBF＋跨深度连续Z＋接触/释放门控"",""fit_variant"":""dense441_1mm_continuous_development"",""evidence_tier"":""development_dense441_single_repeat_random_validation_pending"",""continuous_xy_method"":""kernel_rbf"",""working_range_model"":false,""working_range_mm"":null,""outside_declared_working_range"":false,""calibration_domain_mm"":{""x"":[-10.0,10.0],""y"":[-10.0,10.0],""depth"":[0.2,0.8]},""xy_outside_calibration_domain"":false,""excluded_calibration_samples"":0,""uncorrected_static_xyz_mm"":[0.4903894980415531,0.5791718000487842,0.9594559200928442],""unaligned_xyz_mm"":[-0.9164229603058658,1.0558074756898193,0.9594559200928442],""xy_rotation_deg"":-4.580684956890044,""xy_translation_mm"":[1.3195654319610284,-0.5464514666381837],""xy_translation_source"":""five_point_reassembly"",""xy_translation_details"":{""preset"":""5×5｜441点1mm连续"",""calibration_points"":5,""calibration_strategy"":""rigid_rotation_translation_v1"",""calibration_rms_mm"":0.507358956567797,""check_rms_mm"":null},""dynamic_model_enabled"":false,""dynamic_history_ready"":false,""dynamic_gate"":0.0,""contact_score"":0.9995511982142304,""contact_score_threshold"":0.49492851692021117,""status"":""有效"",""preset"":""5×5｜441点1mm连续"",""needs_baseline"":false,""display.contact"":true,""display.contact_reason"":""拟合响应/相似度接触门控"",""display.contact_segment"":611,""display.contact_age_ms"":4433.4758,""display.contact_last_end_ns"":1240476446514800}"
S20260919_A,000133,355,1240480917784800,1240480954937800,NormalizedFit,1,1,True,unknown,False,False,0.0,1.228902734269435,nan,nan,0.534189617235157,0.5546745296881503,0.957694914494318,x,y,z,0.534189617235157,0.5546745296881503,0.957694914494318,,,,,,,,2.8576854893333756,0.2752055380868097,0.7811669222061588,"{""x"":0.534189617235157,""y"":0.5546745296881503,""z"":0.957694914494318,""dx"":null,""dy"":null,""mode5"":null,""Q"":null,""X"":null,""Y"":null,""Z"":null,""dX"":2.8576854893333756,""dY"":0.2752055380868097,""dZ"":0.7811669222061588}","{""amplitude_uT"":2432.439765148872,""contact_threshold_uT"":40.0,""contact_gate"":""shape-aware ridge classifier + amplitude floor"",""cosine_similarity"":0.9926348990658128,""anti_jump_policy"":""快速门控（阈值/形状）"",""calibration_depth_range_mm"":[0.2,0.8],""depth_extrapolated"":true,""relative_reference"":""first valid prediction since B0/no-contact"",""xy_semantics"":""continuous XY RBF refit on all 441 positions at 1 mm spacing"",""fit_model"":""441点1 mm连续XY/RBF＋跨深度连续Z＋接触/释放门控"",""fit_variant"":""dense441_1mm_continuous_development"",""evidence_tier"":""development_dense441_single_repeat_random_validation_pending"",""continuous_xy_method"":""kernel_rbf"",""working_range_model"":false,""working_range_mm"":null,""outside_declared_working_range"":false,""calibration_domain_mm"":{""x"":[-10.0,10.0],""y"":[-10.0,10.0],""depth"":[0.2,0.8]},""xy_outside_calibration_domain"":false,""excluded_calibration_samples"":0,""uncorrected_static_xyz_mm"":[0.534189617235157,0.5546745296881503,0.957694914494318],""unaligned_xyz_mm"":[-0.8708063220031761,1.034886457395829,0.957694914494318],""xy_rotation_deg"":-4.580684956890044,""xy_translation_mm"":[1.3195654319610284,-0.5464514666381837],""xy_translation_source"":""five_point_reassembly"",""xy_translation_details"":{""preset"":""5×5｜441点1mm连续"",""calibration_points"":5,""calibration_strategy"":""rigid_rotation_translation_v1"",""calibration_rms_mm"":0.507358956567797,""check_rms_mm"":null},""dynamic_model_enabled"":false,""dynamic_history_ready"":false,""dynamic_gate"":0.0,""contact_score"":0.9995681867229418,""contact_score_threshold"":0.49492851692021117,""status"":""有效"",""preset"":""5×5｜441点1mm连续"",""needs_baseline"":false,""display.contact"":true,""display.contact_reason"":""拟合响应/相似度接触门控"",""display.contact_segment"":611,""display.contact_age_ms"":4459.3799,""display.contact_last_end_ns"":1240476446514800}"
S20260919_A,000133,356,1240480944787700,1240480957808700,NormalizedFit,1,1,True,unknown,False,False,0.0,1.2255416795044924,nan,nan,0.4474976185220916,0.6203055772207251,0.9575590219347377,x,y,z,0.4474976185220916,0.6203055772207251,0.9575590219347377,,,,,,,,2.7709934906203104,0.34083658561938446,0.7810310296465786,"{""x"":0.4474976185220916,""y"":0.6203055772207251,""z"":0.9575590219347377,""dx"":null,""dy"":null,""mode5"":null,""Q"":null,""X"":null,""Y"":null,""Z"":null,""dX"":2.7709934906203104,""dY"":0.34083658561938446,""dZ"":0.7810310296465786}","{""amplitude_uT"":2433.137642081824,""contact_threshold_uT"":40.0,""contact_gate"":""shape-aware ridge classifier + amplitude floor"",""cosine_similarity"":0.9924481050698801,""anti_jump_policy"":""快速门控（阈值/形状）"",""calibration_depth_range_mm"":[0.2,0.8],""depth_extrapolated"":true,""relative_reference"":""first valid prediction since B0/no-contact"",""xy_semantics"":""continuous XY RBF refit on all 441 positions at 1 mm spacing"",""fit_model"":""441点1 mm连续XY/RBF＋跨深度连续Z＋接触/释放门控"",""fit_variant"":""dense441_1mm_continuous_development"",""evidence_tier"":""development_dense441_single_repeat_random_validation_pending"",""continuous_xy_method"":""kernel_rbf"",""working_range_model"":false,""working_range_mm"":null,""outside_declared_working_range"":false,""calibration_domain_mm"":{""x"":[-10.0,10.0],""y"":[-10.0,10.0],""depth"":[0.2,0.8]},""xy_outside_calibration_domain"":false,""excluded_calibration_samples"":0,""uncorrected_static_xyz_mm"":[0.4474976185220916,0.6203055772207251,0.9575590219347377],""unaligned_xyz_mm"":[-0.9624628995703772,1.093384396075383,0.9575590219347377],""xy_rotation_deg"":-4.580684956890044,""xy_translation_mm"":[1.3195654319610284,-0.5464514666381837],""xy_translation_source"":""five_point_reassembly"",""xy_translation_details"":{""preset"":""5×5｜441点1mm连续"",""calibration_points"":5,""calibration_strategy"":""rigid_rotation_translation_v1"",""calibration_rms_mm"":0.507358956567797,""check_rms_mm"":null},""dynamic_model_enabled"":false,""dynamic_history_ready"":false,""dynamic_gate"":0.0,""contact_score"":0.9995899552651177,""contact_score_threshold"":0.49492851692021117,""status"":""有效"",""preset"":""5×5｜441点1mm连续"",""needs_baseline"":false,""display.contact"":true,""display.contact_reason"":""拟合响应/相似度接触门控"",""display.contact_segment"":611,""display.contact_age_ms"":4486.3828,""display.contact_last_end_ns"":1240476446514800}"
S20260919_A,000133,357,1240480955892700,1240480993553100,NormalizedFit,1,1,True,unknown,False,False,0.0,1.2373257040001708,nan,nan,0.43283019230832376,0.6472238296252324,0.961631029434422,x,y,z,0.43283019230832376,0.6472238296252324,0.961631029434422,,,,,,,,2.756326064406543,0.36775483802389175,0.7851030371462628,"{""x"":0.43283019230832376,""y"":0.6472238296252324,""z"":0.961631029434422,""dx"":null,""dy"":null,""mode5"":null,""Q"":null,""X"":null,""Y"":null,""Z"":null,""dX"":2.756326064406543,""dY"":0.36775483802389175,""dZ"":0.7851030371462628}","{""amplitude_uT"":2434.6797567549306,""contact_threshold_uT"":40.0,""contact_gate"":""shape-aware ridge classifier + amplitude floor"",""cosine_similarity"":0.9924651741252115,""anti_jump_policy"":""快速门控（阈值/形状）"",""calibration_depth_range_mm"":[0.2,0.8],""depth_extrapolated"":true,""relative_reference"":""first valid prediction since B0/no-contact"",""xy_semantics"":""continuous XY RBF refit on all 441 positions at 1 mm spacing"",""fit_model"":""441点1 mm连续XY/RBF＋跨深度连续Z＋接触/释放门控"",""fit_variant"":""dense441_1mm_continuous_development"",""evidence_tier"":""development_dense441_single_repeat_random_validation_pending"",""continuous_xy_method"":""kernel_rbf"",""working_range_model"":false,""working_range_mm"":null,""outside_declared_working_range"":false,""calibration_domain_mm"":{""x"":[-10.0,10.0],""y"":[-10.0,10.0],""depth"":[0.2,0.8]},""xy_outside_calibration_domain"":false,""excluded_calibration_samples"":0,""uncorrected_static_xyz_mm"":[0.43283019230832376,0.6472238296252324,0.961631029434422],""unaligned_xyz_mm"":[-0.9792332454920132,1.1190452846398453,0.961631029434422],""xy_rotation_deg"":-4.580684956890044,""xy_translation_mm"":[1.3195654319610284,-0.5464514666381837],""xy_translation_source"":""five_point_reassembly"",""xy_translation_details"":{""preset"":""5×5｜441点1mm连续"",""calibration_points"":5,""calibration_strategy"":""rigid_rotation_translation_v1"",""calibration_rms_mm"":0.507358956567797,""check_rms_mm"":null},""dynamic_model_enabled"":false,""dynamic_history_ready"":false,""dynamic_gate"":0.0,""contact_score"":0.9995679835137581,""contact_score_threshold"":0.49492851692021117,""status"":""有效"",""preset"":""5×5｜441点1mm连续"",""needs_baseline"":false,""display.contact"":true,""display.contact_reason"":""拟合响应/相似度接触门控"",""display.contact_segment"":611,""display.contact_age_ms"":4497.4878,""display.contact_last_end_ns"":1240476446514800}"
S20260919_A,000133,358,1240480982738000,1240480996611900,NormalizedFit,1,1,True,unknown,False,False,0.0,1.2359292843745517,nan,nan,0.4279777151431272,0.6453342241377735,0.9632756669157371,x,y,z,0.4279777151431272,0.6453342241377735,0.9632756669157371,,,,,,,,2.751473587241346,0.3658652325364329,0.7867476746275779,"{""x"":0.4279777151431272,""y"":0.6453342241377735,""z"":0.9632756669157371,""dx"":null,""dy"":null,""mode5"":null,""Q"":null,""X"":null,""Y"":null,""Z"":null,""dX"":2.751473587241346,""dY"":0.3658652325364329,""dZ"":0.7867476746275779}","{""amplitude_uT"":2438.525705730309,""contact_threshold_uT"":40.0,""contact_gate"":""shape-aware ridge classifier + amplitude floor"",""cosine_similarity"":0.9924666520978044,""anti_jump_policy"":""快速门控（阈值/形状）"",""calibration_depth_range_mm"":[0.2,0.8],""depth_extrapolated"":true,""relative_reference"":""first valid prediction since B0/no-contact"",""xy_semantics"":""continuous XY RBF refit on all 441 positions at 1 mm spacing"",""fit_model"":""441点1 mm连续XY/RBF＋跨深度连续Z＋接触/释放门控"",""fit_variant"":""dense441_1mm_continuous_development"",""evidence_tier"":""development_dense441_single_repeat_random_validation_pending"",""continuous_xy_method"":""kernel_rbf"",""working_range_model"":false,""working_range_mm"":null,""outside_declared_working_range"":false,""calibration_domain_mm"":{""x"":[-10.0,10.0],""y"":[-10.0,10.0],""depth"":[0.2,0.8]},""xy_outside_calibration_domain"":false,""excluded_calibration_samples"":0,""uncorrected_static_xyz_mm"":[0.4279777151431272,0.6453342241377735,0.9632756669157371],""unaligned_xyz_mm"":[-0.9839193137911497,1.1167741819489008,0.9632756669157371],""xy_rotation_deg"":-4.580684956890044,""xy_translation_mm"":[1.3195654319610284,-0.5464514666381837],""xy_translation_source"":""five_point_reassembly"",""xy_translation_details"":{""preset"":""5×5｜441点1mm连续"",""calibration_points"":5,""calibration_strategy"":""rigid_rotation_translation_v1"",""calibration_rms_mm"":0.507358956567797,""check_rms_mm"":null},""dynamic_model_enabled"":false,""dynamic_history_ready"":false,""dynamic_gate"":0.0,""contact_score"":0.9995938786791521,""contact_score_threshold"":0.49492851692021117,""status"":""有效"",""preset"":""5×5｜441点1mm连续"",""needs_baseline"":false,""display.contact"":true,""display.contact_reason"":""拟合响应/相似度接触门控"",""display.contact_segment"":611,""display.contact_age_ms"":4524.3331,""display.contact_last_end_ns"":1240476446514800}"
S20260919_A,000133,359,1240481009591900,1240481046849700,NormalizedFit,1,1,True,unknown,False,False,0.0,1.2108615841562254,nan,nan,0.4931490591199552,0.5550370563427856,0.9565164125935123,x,y,z,0.4931490591199552,0.5550370563427856,0.9565164125935123,,,,,,,,2.816644931218174,0.2755680647414449,0.7799884203053531,"{""x"":0.4931490591199552,""y"":0.5550370563427856,""z"":0.9565164125935123,""dx"":null,""dy"":null,""mode5"":null,""Q"":null,""X"":null,""Y"":null,""Z"":null,""dX"":2.816644931218174,""dY"":0.2755680647414449,""dZ"":0.7799884203053531}","{""amplitude_uT"":2432.820101007984,""contact_threshold_uT"":40.0,""contact_gate"":""shape-aware ridge classifier + amplitude floor"",""cosine_similarity"":0.9923676219373909,""anti_jump_policy"":""快速门控（阈值/形状）"",""calibration_depth_range_mm"":[0.2,0.8],""depth_extrapolated"":true,""relative_reference"":""first valid prediction since B0/no-contact"",""xy_semantics"":""continuous XY RBF refit on all 441 positions at 1 mm spacing"",""fit_model"":""441点1 mm连续XY/RBF＋跨深度连续Z＋接触/释放门控"",""fit_variant"":""dense441_1mm_continuous_development"",""evidence_tier"":""development_dense441_single_repeat_random_validation_pending"",""continuous_xy_method"":""kernel_rbf"",""working_range_model"":false,""working_range_mm"":null,""outside_declared_working_range"":false,""calibration_domain_mm"":{""x"":[-10.0,10.0],""y"":[-10.0,10.0],""depth"":[0.2,0.8]},""xy_outside_calibration_domain"":false,""excluded_calibration_samples"":0,""uncorrected_static_xyz_mm"":[0.4931490591199552,0.5550370563427856,0.9565164125935123],""unaligned_xyz_mm"":[-0.9117447431663148,1.0319702083234685,0.9565164125935123],""xy_rotation_deg"":-4.580684956890044,""xy_translation_mm"":[1.3195654319610284,-0.5464514666381837],""xy_translation_source"":""five_point_reassembly"",""xy_translation_details"":{""preset"":""5×5｜441点1mm连续"",""calibration_points"":5,""calibration_strategy"":""rigid_rotation_translation_v1"",""calibration_rms_mm"":0.507358956567797,""check_rms_mm"":null},""dynamic_model_enabled"":false,""dynamic_history_ready"":false,""dynamic_gate"":0.0,""contact_score"":0.9996443757412381,""contact_score_threshold"":0.49492851692021117,""status"":""有效"",""preset"":""5×5｜441点1mm连续"",""needs_baseline"":false,""display.contact"":true,""display.contact_reason"":""拟合响应/相似度接触门控"",""display.contact_segment"":611,""display.contact_age_ms"":4551.187,""display.contact_last_end_ns"":1240476446514800}"
S20260919_A,000133,360,1240481035620700,1240481049681400,NormalizedFit,1,1,True,unknown,False,False,0.0,1.2809617263968922,nan,nan,0.554924460751287,0.6386524728461909,0.961792496477824,x,y,z,0.554924460751287,0.6386524728461909,0.961792496477824,,,,,,,,2.878420332849506,0.3591834812448502,0.7852645041896649,"{""x"":0.554924460751287,""y"":0.6386524728461909,""z"":0.961792496477824,""dx"":null,""dy"":null,""mode5"":null,""Q"":null,""X"":null,""Y"":null,""Z"":null,""dX"":2.878420332849506,""dY"":0.3591834812448502,""dZ"":0.7852645041896649}","{""amplitude_uT"":2429.1424952942752,""contact_threshold_uT"":40.0,""contact_gate"":""shape-aware ridge classifier + amplitude floor"",""cosine_similarity"":0.9921287719440153,""anti_jump_policy"":""快速门控（阈值/形状）"",""calibration_depth_range_mm"":[0.2,0.8],""depth_extrapolated"":true,""relative_reference"":""first valid prediction since B0/no-contact"",""xy_semantics"":""continuous XY RBF refit on all 441 positions at 1 mm spacing"",""fit_model"":""441点1 mm连续XY/RBF＋跨深度连续Z＋接触/释放门控"",""fit_variant"":""dense441_1mm_continuous_development"",""evidence_tier"":""development_dense441_single_repeat_random_validation_pending"",""continuous_xy_method"":""kernel_rbf"",""working_range_model"":false,""working_range_mm"":null,""outside_declared_working_range"":false,""calibration_domain_mm"":{""x"":[-10.0,10.0],""y"":[-10.0,10.0],""depth"":[0.2,0.8]},""xy_outside_calibration_domain"":false,""excluded_calibration_samples"":0,""uncorrected_static_xyz_mm"":[0.554924460751287,0.6386524728461909,0.961792496477824],""unaligned_xyz_mm"":[-0.8568444301459799,1.120252107680129,0.961792496477824],""xy_rotation_deg"":-4.580684956890044,""xy_translation_mm"":[1.3195654319610284,-0.5464514666381837],""xy_translation_source"":""five_point_reassembly"",""xy_translation_details"":{""preset"":""5×5｜441点1mm连续"",""calibration_points"":5,""calibration_strategy"":""rigid_rotation_translation_v1"",""calibration_rms_mm"":0.507358956567797,""check_rms_mm"":null},""dynamic_model_enabled"":false,""dynamic_history_ready"":false,""dynamic_gate"":0.0,""contact_score"":0.9995560974056527,""contact_score_threshold"":0.49492851692021117,""status"":""有效"",""preset"":""5×5｜441点1mm连续"",""needs_baseline"":false,""display.contact"":true,""display.contact_reason"":""拟合响应/相似度接触门控"",""display.contact_segment"":611,""display.contact_age_ms"":4577.2158,""display.contact_last_end_ns"":1240476446514800}"
S20260919_A,000133,361,1240481048375600,1240481082555600,NormalizedFit,1,1,True,unknown,False,False,0.0,1.2512391009372619,nan,nan,0.5515567089392404,0.609135067403026,0.9435777414703636,x,y,z,0.5515567089392404,0.609135067403026,0.9435777414703636,,,,,,,,2.875052581037459,0.3296660758016854,0.7670497491822044,"{""x"":0.5515567089392404,""y"":0.609135067403026,""z"":0.9435777414703636,""dx"":null,""dy"":null,""mode5"":null,""Q"":null,""X"":null,""Y"":null,""Z"":null,""dX"":2.875052581037459,""dY"":0.3296660758016854,""dZ"":0.7670497491822044}","{""amplitude_uT"":2379.931196156204,""contact_threshold_uT"":40.0,""contact_gate"":""shape-aware ridge classifier + amplitude floor"",""cosine_similarity"":0.9929615294562391,""anti_jump_policy"":""快速门控（阈值/形状）"",""calibration_depth_range_mm"":[0.2,0.8],""depth_extrapolated"":true,""relative_reference"":""first valid prediction since B0/no-contact"",""xy_semantics"":""continuous XY RBF refit on all 441 positions at 1 mm spacing"",""fit_model"":""441点1 mm连续XY/RBF＋跨深度连续Z＋接触/释放门控"",""fit_variant"":""dense441_1mm_continuous_development"",""evidence_tier"":""development_dense441_single_repeat_random_validation_pending"",""continuous_xy_method"":""kernel_rbf"",""working_range_model"":false,""working_range_mm"":null,""outside_declared_working_range"":false,""calibration_domain_mm"":{""x"":[-10.0,10.0],""y"":[-10.0,10.0],""depth"":[0.2,0.8]},""xy_outside_calibration_domain"":false,""excluded_calibration_samples"":0,""uncorrected_static_xyz_mm"":[0.5515567089392404,0.609135067403026,0.9435777414703636],""unaligned_xyz_mm"":[-0.8578440794412336,1.090560026620523,0.9435777414703636],""xy_rotation_deg"":-4.580684956890044,""xy_translation_mm"":[1.3195654319610284,-0.5464514666381837],""xy_translation_source"":""five_point_reassembly"",""xy_translation_details"":{""preset"":""5×5｜441点1mm连续"",""calibration_points"":5,""calibration_strategy"":""rigid_rotation_translation_v1"",""calibration_rms_mm"":0.507358956567797,""check_rms_mm"":null},""dynamic_model_enabled"":false,""dynamic_history_ready"":false,""dynamic_gate"":0.0,""contact_score"":0.9996179182809795,""contact_score_threshold"":0.49492851692021117,""status"":""有效"",""preset"":""5×5｜441点1mm连续"",""needs_baseline"":false,""display.contact"":true,""display.contact_reason"":""拟合响应/相似度接触门控"",""display.contact_segment"":611,""display.contact_age_ms"":4589.9707,""display.contact_last_end_ns"":1240476446514800}"
S20260919_A,000133,362,1240481075312300,1240481085474100,NormalizedFit,1,1,True,unknown,False,False,0.0,1.1321476358661002,nan,nan,0.4856578357758631,0.4940251331867138,0.8954517874941982,x,y,z,0.4856578357758631,0.4940251331867138,0.8954517874941982,,,,,,,,2.809153707874082,0.21455614158537317,0.718923795206039,"{""x"":0.4856578357758631,""y"":0.4940251331867138,""z"":0.8954517874941982,""dx"":null,""dy"":null,""mode5"":null,""Q"":null,""X"":null,""Y"":null,""Z"":null,""dX"":2.809153707874082,""dY"":0.21455614158537317,""dZ"":0.718923795206039}","{""amplitude_uT"":2185.4754935566075,""contact_threshold_uT"":40.0,""contact_gate"":""shape-aware ridge classifier + amplitude floor"",""cosine_similarity"":0.9949589629510529,""anti_jump_policy"":""快速门控（阈值/形状）"",""calibration_depth_range_mm"":[0.2,0.8],""depth_extrapolated"":true,""relative_reference"":""first valid prediction since B0/no-contact"",""xy_semantics"":""continuous XY RBF refit on all 441 positions at 1 mm spacing"",""fit_model"":""441点1 mm连续XY/RBF＋跨深度连续Z＋接触/释放门控"",""fit_variant"":""dense441_1mm_continuous_development"",""evidence_tier"":""development_dense441_single_repeat_random_validation_pending"",""continuous_xy_method"":""kernel_rbf"",""working_range_model"":false,""working_range_mm"":null,""outside_declared_working_range"":false,""calibration_domain_mm"":{""x"":[-10.0,10.0],""y"":[-10.0,10.0],""depth"":[0.2,0.8]},""xy_outside_calibration_domain"":false,""excluded_calibration_samples"":0,""uncorrected_static_xyz_mm"":[0.4856578357758631,0.4940251331867138,0.8954517874941982],""unaligned_xyz_mm"":[-0.9143394496918202,0.9705548951480076,0.8954517874941982],""xy_rotation_deg"":-4.580684956890044,""xy_translation_mm"":[1.3195654319610284,-0.5464514666381837],""xy_translation_source"":""five_point_reassembly"",""xy_translation_details"":{""preset"":""5×5｜441点1mm连续"",""calibration_points"":5,""calibration_strategy"":""rigid_rotation_translation_v1"",""calibration_rms_mm"":0.507358956567797,""check_rms_mm"":null},""dynamic_model_enabled"":false,""dynamic_history_ready"":false,""dynamic_gate"":0.0,""contact_score"":0.9992764515101056,""contact_score_threshold"":0.49492851692021117,""status"":""有效"",""preset"":""5×5｜441点1mm连续"",""needs_baseline"":false,""display.contact"":true,""display.contact_reason"":""拟合响应/相似度接触门控"",""display.contact_segment"":611,""display.contact_age_ms"":4616.9074,""display.contact_last_end_ns"":1240476446514800}"
S20260919_A,000133,363,1240481102237000,1240481136393800,NormalizedFit,1,1,True,unknown,False,False,0.0,1.0844564582171137,nan,nan,0.6059593402172005,0.2935092481345848,0.8501243491582934,x,y,z,0.6059593402172005,0.2935092481345848,0.8501243491582934,,,,,,,,2.9294552123154194,0.014040256533244144,0.6735963568701342,"{""x"":0.6059593402172005,""y"":0.2935092481345848,""z"":0.8501243491582934,""dx"":null,""dy"":null,""mode5"":null,""Q"":null,""X"":null,""Y"":null,""Z"":null,""dX"":2.9294552123154194,""dY"":0.014040256533244144,""dZ"":0.6735963568701342}","{""amplitude_uT"":2012.4638990328494,""contact_threshold_uT"":40.0,""contact_gate"":""shape-aware ridge classifier + amplitude floor"",""cosine_similarity"":0.9954850427104804,""anti_jump_policy"":""快速门控（阈值/形状）"",""calibration_depth_range_mm"":[0.2,0.8],""depth_extrapolated"":true,""relative_reference"":""first valid prediction since B0/no-contact"",""xy_semantics"":""continuous XY RBF refit on all 441 positions at 1 mm spacing"",""fit_model"":""441点1 mm连续XY/RBF＋跨深度连续Z＋接触/释放门控"",""fit_variant"":""dense441_1mm_continuous_development"",""evidence_tier"":""development_dense441_single_repeat_random_validation_pending"",""continuous_xy_method"":""kernel_rbf"",""working_range_model"":false,""working_range_mm"":null,""outside_declared_working_range"":false,""calibration_domain_mm"":{""x"":[-10.0,10.0],""y"":[-10.0,10.0],""depth"":[0.2,0.8]},""xy_outside_calibration_domain"":false,""excluded_calibration_samples"":0,""uncorrected_static_xyz_mm"":[0.6059593402172005,0.2935092481345848,0.8501243491582934],""unaligned_xyz_mm"":[-0.7784084263820161,0.7802871127174624,0.8501243491582934],""xy_rotation_deg"":-4.580684956890044,""xy_translation_mm"":[1.3195654319610284,-0.5464514666381837],""xy_translation_source"":""five_point_reassembly"",""xy_translation_details"":{""preset"":""5×5｜441点1mm连续"",""calibration_points"":5,""calibration_strategy"":""rigid_rotation_translation_v1"",""calibration_rms_mm"":0.507358956567797,""check_rms_mm"":null},""dynamic_model_enabled"":false,""dynamic_history_ready"":false,""dynamic_gate"":0.0,""contact_score"":0.9993616785831714,""contact_score_threshold"":0.49492851692021117,""status"":""有效"",""preset"":""5×5｜441点1mm连续"",""needs_baseline"":false,""display.contact"":true,""display.contact_reason"":""拟合响应/相似度接触门控"",""display.contact_segment"":611,""display.contact_age_ms"":4643.8321,""display.contact_last_end_ns"":1240476446514800}"
S20260919_A,000133,364,1240481111374900,1240481139803200,NormalizedFit,1,1,True,unknown,False,False,0.0,1.2356196085187916,nan,nan,1.0026862622921209,-0.08324574132098145,0.7172490661678884,x,y,z,1.0026862622921209,-0.08324574132098145,0.7172490661678884,,,,,,,,3.32618213439034,-0.3627147329223221,0.5407210738797292,"{""x"":1.0026862622921209,""y"":-0.08324574132098145,""z"":0.7172490661678884,""dx"":null,""dy"":null,""mode5"":null,""Q"":null,""X"":null,""Y"":null,""Z"":null,""dX"":3.32618213439034,""dY"":-0.3627147329223221,""dZ"":0.5407210738797292}","{""amplitude_uT"":1546.010259220326,""contact_threshold_uT"":40.0,""contact_gate"":""shape-aware ridge classifier + amplitude floor"",""cosine_similarity"":0.9968605719239219,""anti_jump_policy"":""快速门控（阈值/形状）"",""calibration_depth_range_mm"":[0.2,0.8],""depth_extrapolated"":false,""relative_reference"":""first valid prediction since B0/no-contact"",""xy_semantics"":""continuous XY RBF refit on all 441 positions at 1 mm spacing"",""fit_model"":""441点1 mm连续XY/RBF＋跨深度连续Z＋接触/释放门控"",""fit_variant"":""dense441_1mm_continuous_development"",""evidence_tier"":""development_dense441_single_repeat_random_validation_pending"",""continuous_xy_method"":""kernel_rbf"",""working_range_model"":false,""working_range_mm"":null,""outside_declared_working_range"":false,""calibration_domain_mm"":{""x"":[-10.0,10.0],""y"":[-10.0,10.0],""depth"":[0.2,0.8]},""xy_outside_calibration_domain"":false,""excluded_calibration_samples"":0,""uncorrected_static_xyz_mm"":[1.0026862622921209,-0.08324574132098145,0.7172490661678884],""unaligned_xyz_mm"":[-0.352859962528425,0.43641929263167345,0.7172490661678884],""xy_rotation_deg"":-4.580684956890044,""xy_translation_mm"":[1.3195654319610284,-0.5464514666381837],""xy_translation_source"":""five_point_reassembly"",""xy_translation_details"":{""preset"":""5×5｜441点1mm连续"",""calibration_points"":5,""calibration_strategy"":""rigid_rotation_translation_v1"",""calibration_rms_mm"":0.507358956567797,""check_rms_mm"":null},""dynamic_model_enabled"":false,""dynamic_history_ready"":false,""dynamic_gate"":0.0,""contact_score"":0.9990056475945871,""contact_score_threshold"":0.49492851692021117,""status"":""有效"",""preset"":""5×5｜441点1mm连续"",""needs_baseline"":false,""display.contact"":true,""display.contact_reason"":""拟合响应/相似度接触门控"",""display.contact_segment"":611,""display.contact_age_ms"":4652.97,""display.contact_last_end_ns"":1240476446514800}"
S20260919_A,000133,365,1240481138046700,1240481191438900,NormalizedFit,1,1,True,unknown,False,False,0.0,2.0253369814720217,nan,nan,1.6184836622302325,-1.0894071169737827,0.5437762932483223,x,y,z,1.6184836622302325,-1.0894071169737827,0.5437762932483223,,,,,,,,3.9419795343284516,-1.3688761085751233,0.36724830096016314,"{""x"":1.6184836622302325,""y"":-1.0894071169737827,""z"":0.5437762932483223,""dx"":null,""dy"":null,""mode5"":null,""Q"":null,""X"":null,""Y"":null,""Z"":null,""dX"":3.9419795343284516,""dY"":-1.3688761085751233,""dZ"":0.36724830096016314}","{""amplitude_uT"":1020.0231831436481,""contact_threshold_uT"":40.0,""contact_gate"":""shape-aware ridge classifier + amplitude floor"",""cosine_similarity"":0.9948197481687331,""anti_jump_policy"":""快速门控（阈值/形状）"",""calibration_depth_range_mm"":[0.2,0.8],""depth_extrapolated"":false,""relative_reference"":""first valid prediction since B0/no-contact"",""xy_semantics"":""continuous XY RBF refit on all 441 positions at 1 mm spacing"",""fit_model"":""441点1 mm连续XY/RBF＋跨深度连续Z＋接触/释放门控"",""fit_variant"":""dense441_1mm_continuous_development"",""evidence_tier"":""development_dense441_single_repeat_random_validation_pending"",""continuous_xy_method"":""kernel_rbf"",""working_range_model"":false,""working_range_mm"":null,""outside_declared_working_range"":false,""calibration_domain_mm"":{""x"":[-10.0,10.0],""y"":[-10.0,10.0],""depth"":[0.2,0.8]},""xy_outside_calibration_domain"":false,""excluded_calibration_samples"":0,""uncorrected_static_xyz_mm"":[1.6184836622302325,-1.0894071169737827,0.5437762932483223],""unaligned_xyz_mm"":[0.3413254527764895,-0.5173488976556833,0.5437762932483223],""xy_rotation_deg"":-4.580684956890044,""xy_translation_mm"":[1.3195654319610284,-0.5464514666381837],""xy_translation_source"":""five_point_reassembly"",""xy_translation_details"":{""preset"":""5×5｜441点1mm连续"",""calibration_points"":5,""calibration_strategy"":""rigid_rotation_translation_v1"",""calibration_rms_mm"":0.507358956567797,""check_rms_mm"":null},""dynamic_model_enabled"":false,""dynamic_history_ready"":false,""dynamic_gate"":0.0,""contact_score"":0.998979655365748,""contact_score_threshold"":0.49492851692021117,""status"":""有效"",""preset"":""5×5｜441点1mm连续"",""needs_baseline"":false,""display.contact"":true,""display.contact_reason"":""拟合响应/相似度接触门控"",""display.contact_segment"":611,""display.contact_age_ms"":4679.6418,""display.contact_last_end_ns"":1240476446514800}"
S20260919_A,000133,366,1240481165054600,1240481194718500,NormalizedFit,1,1,True,unknown,False,False,0.0,2.580085413377087,nan,nan,2.1330640468482756,-1.3660618413680576,0.49066644262939435,x,y,z,2.1330640468482756,-1.3660618413680576,0.49066644262939435,,,,,,,,4.456559918946494,-1.6455308329693983,0.31413845034123516,"{""x"":2.1330640468482756,""y"":-1.3660618413680576,""z"":0.49066644262939435,""dx"":null,""dy"":null,""mode5"":null,""Q"":null,""X"":null,""Y"":null,""Z"":null,""dX"":4.456559918946494,""dY"":-1.6455308329693983,""dZ"":0.31413845034123516}","{""amplitude_uT"":867.8660776920018,""contact_threshold_uT"":40.0,""contact_gate"":""shape-aware ridge classifier + amplitude floor"",""cosine_similarity"":0.9930895082285282,""anti_jump_policy"":""快速门控（阈值/形状）"",""calibration_depth_range_mm"":[0.2,0.8],""depth_extrapolated"":false,""relative_reference"":""first valid prediction since B0/no-contact"",""xy_semantics"":""continuous XY RBF refit on all 441 positions at 1 mm spacing"",""fit_model"":""441点1 mm连续XY/RBF＋跨深度连续Z＋接触/释放门控"",""fit_variant"":""dense441_1mm_continuous_development"",""evidence_tier"":""development_dense441_single_repeat_random_validation_pending"",""continuous_xy_method"":""kernel_rbf"",""working_range_model"":false,""working_range_mm"":null,""outside_declared_working_range"":false,""calibration_domain_mm"":{""x"":[-10.0,10.0],""y"":[-10.0,10.0],""depth"":[0.2,0.8]},""xy_outside_calibration_domain"":false,""excluded_calibration_samples"":0,""uncorrected_static_xyz_mm"":[2.1330640468482756,-1.3660618413680576,0.49066644262939435],""unaligned_xyz_mm"":[0.8763566415371882,-0.7520240685124211,0.49066644262939435],""xy_rotation_deg"":-4.580684956890044,""xy_translation_mm"":[1.3195654319610284,-0.5464514666381837],""xy_translation_source"":""five_point_reassembly"",""xy_translation_details"":{""preset"":""5×5｜441点1mm连续"",""calibration_points"":5,""calibration_strategy"":""rigid_rotation_translation_v1"",""calibration_rms_mm"":0.507358956567797,""check_rms_mm"":null},""dynamic_model_enabled"":false,""dynamic_history_ready"":false,""dynamic_gate"":0.0,""contact_score"":0.9991573579054274,""contact_score_threshold"":0.49492851692021117,""status"":""有效"",""preset"":""5×5｜441点1mm连续"",""needs_baseline"":false,""display.contact"":true,""display.contact_reason"":""拟合响应/相似度接触门控"",""display.contact_segment"":611,""display.contact_age_ms"":4706.6497,""display.contact_last_end_ns"":1240476446514800}"
S20260919_A,000133,367,1240481178022100,1240481197794500,NormalizedFit,1,1,True,unknown,False,False,0.0,2.892892659078975,nan,nan,2.334197684536005,-1.674500056076652,0.3411724910643667,x,y,z,2.334197684536005,-1.674500056076652,0.3411724910643667,,,,,,,,4.657693556634223,-1.9539690476779927,0.16464449877620752,"{""x"":2.334197684536005,""y"":-1.674500056076652,""z"":0.3411724910643667,""dx"":null,""dy"":null,""mode5"":null,""Q"":null,""X"":null,""Y"":null,""Z"":null,""dX"":4.657693556634223,""dY"":-1.9539690476779927,""dZ"":0.16464449877620752}","{""amplitude_uT"":570.4071067943488,""contact_threshold_uT"":40.0,""contact_gate"":""shape-aware ridge classifier + amplitude floor"",""cosine_similarity"":0.9897974431968563,""anti_jump_policy"":""快速门控（阈值/形状）"",""calibration_depth_range_mm"":[0.2,0.8],""depth_extrapolated"":false,""relative_reference"":""first valid prediction since B0/no-contact"",""xy_semantics"":""continuous XY RBF refit on all 441 positions at 1 mm spacing"",""fit_model"":""441点1 mm连续XY/RBF＋跨深度连续Z＋接触/释放门控"",""fit_variant"":""dense441_1mm_continuous_development"",""evidence_tier"":""development_dense441_single_repeat_random_validation_pending"",""continuous_xy_method"":""kernel_rbf"",""working_range_model"":false,""working_range_mm"":null,""outside_declared_working_range"":false,""calibration_domain_mm"":{""x"":[-10.0,10.0],""y"":[-10.0,10.0],""depth"":[0.2,0.8]},""xy_outside_calibration_domain"":false,""excluded_calibration_samples"":0,""uncorrected_static_xyz_mm"":[2.334197684536005,-1.674500056076652,0.3411724910643667],""unaligned_xyz_mm"":[1.1014805983962246,-1.0434139731938536,0.3411724910643667],""xy_rotation_deg"":-4.580684956890044,""xy_translation_mm"":[1.3195654319610284,-0.5464514666381837],""xy_translation_source"":""five_point_reassembly"",""xy_translation_details"":{""preset"":""5×5｜441点1mm连续"",""calibration_points"":5,""calibration_strategy"":""rigid_rotation_translation_v1"",""calibration_rms_mm"":0.507358956567797,""check_rms_mm"":null},""dynamic_model_enabled"":false,""dynamic_history_ready"":false,""dynamic_gate"":0.0,""contact_score"":0.9997264391684957,""contact_score_threshold"":0.49492851692021117,""status"":""有效"",""preset"":""5×5｜441点1mm连续"",""needs_baseline"":false,""display.contact"":true,""display.contact_reason"":""拟合响应/相似度接触门控"",""display.contact_segment"":611,""display.contact_age_ms"":4719.6172,""display.contact_last_end_ns"":1240476446514800}"
S20260919_A,000133,368,1240481188929100,1240481200138200,NormalizedFit,1,1,True,unknown,False,False,0.0,3.3789222572851934,nan,nan,2.72171227895074,-1.9797210160470522,0.3001709346483483,x,y,z,2.72171227895074,-1.9797210160470522,0.3001709346483483,,,,,,,,5.045208151048959,-2.259190007648393,0.12364294236018913,"{""x"":2.72171227895074,""y"":-1.9797210160470522,""z"":0.3001709346483483,""dx"":null,""dy"":null,""mode5"":null,""Q"":null,""X"":null,""Y"":null,""Z"":null,""dX"":5.045208151048959,""dY"":-2.259190007648393,""dZ"":0.12364294236018913}","{""amplitude_uT"":472.6902462876719,""contact_threshold_uT"":40.0,""contact_gate"":""shape-aware ridge classifier + amplitude floor"",""cosine_similarity"":0.9879315604128395,""anti_jump_policy"":""快速门控（阈值/形状）"",""calibration_depth_range_mm"":[0.2,0.8],""depth_extrapolated"":false,""relative_reference"":""first valid prediction since B0/no-contact"",""xy_semantics"":""continuous XY RBF refit on all 441 positions at 1 mm spacing"",""fit_model"":""441点1 mm连续XY/RBF＋跨深度连续Z＋接触/释放门控"",""fit_variant"":""dense441_1mm_continuous_development"",""evidence_tier"":""development_dense441_single_repeat_random_validation_pending"",""continuous_xy_method"":""kernel_rbf"",""working_range_model"":false,""working_range_mm"":null,""outside_declared_working_range"":false,""calibration_domain_mm"":{""x"":[-10.0,10.0],""y"":[-10.0,10.0],""depth"":[0.2,0.8]},""xy_outside_calibration_domain"":false,""excluded_calibration_samples"":0,""uncorrected_static_xyz_mm"":[2.72171227895074,-1.9797210160470522,0.3001709346483483],""unaligned_xyz_mm"":[1.5121332454205207,-1.316711976811897,0.3001709346483483],""xy_rotation_deg"":-4.580684956890044,""xy_translation_mm"":[1.3195654319610284,-0.5464514666381837],""xy_translation_source"":""five_point_reassembly"",""xy_translation_details"":{""preset"":""5×5｜441点1mm连续"",""calibration_points"":5,""calibration_strategy"":""rigid_rotation_translation_v1"",""calibration_rms_mm"":0.507358956567797,""check_rms_mm"":null},""dynamic_model_enabled"":false,""dynamic_history_ready"":false,""dynamic_gate"":0.0,""contact_score"":0.999962815634164,""contact_score_threshold"":0.49492851692021117,""status"":""有效"",""preset"":""5×5｜441点1mm连续"",""needs_baseline"":false,""display.contact"":true,""display.contact_reason"":""拟合响应/相似度接触门控"",""display.contact_segment"":611,""display.contact_age_ms"":4730.5242,""display.contact_last_end_ns"":1240476446514800}"
S20260919_A,000133,369,1240481214843300,1240481250951300,NormalizedFit,1,1,True,unknown,False,False,0.0,3.4095451084227704,nan,nan,2.2515814297659147,-2.5520306774035566,0.20619974077109282,x,y,z,2.2515814297659147,-2.5520306774035566,0.20619974077109282,,,,,,,,4.575077301864134,-2.8314996690048972,0.029671748482933635,"{""x"":2.2515814297659147,""y"":-2.5520306774035566,""z"":0.20619974077109282,""dx"":null,""dy"":null,""mode5"":null,""Q"":null,""X"":null,""Y"":null,""Z"":null,""dX"":4.575077301864134,""dY"":-2.8314996690048972,""dZ"":0.029671748482933635}","{""amplitude_uT"":319.0111392106862,""contact_threshold_uT"":40.0,""contact_gate"":""shape-aware ridge classifier + amplitude floor"",""cosine_similarity"":0.9853776359053001,""anti_jump_policy"":""快速门控（阈值/形状）"",""calibration_depth_range_mm"":[0.2,0.8],""depth_extrapolated"":false,""relative_reference"":""first valid prediction since B0/no-contact"",""xy_semantics"":""continuous XY RBF refit on all 441 positions at 1 mm spacing"",""fit_model"":""441点1 mm连续XY/RBF＋跨深度连续Z＋接触/释放门控"",""fit_variant"":""dense441_1mm_continuous_development"",""evidence_tier"":""development_dense441_single_repeat_random_validation_pending"",""continuous_xy_method"":""kernel_rbf"",""working_range_model"":false,""working_range_mm"":null,""outside_declared_working_range"":false,""calibration_domain_mm"":{""x"":[-10.0,10.0],""y"":[-10.0,10.0],""depth"":[0.2,0.8]},""xy_outside_calibration_domain"":false,""excluded_calibration_samples"":0,""uncorrected_static_xyz_mm"":[2.2515814297659147,-2.5520306774035566,0.20619974077109282],""unaligned_xyz_mm"":[1.0892103671760323,-1.9247396101433427,0.20619974077109282],""xy_rotation_deg"":-4.580684956890044,""xy_translation_mm"":[1.3195654319610284,-0.5464514666381837],""xy_translation_source"":""five_point_reassembly"",""xy_translation_details"":{""preset"":""5×5｜441点1mm连续"",""calibration_points"":5,""calibration_strategy"":""rigid_rotation_translation_v1"",""calibration_rms_mm"":0.507358956567797,""check_rms_mm"":null},""dynamic_model_enabled"":false,""dynamic_history_ready"":false,""dynamic_gate"":0.0,""contact_score"":1.0006505300849786,""contact_score_threshold"":0.49492851692021117,""status"":""有效"",""preset"":""5×5｜441点1mm连续"",""needs_baseline"":false,""display.contact"":true,""display.contact_reason"":""拟合响应/相似度接触门控"",""display.contact_segment"":611,""display.contact_age_ms"":4756.4384,""display.contact_last_end_ns"":1240476446514800}"
S20260919_A,000133,370,1240481241802700,1240481254332300,NormalizedFit,1,1,True,unknown,False,False,0.0,2.980817047429272,nan,nan,0.7576370757121179,-2.877458666269738,0.17744845916640994,x,y,z,0.7576370757121179,-2.877458666269738,0.17744845916640994,,,,,,,,3.0811329478103366,-3.1569276578710785,0.0009204668782507586,"{""x"":0.7576370757121179,""y"":-2.877458666269738,""z"":0.17744845916640994,""dx"":null,""dy"":null,""mode5"":null,""Q"":null,""X"":null,""Y"":null,""Z"":null,""dX"":3.0811329478103366,""dY"":-3.1569276578710785,""dZ"":0.0009204668782507586}","{""amplitude_uT"":277.51106298758594,""contact_threshold_uT"":40.0,""contact_gate"":""shape-aware ridge classifier + amplitude floor"",""cosine_similarity"":0.9857380754916867,""anti_jump_policy"":""快速门控（阈值/形状）"",""calibration_depth_range_mm"":[0.2,0.8],""depth_extrapolated"":true,""relative_reference"":""first valid prediction since B0/no-contact"",""xy_semantics"":""continuous XY RBF refit on all 441 positions at 1 mm spacing"",""fit_model"":""441点1 mm连续XY/RBF＋跨深度连续Z＋接触/释放门控"",""fit_variant"":""dense441_1mm_continuous_development"",""evidence_tier"":""development_dense441_single_repeat_random_validation_pending"",""continuous_xy_method"":""kernel_rbf"",""working_range_model"":false,""working_range_mm"":null,""outside_declared_working_range"":false,""calibration_domain_mm"":{""x"":[-10.0,10.0],""y"":[-10.0,10.0],""depth"":[0.2,0.8]},""xy_outside_calibration_domain"":false,""excluded_calibration_samples"":0,""uncorrected_static_xyz_mm"":[0.7576370757121179,-2.877458666269738,0.17744845916640994],""unaligned_xyz_mm"":[-0.37397249495799656,-2.3684388561467307,0.17744845916640994],""xy_rotation_deg"":-4.580684956890044,""xy_translation_mm"":[1.3195654319610284,-0.5464514666381837],""xy_translation_source"":""five_point_reassembly"",""xy_translation_details"":{""preset"":""5×5｜441点1mm连续"",""calibration_points"":5,""calibration_strategy"":""rigid_rotation_translation_v1"",""calibration_rms_mm"":0.507358956567797,""check_rms_mm"":null},""dynamic_model_enabled"":false,""dynamic_history_ready"":false,""dynamic_gate"":0.0,""contact_score"":1.0001131138523078,""contact_score_threshold"":0.49492851692021117,""status"":""有效"",""preset"":""5×5｜441点1mm连续"",""needs_baseline"":false,""display.contact"":true,""display.contact_reason"":""拟合响应/相似度接触门控"",""display.contact_segment"":611,""display.contact_age_ms"":4783.3978,""display.contact_last_end_ns"":1240476446514800}"
S20260919_A,000133,371,1240481253818600,1240481287911900,NormalizedFit,1,1,True,unknown,False,False,0.0,2.400684903226911,nan,nan,0.4347541812439323,-2.3551781857988505,0.16556726611790384,x,y,z,0.4347541812439323,-2.3551781857988505,0.16556726611790384,,,,,,,,2.758250053342151,-2.634647177400191,-0.010960726170255342,"{""x"":0.4347541812439323,""y"":-2.3551781857988505,""z"":0.16556726611790384,""dx"":null,""dy"":null,""mode5"":null,""Q"":null,""X"":null,""Y"":null,""Z"":null,""dX"":2.758250053342151,""dY"":-2.634647177400191,""dZ"":-0.010960726170255342}","{""amplitude_uT"":264.27386219554495,""contact_threshold_uT"":40.0,""contact_gate"":""shape-aware ridge classifier + amplitude floor"",""cosine_similarity"":0.9896205323488658,""anti_jump_policy"":""快速门控（阈值/形状）"",""calibration_depth_range_mm"":[0.2,0.8],""depth_extrapolated"":true,""relative_reference"":""first valid prediction since B0/no-contact"",""xy_semantics"":""continuous XY RBF refit on all 441 positions at 1 mm spacing"",""fit_model"":""441点1 mm连续XY/RBF＋跨深度连续Z＋接触/释放门控"",""fit_variant"":""dense441_1mm_continuous_development"",""evidence_tier"":""development_dense441_single_repeat_random_validation_pending"",""continuous_xy_method"":""kernel_rbf"",""working_range_model"":false,""working_range_mm"":null,""outside_declared_working_range"":false,""calibration_domain_mm"":{""x"":[-10.0,10.0],""y"":[-10.0,10.0],""depth"":[0.2,0.8]},""xy_outside_calibration_domain"":false,""excluded_calibration_samples"":0,""uncorrected_static_xyz_mm"":[0.4347541812439323,-2.3551781857988505,0.16556726611790384],""unaligned_xyz_mm"":[-0.737534886476539,-1.8736129763724687,0.16556726611790384],""xy_rotation_deg"":-4.580684956890044,""xy_translation_mm"":[1.3195654319610284,-0.5464514666381837],""xy_translation_source"":""five_point_reassembly"",""xy_translation_details"":{""preset"":""5×5｜441点1mm连续"",""calibration_points"":5,""calibration_strategy"":""rigid_rotation_translation_v1"",""calibration_rms_mm"":0.507358956567797,""check_rms_mm"":null},""dynamic_model_enabled"":false,""dynamic_history_ready"":false,""dynamic_gate"":0.0,""contact_score"":0.9996179310875302,""contact_score_threshold"":0.49492851692021117,""status"":""有效"",""preset"":""5×5｜441点1mm连续"",""needs_baseline"":false,""display.contact"":true,""display.contact_reason"":""拟合响应/相似度接触门控"",""display.contact_segment"":611,""display.contact_age_ms"":4795.4137,""display.contact_last_end_ns"":1240476446514800}"
S20260919_A,000133,372,1240481265676500,1240481290785800,NormalizedFit,1,1,True,unknown,False,False,0.0,2.3826103706833193,nan,nan,-0.09527007973975699,-2.3741789750595386,0.17615329908725463,x,y,z,-0.09527007973975699,-2.3741789750595386,0.17615329908725463,,,,,,,,2.2282257923584616,-2.653647966660879,-0.00037469320090455227,"{""x"":-0.09527007973975699,""y"":-2.3741789750595386,""z"":0.17615329908725463,""dx"":null,""dy"":null,""mode5"":null,""Q"":null,""X"":null,""Y"":null,""Z"":null,""dX"":2.2282257923584616,""dY"":-2.653647966660879,""dZ"":-0.00037469320090455227}","{""amplitude_uT"":235.28649021087023,""contact_threshold_uT"":40.0,""contact_gate"":""shape-aware ridge classifier + amplitude floor"",""cosine_similarity"":0.9929737361303201,""anti_jump_policy"":""快速门控（阈值/形状）"",""calibration_depth_range_mm"":[0.2,0.8],""depth_extrapolated"":true,""relative_reference"":""first valid prediction since B0/no-contact"",""xy_semantics"":""continuous XY RBF refit on all 441 positions at 1 mm spacing"",""fit_model"":""441点1 mm连续XY/RBF＋跨深度连续Z＋接触/释放门控"",""fit_variant"":""dense441_1mm_continuous_development"",""evidence_tier"":""development_dense441_single_repeat_random_validation_pending"",""continuous_xy_method"":""kernel_rbf"",""working_range_model"":false,""working_range_mm"":null,""outside_declared_working_range"":false,""calibration_domain_mm"":{""x"":[-10.0,10.0],""y"":[-10.0,10.0],""depth"":[0.2,0.8]},""xy_outside_calibration_domain"":false,""excluded_calibration_samples"":0,""uncorrected_static_xyz_mm"":[-0.09527007973975699,-2.3741789750595386,0.17615329908725463],""unaligned_xyz_mm"":[-1.2643487165530112,-1.9348823460770195,0.17615329908725463],""xy_rotation_deg"":-4.580684956890044,""xy_translation_mm"":[1.3195654319610284,-0.5464514666381837],""xy_translation_source"":""five_point_reassembly"",""xy_translation_details"":{""preset"":""5×5｜441点1mm连续"",""calibration_points"":5,""calibration_strategy"":""rigid_rotation_translation_v1"",""calibration_rms_mm"":0.507358956567797,""check_rms_mm"":null},""dynamic_model_enabled"":false,""dynamic_history_ready"":false,""dynamic_gate"":0.0,""contact_score"":0.9984041049665728,""contact_score_threshold"":0.49492851692021117,""status"":""有效"",""preset"":""5×5｜441点1mm连续"",""needs_baseline"":false,""display.contact"":true,""display.contact_reason"":""拟合响应/相似度接触门控"",""display.contact_segment"":611,""display.contact_age_ms"":4807.2716,""display.contact_last_end_ns"":1240476446514800}"
S20260919_A,000133,373,1240481292563400,1240481329298800,NormalizedFit,1,1,True,unknown,False,False,0.0,2.280634398384157,nan,nan,-0.5432203950468533,-2.2072110382845285,0.18553785051342053,x,y,z,-0.5432203950468533,-2.2072110382845285,0.18553785051342053,,,,,,,,1.7802754770513656,-2.486680029885869,0.009009858225261347,"{""x"":-0.5432203950468533,""y"":-2.2072110382845285,""z"":0.18553785051342053,""dx"":null,""dy"":null,""mode5"":null,""Q"":null,""X"":null,""Y"":null,""Z"":null,""dX"":1.7802754770513656,""dY"":-2.486680029885869,""dZ"":0.009009858225261347}","{""amplitude_uT"":211.877778349925,""contact_threshold_uT"":40.0,""contact_gate"":""shape-aware ridge classifier + amplitude floor"",""cosine_similarity"":0.9923792755741674,""anti_jump_policy"":""快速门控（阈值/形状）"",""calibration_depth_range_mm"":[0.2,0.8],""depth_extrapolated"":true,""relative_reference"":""first valid prediction since B0/no-contact"",""xy_semantics"":""continuous XY RBF refit on all 441 positions at 1 mm spacing"",""fit_model"":""441点1 mm连续XY/RBF＋跨深度连续Z＋接触/释放门控"",""fit_variant"":""dense441_1mm_continuous_development"",""evidence_tier"":""development_dense441_single_repeat_random_validation_pending"",""continuous_xy_method"":""kernel_rbf"",""working_range_model"":false,""working_range_mm"":null,""outside_declared_working_range"":false,""calibration_domain_mm"":{""x"":[-10.0,10.0],""y"":[-10.0,10.0],""depth"":[0.2,0.8]},""xy_outside_calibration_domain"":false,""excluded_calibration_samples"":0,""uncorrected_static_xyz_mm"":[-0.5432203950468533,-2.2072110382845285,0.18553785051342053],""unaligned_xyz_mm"":[-1.7242027575674386,-1.8042223374388282,0.18553785051342053],""xy_rotation_deg"":-4.580684956890044,""xy_translation_mm"":[1.3195654319610284,-0.5464514666381837],""xy_translation_source"":""five_point_reassembly"",""xy_translation_details"":{""preset"":""5×5｜441点1mm连续"",""calibration_points"":5,""calibration_strategy"":""rigid_rotation_translation_v1"",""calibration_rms_mm"":0.507358956567797,""check_rms_mm"":null},""dynamic_model_enabled"":false,""dynamic_history_ready"":false,""dynamic_gate"":0.0,""contact_score"":0.9978300600637636,""contact_score_threshold"":0.49492851692021117,""status"":""有效"",""preset"":""5×5｜441点1mm连续"",""needs_baseline"":false,""display.contact"":true,""display.contact_reason"":""拟合响应/相似度接触门控"",""display.contact_segment"":611,""display.contact_age_ms"":4834.1585,""display.contact_last_end_ns"":1240476446514800}"
S20260919_A,000133,374,1240481319485700,1240481334108900,NormalizedFit,1,1,True,unknown,False,False,0.0,2.1947817847458575,nan,nan,-0.027999421160434412,-2.186312441164228,0.19058075631450044,x,y,z,-0.027999421160434412,-2.186312441164228,0.19058075631450044,,,,,,,,2.2954964509377844,-2.4657814327655685,0.014052764026341258,"{""x"":-0.027999421160434412,""y"":-2.186312441164228,""z"":0.19058075631450044,""dx"":null,""dy"":null,""mode5"":null,""Q"":null,""X"":null,""Y"":null,""Z"":null,""dX"":2.2954964509377844,""dY"":-2.4657814327655685,""dZ"":0.014052764026341258}","{""amplitude_uT"":196.98990463853715,""contact_threshold_uT"":40.0,""contact_gate"":""shape-aware ridge classifier + amplitude floor"",""cosine_similarity"":0.9888826292625903,""anti_jump_policy"":""快速门控（阈值/形状）"",""calibration_depth_range_mm"":[0.2,0.8],""depth_extrapolated"":true,""relative_reference"":""first valid prediction since B0/no-contact"",""xy_semantics"":""continuous XY RBF refit on all 441 positions at 1 mm spacing"",""fit_model"":""441点1 mm连续XY/RBF＋跨深度连续Z＋接触/释放门控"",""fit_variant"":""dense441_1mm_continuous_development"",""evidence_tier"":""development_dense441_single_repeat_random_validation_pending"",""continuous_xy_method"":""kernel_rbf"",""working_range_model"":false,""working_range_mm"":null,""outside_declared_working_range"":false,""calibration_domain_mm"":{""x"":[-10.0,10.0],""y"":[-10.0,10.0],""depth"":[0.2,0.8]},""xy_outside_calibration_domain"":false,""excluded_calibration_samples"":0,""uncorrected_static_xyz_mm"":[-0.027999421160434412,-2.186312441164228,0.19058075631450044],""unaligned_xyz_mm"":[-1.2122964952126716,-1.7422434550994446,0.19058075631450044],""xy_rotation_deg"":-4.580684956890044,""xy_translation_mm"":[1.3195654319610284,-0.5464514666381837],""xy_translation_source"":""five_point_reassembly"",""xy_translation_details"":{""preset"":""5×5｜441点1mm连续"",""calibration_points"":5,""calibration_strategy"":""rigid_rotation_translation_v1"",""calibration_rms_mm"":0.507358956567797,""check_rms_mm"":null},""dynamic_model_enabled"":false,""dynamic_history_ready"":false,""dynamic_gate"":0.0,""contact_score"":0.997978181468056,""contact_score_threshold"":0.49492851692021117,""status"":""有效"",""preset"":""5×5｜441点1mm连续"",""needs_baseline"":false,""display.contact"":true,""display.contact_reason"":""拟合响应/相似度接触门控"",""display.contact_segment"":611,""display.contact_age_ms"":4861.0808,""display.contact_last_end_ns"":1240476446514800}"
S20260919_A,000133,375,1240481331611800,1240481388839500,NormalizedFit,1,1,True,unknown,False,False,0.0,2.6093551420898162,nan,nan,-0.8555575490977299,-2.4578786501561742,0.1886480289823197,x,y,z,-0.8555575490977299,-2.4578786501561742,0.1886480289823197,,,,,,,,1.467938323000489,-2.737347641757515,0.012120036694160508,"{""x"":-0.8555575490977299,""y"":-2.4578786501561742,""z"":0.1886480289823197,""dx"":null,""dy"":null,""mode5"":null,""Q"":null,""X"":null,""Y"":null,""Z"":null,""dX"":1.467938323000489,""dY"":-2.737347641757515,""dZ"":0.012120036694160508}","{""amplitude_uT"":196.86778106510965,""contact_threshold_uT"":40.0,""contact_gate"":""shape-aware ridge classifier + amplitude floor"",""cosine_similarity"":0.9905588431162389,""anti_jump_policy"":""快速门控（阈值/形状）"",""calibration_depth_range_mm"":[0.2,0.8],""depth_extrapolated"":true,""relative_reference"":""first valid prediction since B0/no-contact"",""xy_semantics"":""continuous XY RBF refit on all 441 positions at 1 mm spacing"",""fit_model"":""441点1 mm连续XY/RBF＋跨深度连续Z＋接触/释放门控"",""fit_variant"":""dense441_1mm_continuous_development"",""evidence_tier"":""development_dense441_single_repeat_random_validation_pending"",""continuous_xy_method"":""kernel_rbf"",""working_range_model"":false,""working_range_mm"":null,""outside_declared_working_range"":false,""calibration_domain_mm"":{""x"":[-10.0,10.0],""y"":[-10.0,10.0],""depth"":[0.2,0.8]},""xy_outside_calibration_domain"":false,""excluded_calibration_samples"":0,""uncorrected_static_xyz_mm"":[-0.8555575490977299,-2.4578786501561742,0.1886480289823197],""unaligned_xyz_mm"":[-2.0155232212671086,-2.0790334305043094,0.1886480289823197],""xy_rotation_deg"":-4.580684956890044,""xy_translation_mm"":[1.3195654319610284,-0.5464514666381837],""xy_translation_source"":""five_point_reassembly"",""xy_translation_details"":{""preset"":""5×5｜441点1mm连续"",""calibration_points"":5,""calibration_strategy"":""rigid_rotation_translation_v1"",""calibration_rms_mm"":0.507358956567797,""check_rms_mm"":null},""dynamic_model_enabled"":false,""dynamic_history_ready"":false,""dynamic_gate"":0.0,""contact_score"":0.9980827282887004,""contact_score_threshold"":0.49492851692021117,""status"":""有效"",""preset"":""5×5｜441点1mm连续"",""needs_baseline"":false,""display.contact"":true,""display.contact_reason"":""拟合响应/相似度接触门控"",""display.contact_segment"":611,""display.contact_age_ms"":4873.2069,""display.contact_last_end_ns"":1240476446514800}"
S20260919_A,000133,376,1240481343407600,1240481392106400,NormalizedFit,1,1,True,unknown,False,False,0.0,2.627072313876729,nan,nan,-0.9852189452295124,-2.4285549121172734,0.18158637374412823,x,y,z,-0.9852189452295124,-2.4285549121172734,0.18158637374412823,,,,,,,,1.3382769268687065,-2.708023903718614,0.005058381455969041,"{""x"":-0.9852189452295124,""y"":-2.4285549121172734,""z"":0.18158637374412823,""dx"":null,""dy"":null,""mode5"":null,""Q"":null,""X"":null,""Y"":null,""Z"":null,""dX"":1.3382769268687065,""dY"":-2.708023903718614,""dZ"":0.005058381455969041}","{""amplitude_uT"":187.80036306607582,""contact_threshold_uT"":40.0,""contact_gate"":""shape-aware ridge classifier + amplitude floor"",""cosine_similarity"":0.9927005922600138,""anti_jump_policy"":""快速门控（阈值/形状）"",""calibration_depth_range_mm"":[0.2,0.8],""depth_extrapolated"":true,""relative_reference"":""first valid prediction since B0/no-contact"",""xy_semantics"":""continuous XY RBF refit on all 441 positions at 1 mm spacing"",""fit_model"":""441点1 mm连续XY/RBF＋跨深度连续Z＋接触/释放门控"",""fit_variant"":""dense441_1mm_continuous_development"",""evidence_tier"":""development_dense441_single_repeat_random_validation_pending"",""continuous_xy_method"":""kernel_rbf"",""working_range_model"":false,""working_range_mm"":null,""outside_declared_working_range"":false,""calibration_domain_mm"":{""x"":[-10.0,10.0],""y"":[-10.0,10.0],""depth"":[0.2,0.8]},""xy_outside_calibration_domain"":false,""excluded_calibration_samples"":0,""uncorrected_static_xyz_mm"":[-0.9852189452295124,-2.4285549121172734,0.18158637374412823],""unaligned_xyz_mm"":[-2.14711233905616,-2.060158491062917,0.18158637374412823],""xy_rotation_deg"":-4.580684956890044,""xy_translation_mm"":[1.3195654319610284,-0.5464514666381837],""xy_translation_source"":""five_point_reassembly"",""xy_translation_details"":{""preset"":""5×5｜441点1mm连续"",""calibration_points"":5,""calibration_strategy"":""rigid_rotation_translation_v1"",""calibration_rms_mm"":0.507358956567797,""check_rms_mm"":null},""dynamic_model_enabled"":false,""dynamic_history_ready"":false,""dynamic_gate"":0.0,""contact_score"":0.9980389650642602,""contact_score_threshold"":0.49492851692021117,""status"":""有效"",""preset"":""5×5｜441点1mm连续"",""needs_baseline"":false,""display.contact"":true,""display.contact_reason"":""拟合响应/相似度接触门控"",""display.contact_segment"":611,""display.contact_age_ms"":4885.0027,""display.contact_last_end_ns"":1240476446514800}"
S20260919_A,000133,377,1240481369390800,1240481395005200,NormalizedFit,1,1,True,unknown,False,False,0.0,1.710230989910329,nan,nan,-1.4115643602484094,-0.9475593663160222,0.1857615219385894,x,y,z,-1.4115643602484094,-0.9475593663160222,0.1857615219385894,,,,,,,,0.9119315118498095,-1.2270283579173629,0.009233529650430228,"{""x"":-1.4115643602484094,""y"":-0.9475593663160222,""z"":0.1857615219385894,""dx"":null,""dy"":null,""mode5"":null,""Q"":null,""X"":null,""Y"":null,""Z"":null,""dX"":0.9119315118498095,""dY"":-1.2270283579173629,""dZ"":0.009233529650430228}","{""amplitude_uT"":174.65021624807673,""contact_threshold_uT"":40.0,""contact_gate"":""shape-aware ridge classifier + amplitude floor"",""cosine_similarity"":0.9901777328981899,""anti_jump_policy"":""快速门控（阈值/形状）"",""calibration_depth_range_mm"":[0.2,0.8],""depth_extrapolated"":true,""relative_reference"":""first valid prediction since B0/no-contact"",""xy_semantics"":""continuous XY RBF refit on all 441 positions at 1 mm spacing"",""fit_model"":""441点1 mm连续XY/RBF＋跨深度连续Z＋接触/释放门控"",""fit_variant"":""dense441_1mm_continuous_development"",""evidence_tier"":""development_dense441_single_repeat_random_validation_pending"",""continuous_xy_method"":""kernel_rbf"",""working_range_model"":false,""working_range_mm"":null,""outside_declared_working_range"":false,""calibration_domain_mm"":{""x"":[-10.0,10.0],""y"":[-10.0,10.0],""depth"":[0.2,0.8]},""xy_outside_calibration_domain"":false,""excluded_calibration_samples"":0,""uncorrected_static_xyz_mm"":[-1.4115643602484094,-0.9475593663160222,0.1857615219385894],""unaligned_xyz_mm"":[-2.6903725372909566,-0.617942634609844,0.1857615219385894],""xy_rotation_deg"":-4.580684956890044,""xy_translation_mm"":[1.3195654319610284,-0.5464514666381837],""xy_translation_source"":""five_point_reassembly"",""xy_translation_details"":{""preset"":""5×5｜441点1mm连续"",""calibration_points"":5,""calibration_strategy"":""rigid_rotation_translation_v1"",""calibration_rms_mm"":0.507358956567797,""check_rms_mm"":null},""dynamic_model_enabled"":false,""dynamic_history_ready"":false,""dynamic_gate"":0.0,""contact_score"":0.9980651991151936,""contact_score_threshold"":0.49492851692021117,""status"":""有效"",""preset"":""5×5｜441点1mm连续"",""needs_baseline"":false,""display.contact"":true,""display.contact_reason"":""拟合响应/相似度接触门控"",""display.contact_segment"":611,""display.contact_age_ms"":4910.9859,""display.contact_last_end_ns"":1240476446514800}"
S20260919_A,000133,378,1240481396365800,1240481450011300,NormalizedFit,1,1,True,unknown,False,False,0.0,1.4129719418160878,nan,nan,-0.728809660864407,-1.1966439372137208,0.18267313464184676,x,y,z,-0.728809660864407,-1.1966439372137208,0.18267313464184676,,,,,,,,1.5946862112338118,-1.4761129288150614,0.0061451423536875716,"{""x"":-0.728809660864407,""y"":-1.1966439372137208,""z"":0.18267313464184676,""dx"":null,""dy"":null,""mode5"":null,""Q"":null,""X"":null,""Y"":null,""Z"":null,""dX"":1.5946862112338118,""dY"":-1.4761129288150614,""dZ"":0.0061451423536875716}","{""amplitude_uT"":173.5975464184327,""contact_threshold_uT"":40.0,""contact_gate"":""shape-aware ridge classifier + amplitude floor"",""cosine_similarity"":0.9908526714939797,""anti_jump_policy"":""快速门控（阈值/形状）"",""calibration_depth_range_mm"":[0.2,0.8],""depth_extrapolated"":true,""relative_reference"":""first valid prediction since B0/no-contact"",""xy_semantics"":""continuous XY RBF refit on all 441 positions at 1 mm spacing"",""fit_model"":""441点1 mm连续XY/RBF＋跨深度连续Z＋接触/释放门控"",""fit_variant"":""dense441_1mm_continuous_development"",""evidence_tier"":""development_dense441_single_repeat_random_validation_pending"",""continuous_xy_method"":""kernel_rbf"",""working_range_model"":false,""working_range_mm"":null,""outside_declared_working_range"":false,""calibration_domain_mm"":{""x"":[-10.0,10.0],""y"":[-10.0,10.0],""depth"":[0.2,0.8]},""xy_outside_calibration_domain"":false,""excluded_calibration_samples"":0,""uncorrected_static_xyz_mm"":[-0.728809660864407,-1.1966439372137208,0.18267313464184676],""unaligned_xyz_mm"":[-1.9899060387076717,-0.811704827394462,0.18267313464184676],""xy_rotation_deg"":-4.580684956890044,""xy_translation_mm"":[1.3195654319610284,-0.5464514666381837],""xy_translation_source"":""five_point_reassembly"",""xy_translation_details"":{""preset"":""5×5｜441点1mm连续"",""calibration_points"":5,""calibration_strategy"":""rigid_rotation_translation_v1"",""calibration_rms_mm"":0.507358956567797,""check_rms_mm"":null},""dynamic_model_enabled"":false,""dynamic_history_ready"":false,""dynamic_gate"":0.0,""contact_score"":0.9974286322365786,""contact_score_threshold"":0.49492851692021117,""status"":""有效"",""preset"":""5×5｜441点1mm连续"",""needs_baseline"":false,""display.contact"":true,""display.contact_reason"":""拟合响应/相似度接触门控"",""display.contact_segment"":611,""display.contact_age_ms"":4937.9609,""display.contact_last_end_ns"":1240476446514800}"
S20260919_A,000133,379,1240481407199900,1240481453705600,NormalizedFit,1,1,True,unknown,False,False,0.0,1.129326842675136,nan,nan,-0.8773995853445025,-0.6846131118221181,0.19197388453933673,x,y,z,-0.8773995853445025,-0.6846131118221181,0.19197388453933673,,,,,,,,1.4460962867537164,-0.9640821034234588,0.01544589225117754,"{""x"":-0.8773995853445025,""y"":-0.6846131118221181,""z"":0.19197388453933673,""dx"":null,""dy"":null,""mode5"":null,""Q"":null,""X"":null,""Y"":null,""Z"":null,""dX"":1.4460962867537164,""dY"":-0.9640821034234588,""dZ"":0.01544589225117754}","{""amplitude_uT"":170.11505906444577,""contact_threshold_uT"":40.0,""contact_gate"":""shape-aware ridge classifier + amplitude floor"",""cosine_similarity"":0.9907662375881232,""anti_jump_policy"":""快速门控（阈值/形状）"",""calibration_depth_range_mm"":[0.2,0.8],""depth_extrapolated"":true,""relative_reference"":""first valid prediction since B0/no-contact"",""xy_semantics"":""continuous XY RBF refit on all 441 positions at 1 mm spacing"",""fit_model"":""441点1 mm连续XY/RBF＋跨深度连续Z＋接触/释放门控"",""fit_variant"":""dense441_1mm_continuous_development"",""evidence_tier"":""development_dense441_single_repeat_random_validation_pending"",""continuous_xy_method"":""kernel_rbf"",""working_range_model"":false,""working_range_mm"":null,""outside_declared_working_range"":false,""calibration_domain_mm"":{""x"":[-10.0,10.0],""y"":[-10.0,10.0],""depth"":[0.2,0.8]},""xy_outside_calibration_domain"":false,""excluded_calibration_samples"":0,""uncorrected_static_xyz_mm"":[-0.8773995853445025,-0.6846131118221181,0.19197388453933673],""unaligned_xyz_mm"":[-2.1789136096521258,-0.31317632275918683,0.19197388453933673],""xy_rotation_deg"":-4.580684956890044,""xy_translation_mm"":[1.3195654319610284,-0.5464514666381837],""xy_translation_source"":""five_point_reassembly"",""xy_translation_details"":{""preset"":""5×5｜441点1mm连续"",""calibration_points"":5,""calibration_strategy"":""rigid_rotation_translation_v1"",""calibration_rms_mm"":0.507358956567797,""check_rms_mm"":null},""dynamic_model_enabled"":false,""dynamic_history_ready"":false,""dynamic_gate"":0.0,""contact_score"":0.9969900876438607,""contact_score_threshold"":0.49492851692021117,""status"":""有效"",""preset"":""5×5｜441点1mm连续"",""needs_baseline"":false,""display.contact"":true,""display.contact_reason"":""拟合响应/相似度接触门控"",""display.contact_segment"":611,""display.contact_age_ms"":4948.795,""display.contact_last_end_ns"":1240476446514800}"
S20260919_A,000133,380,1240481434107400,1240481456370200,NormalizedFit,1,1,True,unknown,False,False,0.0,2.034441327534711,nan,nan,-1.9973597179378764,-0.34923897383912655,0.1659452062944825,x,y,z,-1.9973597179378764,-0.34923897383912655,0.1659452062944825,,,,,,,,0.3261361541603425,-0.6287079654404673,-0.01058278599367668,"{""x"":-1.9973597179378764,""y"":-0.34923897383912655,""z"":0.1659452062944825,""dx"":null,""dy"":null,""mode5"":null,""Q"":null,""X"":null,""Y"":null,""Z"":null,""dX"":0.3261361541603425,""dY"":-0.6287079654404673,""dZ"":-0.01058278599367668}","{""amplitude_uT"":167.8809346367239,""contact_threshold_uT"":40.0,""contact_gate"":""shape-aware ridge classifier + amplitude floor"",""cosine_similarity"":0.9924062746082771,""anti_jump_policy"":""快速门控（阈值/形状）"",""calibration_depth_range_mm"":[0.2,0.8],""depth_extrapolated"":true,""relative_reference"":""first valid prediction since B0/no-contact"",""xy_semantics"":""continuous XY RBF refit on all 441 positions at 1 mm spacing"",""fit_model"":""441点1 mm连续XY/RBF＋跨深度连续Z＋接触/释放门控"",""fit_variant"":""dense441_1mm_continuous_development"",""evidence_tier"":""development_dense441_single_repeat_random_validation_pending"",""continuous_xy_method"":""kernel_rbf"",""working_range_model"":false,""working_range_mm"":null,""outside_declared_working_range"":false,""calibration_domain_mm"":{""x"":[-10.0,10.0],""y"":[-10.0,10.0],""depth"":[0.2,0.8]},""xy_outside_calibration_domain"":false,""excluded_calibration_samples"":0,""uncorrected_static_xyz_mm"":[-1.9973597179378764,-0.34923897383912655,0.1659452062944825],""unaligned_xyz_mm"":[-3.3220803797023155,-0.0683166754519613,0.1659452062944825],""xy_rotation_deg"":-4.580684956890044,""xy_translation_mm"":[1.3195654319610284,-0.5464514666381837],""xy_translation_source"":""five_point_reassembly"",""xy_translation_details"":{""preset"":""5×5｜441点1mm连续"",""calibration_points"":5,""calibration_strategy"":""rigid_rotation_translation_v1"",""calibration_rms_mm"":0.507358956567797,""check_rms_mm"":null},""dynamic_model_enabled"":false,""dynamic_history_ready"":false,""dynamic_gate"":0.0,""contact_score"":0.9960087175304221,""contact_score_threshold"":0.49492851692021117,""status"":""有效"",""preset"":""5×5｜441点1mm连续"",""needs_baseline"":false,""display.contact"":true,""display.contact_reason"":""拟合响应/相似度接触门控"",""display.contact_segment"":611,""display.contact_age_ms"":4975.7025,""display.contact_last_end_ns"":1240476446514800}"
S20260919_A,000133,381,1240481460080800,1240481489494600,NormalizedFit,1,1,True,unknown,False,False,0.0,1.651494027763622,nan,nan,-1.6255807184328475,-0.23761602692823025,0.16869639991742946,x,y,z,-1.6255807184328475,-0.23761602692823025,0.16869639991742946,,,,,,,,0.6979151536653714,-0.5170850185295709,-0.007831592370729723,"{""x"":-1.6255807184328475,""y"":-0.23761602692823025,""z"":0.16869639991742946,""dx"":null,""dy"":null,""mode5"":null,""Q"":null,""X"":null,""Y"":null,""Z"":null,""dX"":0.6979151536653714,""dY"":-0.5170850185295709,""dZ"":-0.007831592370729723}","{""amplitude_uT"":165.98269490070334,""contact_threshold_uT"":40.0,""contact_gate"":""shape-aware ridge classifier + amplitude floor"",""cosine_similarity"":0.9911360772627841,""anti_jump_policy"":""快速门控（阈值/形状）"",""calibration_depth_range_mm"":[0.2,0.8],""depth_extrapolated"":true,""relative_reference"":""first valid prediction since B0/no-contact"",""xy_semantics"":""continuous XY RBF refit on all 441 positions at 1 mm spacing"",""fit_model"":""441点1 mm连续XY/RBF＋跨深度连续Z＋接触/释放门控"",""fit_variant"":""dense441_1mm_continuous_development"",""evidence_tier"":""development_dense441_single_repeat_random_validation_pending"",""continuous_xy_method"":""kernel_rbf"",""working_range_model"":false,""working_range_mm"":null,""outside_declared_working_range"":false,""calibration_domain_mm"":{""x"":[-10.0,10.0],""y"":[-10.0,10.0],""depth"":[0.2,0.8]},""xy_outside_calibration_domain"":false,""excluded_calibration_samples"":0,""uncorrected_static_xyz_mm"":[-1.6255807184328475,-0.23761602692823025,0.16869639991742946],""unaligned_xyz_mm"":[-2.9604034268412205,0.07264107892553362,0.16869639991742946],""xy_rotation_deg"":-4.580684956890044,""xy_translation_mm"":[1.3195654319610284,-0.5464514666381837],""xy_translation_source"":""five_point_reassembly"",""xy_translation_details"":{""preset"":""5×5｜441点1mm连续"",""calibration_points"":5,""calibration_strategy"":""rigid_rotation_translation_v1"",""calibration_rms_mm"":0.507358956567797,""check_rms_mm"":null},""dynamic_model_enabled"":false,""dynamic_history_ready"":false,""dynamic_gate"":0.0,""contact_score"":0.9956021691070426,""contact_score_threshold"":0.49492851692021117,""status"":""有效"",""preset"":""5×5｜441点1mm连续"",""needs_baseline"":false,""display.contact"":true,""display.contact_reason"":""拟合响应/相似度接触门控"",""display.contact_segment"":611,""display.contact_age_ms"":5001.6759,""display.contact_last_end_ns"":1240476446514800}"
S20260919_A,000133,382,1240481471172200,1240481492302800,NormalizedFit,1,1,True,unknown,False,False,0.0,1.517398343257204,nan,nan,-1.4100777361890586,-0.5250031398869168,0.19634208191960745,x,y,z,-1.4100777361890586,-0.5250031398869168,0.19634208191960745,,,,,,,,0.9134181359091602,-0.8044721314882575,0.019814089631448262,"{""x"":-1.4100777361890586,""y"":-0.5250031398869168,""z"":0.19634208191960745,""dx"":null,""dy"":null,""mode5"":null,""Q"":null,""X"":null,""Y"":null,""Z"":null,""dX"":0.9134181359091602,""dY"":-0.8044721314882575,""dZ"":0.019814089631448262}","{""amplitude_uT"":162.35372662954174,""contact_threshold_uT"":40.0,""contact_gate"":""shape-aware ridge classifier + amplitude floor"",""cosine_similarity"":0.9907611311237876,""anti_jump_policy"":""快速门控（阈值/形状）"",""calibration_depth_range_mm"":[0.2,0.8],""depth_extrapolated"":true,""relative_reference"":""first valid prediction since B0/no-contact"",""xy_semantics"":""continuous XY RBF refit on all 441 positions at 1 mm spacing"",""fit_model"":""441点1 mm连续XY/RBF＋跨深度连续Z＋接触/释放门控"",""fit_variant"":""dense441_1mm_continuous_development"",""evidence_tier"":""development_dense441_single_repeat_random_validation_pending"",""continuous_xy_method"":""kernel_rbf"",""working_range_model"":false,""working_range_mm"":null,""outside_declared_working_range"":false,""calibration_domain_mm"":{""x"":[-10.0,10.0],""y"":[-10.0,10.0],""depth"":[0.2,0.8]},""xy_outside_calibration_domain"":false,""excluded_calibration_samples"":0,""uncorrected_static_xyz_mm"":[-1.4100777361890586,-0.5250031398869168,0.19634208191960745],""unaligned_xyz_mm"":[-2.7226372250758235,-0.19661738677007312,0.19634208191960745],""xy_rotation_deg"":-4.580684956890044,""xy_translation_mm"":[1.3195654319610284,-0.5464514666381837],""xy_translation_source"":""five_point_reassembly"",""xy_translation_details"":{""preset"":""5×5｜441点1mm连续"",""calibration_points"":5,""calibration_strategy"":""rigid_rotation_translation_v1"",""calibration_rms_mm"":0.507358956567797,""check_rms_mm"":null},""dynamic_model_enabled"":false,""dynamic_history_ready"":false,""dynamic_gate"":0.0,""contact_score"":0.9954532712374727,""contact_score_threshold"":0.49492851692021117,""status"":""有效"",""preset"":""5×5｜441点1mm连续"",""needs_baseline"":false,""display.contact"":true,""display.contact_reason"":""拟合响应/相似度接触门控"",""display.contact_segment"":611,""display.contact_age_ms"":5012.7673,""display.contact_last_end_ns"":1240476446514800}"
S20260919_A,000133,383,1240481497845600,1240481549681500,NormalizedFit,1,1,True,unknown,False,False,0.0,1.3298503232374421,nan,nan,-1.1207346167321306,-0.6911176558302807,0.1865802424499211,x,y,z,-1.1207346167321306,-0.6911176558302807,0.1865802424499211,,,,,,,,1.2027612553660882,-0.9705866474316214,0.010052250161761922,"{""x"":-1.1207346167321306,""y"":-0.6911176558302807,""z"":0.1865802424499211,""dx"":null,""dy"":null,""mode5"":null,""Q"":null,""X"":null,""Y"":null,""Z"":null,""dX"":1.2027612553660882,""dY"":-0.9705866474316214,""dZ"":0.010052250161761922}","{""amplitude_uT"":161.36161143685928,""contact_threshold_uT"":40.0,""contact_gate"":""shape-aware ridge classifier + amplitude floor"",""cosine_similarity"":0.9921153779917093,""anti_jump_policy"":""快速门控（阈值/形状）"",""calibration_depth_range_mm"":[0.2,0.8],""depth_extrapolated"":true,""relative_reference"":""first valid prediction since B0/no-contact"",""xy_semantics"":""continuous XY RBF refit on all 441 positions at 1 mm spacing"",""fit_model"":""441点1 mm连续XY/RBF＋跨深度连续Z＋接触/释放门控"",""fit_variant"":""dense441_1mm_continuous_development"",""evidence_tier"":""development_dense441_single_repeat_random_validation_pending"",""continuous_xy_method"":""kernel_rbf"",""working_range_model"":false,""working_range_mm"":null,""outside_declared_working_range"":false,""calibration_domain_mm"":{""x"":[-10.0,10.0],""y"":[-10.0,10.0],""depth"":[0.2,0.8]},""xy_outside_calibration_domain"":false,""excluded_calibration_samples"":0,""uncorrected_static_xyz_mm"":[-1.1207346167321306,-0.6911176558302807,0.1865802424499211],""unaligned_xyz_mm"":[-2.42095192262629,-0.3390935302822333,0.1865802424499211],""xy_rotation_deg"":-4.580684956890044,""xy_translation_mm"":[1.3195654319610284,-0.5464514666381837],""xy_translation_source"":""five_point_reassembly"",""xy_translation_details"":{""preset"":""5×5｜441点1mm连续"",""calibration_points"":5,""calibration_strategy"":""rigid_rotation_translation_v1"",""calibration_rms_mm"":0.507358956567797,""check_rms_mm"":null},""dynamic_model_enabled"":false,""dynamic_history_ready"":false,""dynamic_gate"":0.0,""contact_score"":0.9947079009813348,""contact_score_threshold"":0.49492851692021117,""status"":""有效"",""preset"":""5×5｜441点1mm连续"",""needs_baseline"":false,""display.contact"":true,""display.contact_reason"":""拟合响应/相似度接触门控"",""display.contact_segment"":611,""display.contact_age_ms"":5039.4407,""display.contact_last_end_ns"":1240476446514800}"
S20260919_A,000133,384,1240481523818700,1240481552559200,NormalizedFit,1,1,True,unknown,False,False,0.0,1.669257580933617,nan,nan,-1.3418969924640718,-0.975182244809577,0.18642135748991773,x,y,z,-1.3418969924640718,-0.975182244809577,0.18642135748991773,,,,,,,,0.981598879634147,-1.2546512364109177,0.009893365201758542,"{""x"":-1.3418969924640718,""y"":-0.975182244809577,""z"":0.18642135748991773,""dx"":null,""dy"":null,""mode5"":null,""Q"":null,""X"":null,""Y"":null,""Z"":null,""dX"":0.981598879634147,""dY"":-1.2546512364109177,""dZ"":0.009893365201758542}","{""amplitude_uT"":162.51270987987363,""contact_threshold_uT"":40.0,""contact_gate"":""shape-aware ridge classifier + amplitude floor"",""cosine_similarity"":0.9908242030893952,""anti_jump_policy"":""快速门控（阈值/形状）"",""calibration_depth_range_mm"":[0.2,0.8],""depth_extrapolated"":true,""relative_reference"":""first valid prediction since B0/no-contact"",""xy_semantics"":""continuous XY RBF refit on all 441 positions at 1 mm spacing"",""fit_model"":""441点1 mm连续XY/RBF＋跨深度连续Z＋接触/释放门控"",""fit_variant"":""dense441_1mm_continuous_development"",""evidence_tier"":""development_dense441_single_repeat_random_validation_pending"",""continuous_xy_method"":""kernel_rbf"",""working_range_model"":false,""working_range_mm"":null,""outside_declared_working_range"":false,""calibration_domain_mm"":{""x"":[-10.0,10.0],""y"":[-10.0,10.0],""depth"":[0.2,0.8]},""xy_outside_calibration_domain"":false,""excluded_calibration_samples"":0,""uncorrected_static_xyz_mm"":[-1.3418969924640718,-0.975182244809577,0.18642135748991773],""unaligned_xyz_mm"":[-2.618721653956036,-0.6399134440531355,0.18642135748991773],""xy_rotation_deg"":-4.580684956890044,""xy_translation_mm"":[1.3195654319610284,-0.5464514666381837],""xy_translation_source"":""five_point_reassembly"",""xy_translation_details"":{""preset"":""5×5｜441点1mm连续"",""calibration_points"":5,""calibration_strategy"":""rigid_rotation_translation_v1"",""calibration_rms_mm"":0.507358956567797,""check_rms_mm"":null},""dynamic_model_enabled"":false,""dynamic_history_ready"":false,""dynamic_gate"":0.0,""contact_score"":0.9955184652378608,""contact_score_threshold"":0.49492851692021117,""status"":""有效"",""preset"":""5×5｜441点1mm连续"",""needs_baseline"":false,""display.contact"":true,""display.contact_reason"":""拟合响应/相似度接触门控"",""display.contact_segment"":611,""display.contact_age_ms"":5065.4138,""display.contact_last_end_ns"":1240476446514800}"
S20260919_A,000133,385,1240481533726500,1240481555283800,NormalizedFit,1,1,True,unknown,False,False,0.0,1.446655546123849,nan,nan,-0.8566907756528044,-1.1519160747823,0.17883663131592076,x,y,z,-0.8566907756528044,-1.1519160747823,0.17883663131592076,,,,,,,,1.4668050964454145,-1.4313850663836407,0.002308639027761572,"{""x"":-0.8566907756528044,""y"":-1.1519160747823,""z"":0.17883663131592076,""dx"":null,""dy"":null,""mode5"":null,""Q"":null,""X"":null,""Y"":null,""Z"":null,""dX"":1.4668050964454145,""dY"":-1.4313850663836407,""dZ"":0.002308639027761572}","{""amplitude_uT"":161.02693907387024,""contact_threshold_uT"":40.0,""contact_gate"":""shape-aware ridge classifier + amplitude floor"",""cosine_similarity"":0.9910039955587591,""anti_jump_policy"":""快速门控（阈值/形状）"",""calibration_depth_range_mm"":[0.2,0.8],""depth_extrapolated"":true,""relative_reference"":""first valid prediction since B0/no-contact"",""xy_semantics"":""continuous XY RBF refit on all 441 positions at 1 mm spacing"",""fit_model"":""441点1 mm连续XY/RBF＋跨深度连续Z＋接触/释放门控"",""fit_variant"":""dense441_1mm_continuous_development"",""evidence_tier"":""development_dense441_single_repeat_random_validation_pending"",""continuous_xy_method"":""kernel_rbf"",""working_range_model"":false,""working_range_mm"":null,""outside_declared_working_range"":false,""calibration_domain_mm"":{""x"":[-10.0,10.0],""y"":[-10.0,10.0],""depth"":[0.2,0.8]},""xy_outside_calibration_domain"":false,""excluded_calibration_samples"":0,""uncorrected_static_xyz_mm"":[-0.8566907756528044,-1.1519160747823,0.17883663131592076],""unaligned_xyz_mm"":[-2.1209507795872646,-0.7773327881036698,0.17883663131592076],""xy_rotation_deg"":-4.580684956890044,""xy_translation_mm"":[1.3195654319610284,-0.5464514666381837],""xy_translation_source"":""five_point_reassembly"",""xy_translation_details"":{""preset"":""5×5｜441点1mm连续"",""calibration_points"":5,""calibration_strategy"":""rigid_rotation_translation_v1"",""calibration_rms_mm"":0.507358956567797,""check_rms_mm"":null},""dynamic_model_enabled"":false,""dynamic_history_ready"":false,""dynamic_gate"":0.0,""contact_score"":0.995466293736282,""contact_score_threshold"":0.49492851692021117,""status"":""有效"",""preset"":""5×5｜441点1mm连续"",""needs_baseline"":false,""display.contact"":true,""display.contact_reason"":""拟合响应/相似度接触门控"",""display.contact_segment"":611,""display.contact_age_ms"":5075.3216,""display.contact_last_end_ns"":1240476446514800}"
S20260919_A,000133,386,1240481559642300,1240481591397000,NormalizedFit,1,1,True,unknown,False,False,0.0,1.064701231630877,nan,nan,0.25868973906659565,-1.0170086483554415,0.17989369279716694,x,y,z,0.25868973906659565,-1.0170086483554415,0.17989369279716694,,,,,,,,2.5821856111648147,-1.2964776399567821,0.003365700509007752,"{""x"":0.25868973906659565,""y"":-1.0170086483554415,""z"":0.17989369279716694,""dx"":null,""dy"":null,""mode5"":null,""Q"":null,""X"":null,""Y"":null,""Z"":null,""dX"":2.5821856111648147,""dY"":-1.2964776399567821,""dZ"":0.003365700509007752}","{""amplitude_uT"":157.68004686627253,""contact_threshold_uT"":40.0,""contact_gate"":""shape-aware ridge classifier + amplitude floor"",""cosine_similarity"":0.9928725781248731,""anti_jump_policy"":""快速门控（阈值/形状）"",""calibration_depth_range_mm"":[0.2,0.8],""depth_extrapolated"":true,""relative_reference"":""first valid prediction since B0/no-contact"",""xy_semantics"":""continuous XY RBF refit on all 441 positions at 1 mm spacing"",""fit_model"":""441点1 mm连续XY/RBF＋跨深度连续Z＋接触/释放门控"",""fit_variant"":""dense441_1mm_continuous_development"",""evidence_tier"":""development_dense441_single_repeat_random_validation_pending"",""continuous_xy_method"":""kernel_rbf"",""working_range_model"":false,""working_range_mm"":null,""outside_declared_working_range"":false,""calibration_domain_mm"":{""x"":[-10.0,10.0],""y"":[-10.0,10.0],""depth"":[0.2,0.8]},""xy_outside_calibration_domain"":false,""excluded_calibration_samples"":0,""uncorrected_static_xyz_mm"":[0.25868973906659565,-1.0170086483554415,0.17989369279716694],""unaligned_xyz_mm"":[-1.0199070464505269,-0.5537787587480167,0.17989369279716694],""xy_rotation_deg"":-4.580684956890044,""xy_translation_mm"":[1.3195654319610284,-0.5464514666381837],""xy_translation_source"":""five_point_reassembly"",""xy_translation_details"":{""preset"":""5×5｜441点1mm连续"",""calibration_points"":5,""calibration_strategy"":""rigid_rotation_translation_v1"",""calibration_rms_mm"":0.507358956567797,""check_rms_mm"":null},""dynamic_model_enabled"":false,""dynamic_history_ready"":false,""dynamic_gate"":0.0,""contact_score"":0.994947475539973,""contact_score_threshold"":0.49492851692021117,""status"":""有效"",""preset"":""5×5｜441点1mm连续"",""needs_baseline"":false,""display.contact"":true,""display.contact_reason"":""拟合响应/相似度接触门控"",""display.contact_segment"":611,""display.contact_age_ms"":5101.2374,""display.contact_last_end_ns"":1240476446514800}"
S20260919_A,000133,387,1240481585622600,1240481595119600,NormalizedFit,1,1,True,unknown,False,False,0.0,1.4482168593247315,nan,nan,0.13609118647694962,-1.4312052734939538,0.1745357433845064,x,y,z,0.13609118647694962,-1.4312052734939538,0.1745357433845064,,,,,,,,2.4595870585751687,-1.7106742650952944,-0.0019922489036527935,"{""x"":0.13609118647694962,""y"":-1.4312052734939538,""z"":0.1745357433845064,""dx"":null,""dy"":null,""mode5"":null,""Q"":null,""X"":null,""Y"":null,""Z"":null,""dX"":2.4595870585751687,""dY"":-1.7106742650952944,""dZ"":-0.0019922489036527935}","{""amplitude_uT"":157.19212647744124,""contact_threshold_uT"":40.0,""contact_gate"":""shape-aware ridge classifier + amplitude floor"",""cosine_similarity"":0.9963139995371961,""anti_jump_policy"":""快速门控（阈值/形状）"",""calibration_depth_range_mm"":[0.2,0.8],""depth_extrapolated"":true,""relative_reference"":""first valid prediction since B0/no-contact"",""xy_semantics"":""continuous XY RBF refit on all 441 positions at 1 mm spacing"",""fit_model"":""441点1 mm连续XY/RBF＋跨深度连续Z＋接触/释放门控"",""fit_variant"":""dense441_1mm_continuous_development"",""evidence_tier"":""development_dense441_single_repeat_random_validation_pending"",""continuous_xy_method"":""kernel_rbf"",""working_range_model"":false,""working_range_mm"":null,""outside_declared_working_range"":false,""calibration_domain_mm"":{""x"":[-10.0,10.0],""y"":[-10.0,10.0],""depth"":[0.2,0.8]},""xy_outside_calibration_domain"":false,""excluded_calibration_samples"":0,""uncorrected_static_xyz_mm"":[0.13609118647694962,-1.4312052734939538,0.1745357433845064],""unaligned_xyz_mm"":[-1.109035060426184,-0.9764434562305064,0.1745357433845064],""xy_rotation_deg"":-4.580684956890044,""xy_translation_mm"":[1.3195654319610284,-0.5464514666381837],""xy_translation_source"":""five_point_reassembly"",""xy_translation_details"":{""preset"":""5×5｜441点1mm连续"",""calibration_points"":5,""calibration_strategy"":""rigid_rotation_translation_v1"",""calibration_rms_mm"":0.507358956567797,""check_rms_mm"":null},""dynamic_model_enabled"":false,""dynamic_history_ready"":false,""dynamic_gate"":0.0,""contact_score"":0.9950421559814797,""contact_score_threshold"":0.49492851692021117,""status"":""有效"",""preset"":""5×5｜441点1mm连续"",""needs_baseline"":false,""display.contact"":true,""display.contact_reason"":""拟合响应/相似度接触门控"",""display.contact_segment"":611,""display.contact_age_ms"":5127.2177,""display.contact_last_end_ns"":1240476446514800}"
S20260919_A,000133,388,1240481597217400,1240481650023800,NormalizedFit,1,1,True,unknown,False,False,0.0,1.4545744215542593,nan,nan,0.38214006400428846,-1.393164921709775,0.1698446944714579,x,y,z,0.38214006400428846,-1.393164921709775,0.1698446944714579,,,,,,,,2.7056359361025075,-1.6726339133111157,-0.006683297816701295,"{""x"":0.38214006400428846,""y"":-1.393164921709775,""z"":0.1698446944714579,""dx"":null,""dy"":null,""mode5"":null,""Q"":null,""X"":null,""Y"":null,""Z"":null,""dX"":2.7056359361025075,""dY"":-1.6726339133111157,""dZ"":-0.006683297816701295}","{""amplitude_uT"":157.34546596184438,""contact_threshold_uT"":40.0,""contact_gate"":""shape-aware ridge classifier + amplitude floor"",""cosine_similarity"":0.9964132983302314,""anti_jump_policy"":""快速门控（阈值/形状）"",""calibration_depth_range_mm"":[0.2,0.8],""depth_extrapolated"":true,""relative_reference"":""first valid prediction since B0/no-contact"",""xy_semantics"":""continuous XY RBF refit on all 441 positions at 1 mm spacing"",""fit_model"":""441点1 mm连续XY/RBF＋跨深度连续Z＋接触/释放门控"",""fit_variant"":""dense441_1mm_continuous_development"",""evidence_tier"":""development_dense441_single_repeat_random_validation_pending"",""continuous_xy_method"":""kernel_rbf"",""working_range_model"":false,""working_range_mm"":null,""outside_declared_working_range"":false,""calibration_domain_mm"":{""x"":[-10.0,10.0],""y"":[-10.0,10.0],""depth"":[0.2,0.8]},""xy_outside_calibration_domain"":false,""excluded_calibration_samples"":0,""uncorrected_static_xyz_mm"":[0.38214006400428846,-1.393164921709775,0.1698446944714579],""unaligned_xyz_mm"":[-0.8668101106140571,-0.9188744351789024,0.1698446944714579],""xy_rotation_deg"":-4.580684956890044,""xy_translation_mm"":[1.3195654319610284,-0.5464514666381837],""xy_translation_source"":""five_point_reassembly"",""xy_translation_details"":{""preset"":""5×5｜441点1mm连续"",""calibration_points"":5,""calibration_strategy"":""rigid_rotation_translation_v1"",""calibration_rms_mm"":0.507358956567797,""check_rms_mm"":null},""dynamic_model_enabled"":false,""dynamic_history_ready"":false,""dynamic_gate"":0.0,""contact_score"":0.9955368488661236,""contact_score_threshold"":0.49492851692021117,""status"":""有效"",""preset"":""5×5｜441点1mm连续"",""needs_baseline"":false,""display.contact"":true,""display.contact_reason"":""拟合响应/相似度接触门控"",""display.contact_segment"":611,""display.contact_age_ms"":5138.8125,""display.contact_last_end_ns"":1240476446514800}"
S20260919_A,000133,389,1240481608104900,1240481652915900,NormalizedFit,1,1,True,unknown,False,False,0.0,1.7416586161554524,nan,nan,0.9378039667545148,-1.4578217957342934,0.1692751223602048,x,y,z,0.9378039667545148,-1.4578217957342934,0.1692751223602048,,,,,,,,3.2612998388527337,-1.737290787335634,-0.007252869927954375,"{""x"":0.9378039667545148,""y"":-1.4578217957342934,""z"":0.1692751223602048,""dx"":null,""dy"":null,""mode5"":null,""Q"":null,""X"":null,""Y"":null,""Z"":null,""dX"":3.2612998388527337,""dY"":-1.737290787335634,""dZ"":-0.007252869927954375}","{""amplitude_uT"":157.14349147196626,""contact_threshold_uT"":40.0,""contact_gate"":""shape-aware ridge classifier + amplitude floor"",""cosine_similarity"":0.9965645228497032,""anti_jump_policy"":""快速门控（阈值/形状）"",""calibration_depth_range_mm"":[0.2,0.8],""depth_extrapolated"":true,""relative_reference"":""first valid prediction since B0/no-contact"",""xy_semantics"":""continuous XY RBF refit on all 441 positions at 1 mm spacing"",""fit_model"":""441点1 mm连续XY/RBF＋跨深度连续Z＋接触/释放门控"",""fit_variant"":""dense441_1mm_continuous_development"",""evidence_tier"":""development_dense441_single_repeat_random_validation_pending"",""continuous_xy_method"":""kernel_rbf"",""working_range_model"":false,""working_range_mm"":null,""outside_declared_working_range"":false,""calibration_domain_mm"":{""x"":[-10.0,10.0],""y"":[-10.0,10.0],""depth"":[0.2,0.8]},""xy_outside_calibration_domain"":false,""excluded_calibration_samples"":0,""uncorrected_static_xyz_mm"":[0.9378039667545148,-1.4578217957342934,0.1692751223602048],""unaligned_xyz_mm"":[-0.307757392291931,-0.938947858277043,0.1692751223602048],""xy_rotation_deg"":-4.580684956890044,""xy_translation_mm"":[1.3195654319610284,-0.5464514666381837],""xy_translation_source"":""five_point_reassembly"",""xy_translation_details"":{""preset"":""5×5｜441点1mm连续"",""calibration_points"":5,""calibration_strategy"":""rigid_rotation_translation_v1"",""calibration_rms_mm"":0.507358956567797,""check_rms_mm"":null},""dynamic_model_enabled"":false,""dynamic_history_ready"":false,""dynamic_gate"":0.0,""contact_score"":0.9955254199970484,""contact_score_threshold"":0.49492851692021117,""status"":""有效"",""preset"":""5×5｜441点1mm连续"",""needs_baseline"":false,""display.contact"":true,""display.contact_reason"":""拟合响应/相似度接触门控"",""display.contact_segment"":611,""display.contact_age_ms"":5149.7,""display.contact_last_end_ns"":1240476446514800}"
S20260919_A,000133,390,1240481635046800,1240481656254300,NormalizedFit,1,1,True,unknown,False,False,0.0,0.9771669658315961,nan,nan,0.6841626895612546,-0.6754420879475657,0.17479896782839155,x,y,z,0.6841626895612546,-0.6754420879475657,0.17479896782839155,,,,,,,,3.0076585616594733,-0.9549110795489063,-0.0017290244597676363,"{""x"":0.6841626895612546,""y"":-0.6754420879475657,""z"":0.17479896782839155,""dx"":null,""dy"":null,""mode5"":null,""Q"":null,""X"":null,""Y"":null,""Z"":null,""dX"":3.0076585616594733,""dY"":-0.9549110795489063,""dZ"":-0.0017290244597676363}","{""amplitude_uT"":156.32773510640996,""contact_threshold_uT"":40.0,""contact_gate"":""shape-aware ridge classifier + amplitude floor"",""cosine_similarity"":0.9951806105447227,""anti_jump_policy"":""快速门控（阈值/形状）"",""calibration_depth_range_mm"":[0.2,0.8],""depth_extrapolated"":true,""relative_reference"":""first valid prediction since B0/no-contact"",""xy_semantics"":""continuous XY RBF refit on all 441 positions at 1 mm spacing"",""fit_model"":""441点1 mm连续XY/RBF＋跨深度连续Z＋接触/释放门控"",""fit_variant"":""dense441_1mm_continuous_development"",""evidence_tier"":""development_dense441_single_repeat_random_validation_pending"",""continuous_xy_method"":""kernel_rbf"",""working_range_model"":false,""working_range_mm"":null,""outside_declared_working_range"":false,""calibration_domain_mm"":{""x"":[-10.0,10.0],""y"":[-10.0,10.0],""depth"":[0.2,0.8]},""xy_outside_calibration_domain"":false,""excluded_calibration_samples"":0,""uncorrected_static_xyz_mm"":[0.6841626895612546,-0.6754420879475657,0.17479896782839155],""unaligned_xyz_mm"":[-0.6230716112751251,-0.17932370913505302,0.17479896782839155],""xy_rotation_deg"":-4.580684956890044,""xy_translation_mm"":[1.3195654319610284,-0.5464514666381837],""xy_translation_source"":""five_point_reassembly"",""xy_translation_details"":{""preset"":""5×5｜441点1mm连续"",""calibration_points"":5,""calibration_strategy"":""rigid_rotation_translation_v1"",""calibration_rms_mm"":0.507358956567797,""check_rms_mm"":null},""dynamic_model_enabled"":false,""dynamic_history_ready"":false,""dynamic_gate"":0.0,""contact_score"":0.9952310790932084,""contact_score_threshold"":0.49492851692021117,""status"":""有效"",""preset"":""5×5｜441点1mm连续"",""needs_baseline"":false,""display.contact"":true,""display.contact_reason"":""拟合响应/相似度接触门控"",""display.contact_segment"":611,""display.contact_age_ms"":5176.6419,""display.contact_last_end_ns"":1240476446514800}"
S20260919_A,000133,391,1240481661013800,1240481688568700,NormalizedFit,1,1,True,unknown,False,False,0.0,0.8460599033799985,nan,nan,-0.5104983417245561,-0.6491934160292727,0.183729996974077,x,y,z,-0.5104983417245561,-0.6491934160292727,0.183729996974077,,,,,,,,1.8129975303736627,-0.9286624076306134,0.007202004685917807,"{""x"":-0.5104983417245561,""y"":-0.6491934160292727,""z"":0.183729996974077,""dx"":null,""dy"":null,""mode5"":null,""Q"":null,""X"":null,""Y"":null,""Z"":null,""dX"":1.8129975303736627,""dY"":-0.9286624076306134,""dZ"":0.007202004685917807}","{""amplitude_uT"":158.44667539112297,""contact_threshold_uT"":40.0,""contact_gate"":""shape-aware ridge classifier + amplitude floor"",""cosine_similarity"":0.993085441422392,""anti_jump_policy"":""快速门控（阈值/形状）"",""calibration_depth_range_mm"":[0.2,0.8],""depth_extrapolated"":true,""relative_reference"":""first valid prediction since B0/no-contact"",""xy_semantics"":""continuous XY RBF refit on all 441 positions at 1 mm spacing"",""fit_model"":""441点1 mm连续XY/RBF＋跨深度连续Z＋接触/释放门控"",""fit_variant"":""dense441_1mm_continuous_development"",""evidence_tier"":""development_dense441_single_repeat_random_validation_pending"",""continuous_xy_method"":""kernel_rbf"",""working_range_model"":false,""working_range_mm"":null,""outside_declared_working_range"":false,""calibration_domain_mm"":{""x"":[-10.0,10.0],""y"":[-10.0,10.0],""depth"":[0.2,0.8]},""xy_outside_calibration_domain"":false,""excluded_calibration_samples"":0,""uncorrected_static_xyz_mm"":[-0.5104983417245561,-0.6491934160292727,0.183729996974077],""unaligned_xyz_mm"":[-1.8160130202211175,-0.24856796718076524,0.183729996974077],""xy_rotation_deg"":-4.580684956890044,""xy_translation_mm"":[1.3195654319610284,-0.5464514666381837],""xy_translation_source"":""five_point_reassembly"",""xy_translation_details"":{""preset"":""5×5｜441点1mm连续"",""calibration_points"":5,""calibration_strategy"":""rigid_rotation_translation_v1"",""calibration_rms_mm"":0.507358956567797,""check_rms_mm"":null},""dynamic_model_enabled"":false,""dynamic_history_ready"":false,""dynamic_gate"":0.0,""contact_score"":0.9958321573699959,""contact_score_threshold"":0.49492851692021117,""status"":""有效"",""preset"":""5×5｜441点1mm连续"",""needs_baseline"":false,""display.contact"":true,""display.contact_reason"":""拟合响应/相似度接触门控"",""display.contact_segment"":611,""display.contact_age_ms"":5202.6089,""display.contact_last_end_ns"":1240476446514800}"
S20260919_A,000133,392,1240481672948700,1240481691962400,NormalizedFit,1,1,True,unknown,False,False,0.0,0.5523436142524141,nan,nan,-0.38669096892501886,-0.34380359443036823,0.19326833991631565,x,y,z,-0.38669096892501886,-0.34380359443036823,0.19326833991631565,,,,,,,,1.9368049031732,-0.6232725860317089,0.01674034762815646,"{""x"":-0.38669096892501886,""y"":-0.34380359443036823,""z"":0.19326833991631565,""dx"":null,""dy"":null,""mode5"":null,""Q"":null,""X"":null,""Y"":null,""Z"":null,""dX"":1.9368049031732,""dY"":-0.6232725860317089,""dZ"":0.01674034762815646}","{""amplitude_uT"":157.74771703419322,""contact_threshold_uT"":40.0,""contact_gate"":""shape-aware ridge classifier + amplitude floor"",""cosine_similarity"":0.9938286512608386,""anti_jump_policy"":""快速门控（阈值/形状）"",""calibration_depth_range_mm"":[0.2,0.8],""depth_extrapolated"":true,""relative_reference"":""first valid prediction since B0/no-contact"",""xy_semantics"":""continuous XY RBF refit on all 441 positions at 1 mm spacing"",""fit_model"":""441点1 mm连续XY/RBF＋跨深度连续Z＋接触/释放门控"",""fit_variant"":""dense441_1mm_continuous_development"",""evidence_tier"":""development_dense441_single_repeat_random_validation_pending"",""continuous_xy_method"":""kernel_rbf"",""working_range_model"":false,""working_range_mm"":null,""outside_declared_working_range"":false,""calibration_domain_mm"":{""x"":[-10.0,10.0],""y"":[-10.0,10.0],""depth"":[0.2,0.8]},""xy_outside_calibration_domain"":false,""excluded_calibration_samples"":0,""uncorrected_static_xyz_mm"":[-0.38669096892501886,-0.34380359443036823,0.19326833991631565],""unaligned_xyz_mm"":[-1.716990420901138,0.0657340110498037,0.19326833991631565],""xy_rotation_deg"":-4.580684956890044,""xy_translation_mm"":[1.3195654319610284,-0.5464514666381837],""xy_translation_source"":""five_point_reassembly"",""xy_translation_details"":{""preset"":""5×5｜441点1mm连续"",""calibration_points"":5,""calibration_strategy"":""rigid_rotation_translation_v1"",""calibration_rms_mm"":0.507358956567797,""check_rms_mm"":null},""dynamic_model_enabled"":false,""dynamic_history_ready"":false,""dynamic_gate"":0.0,""contact_score"":0.9963215251399898,""contact_score_threshold"":0.49492851692021117,""status"":""有效"",""preset"":""5×5｜441点1mm连续"",""needs_baseline"":false,""display.contact"":true,""display.contact_reason"":""拟合响应/相似度接触门控"",""display.contact_segment"":611,""display.contact_age_ms"":5214.5438,""display.contact_last_end_ns"":1240476446514800}"
S20260919_A,000133,393,1240481699820500,1240481748724100,NormalizedFit,1,1,True,unknown,False,False,0.0,0.8006605110562935,nan,nan,-0.7720159897865948,-0.10984581830761969,0.1816107421907608,x,y,z,-0.7720159897865948,-0.10984581830761969,0.1816107421907608,,,,,,,,1.551479882311624,-0.38931480990896034,0.005082749902601602,"{""x"":-0.7720159897865948,""y"":-0.10984581830761969,""z"":0.1816107421907608,""dx"":null,""dy"":null,""mode5"":null,""Q"":null,""X"":null,""Y"":null,""Z"":null,""dX"":1.551479882311624,""dY"":-0.38931480990896034,""dZ"":0.005082749902601602}","{""amplitude_uT"":159.39011956360375,""contact_threshold_uT"":40.0,""contact_gate"":""shape-aware ridge classifier + amplitude floor"",""cosine_similarity"":0.9939687670030515,""anti_jump_policy"":""快速门控（阈值/形状）"",""calibration_depth_range_mm"":[0.2,0.8],""depth_extrapolated"":true,""relative_reference"":""first valid prediction since B0/no-contact"",""xy_semantics"":""continuous XY RBF refit on all 441 positions at 1 mm spacing"",""fit_model"":""441点1 mm连续XY/RBF＋跨深度连续Z＋接触/释放门控"",""fit_variant"":""dense441_1mm_continuous_development"",""evidence_tier"":""development_dense441_single_repeat_random_validation_pending"",""continuous_xy_method"":""kernel_rbf"",""working_range_model"":false,""working_range_mm"":null,""outside_declared_working_range"":false,""calibration_domain_mm"":{""x"":[-10.0,10.0],""y"":[-10.0,10.0],""depth"":[0.2,0.8]},""xy_outside_calibration_domain"":false,""excluded_calibration_samples"":0,""uncorrected_static_xyz_mm"":[-0.7720159897865948,-0.10984581830761969,0.1816107421907608],""unaligned_xyz_mm"":[-2.1197692040442506,0.2681713212473795,0.1816107421907608],""xy_rotation_deg"":-4.580684956890044,""xy_translation_mm"":[1.3195654319610284,-0.5464514666381837],""xy_translation_source"":""five_point_reassembly"",""xy_translation_details"":{""preset"":""5×5｜441点1mm连续"",""calibration_points"":5,""calibration_strategy"":""rigid_rotation_translation_v1"",""calibration_rms_mm"":0.507358956567797,""check_rms_mm"":null},""dynamic_model_enabled"":false,""dynamic_history_ready"":false,""dynamic_gate"":0.0,""contact_score"":0.9953335611945003,""contact_score_threshold"":0.49492851692021117,""status"":""有效"",""preset"":""5×5｜441点1mm连续"",""needs_baseline"":false,""display.contact"":true,""display.contact_reason"":""拟合响应/相似度接触门控"",""display.contact_segment"":611,""display.contact_age_ms"":5241.4156,""display.contact_last_end_ns"":1240476446514800}"
S20260919_A,000133,394,1240481726767200,1240481751814600,NormalizedFit,1,1,True,unknown,False,False,0.0,1.7807607041131002,nan,nan,-1.765863327419723,0.11343188631865753,0.1999214879739516,x,y,z,-1.765863327419723,0.11343188631865753,0.1999214879739516,,,,,,,,0.5576325446784958,-0.16603710528268312,0.02339349568579241,"{""x"":-1.765863327419723,""y"":0.11343188631865753,""z"":0.1999214879739516,""dx"":null,""dy"":null,""mode5"":null,""Q"":null,""X"":null,""Y"":null,""Z"":null,""dX"":0.5576325446784958,""dY"":-0.16603710528268312,""dZ"":0.02339349568579241}","{""amplitude_uT"":151.38492408592043,""contact_threshold_uT"":40.0,""contact_gate"":""shape-aware ridge classifier + amplitude floor"",""cosine_similarity"":0.9904378619888683,""anti_jump_policy"":""快速门控（阈值/形状）"",""calibration_depth_range_mm"":[0.2,0.8],""depth_extrapolated"":true,""relative_reference"":""first valid prediction since B0/no-contact"",""xy_semantics"":""continuous XY RBF refit on all 441 positions at 1 mm spacing"",""fit_model"":""441点1 mm连续XY/RBF＋跨深度连续Z＋接触/释放门控"",""fit_variant"":""dense441_1mm_continuous_development"",""evidence_tier"":""development_dense441_single_repeat_random_validation_pending"",""continuous_xy_method"":""kernel_rbf"",""working_range_model"":false,""working_range_mm"":null,""outside_declared_working_range"":false,""calibration_domain_mm"":{""x"":[-10.0,10.0],""y"":[-10.0,10.0],""depth"":[0.2,0.8]},""xy_outside_calibration_domain"":false,""excluded_calibration_samples"":0,""uncorrected_static_xyz_mm"":[-1.765863327419723,0.11343188631865753,0.1999214879739516],""unaligned_xyz_mm"":[-3.128273655701718,0.4113643199962982,0.1999214879739516],""xy_rotation_deg"":-4.580684956890044,""xy_translation_mm"":[1.3195654319610284,-0.5464514666381837],""xy_translation_source"":""five_point_reassembly"",""xy_translation_details"":{""preset"":""5×5｜441点1mm连续"",""calibration_points"":5,""calibration_strategy"":""rigid_rotation_translation_v1"",""calibration_rms_mm"":0.507358956567797,""check_rms_mm"":null},""dynamic_model_enabled"":false,""dynamic_history_ready"":false,""dynamic_gate"":0.0,""contact_score"":0.9959779982064739,""contact_score_threshold"":0.49492851692021117,""status"":""有效"",""preset"":""5×5｜441点1mm连续"",""needs_baseline"":false,""display.contact"":true,""display.contact_reason"":""拟合响应/相似度接触门控"",""display.contact_segment"":611,""display.contact_age_ms"":5268.3623,""display.contact_last_end_ns"":1240476446514800}"
S20260919_A,000133,395,1240481736680200,1240481754535200,NormalizedFit,1,1,True,unknown,False,False,0.0,1.7709143889442482,nan,nan,-1.7428102542228963,-0.24121344549123852,0.2014106860609658,x,y,z,-1.7428102542228963,-0.24121344549123852,0.2014106860609658,,,,,,,,0.5806856178753226,-0.5206824370925791,0.024882693772806608,"{""x"":-1.7428102542228963,""y"":-0.24121344549123852,""z"":0.2014106860609658,""dx"":null,""dy"":null,""mode5"":null,""Q"":null,""X"":null,""Y"":null,""Z"":null,""dX"":0.5806856178753226,""dY"":-0.5206824370925791,""dZ"":0.024882693772806608}","{""amplitude_uT"":152.19108864352046,""contact_threshold_uT"":40.0,""contact_gate"":""shape-aware ridge classifier + amplitude floor"",""cosine_similarity"":0.9913174909227466,""anti_jump_policy"":""快速门控（阈值/形状）"",""calibration_depth_range_mm"":[0.2,0.8],""depth_extrapolated"":false,""relative_reference"":""first valid prediction since B0/no-contact"",""xy_semantics"":""continuous XY RBF refit on all 441 positions at 1 mm spacing"",""fit_model"":""441点1 mm连续XY/RBF＋跨深度连续Z＋接触/释放门控"",""fit_variant"":""dense441_1mm_continuous_development"",""evidence_tier"":""development_dense441_single_repeat_random_validation_pending"",""continuous_xy_method"":""kernel_rbf"",""working_range_model"":false,""working_range_mm"":null,""outside_declared_working_range"":false,""calibration_domain_mm"":{""x"":[-10.0,10.0],""y"":[-10.0,10.0],""depth"":[0.2,0.8]},""xy_outside_calibration_domain"":false,""excluded_calibration_samples"":0,""uncorrected_static_xyz_mm"":[-1.7428102542228963,-0.24121344549123852,0.2014106860609658],""unaligned_xyz_mm"":[-3.076971214560347,0.05969286097338333,0.2014106860609658],""xy_rotation_deg"":-4.580684956890044,""xy_translation_mm"":[1.3195654319610284,-0.5464514666381837],""xy_translation_source"":""five_point_reassembly"",""xy_translation_details"":{""preset"":""5×5｜441点1mm连续"",""calibration_points"":5,""calibration_strategy"":""rigid_rotation_translation_v1"",""calibration_rms_mm"":0.507358956567797,""check_rms_mm"":null},""dynamic_model_enabled"":false,""dynamic_history_ready"":false,""dynamic_gate"":0.0,""contact_score"":0.9956625319574683,""contact_score_threshold"":0.49492851692021117,""status"":""有效"",""preset"":""5×5｜441点1mm连续"",""needs_baseline"":false,""display.contact"":true,""display.contact_reason"":""拟合响应/相似度接触门控"",""display.contact_segment"":611,""display.contact_age_ms"":5278.2753,""display.contact_last_end_ns"":1240476446514800}"
S20260919_A,000133,396,1240481763015300,1240481808349600,NormalizedFit,1,1,True,unknown,False,False,0.0,0.8542853879644733,nan,nan,-0.7655550927472647,0.3128338976274798,0.21415853135828378,x,y,z,-0.7655550927472647,0.3128338976274798,0.21415853135828378,,,,,,,,1.557940779350954,0.033364906026139174,0.03763053907012459,"{""x"":-0.7655550927472647,""y"":0.3128338976274798,""z"":0.21415853135828378,""dx"":null,""dy"":null,""mode5"":null,""Q"":null,""X"":null,""Y"":null,""Z"":null,""dX"":1.557940779350954,""dY"":0.033364906026139174,""dZ"":0.03763053907012459}","{""amplitude_uT"":149.8595119820557,""contact_threshold_uT"":40.0,""contact_gate"":""shape-aware ridge classifier + amplitude floor"",""cosine_similarity"":0.9894518147855401,""anti_jump_policy"":""快速门控（阈值/形状）"",""calibration_depth_range_mm"":[0.2,0.8],""depth_extrapolated"":false,""relative_reference"":""first valid prediction since B0/no-contact"",""xy_semantics"":""continuous XY RBF refit on all 441 positions at 1 mm spacing"",""fit_model"":""441点1 mm连续XY/RBF＋跨深度连续Z＋接触/释放门控"",""fit_variant"":""dense441_1mm_continuous_development"",""evidence_tier"":""development_dense441_single_repeat_random_validation_pending"",""continuous_xy_method"":""kernel_rbf"",""working_range_model"":false,""working_range_mm"":null,""outside_declared_working_range"":false,""calibration_domain_mm"":{""x"":[-10.0,10.0],""y"":[-10.0,10.0],""depth"":[0.2,0.8]},""xy_outside_calibration_domain"":false,""excluded_calibration_samples"":0,""uncorrected_static_xyz_mm"":[-0.7655550927472647,0.3128338976274798,0.21415853135828378],""unaligned_xyz_mm"":[-2.147085369613952,0.6900169239885932,0.21415853135828378],""xy_rotation_deg"":-4.580684956890044,""xy_translation_mm"":[1.3195654319610284,-0.5464514666381837],""xy_translation_source"":""five_point_reassembly"",""xy_translation_details"":{""preset"":""5×5｜441点1mm连续"",""calibration_points"":5,""calibration_strategy"":""rigid_rotation_translation_v1"",""calibration_rms_mm"":0.507358956567797,""check_rms_mm"":null},""dynamic_model_enabled"":false,""dynamic_history_ready"":false,""dynamic_gate"":0.0,""contact_score"":0.995257324207551,""contact_score_threshold"":0.49492851692021117,""status"":""有效"",""preset"":""5×5｜441点1mm连续"",""needs_baseline"":false,""display.contact"":true,""display.contact_reason"":""拟合响应/相似度接触门控"",""display.contact_segment"":611,""display.contact_age_ms"":5304.6104,""display.contact_last_end_ns"":1240476446514800}"
S20260919_A,000133,397,1240481789609900,1240481811975200,NormalizedFit,1,1,True,unknown,False,False,0.0,0.5263365426695474,nan,nan,-0.31938744824755116,0.3669894653576359,0.2008495615324234,x,y,z,-0.31938744824755116,0.3669894653576359,0.2008495615324234,,,,,,,,2.004108423850668,0.08752047375629524,0.024321569244264207,"{""x"":-0.31938744824755116,""y"":0.3669894653576359,""z"":0.2008495615324234,""dx"":null,""dy"":null,""mode5"":null,""Q"":null,""X"":null,""Y"":null,""Z"":null,""dX"":2.004108423850668,""dY"":0.08752047375629524,""dZ"":0.024321569244264207}","{""amplitude_uT"":149.60666090953274,""contact_threshold_uT"":40.0,""contact_gate"":""shape-aware ridge classifier + amplitude floor"",""cosine_similarity"":0.9899636422460267,""anti_jump_policy"":""快速门控（阈值/形状）"",""calibration_depth_range_mm"":[0.2,0.8],""depth_extrapolated"":false,""relative_reference"":""first valid prediction since B0/no-contact"",""xy_semantics"":""continuous XY RBF refit on all 441 positions at 1 mm spacing"",""fit_model"":""441点1 mm连续XY/RBF＋跨深度连续Z＋接触/释放门控"",""fit_variant"":""dense441_1mm_continuous_development"",""evidence_tier"":""development_dense441_single_repeat_random_validation_pending"",""continuous_xy_method"":""kernel_rbf"",""working_range_model"":false,""working_range_mm"":null,""outside_declared_working_range"":false,""calibration_domain_mm"":{""x"":[-10.0,10.0],""y"":[-10.0,10.0],""depth"":[0.2,0.8]},""xy_outside_calibration_domain"":false,""excluded_calibration_samples"":0,""uncorrected_static_xyz_mm"":[-0.31938744824755116,0.3669894653576359,0.2008495615324234],""unaligned_xyz_mm"":[-1.70666786842706,0.7796317506797843,0.2008495615324234],""xy_rotation_deg"":-4.580684956890044,""xy_translation_mm"":[1.3195654319610284,-0.5464514666381837],""xy_translation_source"":""five_point_reassembly"",""xy_translation_details"":{""preset"":""5×5｜441点1mm连续"",""calibration_points"":5,""calibration_strategy"":""rigid_rotation_translation_v1"",""calibration_rms_mm"":0.507358956567797,""check_rms_mm"":null},""dynamic_model_enabled"":false,""dynamic_history_ready"":false,""dynamic_gate"":0.0,""contact_score"":0.9946312237155023,""contact_score_threshold"":0.49492851692021117,""status"":""有效"",""preset"":""5×5｜441点1mm连续"",""needs_baseline"":false,""display.contact"":true,""display.contact_reason"":""拟合响应/相似度接触门控"",""display.contact_segment"":611,""display.contact_age_ms"":5331.205,""display.contact_last_end_ns"":1240476446514800}"
S20260919_A,000133,398,1240481801480500,1240481815519100,NormalizedFit,1,1,True,unknown,False,False,0.0,0.5756080759881181,nan,nan,-0.04435995998132913,0.5387409148627953,0.19777532137755827,x,y,z,-0.04435995998132913,0.5387409148627953,0.19777532137755827,,,,,,,,2.2791359121168897,0.25927192326145465,0.02124732908939908,"{""x"":-0.04435995998132913,""y"":0.5387409148627953,""z"":0.19777532137755827,""dx"":null,""dy"":null,""mode5"":null,""Q"":null,""X"":null,""Y"":null,""Z"":null,""dX"":2.2791359121168897,""dY"":0.25927192326145465,""dZ"":0.02124732908939908}","{""amplitude_uT"":148.6399155862916,""contact_threshold_uT"":40.0,""contact_gate"":""shape-aware ridge classifier + amplitude floor"",""cosine_similarity"":0.9882410463916342,""anti_jump_policy"":""快速门控（阈值/形状）"",""calibration_depth_range_mm"":[0.2,0.8],""depth_extrapolated"":true,""relative_reference"":""first valid prediction since B0/no-contact"",""xy_semantics"":""continuous XY RBF refit on all 441 positions at 1 mm spacing"",""fit_model"":""441点1 mm连续XY/RBF＋跨深度连续Z＋接触/释放门控"",""fit_variant"":""dense441_1mm_continuous_development"",""evidence_tier"":""development_dense441_single_repeat_random_validation_pending"",""continuous_xy_method"":""kernel_rbf"",""working_range_model"":false,""working_range_mm"":null,""outside_declared_working_range"":false,""calibration_domain_mm"":{""x"":[-10.0,10.0],""y"":[-10.0,10.0],""depth"":[0.2,0.8]},""xy_outside_calibration_domain"":false,""excluded_calibration_samples"":0,""uncorrected_static_xyz_mm"":[-0.04435995998132913,0.5387409148627953,0.19777532137755827],""unaligned_xyz_mm"":[-1.4462354249788765,0.9727990929215795,0.19777532137755827],""xy_rotation_deg"":-4.580684956890044,""xy_translation_mm"":[1.3195654319610284,-0.5464514666381837],""xy_translation_source"":""five_point_reassembly"",""xy_translation_details"":{""preset"":""5×5｜441点1mm连续"",""calibration_points"":5,""calibration_strategy"":""rigid_rotation_translation_v1"",""calibration_rms_mm"":0.507358956567797,""check_rms_mm"":null},""dynamic_model_enabled"":false,""dynamic_history_ready"":false,""dynamic_gate"":0.0,""contact_score"":0.9947010573492584,""contact_score_threshold"":0.49492851692021117,""status"":""有效"",""preset"":""5×5｜441点1mm连续"",""needs_baseline"":false,""display.contact"":true,""display.contact_reason"":""拟合响应/相似度接触门控"",""display.contact_segment"":611,""display.contact_age_ms"":5343.0756,""display.contact_last_end_ns"":1240476446514800}"
S20260919_A,000133,399,1240481811529800,1240481873286600,NormalizedFit,1,1,True,unknown,False,False,0.0,0.7902924771361346,nan,nan,-0.7212395924859571,-0.2616332424341211,0.18953547452143782,x,y,z,-0.7212395924859571,-0.2616332424341211,0.18953547452143782,,,,,,,,1.6022562796122617,-0.5411022340354618,0.013007482233278633,"{""x"":-0.7212395924859571,""y"":-0.2616332424341211,""z"":0.18953547452143782,""dx"":null,""dy"":null,""mode5"":null,""Q"":null,""X"":null,""Y"":null,""Z"":null,""dX"":1.6022562796122617,""dY"":-0.5411022340354618,""dZ"":0.013007482233278633}","{""amplitude_uT"":148.47086245876616,""contact_threshold_uT"":40.0,""contact_gate"":""shape-aware ridge classifier + amplitude floor"",""cosine_similarity"":0.9906151142453139,""anti_jump_policy"":""快速门控（阈值/形状）"",""calibration_depth_range_mm"":[0.2,0.8],""depth_extrapolated"":true,""relative_reference"":""first valid prediction since B0/no-contact"",""xy_semantics"":""continuous XY RBF refit on all 441 positions at 1 mm spacing"",""fit_model"":""441点1 mm连续XY/RBF＋跨深度连续Z＋接触/释放门控"",""fit_variant"":""dense441_1mm_continuous_development"",""evidence_tier"":""development_dense441_single_repeat_random_validation_pending"",""continuous_xy_method"":""kernel_rbf"",""working_range_model"":false,""working_range_mm"":null,""outside_declared_working_range"":false,""calibration_domain_mm"":{""x"":[-10.0,10.0],""y"":[-10.0,10.0],""depth"":[0.2,0.8]},""xy_outside_calibration_domain"":false,""excluded_calibration_samples"":0,""uncorrected_static_xyz_mm"":[-0.7212395924859571,-0.2616332424341211,0.18953547452143782],""unaligned_xyz_mm"":[-2.057032810730787,0.12092387780672409,0.18953547452143782],""xy_rotation_deg"":-4.580684956890044,""xy_translation_mm"":[1.3195654319610284,-0.5464514666381837],""xy_translation_source"":""five_point_reassembly"",""xy_translation_details"":{""preset"":""5×5｜441点1mm连续"",""calibration_points"":5,""calibration_strategy"":""rigid_rotation_translation_v1"",""calibration_rms_mm"":0.507358956567797,""check_rms_mm"":null},""dynamic_model_enabled"":false,""dynamic_history_ready"":false,""dynamic_gate"":0.0,""contact_score"":0.9945025149048972,""contact_score_threshold"":0.49492851692021117,""status"":""有效"",""preset"":""5×5｜441点1mm连续"",""needs_baseline"":false,""display.contact"":true,""display.contact_reason"":""拟合响应/相似度接触门控"",""display.contact_segment"":611,""display.contact_age_ms"":5353.1249,""display.contact_last_end_ns"":1240476446514800}"
S20260919_A,000133,400,1240481839388500,1240481877026700,NormalizedFit,1,1,True,unknown,False,False,0.0,1.1040127812861948,nan,nan,-0.9867869198592352,0.44688576962875337,0.21304672009049896,x,y,z,-0.9867869198592352,0.44688576962875337,0.21304672009049896,,,,,,,,1.3367089522389837,0.16741677802741273,0.03651872780233978,"{""x"":-0.9867869198592352,""y"":0.44688576962875337,""z"":0.21304672009049896,""dx"":null,""dy"":null,""mode5"":null,""Q"":null,""X"":null,""Y"":null,""Z"":null,""dX"":1.3367089522389837,""dY"":0.16741677802741273,""dZ"":0.03651872780233978}","{""amplitude_uT"":148.9748134501263,""contact_threshold_uT"":40.0,""contact_gate"":""shape-aware ridge classifier + amplitude floor"",""cosine_similarity"":0.9861030200490541,""anti_jump_policy"":""快速门控（阈值/形状）"",""calibration_depth_range_mm"":[0.2,0.8],""depth_extrapolated"":false,""relative_reference"":""first valid prediction since B0/no-contact"",""xy_semantics"":""continuous XY RBF refit on all 441 positions at 1 mm spacing"",""fit_model"":""441点1 mm连续XY/RBF＋跨深度连续Z＋接触/释放门控"",""fit_variant"":""dense441_1mm_continuous_development"",""evidence_tier"":""development_dense441_single_repeat_random_validation_pending"",""continuous_xy_method"":""kernel_rbf"",""working_range_model"":false,""working_range_mm"":null,""outside_declared_working_range"":false,""calibration_domain_mm"":{""x"":[-10.0,10.0],""y"":[-10.0,10.0],""depth"":[0.2,0.8]},""xy_outside_calibration_domain"":false,""excluded_calibration_samples"":0,""uncorrected_static_xyz_mm"":[-0.9867869198592352,0.44688576962875337,0.21304672009049896],""unaligned_xyz_mm"":[-2.37831632132179,0.8059724011625251,0.21304672009049896],""xy_rotation_deg"":-4.580684956890044,""xy_translation_mm"":[1.3195654319610284,-0.5464514666381837],""xy_translation_source"":""five_point_reassembly"",""xy_translation_details"":{""preset"":""5×5｜441点1mm连续"",""calibration_points"":5,""calibration_strategy"":""rigid_rotation_translation_v1"",""calibration_rms_mm"":0.507358956567797,""check_rms_mm"":null},""dynamic_model_enabled"":false,""dynamic_history_ready"":false,""dynamic_gate"":0.0,""contact_score"":0.997335187394826,""contact_score_threshold"":0.49492851692021117,""status"":""有效"",""preset"":""5×5｜441点1mm连续"",""needs_baseline"":false,""display.contact"":true,""display.contact_reason"":""拟合响应/相似度接触门控"",""display.contact_segment"":611,""display.contact_age_ms"":5380.9836,""display.contact_last_end_ns"":1240476446514800}"
S20260919_A,000133,401,1240481865299900,1240481879666600,NormalizedFit,1,1,True,unknown,False,False,0.0,2.191930271825652,nan,nan,-2.1820842454084053,-0.012480120477992185,0.2071494848628922,x,y,z,-2.1820842454084053,-0.012480120477992185,0.2071494848628922,,,,,,,,0.14141162668981355,-0.29194911207933283,0.03062149257473301,"{""x"":-2.1820842454084053,""y"":-0.012480120477992185,""z"":0.2071494848628922,""dx"":null,""dy"":null,""mode5"":null,""Q"":null,""X"":null,""Y"":null,""Z"":null,""dX"":0.14141162668981355,""dY"":-0.29194911207933283,""dZ"":0.03062149257473301}","{""amplitude_uT"":140.3018070535798,""contact_threshold_uT"":40.0,""contact_gate"":""shape-aware ridge classifier + amplitude floor"",""cosine_similarity"":0.9866161275240837,""anti_jump_policy"":""快速门控（阈值/形状）"",""calibration_depth_range_mm"":[0.2,0.8],""depth_extrapolated"":false,""relative_reference"":""first valid prediction since B0/no-contact"",""xy_semantics"":""continuous XY RBF refit on all 441 positions at 1 mm spacing"",""fit_model"":""441点1 mm连续XY/RBF＋跨深度连续Z＋接触/释放门控"",""fit_variant"":""dense441_1mm_continuous_development"",""evidence_tier"":""development_dense441_single_repeat_random_validation_pending"",""continuous_xy_method"":""kernel_rbf"",""working_range_model"":false,""working_range_mm"":null,""outside_declared_working_range"":false,""calibration_domain_mm"":{""x"":[-10.0,10.0],""y"":[-10.0,10.0],""depth"":[0.2,0.8]},""xy_outside_calibration_domain"":false,""excluded_calibration_samples"":0,""uncorrected_static_xyz_mm"":[-2.1820842454084053,-0.012480120477992185,0.2071494848628922],""unaligned_xyz_mm"":[-3.5331094075546297,0.2526138867729899,0.2071494848628922],""xy_rotation_deg"":-4.580684956890044,""xy_translation_mm"":[1.3195654319610284,-0.5464514666381837],""xy_translation_source"":""five_point_reassembly"",""xy_translation_details"":{""preset"":""5×5｜441点1mm连续"",""calibration_points"":5,""calibration_strategy"":""rigid_rotation_translation_v1"",""calibration_rms_mm"":0.507358956567797,""check_rms_mm"":null},""dynamic_model_enabled"":false,""dynamic_history_ready"":false,""dynamic_gate"":0.0,""contact_score"":0.9970723259923666,""contact_score_threshold"":0.49492851692021117,""status"":""有效"",""preset"":""5×5｜441点1mm连续"",""needs_baseline"":false,""display.contact"":true,""display.contact_reason"":""拟合响应/相似度接触门控"",""display.contact_segment"":611,""display.contact_age_ms"":5406.895,""display.contact_last_end_ns"":1240476446514800}"
S20260919_A,000133,402,1240481876336300,1240481914081500,NormalizedFit,1,1,True,unknown,False,False,0.0,1.218114502755705,nan,nan,-1.1815598679632535,-0.1991573223830731,0.21921583242011022,x,y,z,-1.1815598679632535,-0.1991573223830731,0.21921583242011022,,,,,,,,1.1419360041349653,-0.47862631398441374,0.04268784013195104,"{""x"":-1.1815598679632535,""y"":-0.1991573223830731,""z"":0.21921583242011022,""dx"":null,""dy"":null,""mode5"":null,""Q"":null,""X"":null,""Y"":null,""Z"":null,""dX"":1.1419360041349653,""dY"":-0.47862631398441374,""dZ"":0.04268784013195104}","{""amplitude_uT"":136.48347024823144,""contact_threshold_uT"":40.0,""contact_gate"":""shape-aware ridge classifier + amplitude floor"",""cosine_similarity"":0.9893635305639403,""anti_jump_policy"":""快速门控（阈值/形状）"",""calibration_depth_range_mm"":[0.2,0.8],""depth_extrapolated"":false,""relative_reference"":""first valid prediction since B0/no-contact"",""xy_semantics"":""continuous XY RBF refit on all 441 positions at 1 mm spacing"",""fit_model"":""441点1 mm连续XY/RBF＋跨深度连续Z＋接触/释放门控"",""fit_variant"":""dense441_1mm_continuous_development"",""evidence_tier"":""development_dense441_single_repeat_random_validation_pending"",""continuous_xy_method"":""kernel_rbf"",""working_range_model"":false,""working_range_mm"":null,""outside_declared_working_range"":false,""calibration_domain_mm"":{""x"":[-10.0,10.0],""y"":[-10.0,10.0],""depth"":[0.2,0.8]},""xy_outside_calibration_domain"":false,""excluded_calibration_samples"":0,""uncorrected_static_xyz_mm"":[-1.1815598679632535,-0.1991573223830731,0.21921583242011022],""unaligned_xyz_mm"":[-2.520872265589553,0.14643773126013215,0.21921583242011022],""xy_rotation_deg"":-4.580684956890044,""xy_translation_mm"":[1.3195654319610284,-0.5464514666381837],""xy_translation_source"":""five_point_reassembly"",""xy_translation_details"":{""preset"":""5×5｜441点1mm连续"",""calibration_points"":5,""calibration_strategy"":""rigid_rotation_translation_v1"",""calibration_rms_mm"":0.507358956567797,""check_rms_mm"":null},""dynamic_model_enabled"":false,""dynamic_history_ready"":false,""dynamic_gate"":0.0,""contact_score"":0.9968014084441181,""contact_score_threshold"":0.49492851692021117,""status"":""有效"",""preset"":""5×5｜441点1mm连续"",""needs_baseline"":false,""display.contact"":true,""display.contact_reason"":""拟合响应/相似度接触门控"",""display.contact_segment"":611,""display.contact_age_ms"":5417.9314,""display.contact_last_end_ns"":1240476446514800}"
S20260919_A,000133,403,1240481904174800,1240481917144200,NormalizedFit,1,1,True,unknown,False,False,0.0,1.205840249905855,nan,nan,-1.1657328083973522,0.16567732070642172,0.260132183942276,x,y,z,-1.1657328083973522,0.16567732070642172,0.260132183942276,,,,,,,,1.1577630637008667,-0.11379167089491893,0.08360419165411681,"{""x"":-1.1657328083973522,""y"":0.16567732070642172,""z"":0.260132183942276,""dx"":null,""dy"":null,""mode5"":null,""Q"":null,""X"":null,""Y"":null,""Z"":null,""dX"":1.1577630637008667,""dY"":-0.11379167089491893,""dZ"":0.08360419165411681}","{""amplitude_uT"":125.81254688821761,""contact_threshold_uT"":40.0,""contact_gate"":""shape-aware ridge classifier + amplitude floor"",""cosine_similarity"":0.9895682967873118,""anti_jump_policy"":""快速门控（阈值/形状）"",""calibration_depth_range_mm"":[0.2,0.8],""depth_extrapolated"":false,""relative_reference"":""first valid prediction since B0/no-contact"",""xy_semantics"":""continuous XY RBF refit on all 441 positions at 1 mm spacing"",""fit_model"":""441点1 mm连续XY/RBF＋跨深度连续Z＋接触/释放门控"",""fit_variant"":""dense441_1mm_continuous_development"",""evidence_tier"":""development_dense441_single_repeat_random_validation_pending"",""continuous_xy_method"":""kernel_rbf"",""working_range_model"":false,""working_range_mm"":null,""outside_declared_working_range"":false,""calibration_domain_mm"":{""x"":[-10.0,10.0],""y"":[-10.0,10.0],""depth"":[0.2,0.8]},""xy_outside_calibration_domain"":false,""excluded_calibration_samples"":0,""uncorrected_static_xyz_mm"":[-1.1657328083973522,0.16567732070642172,0.260132183942276],""unaligned_xyz_mm"":[-2.5342325105347117,0.5113710353963086,0.260132183942276],""xy_rotation_deg"":-4.580684956890044,""xy_translation_mm"":[1.3195654319610284,-0.5464514666381837],""xy_translation_source"":""five_point_reassembly"",""xy_translation_details"":{""preset"":""5×5｜441点1mm连续"",""calibration_points"":5,""calibration_strategy"":""rigid_rotation_translation_v1"",""calibration_rms_mm"":0.507358956567797,""check_rms_mm"":null},""dynamic_model_enabled"":false,""dynamic_history_ready"":false,""dynamic_gate"":0.0,""contact_score"":0.9959891497964345,""contact_score_threshold"":0.49492851692021117,""status"":""有效"",""preset"":""5×5｜441点1mm连续"",""needs_baseline"":false,""display.contact"":true,""display.contact_reason"":""拟合响应/相似度接触门控"",""display.contact_segment"":611,""display.contact_age_ms"":5445.7699,""display.contact_last_end_ns"":1240476446514800}"
S20260919_A,000133,404,1240481930085900,1240481968887300,NormalizedFit,1,1,True,unknown,False,False,0.0,1.2330060702746246,nan,nan,-1.1158217279488534,0.44454065537948095,0.27862061389295867,x,y,z,-1.1158217279488534,0.44454065537948095,0.27862061389295867,,,,,,,,1.2076741441493655,0.1650716637781403,0.10209262160479948,"{""x"":-1.1158217279488534,""y"":0.44454065537948095,""z"":0.27862061389295867,""dx"":null,""dy"":null,""mode5"":null,""Q"":null,""X"":null,""Y"":null,""Z"":null,""dX"":1.2076741441493655,""dY"":0.1650716637781403,""dZ"":0.10209262160479948}","{""amplitude_uT"":117.73243283607103,""contact_threshold_uT"":40.0,""contact_gate"":""shape-aware ridge classifier + amplitude floor"",""cosine_similarity"":0.9939868212430133,""anti_jump_policy"":""快速门控（阈值/形状）"",""calibration_depth_range_mm"":[0.2,0.8],""depth_extrapolated"":false,""relative_reference"":""first valid prediction since B0/no-contact"",""xy_semantics"":""continuous XY RBF refit on all 441 positions at 1 mm spacing"",""fit_model"":""441点1 mm连续XY/RBF＋跨深度连续Z＋接触/释放门控"",""fit_variant"":""dense441_1mm_continuous_development"",""evidence_tier"":""development_dense441_single_repeat_random_validation_pending"",""continuous_xy_method"":""kernel_rbf"",""working_range_model"":false,""working_range_mm"":null,""outside_declared_working_range"":false,""calibration_domain_mm"":{""x"":[-10.0,10.0],""y"":[-10.0,10.0],""depth"":[0.2,0.8]},""xy_outside_calibration_domain"":false,""excluded_calibration_samples"":0,""uncorrected_static_xyz_mm"":[-1.1158217279488534,0.44454065537948095,0.27862061389295867],""unaligned_xyz_mm"":[-2.5067516862689896,0.7933296842691382,0.27862061389295867],""xy_rotation_deg"":-4.580684956890044,""xy_translation_mm"":[1.3195654319610284,-0.5464514666381837],""xy_translation_source"":""five_point_reassembly"",""xy_translation_details"":{""preset"":""5×5｜441点1mm连续"",""calibration_points"":5,""calibration_strategy"":""rigid_rotation_translation_v1"",""calibration_rms_mm"":0.507358956567797,""check_rms_mm"":null},""dynamic_model_enabled"":false,""dynamic_history_ready"":false,""dynamic_gate"":0.0,""contact_score"":0.9942449247134812,""contact_score_threshold"":0.49492851692021117,""status"":""有效"",""preset"":""5×5｜441点1mm连续"",""needs_baseline"":false,""display.contact"":true,""display.contact_reason"":""拟合响应/相似度接触门控"",""display.contact_segment"":611,""display.contact_age_ms"":5471.681,""display.contact_last_end_ns"":1240476446514800}"
S20260919_A,000133,405,1240481941070200,1240481971302700,NormalizedFit,1,1,False,unknown,False,False,0.0,nan,nan,nan,nan,nan,nan,x,y,z,,,,,,,,,,,,,,"{""x"":null,""y"":null,""z"":null,""dx"":null,""dy"":null,""mode5"":null,""Q"":null,""X"":null,""Y"":null,""Z"":null,""dX"":null,""dY"":null,""dZ"":null}","{""cosine_similarity"":0.9667829114957471,""amplitude_uT"":59.14642550061658,""status"":""模板相似度不足"",""preset"":""5×5｜441点1mm连续"",""needs_baseline"":false,""display.contact"":false,""display.contact_reason"":""三维输出无效"",""display.contact_segment"":611,""display.contact_age_ms"":0.0,""display.contact_last_end_ns"":1240481941070200}"
S20260919_A,000133,406,1240481966936100,1240481973598400,NormalizedFit,1,1,False,unknown,False,False,0.0,nan,nan,nan,nan,nan,nan,x,y,z,,,,,,,,,,,,,,"{""x"":null,""y"":null,""z"":null,""dx"":null,""dy"":null,""mode5"":null,""Q"":null,""X"":null,""Y"":null,""Z"":null,""dX"":null,""dY"":null,""dZ"":null}","{""cosine_similarity"":0.9703563081035689,""amplitude_uT"":50.183679612997494,""status"":""模板相似度不足"",""preset"":""5×5｜441点1mm连续"",""needs_baseline"":false,""display.contact"":false,""display.contact_reason"":""三维输出无效"",""display.contact_segment"":611,""display.contact_age_ms"":0.0,""display.contact_last_end_ns"":1240481941070200}"
S20260919_A,000133,407,1240481993853800,1240482008178200,NormalizedFit,1,1,False,unknown,False,False,0.0,nan,nan,nan,nan,nan,nan,x,y,z,,,,,,,,,,,,,,"{""x"":null,""y"":null,""z"":null,""dx"":null,""dy"":null,""mode5"":null,""Q"":null,""X"":null,""Y"":null,""Z"":null,""dX"":null,""dY"":null,""dZ"":null}","{""cosine_similarity"":0.9628286632842891,""amplitude_uT"":46.490530223906816,""status"":""模板相似度不足"",""preset"":""5×5｜441点1mm连续"",""needs_baseline"":false,""display.contact"":false,""display.contact_reason"":""三维输出无效"",""display.contact_segment"":611,""display.contact_age_ms"":0.0,""display.contact_last_end_ns"":1240481941070200}"
S20260919_A,000133,408,1240482020786800,1240482079647500,NormalizedFit,1,1,False,unknown,False,False,0.0,nan,nan,nan,nan,nan,nan,x,y,z,,,,,,,,,,,,,,"{""x"":null,""y"":null,""z"":null,""dx"":null,""dy"":null,""mode5"":null,""Q"":null,""X"":null,""Y"":null,""Z"":null,""dX"":null,""dY"":null,""dZ"":null}","{""cosine_similarity"":0.924335804864445,""amplitude_uT"":44.747425629861375,""status"":""模板相似度不足"",""preset"":""5×5｜441点1mm连续"",""needs_baseline"":false,""display.contact"":false,""display.contact_reason"":""三维输出无效"",""display.contact_segment"":611,""display.contact_age_ms"":0.0,""display.contact_last_end_ns"":1240481941070200}"
S20260919_A,000133,409,1240482031689900,1240482084040000,NormalizedFit,1,1,False,unknown,False,False,0.0,nan,nan,nan,nan,nan,nan,x,y,z,,,,,,,,,,,,,,"{""x"":null,""y"":null,""z"":null,""dx"":null,""dy"":null,""mode5"":null,""Q"":null,""X"":null,""Y"":null,""Z"":null,""dX"":null,""dY"":null,""dZ"":null}","{""cosine_similarity"":0.9734564324423068,""amplitude_uT"":49.28948974680077,""status"":""模板相似度不足"",""preset"":""5×5｜441点1mm连续"",""needs_baseline"":false,""display.contact"":false,""display.contact_reason"":""三维输出无效"",""display.contact_segment"":611,""display.contact_age_ms"":0.0,""display.contact_last_end_ns"":1240481941070200}"
S20260919_A,000133,410,1240482058656100,1240482086356200,NormalizedFit,1,1,False,unknown,False,False,0.0,nan,nan,nan,nan,nan,nan,x,y,z,,,,,,,,,,,,,,"{""x"":null,""y"":null,""z"":null,""dx"":null,""dy"":null,""mode5"":null,""Q"":null,""X"":null,""Y"":null,""Z"":null,""dX"":null,""dY"":null,""dZ"":null}","{""cosine_similarity"":0.9493298343535806,""amplitude_uT"":55.75723317651217,""status"":""模板相似度不足"",""preset"":""5×5｜441点1mm连续"",""needs_baseline"":false,""display.contact"":false,""display.contact_reason"":""三维输出无效"",""display.contact_segment"":611,""display.contact_age_ms"":0.0,""display.contact_last_end_ns"":1240481941070200}"
S20260919_A,000133,411,1240482084582400,1240482117776600,NormalizedFit,1,1,False,unknown,False,False,0.0,nan,nan,nan,nan,nan,nan,x,y,z,,,,,,,,,,,,,,"{""x"":null,""y"":null,""z"":null,""dx"":null,""dy"":null,""mode5"":null,""Q"":null,""X"":null,""Y"":null,""Z"":null,""dX"":null,""dY"":null,""dZ"":null}","{""cosine_similarity"":0.8892357760555453,""amplitude_uT"":45.725185931825145,""status"":""模板相似度不足"",""preset"":""5×5｜441点1mm连续"",""needs_baseline"":false,""display.contact"":false,""display.contact_reason"":""三维输出无效"",""display.contact_segment"":611,""display.contact_age_ms"":0.0,""display.contact_last_end_ns"":1240481941070200}"
S20260919_A,000133,412,1240482095760200,1240482120378000,NormalizedFit,1,1,False,unknown,False,False,0.0,nan,nan,nan,nan,nan,nan,x,y,z,,,,,,,,,,,,,,"{""x"":null,""y"":null,""z"":null,""dx"":null,""dy"":null,""mode5"":null,""Q"":null,""X"":null,""Y"":null,""Z"":null,""dX"":null,""dY"":null,""dZ"":null}","{""cosine_similarity"":0.8654027577446287,""amplitude_uT"":44.07744634730986,""status"":""模板相似度不足"",""preset"":""5×5｜441点1mm连续"",""needs_baseline"":false,""display.contact"":false,""display.contact_reason"":""三维输出无效"",""display.contact_segment"":611,""display.contact_age_ms"":0.0,""display.contact_last_end_ns"":1240481941070200}"
S20260919_A,000133,413,1240482122400000,1240482160563100,NormalizedFit,1,1,False,unknown,False,False,0.0,nan,nan,nan,nan,nan,nan,x,y,z,,,,,,,,,,,,,,"{""x"":null,""y"":null,""z"":null,""dx"":null,""dy"":null,""mode5"":null,""Q"":null,""X"":null,""Y"":null,""Z"":null,""dX"":null,""dY"":null,""dZ"":null}","{""cosine_similarity"":0.9110708524151993,""amplitude_uT"":43.65710738814443,""status"":""模板相似度不足"",""preset"":""5×5｜441点1mm连续"",""needs_baseline"":false,""display.contact"":false,""display.contact_reason"":""三维输出无效"",""display.contact_segment"":611,""display.contact_age_ms"":0.0,""display.contact_last_end_ns"":1240481941070200}"
S20260919_A,000133,414,1240482149413800,1240482163823200,NormalizedFit,1,1,False,unknown,False,False,0.0,nan,nan,nan,nan,nan,nan,x,y,z,,,,,,,,,,,,,,"{""x"":null,""y"":null,""z"":null,""dx"":null,""dy"":null,""mode5"":null,""Q"":null,""X"":null,""Y"":null,""Z"":null,""dX"":null,""dY"":null,""dZ"":null}","{""amplitude_uT"":33.672371946448955,""contact_threshold_uT"":40.0,""contact_gate"":""temporary current-frame amplitude threshold"",""status"":""低于临时接触阈值 / 判为非接触"",""preset"":""5×5｜441点1mm连续"",""needs_baseline"":false,""display.contact"":false,""display.contact_reason"":""三维输出无效"",""display.contact_segment"":611,""display.contact_age_ms"":0.0,""display.contact_last_end_ns"":1240481941070200}"
S20260919_A,000133,415,1240482159314500,1240482166240100,NormalizedFit,1,1,False,unknown,False,False,0.0,nan,nan,nan,nan,nan,nan,x,y,z,,,,,,,,,,,,,,"{""x"":null,""y"":null,""z"":null,""dx"":null,""dy"":null,""mode5"":null,""Q"":null,""X"":null,""Y"":null,""Z"":null,""dX"":null,""dY"":null,""dZ"":null}","{""cosine_similarity"":0.8812149137768674,""amplitude_uT"":58.22111556385692,""status"":""模板相似度不足"",""preset"":""5×5｜441点1mm连续"",""needs_baseline"":false,""display.contact"":false,""display.contact_reason"":""三维输出无效"",""display.contact_segment"":611,""display.contact_age_ms"":0.0,""display.contact_last_end_ns"":1240481941070200}"
S20260919_A,000133,416,1240482186220000,1240482198616500,NormalizedFit,1,1,False,unknown,False,False,0.0,nan,nan,nan,nan,nan,nan,x,y,z,,,,,,,,,,,,,,"{""x"":null,""y"":null,""z"":null,""dx"":null,""dy"":null,""mode5"":null,""Q"":null,""X"":null,""Y"":null,""Z"":null,""dX"":null,""dY"":null,""dZ"":null}","{""cosine_similarity"":0.911071433474709,""amplitude_uT"":56.35171793965124,""status"":""模板相似度不足"",""preset"":""5×5｜441点1mm连续"",""needs_baseline"":false,""display.contact"":false,""display.contact_reason"":""三维输出无效"",""display.contact_segment"":611,""display.contact_age_ms"":0.0,""display.contact_last_end_ns"":1240481941070200}"
S20260919_A,000133,417,1240482212218000,1240482236213900,NormalizedFit,1,1,False,unknown,False,False,0.0,nan,nan,nan,nan,nan,nan,x,y,z,,,,,,,,,,,,,,"{""x"":null,""y"":null,""z"":null,""dx"":null,""dy"":null,""mode5"":null,""Q"":null,""X"":null,""Y"":null,""Z"":null,""dX"":null,""dY"":null,""dZ"":null}","{""amplitude_uT"":33.535104867884,""contact_threshold_uT"":40.0,""contact_gate"":""temporary current-frame amplitude threshold"",""status"":""低于临时接触阈值 / 判为非接触"",""preset"":""5×5｜441点1mm连续"",""needs_baseline"":false,""display.contact"":false,""display.contact_reason"":""三维输出无效"",""display.contact_segment"":611,""display.contact_age_ms"":0.0,""display.contact_last_end_ns"":1240481941070200}"
S20260919_A,000133,418,1240482224204000,1240482238680600,NormalizedFit,1,1,False,unknown,False,False,0.0,nan,nan,nan,nan,nan,nan,x,y,z,,,,,,,,,,,,,,"{""x"":null,""y"":null,""z"":null,""dx"":null,""dy"":null,""mode5"":null,""Q"":null,""X"":null,""Y"":null,""Z"":null,""dX"":null,""dY"":null,""dZ"":null}","{""cosine_similarity"":0.7845457057499503,""amplitude_uT"":43.2697734625452,""status"":""模板相似度不足"",""preset"":""5×5｜441点1mm连续"",""needs_baseline"":false,""display.contact"":false,""display.contact_reason"":""三维输出无效"",""display.contact_segment"":611,""display.contact_age_ms"":0.0,""display.contact_last_end_ns"":1240481941070200}"
S20260919_A,000133,419,1240482235185500,1240482281085300,NormalizedFit,1,1,False,unknown,False,False,0.0,nan,nan,nan,nan,nan,nan,x,y,z,,,,,,,,,,,,,,"{""x"":null,""y"":null,""z"":null,""dx"":null,""dy"":null,""mode5"":null,""Q"":null,""X"":null,""Y"":null,""Z"":null,""dX"":null,""dY"":null,""dZ"":null}","{""amplitude_uT"":39.245459883915075,""contact_threshold_uT"":40.0,""contact_gate"":""temporary smoothed-amplitude threshold"",""status"":""平滑响应低于临时接触阈值 / 判为非接触"",""preset"":""5×5｜441点1mm连续"",""needs_baseline"":false,""display.contact"":false,""display.contact_reason"":""三维输出无效"",""display.contact_segment"":611,""display.contact_age_ms"":0.0,""display.contact_last_end_ns"":1240481941070200}"
S20260919_A,000133,420,1240482262088600,1240482283509300,NormalizedFit,1,1,False,unknown,False,False,0.0,nan,nan,nan,nan,nan,nan,x,y,z,,,,,,,,,,,,,,"{""x"":null,""y"":null,""z"":null,""dx"":null,""dy"":null,""mode5"":null,""Q"":null,""X"":null,""Y"":null,""Z"":null,""dX"":null,""dY"":null,""dZ"":null}","{""cosine_similarity"":0.8733254967246646,""amplitude_uT"":40.909510269618146,""status"":""模板相似度不足"",""preset"":""5×5｜441点1mm连续"",""needs_baseline"":false,""display.contact"":false,""display.contact_reason"":""三维输出无效"",""display.contact_segment"":611,""display.contact_age_ms"":0.0,""display.contact_last_end_ns"":1240481941070200}"
S20260919_A,000133,421,1240482288010100,1240482312256600,NormalizedFit,1,1,False,unknown,False,False,0.0,nan,nan,nan,nan,nan,nan,x,y,z,,,,,,,,,,,,,,"{""x"":null,""y"":null,""z"":null,""dx"":null,""dy"":null,""mode5"":null,""Q"":null,""X"":null,""Y"":null,""Z"":null,""dX"":null,""dY"":null,""dZ"":null}","{""cosine_similarity"":0.9296869407352797,""amplitude_uT"":47.87838938132742,""status"":""模板相似度不足"",""preset"":""5×5｜441点1mm连续"",""needs_baseline"":false,""display.contact"":false,""display.contact_reason"":""三维输出无效"",""display.contact_segment"":611,""display.contact_age_ms"":0.0,""display.contact_last_end_ns"":1240481941070200}"
S20260919_A,000133,422,1240482299992700,1240482314900100,NormalizedFit,1,1,False,unknown,False,False,0.0,nan,nan,nan,nan,nan,nan,x,y,z,,,,,,,,,,,,,,"{""x"":null,""y"":null,""z"":null,""dx"":null,""dy"":null,""mode5"":null,""Q"":null,""X"":null,""Y"":null,""Z"":null,""dX"":null,""dY"":null,""dZ"":null}","{""cosine_similarity"":0.9211628028821961,""amplitude_uT"":44.30171023222446,""status"":""模板相似度不足"",""preset"":""5×5｜441点1mm连续"",""needs_baseline"":false,""display.contact"":false,""display.contact_reason"":""三维输出无效"",""display.contact_segment"":611,""display.contact_age_ms"":0.0,""display.contact_last_end_ns"":1240481941070200}"
S20260919_A,000133,423,1240482325885600,1240482358403900,NormalizedFit,1,1,False,unknown,False,False,0.0,nan,nan,nan,nan,nan,nan,x,y,z,,,,,,,,,,,,,,"{""x"":null,""y"":null,""z"":null,""dx"":null,""dy"":null,""mode5"":null,""Q"":null,""X"":null,""Y"":null,""Z"":null,""dX"":null,""dY"":null,""dZ"":null}","{""cosine_similarity"":0.9258371348382638,""amplitude_uT"":45.3653235467353,""status"":""模板相似度不足"",""preset"":""5×5｜441点1mm连续"",""needs_baseline"":false,""display.contact"":false,""display.contact_reason"":""三维输出无效"",""display.contact_segment"":611,""display.contact_age_ms"":0.0,""display.contact_last_end_ns"":1240481941070200}"
S20260919_A,000133,424,1240482351887000,1240482360616000,NormalizedFit,1,1,False,unknown,False,False,0.0,nan,nan,nan,nan,nan,nan,x,y,z,,,,,,,,,,,,,,"{""x"":null,""y"":null,""z"":null,""dx"":null,""dy"":null,""mode5"":null,""Q"":null,""X"":null,""Y"":null,""Z"":null,""dX"":null,""dY"":null,""dZ"":null}","{""cosine_similarity"":0.9459838903473033,""amplitude_uT"":46.72300183528425,""status"":""模板相似度不足"",""preset"":""5×5｜441点1mm连续"",""needs_baseline"":false,""display.contact"":false,""display.contact_reason"":""三维输出无效"",""display.contact_segment"":611,""display.contact_age_ms"":0.0,""display.contact_last_end_ns"":1240481941070200}"
S20260919_A,000133,425,1240482362819300,1240482390183700,NormalizedFit,1,1,False,unknown,False,False,0.0,nan,nan,nan,nan,nan,nan,x,y,z,,,,,,,,,,,,,,"{""x"":null,""y"":null,""z"":null,""dx"":null,""dy"":null,""mode5"":null,""Q"":null,""X"":null,""Y"":null,""Z"":null,""dX"":null,""dY"":null,""dZ"":null}","{""cosine_similarity"":0.9338260650241245,""amplitude_uT"":42.89249345165152,""status"":""模板相似度不足"",""preset"":""5×5｜441点1mm连续"",""needs_baseline"":false,""display.contact"":false,""display.contact_reason"":""三维输出无效"",""display.contact_segment"":611,""display.contact_age_ms"":0.0,""display.contact_last_end_ns"":1240481941070200}"
S20260919_A,000133,426,1240482373925800,1240482392216400,NormalizedFit,1,1,False,unknown,False,False,0.0,nan,nan,nan,nan,nan,nan,x,y,z,,,,,,,,,,,,,,"{""x"":null,""y"":null,""z"":null,""dx"":null,""dy"":null,""mode5"":null,""Q"":null,""X"":null,""Y"":null,""Z"":null,""dX"":null,""dY"":null,""dZ"":null}","{""cosine_similarity"":0.9360667337605759,""amplitude_uT"":41.60285975446844,""status"":""模板相似度不足"",""preset"":""5×5｜441点1mm连续"",""needs_baseline"":false,""display.contact"":false,""display.contact_reason"":""三维输出无效"",""display.contact_segment"":611,""display.contact_age_ms"":0.0,""display.contact_last_end_ns"":1240481941070200}"
S20260919_A,000133,427,1240482400783800,1240482421368300,NormalizedFit,1,1,False,unknown,False,False,0.0,nan,nan,nan,nan,nan,nan,x,y,z,,,,,,,,,,,,,,"{""x"":null,""y"":null,""z"":null,""dx"":null,""dy"":null,""mode5"":null,""Q"":null,""X"":null,""Y"":null,""Z"":null,""dX"":null,""dY"":null,""dZ"":null}","{""cosine_similarity"":0.9323800653483607,""amplitude_uT"":45.27362419223761,""status"":""模板相似度不足"",""preset"":""5×5｜441点1mm连续"",""needs_baseline"":false,""display.contact"":false,""display.contact_reason"":""三维输出无效"",""display.contact_segment"":611,""display.contact_age_ms"":0.0,""display.contact_last_end_ns"":1240481941070200}"
S20260919_A,000133,428,1240482427573300,1240482461960300,NormalizedFit,1,1,False,unknown,False,False,0.0,nan,nan,nan,nan,nan,nan,x,y,z,,,,,,,,,,,,,,"{""x"":null,""y"":null,""z"":null,""dx"":null,""dy"":null,""mode5"":null,""Q"":null,""X"":null,""Y"":null,""Z"":null,""dX"":null,""dY"":null,""dZ"":null}","{""cosine_similarity"":0.9219646329221232,""amplitude_uT"":41.115224047790086,""status"":""模板相似度不足"",""preset"":""5×5｜441点1mm连续"",""needs_baseline"":false,""display.contact"":false,""display.contact_reason"":""三维输出无效"",""display.contact_segment"":611,""display.contact_age_ms"":0.0,""display.contact_last_end_ns"":1240481941070200}"
S20260919_A,000133,429,1240482437689700,1240482465503600,NormalizedFit,1,1,False,unknown,False,False,0.0,nan,nan,nan,nan,nan,nan,x,y,z,,,,,,,,,,,,,,"{""x"":null,""y"":null,""z"":null,""dx"":null,""dy"":null,""mode5"":null,""Q"":null,""X"":null,""Y"":null,""Z"":null,""dX"":null,""dY"":null,""dZ"":null}","{""amplitude_uT"":27.822396472985385,""contact_threshold_uT"":40.0,""contact_gate"":""temporary current-frame amplitude threshold"",""status"":""低于临时接触阈值 / 判为非接触"",""preset"":""5×5｜441点1mm连续"",""needs_baseline"":false,""display.contact"":false,""display.contact_reason"":""三维输出无效"",""display.contact_segment"":611,""display.contact_age_ms"":0.0,""display.contact_last_end_ns"":1240481941070200}"
S20260919_A,000133,430,1240482464437000,1240482496923500,NormalizedFit,1,1,False,unknown,False,False,0.0,nan,nan,nan,nan,nan,nan,x,y,z,,,,,,,,,,,,,,"{""x"":null,""y"":null,""z"":null,""dx"":null,""dy"":null,""mode5"":null,""Q"":null,""X"":null,""Y"":null,""Z"":null,""dX"":null,""dY"":null,""dZ"":null}","{""cosine_similarity"":0.8312847827250379,""amplitude_uT"":40.98711670147075,""status"":""模板相似度不足"",""preset"":""5×5｜441点1mm连续"",""needs_baseline"":false,""display.contact"":false,""display.contact_reason"":""三维输出无效"",""display.contact_segment"":611,""display.contact_age_ms"":0.0,""display.contact_last_end_ns"":1240481941070200}"
S20260919_A,000133,431,1240482491347900,1240482500995900,NormalizedFit,1,1,False,unknown,False,False,0.0,nan,nan,nan,nan,nan,nan,x,y,z,,,,,,,,,,,,,,"{""x"":null,""y"":null,""z"":null,""dx"":null,""dy"":null,""mode5"":null,""Q"":null,""X"":null,""Y"":null,""Z"":null,""dX"":null,""dY"":null,""dZ"":null}","{""amplitude_uT"":38.859534447802986,""contact_threshold_uT"":40.0,""contact_gate"":""temporary smoothed-amplitude threshold"",""status"":""平滑响应低于临时接触阈值 / 判为非接触"",""preset"":""5×5｜441点1mm连续"",""needs_baseline"":false,""display.contact"":false,""display.contact_reason"":""三维输出无效"",""display.contact_segment"":611,""display.contact_age_ms"":0.0,""display.contact_last_end_ns"":1240481941070200}"
S20260919_A,000133,432,1240482502413800,1240482530220200,NormalizedFit,1,1,False,unknown,False,False,0.0,nan,nan,nan,nan,nan,nan,x,y,z,,,,,,,,,,,,,,"{""x"":null,""y"":null,""z"":null,""dx"":null,""dy"":null,""mode5"":null,""Q"":null,""X"":null,""Y"":null,""Z"":null,""dX"":null,""dY"":null,""dZ"":null}","{""amplitude_uT"":39.14612437393997,""contact_threshold_uT"":40.0,""contact_gate"":""temporary smoothed-amplitude threshold"",""status"":""平滑响应低于临时接触阈值 / 判为非接触"",""preset"":""5×5｜441点1mm连续"",""needs_baseline"":false,""display.contact"":false,""display.contact_reason"":""三维输出无效"",""display.contact_segment"":611,""display.contact_age_ms"":0.0,""display.contact_last_end_ns"":1240481941070200}"
S20260919_A,000133,433,1240482529174300,1240482574028600,NormalizedFit,1,1,False,unknown,False,False,0.0,nan,nan,nan,nan,nan,nan,x,y,z,,,,,,,,,,,,,,"{""x"":null,""y"":null,""z"":null,""dx"":null,""dy"":null,""mode5"":null,""Q"":null,""X"":null,""Y"":null,""Z"":null,""dX"":null,""dY"":null,""dZ"":null}","{""cosine_similarity"":0.9536899674384436,""amplitude_uT"":44.08089996245528,""status"":""模板相似度不足"",""preset"":""5×5｜441点1mm连续"",""needs_baseline"":false,""display.contact"":false,""display.contact_reason"":""三维输出无效"",""display.contact_segment"":611,""display.contact_age_ms"":0.0,""display.contact_last_end_ns"":1240481941070200}"
S20260919_A,000133,434,1240482556132300,1240482577441300,NormalizedFit,1,1,False,unknown,False,False,0.0,nan,nan,nan,nan,nan,nan,x,y,z,,,,,,,,,,,,,,"{""x"":null,""y"":null,""z"":null,""dx"":null,""dy"":null,""mode5"":null,""Q"":null,""X"":null,""Y"":null,""Z"":null,""dX"":null,""dY"":null,""dZ"":null}","{""amplitude_uT"":39.44028834199852,""contact_threshold_uT"":40.0,""contact_gate"":""temporary smoothed-amplitude threshold"",""status"":""平滑响应低于临时接触阈值 / 判为非接触"",""preset"":""5×5｜441点1mm连续"",""needs_baseline"":false,""display.contact"":false,""display.contact_reason"":""三维输出无效"",""display.contact_segment"":611,""display.contact_age_ms"":0.0,""display.contact_last_end_ns"":1240481941070200}"
S20260919_A,000133,435,1240482582123100,1240482614909600,NormalizedFit,1,1,False,unknown,False,False,0.0,nan,nan,nan,nan,nan,nan,x,y,z,,,,,,,,,,,,,,"{""x"":null,""y"":null,""z"":null,""dx"":null,""dy"":null,""mode5"":null,""Q"":null,""X"":null,""Y"":null,""Z"":null,""dX"":null,""dY"":null,""dZ"":null}","{""cosine_similarity"":0.9376778571158683,""amplitude_uT"":45.702542680905346,""status"":""模板相似度不足"",""preset"":""5×5｜441点1mm连续"",""needs_baseline"":false,""display.contact"":false,""display.contact_reason"":""三维输出无效"",""display.contact_segment"":611,""display.contact_age_ms"":0.0,""display.contact_last_end_ns"":1240481941070200}"
S20260919_A,000133,436,1240482594058800,1240482617264700,NormalizedFit,1,1,False,unknown,False,False,0.0,nan,nan,nan,nan,nan,nan,x,y,z,,,,,,,,,,,,,,"{""x"":null,""y"":null,""z"":null,""dx"":null,""dy"":null,""mode5"":null,""Q"":null,""X"":null,""Y"":null,""Z"":null,""dX"":null,""dY"":null,""dZ"":null}","{""cosine_similarity"":0.8994772852422642,""amplitude_uT"":50.2773571749745,""status"":""模板相似度不足"",""preset"":""5×5｜441点1mm连续"",""needs_baseline"":false,""display.contact"":false,""display.contact_reason"":""三维输出无效"",""display.contact_segment"":611,""display.contact_age_ms"":0.0,""display.contact_last_end_ns"":1240481941070200}"
S20260919_A,000133,437,1240482620900100,1240482664274300,NormalizedFit,1,1,False,unknown,False,False,0.0,nan,nan,nan,nan,nan,nan,x,y,z,,,,,,,,,,,,,,"{""x"":null,""y"":null,""z"":null,""dx"":null,""dy"":null,""mode5"":null,""Q"":null,""X"":null,""Y"":null,""Z"":null,""dX"":null,""dY"":null,""dZ"":null}","{""amplitude_uT"":32.12078460280801,""contact_threshold_uT"":40.0,""contact_gate"":""temporary current-frame amplitude threshold"",""status"":""低于临时接触阈值 / 判为非接触"",""preset"":""5×5｜441点1mm连续"",""needs_baseline"":false,""display.contact"":false,""display.contact_reason"":""三维输出无效"",""display.contact_segment"":611,""display.contact_age_ms"":0.0,""display.contact_last_end_ns"":1240481941070200}"
S20260919_A,000133,438,1240482646781700,1240482667061900,NormalizedFit,1,1,False,unknown,False,False,0.0,nan,nan,nan,nan,nan,nan,x,y,z,,,,,,,,,,,,,,"{""x"":null,""y"":null,""z"":null,""dx"":null,""dy"":null,""mode5"":null,""Q"":null,""X"":null,""Y"":null,""Z"":null,""dX"":null,""dY"":null,""dZ"":null}","{""cosine_similarity"":0.768068624083427,""amplitude_uT"":43.46836732038576,""status"":""模板相似度不足"",""preset"":""5×5｜441点1mm连续"",""needs_baseline"":false,""display.contact"":false,""display.contact_reason"":""三维输出无效"",""display.contact_segment"":611,""display.contact_age_ms"":0.0,""display.contact_last_end_ns"":1240481941070200}"
S20260919_A,000133,439,1240482656805300,1240482670128200,NormalizedFit,1,1,False,unknown,False,False,0.0,nan,nan,nan,nan,nan,nan,x,y,z,,,,,,,,,,,,,,"{""x"":null,""y"":null,""z"":null,""dx"":null,""dy"":null,""mode5"":null,""Q"":null,""X"":null,""Y"":null,""Z"":null,""dX"":null,""dY"":null,""dZ"":null}","{""cosine_similarity"":0.8922804093779246,""amplitude_uT"":40.83720492394129,""status"":""模板相似度不足"",""preset"":""5×5｜441点1mm连续"",""needs_baseline"":false,""display.contact"":false,""display.contact_reason"":""三维输出无效"",""display.contact_segment"":611,""display.contact_age_ms"":0.0,""display.contact_last_end_ns"":1240481941070200}"
S20260919_A,000133,440,1240482681893700,1240482699089500,NormalizedFit,1,1,False,unknown,False,False,0.0,nan,nan,nan,nan,nan,nan,x,y,z,,,,,,,,,,,,,,"{""x"":null,""y"":null,""z"":null,""dx"":null,""dy"":null,""mode5"":null,""Q"":null,""X"":null,""Y"":null,""Z"":null,""dX"":null,""dY"":null,""dZ"":null}","{""amplitude_uT"":30.503696571071377,""contact_threshold_uT"":40.0,""contact_gate"":""temporary current-frame amplitude threshold"",""status"":""低于临时接触阈值 / 判为非接触"",""preset"":""5×5｜441点1mm连续"",""needs_baseline"":false,""display.contact"":false,""display.contact_reason"":""三维输出无效"",""display.contact_segment"":611,""display.contact_age_ms"":0.0,""display.contact_last_end_ns"":1240481941070200}"
S20260919_A,000133,441,1240482708655000,1240482730054700,NormalizedFit,1,1,False,unknown,False,False,0.0,nan,nan,nan,nan,nan,nan,x,y,z,,,,,,,,,,,,,,"{""x"":null,""y"":null,""z"":null,""dx"":null,""dy"":null,""mode5"":null,""Q"":null,""X"":null,""Y"":null,""Z"":null,""dX"":null,""dY"":null,""dZ"":null}","{""cosine_similarity"":0.8883867813333536,""amplitude_uT"":45.24973540806589,""status"":""模板相似度不足"",""preset"":""5×5｜441点1mm连续"",""needs_baseline"":false,""display.contact"":false,""display.contact_reason"":""三维输出无效"",""display.contact_segment"":611,""display.contact_age_ms"":0.0,""display.contact_last_end_ns"":1240481941070200}"
S20260919_A,000133,442,1240482719598200,1240482733627500,NormalizedFit,1,1,False,unknown,False,False,0.0,nan,nan,nan,nan,nan,nan,x,y,z,,,,,,,,,,,,,,"{""x"":null,""y"":null,""z"":null,""dx"":null,""dy"":null,""mode5"":null,""Q"":null,""X"":null,""Y"":null,""Z"":null,""dX"":null,""dY"":null,""dZ"":null}","{""cosine_similarity"":0.9145733724347787,""amplitude_uT"":41.921994510638086,""status"":""模板相似度不足"",""preset"":""5×5｜441点1mm连续"",""needs_baseline"":false,""display.contact"":false,""display.contact_reason"":""三维输出无效"",""display.contact_segment"":611,""display.contact_age_ms"":0.0,""display.contact_last_end_ns"":1240481941070200}"
S20260919_A,000133,443,1240482745451300,1240482781018700,NormalizedFit,1,1,False,unknown,False,False,0.0,nan,nan,nan,nan,nan,nan,x,y,z,,,,,,,,,,,,,,"{""x"":null,""y"":null,""z"":null,""dx"":null,""dy"":null,""mode5"":null,""Q"":null,""X"":null,""Y"":null,""Z"":null,""dX"":null,""dY"":null,""dZ"":null}","{""cosine_similarity"":0.8814228378898891,""amplitude_uT"":46.05134355803274,""status"":""模板相似度不足"",""preset"":""5×5｜441点1mm连续"",""needs_baseline"":false,""display.contact"":false,""display.contact_reason"":""三维输出无效"",""display.contact_segment"":611,""display.contact_age_ms"":0.0,""display.contact_last_end_ns"":1240481941070200}"
S20260919_A,000133,444,1240482771371500,1240482783738000,NormalizedFit,1,1,False,unknown,False,False,0.0,nan,nan,nan,nan,nan,nan,x,y,z,,,,,,,,,,,,,,"{""x"":null,""y"":null,""z"":null,""dx"":null,""dy"":null,""mode5"":null,""Q"":null,""X"":null,""Y"":null,""Z"":null,""dX"":null,""dY"":null,""dZ"":null}","{""cosine_similarity"":0.8490166201059035,""amplitude_uT"":42.63345493858046,""status"":""模板相似度不足"",""preset"":""5×5｜441点1mm连续"",""needs_baseline"":false,""display.contact"":false,""display.contact_reason"":""三维输出无效"",""display.contact_segment"":611,""display.contact_age_ms"":0.0,""display.contact_last_end_ns"":1240481941070200}"
S20260919_A,000133,445,1240482781340800,1240482813914300,NormalizedFit,1,1,False,unknown,False,False,0.0,nan,nan,nan,nan,nan,nan,x,y,z,,,,,,,,,,,,,,"{""x"":null,""y"":null,""z"":null,""dx"":null,""dy"":null,""mode5"":null,""Q"":null,""X"":null,""Y"":null,""Z"":null,""dX"":null,""dY"":null,""dZ"":null}","{""cosine_similarity"":0.8868561803702393,""amplitude_uT"":41.09882754410368,""status"":""模板相似度不足"",""preset"":""5×5｜441点1mm连续"",""needs_baseline"":false,""display.contact"":false,""display.contact_reason"":""三维输出无效"",""display.contact_segment"":611,""display.contact_age_ms"":0.0,""display.contact_last_end_ns"":1240481941070200}"
S20260919_A,000133,446,1240482808279600,1240482816542700,NormalizedFit,1,1,False,unknown,False,False,0.0,nan,nan,nan,nan,nan,nan,x,y,z,,,,,,,,,,,,,,"{""x"":null,""y"":null,""z"":null,""dx"":null,""dy"":null,""mode5"":null,""Q"":null,""X"":null,""Y"":null,""Z"":null,""dX"":null,""dY"":null,""dZ"":null}","{""amplitude_uT"":35.96440888573008,""contact_threshold_uT"":40.0,""contact_gate"":""temporary smoothed-amplitude threshold"",""status"":""平滑响应低于临时接触阈值 / 判为非接触"",""preset"":""5×5｜441点1mm连续"",""needs_baseline"":false,""display.contact"":false,""display.contact_reason"":""三维输出无效"",""display.contact_segment"":611,""display.contact_age_ms"":0.0,""display.contact_last_end_ns"":1240481941070200}"
S20260919_A,000133,447,1240482835223300,1240482863613500,NormalizedFit,1,1,False,unknown,False,False,0.0,nan,nan,nan,nan,nan,nan,x,y,z,,,,,,,,,,,,,,"{""x"":null,""y"":null,""z"":null,""dx"":null,""dy"":null,""mode5"":null,""Q"":null,""X"":null,""Y"":null,""Z"":null,""dX"":null,""dY"":null,""dZ"":null}","{""amplitude_uT"":35.44187096500373,""contact_threshold_uT"":40.0,""contact_gate"":""temporary smoothed-amplitude threshold"",""status"":""平滑响应低于临时接触阈值 / 判为非接触"",""preset"":""5×5｜441点1mm连续"",""needs_baseline"":false,""display.contact"":false,""display.contact_reason"":""三维输出无效"",""display.contact_segment"":611,""display.contact_age_ms"":0.0,""display.contact_last_end_ns"":1240481941070200}"
S20260919_A,000133,448,1240482845167900,1240482865952000,NormalizedFit,1,1,False,unknown,False,False,0.0,nan,nan,nan,nan,nan,nan,x,y,z,,,,,,,,,,,,,,"{""x"":null,""y"":null,""z"":null,""dx"":null,""dy"":null,""mode5"":null,""Q"":null,""X"":null,""Y"":null,""Z"":null,""dX"":null,""dY"":null,""dZ"":null}","{""amplitude_uT"":33.65828423285981,""contact_threshold_uT"":40.0,""contact_gate"":""temporary smoothed-amplitude threshold"",""status"":""平滑响应低于临时接触阈值 / 判为非接触"",""preset"":""5×5｜441点1mm连续"",""needs_baseline"":false,""display.contact"":false,""display.contact_reason"":""三维输出无效"",""display.contact_segment"":611,""display.contact_age_ms"":0.0,""display.contact_last_end_ns"":1240481941070200}"
