session_id,trial_id,prediction_index,t_prediction_ns,t_recorded_perf_ns,model_family,history_frames,history_required,interaction_valid,normal_state,tangential_motion,moving,speed_mm_s,norm_mm,q_mean,q_min,visual_x_mm,visual_y_mm,visual_z_mm,visual_source_x,visual_source_y,visual_source_z,x,y,z,dx,dy,mode5,Q,X,Y,Z,dX,dY,dZ,raw_fields_json,extra_outputs_json
S20260919_A,000134,0,1240506148770000,1240506250307800,NormalizedFit,1,1,False,unknown,False,False,0.0,nan,nan,nan,nan,nan,nan,x,y,z,,,,,,,,,,,,,,"{""x"":null,""y"":null,""z"":null,""dx"":null,""dy"":null,""mode5"":null,""Q"":null,""X"":null,""Y"":null,""Z"":null,""dX"":null,""dY"":null,""dZ"":null}","{""status"":""时间戳逆序/数据间断：请重新采集无载 B0"",""preset"":""5×5｜441点1mm连续"",""needs_baseline"":true,""display.contact"":false,""display.contact_reason"":""三维输出无效"",""display.contact_segment"":611,""display.contact_age_ms"":0.0,""display.contact_last_end_ns"":1240481941070200}"
S20260919_A,000134,1,1240506158730700,1240506252884500,NormalizedFit,1,1,False,unknown,False,False,0.0,nan,nan,nan,nan,nan,nan,x,y,z,,,,,,,,,,,,,,"{""x"":null,""y"":null,""z"":null,""dx"":null,""dy"":null,""mode5"":null,""Q"":null,""X"":null,""Y"":null,""Z"":null,""dX"":null,""dY"":null,""dZ"":null}","{""status"":""时间戳逆序/数据间断：请重新采集无载 B0"",""preset"":""5×5｜441点1mm连续"",""needs_baseline"":true,""display.contact"":false,""display.contact_reason"":""三维输出无效"",""display.contact_segment"":611,""display.contact_age_ms"":0.0,""display.contact_last_end_ns"":1240481941070200}"
S20260919_A,000134,2,1240506245087200,1240506254848900,NormalizedFit,1,1,False,unknown,False,False,0.0,nan,nan,nan,nan,nan,nan,x,y,z,,,,,,,,,,,,,,"{""x"":null,""y"":null,""z"":null,""dx"":null,""dy"":null,""mode5"":null,""Q"":null,""X"":null,""Y"":null,""Z"":null,""dX"":null,""dY"":null,""dZ"":null}","{""status"":""时间戳逆序/数据间断：请重新采集无载 B0"",""preset"":""5×5｜441点1mm连续"",""needs_baseline"":true,""display.contact"":false,""display.contact_reason"":""三维输出无效"",""display.contact_segment"":611,""display.contact_age_ms"":0.0,""display.contact_last_end_ns"":1240481941070200}"
S20260919_A,000134,3,1240506271384200,1240506359189700,NormalizedFit,1,1,False,unknown,False,False,0.0,nan,nan,nan,nan,nan,nan,x,y,z,,,,,,,,,,,,,,"{""x"":null,""y"":null,""z"":null,""dx"":null,""dy"":null,""mode5"":null,""Q"":null,""X"":null,""Y"":null,""Z"":null,""dX"":null,""dY"":null,""dZ"":null}","{""status"":""时间戳逆序/数据间断：请重新采集无载 B0"",""preset"":""5×5｜441点1mm连续"",""needs_baseline"":true,""display.contact"":false,""display.contact_reason"":""三维输出无效"",""display.contact_segment"":611,""display.contact_age_ms"":0.0,""display.contact_last_end_ns"":1240481941070200}"
S20260919_A,000134,4,1240506281335500,1240506362897400,NormalizedFit,1,1,False,unknown,False,False,0.0,nan,nan,nan,nan,nan,nan,x,y,z,,,,,,,,,,,,,,"{""x"":null,""y"":null,""z"":null,""dx"":null,""dy"":null,""mode5"":null,""Q"":null,""X"":null,""Y"":null,""Z"":null,""dX"":null,""dY"":null,""dZ"":null}","{""status"":""时间戳逆序/数据间断：请重新采集无载 B0"",""preset"":""5×5｜441点1mm连续"",""needs_baseline"":true,""display.contact"":false,""display.contact_reason"":""三维输出无效"",""display.contact_segment"":611,""display.contact_age_ms"":0.0,""display.contact_last_end_ns"":1240481941070200}"
S20260919_A,000134,5,1240506307315000,1240506365200000,NormalizedFit,1,1,False,unknown,False,False,0.0,nan,nan,nan,nan,nan,nan,x,y,z,,,,,,,,,,,,,,"{""x"":null,""y"":null,""z"":null,""dx"":null,""dy"":null,""mode5"":null,""Q"":null,""X"":null,""Y"":null,""Z"":null,""dX"":null,""dY"":null,""dZ"":null}","{""status"":""时间戳逆序/数据间断：请重新采集无载 B0"",""preset"":""5×5｜441点1mm连续"",""needs_baseline"":true,""display.contact"":false,""display.contact_reason"":""三维输出无效"",""display.contact_segment"":611,""display.contact_age_ms"":0.0,""display.contact_last_end_ns"":1240481941070200}"
S20260919_A,000134,6,1240506334189200,1240506367165900,NormalizedFit,1,1,False,unknown,False,False,0.0,nan,nan,nan,nan,nan,nan,x,y,z,,,,,,,,,,,,,,"{""x"":null,""y"":null,""z"":null,""dx"":null,""dy"":null,""mode5"":null,""Q"":null,""X"":null,""Y"":null,""Z"":null,""dX"":null,""dY"":null,""dZ"":null}","{""status"":""时间戳逆序/数据间断：请重新采集无载 B0"",""preset"":""5×5｜441点1mm连续"",""needs_baseline"":true,""display.contact"":false,""display.contact_reason"":""三维输出无效"",""display.contact_segment"":611,""display.contact_age_ms"":0.0,""display.contact_last_end_ns"":1240481941070200}"
S20260919_A,000134,7,1240506345197300,1240506369155400,NormalizedFit,1,1,False,unknown,False,False,0.0,nan,nan,nan,nan,nan,nan,x,y,z,,,,,,,,,,,,,,"{""x"":null,""y"":null,""z"":null,""dx"":null,""dy"":null,""mode5"":null,""Q"":null,""X"":null,""Y"":null,""Z"":null,""dX"":null,""dY"":null,""dZ"":null}","{""status"":""时间戳逆序/数据间断：请重新采集无载 B0"",""preset"":""5×5｜441点1mm连续"",""needs_baseline"":true,""display.contact"":false,""display.contact_reason"":""三维输出无效"",""display.contact_segment"":611,""display.contact_age_ms"":0.0,""display.contact_last_end_ns"":1240481941070200}"
S20260919_A,000134,8,1240506371983900,1240506409958500,NormalizedFit,1,1,False,unknown,False,False,0.0,nan,nan,nan,nan,nan,nan,x,y,z,,,,,,,,,,,,,,"{""x"":null,""y"":null,""z"":null,""dx"":null,""dy"":null,""mode5"":null,""Q"":null,""X"":null,""Y"":null,""Z"":null,""dX"":null,""dY"":null,""dZ"":null}","{""status"":""时间戳逆序/数据间断：请重新采集无载 B0"",""preset"":""5×5｜441点1mm连续"",""needs_baseline"":true,""display.contact"":false,""display.contact_reason"":""三维输出无效"",""display.contact_segment"":611,""display.contact_age_ms"":0.0,""display.contact_last_end_ns"":1240481941070200}"
S20260919_A,000134,9,1240506397928700,1240506412235900,NormalizedFit,1,1,False,unknown,False,False,0.0,nan,nan,nan,nan,nan,nan,x,y,z,,,,,,,,,,,,,,"{""x"":null,""y"":null,""z"":null,""dx"":null,""dy"":null,""mode5"":null,""Q"":null,""X"":null,""Y"":null,""Z"":null,""dX"":null,""dY"":null,""dZ"":null}","{""status"":""时间戳逆序/数据间断：请重新采集无载 B0"",""preset"":""5×5｜441点1mm连续"",""needs_baseline"":true,""display.contact"":false,""display.contact_reason"":""三维输出无效"",""display.contact_segment"":611,""display.contact_age_ms"":0.0,""display.contact_last_end_ns"":1240481941070200}"
S20260919_A,000134,10,1240506407878900,1240506453116400,NormalizedFit,1,1,False,unknown,False,False,0.0,nan,nan,nan,nan,nan,nan,x,y,z,,,,,,,,,,,,,,"{""x"":null,""y"":null,""z"":null,""dx"":null,""dy"":null,""mode5"":null,""Q"":null,""X"":null,""Y"":null,""Z"":null,""dX"":null,""dY"":null,""dZ"":null}","{""status"":""时间戳逆序/数据间断：请重新采集无载 B0"",""preset"":""5×5｜441点1mm连续"",""needs_baseline"":true,""display.contact"":false,""display.contact_reason"":""三维输出无效"",""display.contact_segment"":611,""display.contact_age_ms"":0.0,""display.contact_last_end_ns"":1240481941070200}"
S20260919_A,000134,11,1240506434777200,1240506456116500,NormalizedFit,1,1,False,unknown,False,False,0.0,nan,nan,nan,nan,nan,nan,x,y,z,,,,,,,,,,,,,,"{""x"":null,""y"":null,""z"":null,""dx"":null,""dy"":null,""mode5"":null,""Q"":null,""X"":null,""Y"":null,""Z"":null,""dX"":null,""dY"":null,""dZ"":null}","{""status"":""时间戳逆序/数据间断：请重新采集无载 B0"",""preset"":""5×5｜441点1mm连续"",""needs_baseline"":true,""display.contact"":false,""display.contact_reason"":""三维输出无效"",""display.contact_segment"":611,""display.contact_age_ms"":0.0,""display.contact_last_end_ns"":1240481941070200}"
S20260919_A,000134,12,1240506461683400,1240506526594400,NormalizedFit,1,1,False,unknown,False,False,0.0,nan,nan,nan,nan,nan,nan,x,y,z,,,,,,,,,,,,,,"{""x"":null,""y"":null,""z"":null,""dx"":null,""dy"":null,""mode5"":null,""Q"":null,""X"":null,""Y"":null,""Z"":null,""dX"":null,""dY"":null,""dZ"":null}","{""status"":""时间戳逆序/数据间断：请重新采集无载 B0"",""preset"":""5×5｜441点1mm连续"",""needs_baseline"":true,""display.contact"":false,""display.contact_reason"":""三维输出无效"",""display.contact_segment"":611,""display.contact_age_ms"":0.0,""display.contact_last_end_ns"":1240481941070200}"
S20260919_A,000134,13,1240506472641900,1240506529512700,NormalizedFit,1,1,False,unknown,False,False,0.0,nan,nan,nan,nan,nan,nan,x,y,z,,,,,,,,,,,,,,"{""x"":null,""y"":null,""z"":null,""dx"":null,""dy"":null,""mode5"":null,""Q"":null,""X"":null,""Y"":null,""Z"":null,""dX"":null,""dY"":null,""dZ"":null}","{""status"":""时间戳逆序/数据间断：请重新采集无载 B0"",""preset"":""5×5｜441点1mm连续"",""needs_baseline"":true,""display.contact"":false,""display.contact_reason"":""三维输出无效"",""display.contact_segment"":611,""display.contact_age_ms"":0.0,""display.contact_last_end_ns"":1240481941070200}"
S20260919_A,000134,14,1240506498565500,1240506532139300,NormalizedFit,1,1,False,unknown,False,False,0.0,nan,nan,nan,nan,nan,nan,x,y,z,,,,,,,,,,,,,,"{""x"":null,""y"":null,""z"":null,""dx"":null,""dy"":null,""mode5"":null,""Q"":null,""X"":null,""Y"":null,""Z"":null,""dX"":null,""dY"":null,""dZ"":null}","{""status"":""时间戳逆序/数据间断：请重新采集无载 B0"",""preset"":""5×5｜441点1mm连续"",""needs_baseline"":true,""display.contact"":false,""display.contact_reason"":""三维输出无效"",""display.contact_segment"":611,""display.contact_age_ms"":0.0,""display.contact_last_end_ns"":1240481941070200}"
S20260919_A,000134,15,1240506525471500,1240506534383100,NormalizedFit,1,1,False,unknown,False,False,0.0,nan,nan,nan,nan,nan,nan,x,y,z,,,,,,,,,,,,,,"{""x"":null,""y"":null,""z"":null,""dx"":null,""dy"":null,""mode5"":null,""Q"":null,""X"":null,""Y"":null,""Z"":null,""dX"":null,""dY"":null,""dZ"":null}","{""status"":""时间戳逆序/数据间断：请重新采集无载 B0"",""preset"":""5×5｜441点1mm连续"",""needs_baseline"":true,""display.contact"":false,""display.contact_reason"":""三维输出无效"",""display.contact_segment"":611,""display.contact_age_ms"":0.0,""display.contact_last_end_ns"":1240481941070200}"
S20260919_A,000134,16,1240506552386900,1240506607388200,NormalizedFit,1,1,False,unknown,False,False,0.0,nan,nan,nan,nan,nan,nan,x,y,z,,,,,,,,,,,,,,"{""x"":null,""y"":null,""z"":null,""dx"":null,""dy"":null,""mode5"":null,""Q"":null,""X"":null,""Y"":null,""Z"":null,""dX"":null,""dY"":null,""dZ"":null}","{""status"":""时间戳逆序/数据间断：请重新采集无载 B0"",""preset"":""5×5｜441点1mm连续"",""needs_baseline"":true,""display.contact"":false,""display.contact_reason"":""三维输出无效"",""display.contact_segment"":611,""display.contact_age_ms"":0.0,""display.contact_last_end_ns"":1240481941070200}"
S20260919_A,000134,17,1240506562348000,1240506609950400,NormalizedFit,1,1,False,unknown,False,False,0.0,nan,nan,nan,nan,nan,nan,x,y,z,,,,,,,,,,,,,,"{""x"":null,""y"":null,""z"":null,""dx"":null,""dy"":null,""mode5"":null,""Q"":null,""X"":null,""Y"":null,""Z"":null,""dX"":null,""dY"":null,""dZ"":null}","{""status"":""时间戳逆序/数据间断：请重新采集无载 B0"",""preset"":""5×5｜441点1mm连续"",""needs_baseline"":true,""display.contact"":false,""display.contact_reason"":""三维输出无效"",""display.contact_segment"":611,""display.contact_age_ms"":0.0,""display.contact_last_end_ns"":1240481941070200}"
S20260919_A,000134,18,1240506588260500,1240506612079400,NormalizedFit,1,1,False,unknown,False,False,0.0,nan,nan,nan,nan,nan,nan,x,y,z,,,,,,,,,,,,,,"{""x"":null,""y"":null,""z"":null,""dx"":null,""dy"":null,""mode5"":null,""Q"":null,""X"":null,""Y"":null,""Z"":null,""dX"":null,""dY"":null,""dZ"":null}","{""status"":""时间戳逆序/数据间断：请重新采集无载 B0"",""preset"":""5×5｜441点1mm连续"",""needs_baseline"":true,""display.contact"":false,""display.contact_reason"":""三维输出无效"",""display.contact_segment"":611,""display.contact_age_ms"":0.0,""display.contact_last_end_ns"":1240481941070200}"
S20260919_A,000134,19,1240506613239100,1240506647527600,NormalizedFit,1,1,False,unknown,False,False,0.0,nan,nan,nan,nan,nan,nan,x,y,z,,,,,,,,,,,,,,"{""x"":null,""y"":null,""z"":null,""dx"":null,""dy"":null,""mode5"":null,""Q"":null,""X"":null,""Y"":null,""Z"":null,""dX"":null,""dY"":null,""dZ"":null}","{""status"":""时间戳逆序/数据间断：请重新采集无载 B0"",""preset"":""5×5｜441点1mm连续"",""needs_baseline"":true,""display.contact"":false,""display.contact_reason"":""三维输出无效"",""display.contact_segment"":611,""display.contact_age_ms"":0.0,""display.contact_last_end_ns"":1240481941070200}"
S20260919_A,000134,20,1240506625141900,1240506649971600,NormalizedFit,1,1,False,unknown,False,False,0.0,nan,nan,nan,nan,nan,nan,x,y,z,,,,,,,,,,,,,,"{""x"":null,""y"":null,""z"":null,""dx"":null,""dy"":null,""mode5"":null,""Q"":null,""X"":null,""Y"":null,""Z"":null,""dX"":null,""dY"":null,""dZ"":null}","{""status"":""时间戳逆序/数据间断：请重新采集无载 B0"",""preset"":""5×5｜441点1mm连续"",""needs_baseline"":true,""display.contact"":false,""display.contact_reason"":""三维输出无效"",""display.contact_segment"":611,""display.contact_age_ms"":0.0,""display.contact_last_end_ns"":1240481941070200}"
S20260919_A,000134,21,1240506652091600,1240506690817700,NormalizedFit,1,1,False,unknown,False,False,0.0,nan,nan,nan,nan,nan,nan,x,y,z,,,,,,,,,,,,,,"{""x"":null,""y"":null,""z"":null,""dx"":null,""dy"":null,""mode5"":null,""Q"":null,""X"":null,""Y"":null,""Z"":null,""dX"":null,""dY"":null,""dZ"":null}","{""status"":""时间戳逆序/数据间断：请重新采集无载 B0"",""preset"":""5×5｜441点1mm连续"",""needs_baseline"":true,""display.contact"":false,""display.contact_reason"":""三维输出无效"",""display.contact_segment"":611,""display.contact_age_ms"":0.0,""display.contact_last_end_ns"":1240481941070200}"
S20260919_A,000134,22,1240506679107000,1240506693049400,NormalizedFit,1,1,False,unknown,False,False,0.0,nan,nan,nan,nan,nan,nan,x,y,z,,,,,,,,,,,,,,"{""x"":null,""y"":null,""z"":null,""dx"":null,""dy"":null,""mode5"":null,""Q"":null,""X"":null,""Y"":null,""Z"":null,""dX"":null,""dY"":null,""dZ"":null}","{""status"":""时间戳逆序/数据间断：请重新采集无载 B0"",""preset"":""5×5｜441点1mm连续"",""needs_baseline"":true,""display.contact"":false,""display.contact_reason"":""三维输出无效"",""display.contact_segment"":611,""display.contact_age_ms"":0.0,""display.contact_last_end_ns"":1240481941070200}"
S20260919_A,000134,23,1240506688899400,1240506695133200,NormalizedFit,1,1,False,unknown,False,False,0.0,nan,nan,nan,nan,nan,nan,x,y,z,,,,,,,,,,,,,,"{""x"":null,""y"":null,""z"":null,""dx"":null,""dy"":null,""mode5"":null,""Q"":null,""X"":null,""Y"":null,""Z"":null,""dX"":null,""dY"":null,""dZ"":null}","{""status"":""时间戳逆序/数据间断：请重新采集无载 B0"",""preset"":""5×5｜441点1mm连续"",""needs_baseline"":true,""display.contact"":false,""display.contact_reason"":""三维输出无效"",""display.contact_segment"":611,""display.contact_age_ms"":0.0,""display.contact_last_end_ns"":1240481941070200}"
S20260919_A,000134,24,1240506714882600,1240506729066000,NormalizedFit,1,1,False,unknown,False,False,0.0,nan,nan,nan,nan,nan,nan,x,y,z,,,,,,,,,,,,,,"{""x"":null,""y"":null,""z"":null,""dx"":null,""dy"":null,""mode5"":null,""Q"":null,""X"":null,""Y"":null,""Z"":null,""dX"":null,""dY"":null,""dZ"":null}","{""status"":""时间戳逆序/数据间断：请重新采集无载 B0"",""preset"":""5×5｜441点1mm连续"",""needs_baseline"":true,""display.contact"":false,""display.contact_reason"":""三维输出无效"",""display.contact_segment"":611,""display.contact_age_ms"":0.0,""display.contact_last_end_ns"":1240481941070200}"
S20260919_A,000134,25,1240506741850600,1240506767212200,NormalizedFit,1,1,False,unknown,False,False,0.0,nan,nan,nan,nan,nan,nan,x,y,z,,,,,,,,,,,,,,"{""x"":null,""y"":null,""z"":null,""dx"":null,""dy"":null,""mode5"":null,""Q"":null,""X"":null,""Y"":null,""Z"":null,""dX"":null,""dY"":null,""dZ"":null}","{""status"":""时间戳逆序/数据间断：请重新采集无载 B0"",""preset"":""5×5｜441点1mm连续"",""needs_baseline"":true,""display.contact"":false,""display.contact_reason"":""三维输出无效"",""display.contact_segment"":611,""display.contact_age_ms"":0.0,""display.contact_last_end_ns"":1240481941070200}"
S20260919_A,000134,26,1240506752804500,1240506769587100,NormalizedFit,1,1,False,unknown,False,False,0.0,nan,nan,nan,nan,nan,nan,x,y,z,,,,,,,,,,,,,,"{""x"":null,""y"":null,""z"":null,""dx"":null,""dy"":null,""mode5"":null,""Q"":null,""X"":null,""Y"":null,""Z"":null,""dX"":null,""dY"":null,""dZ"":null}","{""status"":""时间戳逆序/数据间断：请重新采集无载 B0"",""preset"":""5×5｜441点1mm连续"",""needs_baseline"":true,""display.contact"":false,""display.contact_reason"":""三维输出无效"",""display.contact_segment"":611,""display.contact_age_ms"":0.0,""display.contact_last_end_ns"":1240481941070200}"
S20260919_A,000134,27,1240506779663000,1240506810534100,NormalizedFit,1,1,False,unknown,False,False,0.0,nan,nan,nan,nan,nan,nan,x,y,z,,,,,,,,,,,,,,"{""x"":null,""y"":null,""z"":null,""dx"":null,""dy"":null,""mode5"":null,""Q"":null,""X"":null,""Y"":null,""Z"":null,""dX"":null,""dY"":null,""dZ"":null}","{""status"":""时间戳逆序/数据间断：请重新采集无载 B0"",""preset"":""5×5｜441点1mm连续"",""needs_baseline"":true,""display.contact"":false,""display.contact_reason"":""三维输出无效"",""display.contact_segment"":611,""display.contact_age_ms"":0.0,""display.contact_last_end_ns"":1240481941070200}"
S20260919_A,000134,28,1240506806627200,1240506814397400,NormalizedFit,1,1,False,unknown,False,False,0.0,nan,nan,nan,nan,nan,nan,x,y,z,,,,,,,,,,,,,,"{""x"":null,""y"":null,""z"":null,""dx"":null,""dy"":null,""mode5"":null,""Q"":null,""X"":null,""Y"":null,""Z"":null,""dX"":null,""dY"":null,""dZ"":null}","{""status"":""时间戳逆序/数据间断：请重新采集无载 B0"",""preset"":""5×5｜441点1mm连续"",""needs_baseline"":true,""display.contact"":false,""display.contact_reason"":""三维输出无效"",""display.contact_segment"":611,""display.contact_age_ms"":0.0,""display.contact_last_end_ns"":1240481941070200}"
S20260919_A,000134,29,1240506832565500,1240506856572700,NormalizedFit,1,1,False,unknown,False,False,0.0,nan,nan,nan,nan,nan,nan,x,y,z,,,,,,,,,,,,,,"{""x"":null,""y"":null,""z"":null,""dx"":null,""dy"":null,""mode5"":null,""Q"":null,""X"":null,""Y"":null,""Z"":null,""dX"":null,""dY"":null,""dZ"":null}","{""status"":""时间戳逆序/数据间断：请重新采集无载 B0"",""preset"":""5×5｜441点1mm连续"",""needs_baseline"":true,""display.contact"":false,""display.contact_reason"":""三维输出无效"",""display.contact_segment"":611,""display.contact_age_ms"":0.0,""display.contact_last_end_ns"":1240481941070200}"
S20260919_A,000134,30,1240506857490000,1240506896570600,NormalizedFit,1,1,False,unknown,False,False,0.0,nan,nan,nan,nan,nan,nan,x,y,z,,,,,,,,,,,,,,"{""x"":null,""y"":null,""z"":null,""dx"":null,""dy"":null,""mode5"":null,""Q"":null,""X"":null,""Y"":null,""Z"":null,""dX"":null,""dY"":null,""dZ"":null}","{""status"":""时间戳逆序/数据间断：请重新采集无载 B0"",""preset"":""5×5｜441点1mm连续"",""needs_baseline"":true,""display.contact"":false,""display.contact_reason"":""三维输出无效"",""display.contact_segment"":611,""display.contact_age_ms"":0.0,""display.contact_last_end_ns"":1240481941070200}"
S20260919_A,000134,31,1240506883526300,1240506899043500,NormalizedFit,1,1,False,unknown,False,False,0.0,nan,nan,nan,nan,nan,nan,x,y,z,,,,,,,,,,,,,,"{""x"":null,""y"":null,""z"":null,""dx"":null,""dy"":null,""mode5"":null,""Q"":null,""X"":null,""Y"":null,""Z"":null,""dX"":null,""dY"":null,""dZ"":null}","{""status"":""时间戳逆序/数据间断：请重新采集无载 B0"",""preset"":""5×5｜441点1mm连续"",""needs_baseline"":true,""display.contact"":false,""display.contact_reason"":""三维输出无效"",""display.contact_segment"":611,""display.contact_age_ms"":0.0,""display.contact_last_end_ns"":1240481941070200}"
S20260919_A,000134,32,1240506894287800,1240506901512700,NormalizedFit,1,1,False,unknown,False,False,0.0,nan,nan,nan,nan,nan,nan,x,y,z,,,,,,,,,,,,,,"{""x"":null,""y"":null,""z"":null,""dx"":null,""dy"":null,""mode5"":null,""Q"":null,""X"":null,""Y"":null,""Z"":null,""dX"":null,""dY"":null,""dZ"":null}","{""status"":""时间戳逆序/数据间断：请重新采集无载 B0"",""preset"":""5×5｜441点1mm连续"",""needs_baseline"":true,""display.contact"":false,""display.contact_reason"":""三维输出无效"",""display.contact_segment"":611,""display.contact_age_ms"":0.0,""display.contact_last_end_ns"":1240481941070200}"
S20260919_A,000134,33,1240506905201700,1240506935296100,NormalizedFit,1,1,False,unknown,False,False,0.0,nan,nan,nan,nan,nan,nan,x,y,z,,,,,,,,,,,,,,"{""x"":null,""y"":null,""z"":null,""dx"":null,""dy"":null,""mode5"":null,""Q"":null,""X"":null,""Y"":null,""Z"":null,""dX"":null,""dY"":null,""dZ"":null}","{""status"":""时间戳逆序/数据间断：请重新采集无载 B0"",""preset"":""5×5｜441点1mm连续"",""needs_baseline"":true,""display.contact"":false,""display.contact_reason"":""三维输出无效"",""display.contact_segment"":611,""display.contact_age_ms"":0.0,""display.contact_last_end_ns"":1240481941070200}"
S20260919_A,000134,34,1240506932127000,1240506938643600,NormalizedFit,1,1,False,unknown,False,False,0.0,nan,nan,nan,nan,nan,nan,x,y,z,,,,,,,,,,,,,,"{""x"":null,""y"":null,""z"":null,""dx"":null,""dy"":null,""mode5"":null,""Q"":null,""X"":null,""Y"":null,""Z"":null,""dX"":null,""dY"":null,""dZ"":null}","{""status"":""时间戳逆序/数据间断：请重新采集无载 B0"",""preset"":""5×5｜441点1mm连续"",""needs_baseline"":true,""display.contact"":false,""display.contact_reason"":""三维输出无效"",""display.contact_segment"":611,""display.contact_age_ms"":0.0,""display.contact_last_end_ns"":1240481941070200}"
S20260919_A,000134,35,1240506959127900,1240506976867800,NormalizedFit,1,1,False,unknown,False,False,0.0,nan,nan,nan,nan,nan,nan,x,y,z,,,,,,,,,,,,,,"{""x"":null,""y"":null,""z"":null,""dx"":null,""dy"":null,""mode5"":null,""Q"":null,""X"":null,""Y"":null,""Z"":null,""dX"":null,""dY"":null,""dZ"":null}","{""status"":""时间戳逆序/数据间断：请重新采集无载 B0"",""preset"":""5×5｜441点1mm连续"",""needs_baseline"":true,""display.contact"":false,""display.contact_reason"":""三维输出无效"",""display.contact_segment"":611,""display.contact_age_ms"":0.0,""display.contact_last_end_ns"":1240481941070200}"
S20260919_A,000134,36,1240506970010500,1240506979235100,NormalizedFit,1,1,False,unknown,False,False,0.0,nan,nan,nan,nan,nan,nan,x,y,z,,,,,,,,,,,,,,"{""x"":null,""y"":null,""z"":null,""dx"":null,""dy"":null,""mode5"":null,""Q"":null,""X"":null,""Y"":null,""Z"":null,""dX"":null,""dY"":null,""dZ"":null}","{""status"":""时间戳逆序/数据间断：请重新采集无载 B0"",""preset"":""5×5｜441点1mm连续"",""needs_baseline"":true,""display.contact"":false,""display.contact_reason"":""三维输出无效"",""display.contact_segment"":611,""display.contact_age_ms"":0.0,""display.contact_last_end_ns"":1240481941070200}"
S20260919_A,000134,37,1240506995997500,1240507016951500,NormalizedFit,1,1,False,unknown,False,False,0.0,nan,nan,nan,nan,nan,nan,x,y,z,,,,,,,,,,,,,,"{""x"":null,""y"":null,""z"":null,""dx"":null,""dy"":null,""mode5"":null,""Q"":null,""X"":null,""Y"":null,""Z"":null,""dX"":null,""dY"":null,""dZ"":null}","{""status"":""时间戳逆序/数据间断：请重新采集无载 B0"",""preset"":""5×5｜441点1mm连续"",""needs_baseline"":true,""display.contact"":false,""display.contact_reason"":""三维输出无效"",""display.contact_segment"":611,""display.contact_age_ms"":0.0,""display.contact_last_end_ns"":1240481941070200}"
S20260919_A,000134,38,1240507022898600,1240507055932300,NormalizedFit,1,1,False,unknown,False,False,0.0,nan,nan,nan,nan,nan,nan,x,y,z,,,,,,,,,,,,,,"{""x"":null,""y"":null,""z"":null,""dx"":null,""dy"":null,""mode5"":null,""Q"":null,""X"":null,""Y"":null,""Z"":null,""dX"":null,""dY"":null,""dZ"":null}","{""status"":""时间戳逆序/数据间断：请重新采集无载 B0"",""preset"":""5×5｜441点1mm连续"",""needs_baseline"":true,""display.contact"":false,""display.contact_reason"":""三维输出无效"",""display.contact_segment"":611,""display.contact_age_ms"":0.0,""display.contact_last_end_ns"":1240481941070200}"
S20260919_A,000134,39,1240507033838600,1240507059026000,NormalizedFit,1,1,False,unknown,False,False,0.0,nan,nan,nan,nan,nan,nan,x,y,z,,,,,,,,,,,,,,"{""x"":null,""y"":null,""z"":null,""dx"":null,""dy"":null,""mode5"":null,""Q"":null,""X"":null,""Y"":null,""Z"":null,""dX"":null,""dY"":null,""dZ"":null}","{""status"":""时间戳逆序/数据间断：请重新采集无载 B0"",""preset"":""5×5｜441点1mm连续"",""needs_baseline"":true,""display.contact"":false,""display.contact_reason"":""三维输出无效"",""display.contact_segment"":611,""display.contact_age_ms"":0.0,""display.contact_last_end_ns"":1240481941070200}"
S20260919_A,000134,40,1240507058803700,1240507101765500,NormalizedFit,1,1,False,unknown,False,False,0.0,nan,nan,nan,nan,nan,nan,x,y,z,,,,,,,,,,,,,,"{""x"":null,""y"":null,""z"":null,""dx"":null,""dy"":null,""mode5"":null,""Q"":null,""X"":null,""Y"":null,""Z"":null,""dX"":null,""dY"":null,""dZ"":null}","{""status"":""时间戳逆序/数据间断：请重新采集无载 B0"",""preset"":""5×5｜441点1mm连续"",""needs_baseline"":true,""display.contact"":false,""display.contact_reason"":""三维输出无效"",""display.contact_segment"":611,""display.contact_age_ms"":0.0,""display.contact_last_end_ns"":1240481941070200}"
S20260919_A,000134,41,1240507085725200,1240507104533100,NormalizedFit,1,1,False,unknown,False,False,0.0,nan,nan,nan,nan,nan,nan,x,y,z,,,,,,,,,,,,,,"{""x"":null,""y"":null,""z"":null,""dx"":null,""dy"":null,""mode5"":null,""Q"":null,""X"":null,""Y"":null,""Z"":null,""dX"":null,""dY"":null,""dZ"":null}","{""status"":""时间戳逆序/数据间断：请重新采集无载 B0"",""preset"":""5×5｜441点1mm连续"",""needs_baseline"":true,""display.contact"":false,""display.contact_reason"":""三维输出无效"",""display.contact_segment"":611,""display.contact_age_ms"":0.0,""display.contact_last_end_ns"":1240481941070200}"
S20260919_A,000134,42,1240507097626900,1240507107897300,NormalizedFit,1,1,False,unknown,False,False,0.0,nan,nan,nan,nan,nan,nan,x,y,z,,,,,,,,,,,,,,"{""x"":null,""y"":null,""z"":null,""dx"":null,""dy"":null,""mode5"":null,""Q"":null,""X"":null,""Y"":null,""Z"":null,""dX"":null,""dY"":null,""dZ"":null}","{""status"":""时间戳逆序/数据间断：请重新采集无载 B0"",""preset"":""5×5｜441点1mm连续"",""needs_baseline"":true,""display.contact"":false,""display.contact_reason"":""三维输出无效"",""display.contact_segment"":611,""display.contact_age_ms"":0.0,""display.contact_last_end_ns"":1240481941070200}"
S20260919_A,000134,43,1240507123534900,1240507139057700,NormalizedFit,1,1,False,unknown,False,False,0.0,nan,nan,nan,nan,nan,nan,x,y,z,,,,,,,,,,,,,,"{""x"":null,""y"":null,""z"":null,""dx"":null,""dy"":null,""mode5"":null,""Q"":null,""X"":null,""Y"":null,""Z"":null,""dX"":null,""dY"":null,""dZ"":null}","{""status"":""时间戳逆序/数据间断：请重新采集无载 B0"",""preset"":""5×5｜441点1mm连续"",""needs_baseline"":true,""display.contact"":false,""display.contact_reason"":""三维输出无效"",""display.contact_segment"":611,""display.contact_age_ms"":0.0,""display.contact_last_end_ns"":1240481941070200}"
S20260919_A,000134,44,1240507149489800,1240507179678300,NormalizedFit,1,1,False,unknown,False,False,0.0,nan,nan,nan,nan,nan,nan,x,y,z,,,,,,,,,,,,,,"{""x"":null,""y"":null,""z"":null,""dx"":null,""dy"":null,""mode5"":null,""Q"":null,""X"":null,""Y"":null,""Z"":null,""dX"":null,""dY"":null,""dZ"":null}","{""status"":""时间戳逆序/数据间断：请重新采集无载 B0"",""preset"":""5×5｜441点1mm连续"",""needs_baseline"":true,""display.contact"":false,""display.contact_reason"":""三维输出无效"",""display.contact_segment"":611,""display.contact_age_ms"":0.0,""display.contact_last_end_ns"":1240481941070200}"
S20260919_A,000134,45,1240507159609800,1240507182515300,NormalizedFit,1,1,False,unknown,False,False,0.0,nan,nan,nan,nan,nan,nan,x,y,z,,,,,,,,,,,,,,"{""x"":null,""y"":null,""z"":null,""dx"":null,""dy"":null,""mode5"":null,""Q"":null,""X"":null,""Y"":null,""Z"":null,""dX"":null,""dY"":null,""dZ"":null}","{""status"":""时间戳逆序/数据间断：请重新采集无载 B0"",""preset"":""5×5｜441点1mm连续"",""needs_baseline"":true,""display.contact"":false,""display.contact_reason"":""三维输出无效"",""display.contact_segment"":611,""display.contact_age_ms"":0.0,""display.contact_last_end_ns"":1240481941070200}"
S20260919_A,000134,46,1240507186293000,1240507220073700,NormalizedFit,1,1,False,unknown,False,False,0.0,nan,nan,nan,nan,nan,nan,x,y,z,,,,,,,,,,,,,,"{""x"":null,""y"":null,""z"":null,""dx"":null,""dy"":null,""mode5"":null,""Q"":null,""X"":null,""Y"":null,""Z"":null,""dX"":null,""dY"":null,""dZ"":null}","{""status"":""时间戳逆序/数据间断：请重新采集无载 B0"",""preset"":""5×5｜441点1mm连续"",""needs_baseline"":true,""display.contact"":false,""display.contact_reason"":""三维输出无效"",""display.contact_segment"":611,""display.contact_age_ms"":0.0,""display.contact_last_end_ns"":1240481941070200}"
S20260919_A,000134,47,1240507212261000,1240507222717600,NormalizedFit,1,1,False,unknown,False,False,0.0,nan,nan,nan,nan,nan,nan,x,y,z,,,,,,,,,,,,,,"{""x"":null,""y"":null,""z"":null,""dx"":null,""dy"":null,""mode5"":null,""Q"":null,""X"":null,""Y"":null,""Z"":null,""dX"":null,""dY"":null,""dZ"":null}","{""status"":""时间戳逆序/数据间断：请重新采集无载 B0"",""preset"":""5×5｜441点1mm连续"",""needs_baseline"":true,""display.contact"":false,""display.contact_reason"":""三维输出无效"",""display.contact_segment"":611,""display.contact_age_ms"":0.0,""display.contact_last_end_ns"":1240481941070200}"
S20260919_A,000134,48,1240507224231000,1240507265496900,NormalizedFit,1,1,False,unknown,False,False,0.0,nan,nan,nan,nan,nan,nan,x,y,z,,,,,,,,,,,,,,"{""x"":null,""y"":null,""z"":null,""dx"":null,""dy"":null,""mode5"":null,""Q"":null,""X"":null,""Y"":null,""Z"":null,""dX"":null,""dY"":null,""dZ"":null}","{""status"":""时间戳逆序/数据间断：请重新采集无载 B0"",""preset"":""5×5｜441点1mm连续"",""needs_baseline"":true,""display.contact"":false,""display.contact_reason"":""三维输出无效"",""display.contact_segment"":611,""display.contact_age_ms"":0.0,""display.contact_last_end_ns"":1240481941070200}"
S20260919_A,000134,49,1240507235122600,1240507268263300,NormalizedFit,1,1,False,unknown,False,False,0.0,nan,nan,nan,nan,nan,nan,x,y,z,,,,,,,,,,,,,,"{""x"":null,""y"":null,""z"":null,""dx"":null,""dy"":null,""mode5"":null,""Q"":null,""X"":null,""Y"":null,""Z"":null,""dX"":null,""dY"":null,""dZ"":null}","{""status"":""时间戳逆序/数据间断：请重新采集无载 B0"",""preset"":""5×5｜441点1mm连续"",""needs_baseline"":true,""display.contact"":false,""display.contact_reason"":""三维输出无效"",""display.contact_segment"":611,""display.contact_age_ms"":0.0,""display.contact_last_end_ns"":1240481941070200}"
S20260919_A,000134,50,1240507261021400,1240507270351600,NormalizedFit,1,1,False,unknown,False,False,0.0,nan,nan,nan,nan,nan,nan,x,y,z,,,,,,,,,,,,,,"{""x"":null,""y"":null,""z"":null,""dx"":null,""dy"":null,""mode5"":null,""Q"":null,""X"":null,""Y"":null,""Z"":null,""dX"":null,""dY"":null,""dZ"":null}","{""status"":""时间戳逆序/数据间断：请重新采集无载 B0"",""preset"":""5×5｜441点1mm连续"",""needs_baseline"":true,""display.contact"":false,""display.contact_reason"":""三维输出无效"",""display.contact_segment"":611,""display.contact_age_ms"":0.0,""display.contact_last_end_ns"":1240481941070200}"
S20260919_A,000134,51,1240507646463800,1240507670580600,NormalizedFit,1,1,False,unknown,False,False,0.0,nan,nan,nan,nan,nan,nan,x,y,z,,,,,,,,,,,,,,"{""x"":null,""y"":null,""z"":null,""dx"":null,""dy"":null,""mode5"":null,""Q"":null,""X"":null,""Y"":null,""Z"":null,""dX"":null,""dY"":null,""dZ"":null}","{""controlled_pre_action_b0"":true,""controlled_pre_action_b0_reason"":""path_pre_action_b0"",""baseline_noise_p95_uT"":36.903299622689154,""baseline_step_p95_uT"":53.83291634649789,""status"":""动作前确认无载窗口已更新 B0"",""preset"":""5×5｜441点1mm连续"",""needs_baseline"":false,""display.contact"":false,""display.contact_reason"":""三维输出无效"",""display.contact_segment"":611,""display.contact_age_ms"":0.0,""display.contact_last_end_ns"":1240481941070200}"
S20260919_A,000134,52,1240507656066900,1240507673067100,NormalizedFit,1,1,False,unknown,False,False,0.0,nan,nan,nan,nan,nan,nan,x,y,z,,,,,,,,,,,,,,"{""x"":null,""y"":null,""z"":null,""dx"":null,""dy"":null,""mode5"":null,""Q"":null,""X"":null,""Y"":null,""Z"":null,""dX"":null,""dY"":null,""dZ"":null}","{""amplitude_uT"":31.371735240499536,""contact_threshold_uT"":40.0,""contact_gate"":""temporary current-frame amplitude threshold"",""status"":""低于临时接触阈值 / 判为非接触"",""preset"":""5×5｜441点1mm连续"",""needs_baseline"":false,""display.contact"":false,""display.contact_reason"":""三维输出无效"",""display.contact_segment"":611,""display.contact_age_ms"":0.0,""display.contact_last_end_ns"":1240481941070200}"
S20260919_A,000134,53,1240507682863200,1240507718198800,NormalizedFit,1,1,False,unknown,False,False,0.0,nan,nan,nan,nan,nan,nan,x,y,z,,,,,,,,,,,,,,"{""x"":null,""y"":null,""z"":null,""dx"":null,""dy"":null,""mode5"":null,""Q"":null,""X"":null,""Y"":null,""Z"":null,""dX"":null,""dY"":null,""dZ"":null}","{""amplitude_uT"":27.864756126691876,""contact_threshold_uT"":40.0,""contact_gate"":""temporary current-frame amplitude threshold"",""status"":""低于临时接触阈值 / 判为非接触"",""preset"":""5×5｜441点1mm连续"",""needs_baseline"":false,""display.contact"":false,""display.contact_reason"":""三维输出无效"",""display.contact_segment"":611,""display.contact_age_ms"":0.0,""display.contact_last_end_ns"":1240481941070200}"
S20260919_A,000134,54,1240507709889700,1240507720497300,NormalizedFit,1,1,False,unknown,False,False,0.0,nan,nan,nan,nan,nan,nan,x,y,z,,,,,,,,,,,,,,"{""x"":null,""y"":null,""z"":null,""dx"":null,""dy"":null,""mode5"":null,""Q"":null,""X"":null,""Y"":null,""Z"":null,""dX"":null,""dY"":null,""dZ"":null}","{""amplitude_uT"":29.278592179269925,""contact_threshold_uT"":40.0,""contact_gate"":""temporary current-frame amplitude threshold"",""status"":""低于临时接触阈值 / 判为非接触"",""preset"":""5×5｜441点1mm连续"",""needs_baseline"":false,""display.contact"":false,""display.contact_reason"":""三维输出无效"",""display.contact_segment"":611,""display.contact_age_ms"":0.0,""display.contact_last_end_ns"":1240481941070200}"
S20260919_A,000134,55,1240507720897600,1240507763922400,NormalizedFit,1,1,False,unknown,False,False,0.0,nan,nan,nan,nan,nan,nan,x,y,z,,,,,,,,,,,,,,"{""x"":null,""y"":null,""z"":null,""dx"":null,""dy"":null,""mode5"":null,""Q"":null,""X"":null,""Y"":null,""Z"":null,""dX"":null,""dY"":null,""dZ"":null}","{""amplitude_uT"":24.430640044828994,""contact_threshold_uT"":40.0,""contact_gate"":""temporary current-frame amplitude threshold"",""status"":""低于临时接触阈值 / 判为非接触"",""preset"":""5×5｜441点1mm连续"",""needs_baseline"":false,""display.contact"":false,""display.contact_reason"":""三维输出无效"",""display.contact_segment"":611,""display.contact_age_ms"":0.0,""display.contact_last_end_ns"":1240481941070200}"
S20260919_A,000134,56,1240507747239000,1240507767436200,NormalizedFit,1,1,False,unknown,False,False,0.0,nan,nan,nan,nan,nan,nan,x,y,z,,,,,,,,,,,,,,"{""x"":null,""y"":null,""z"":null,""dx"":null,""dy"":null,""mode5"":null,""Q"":null,""X"":null,""Y"":null,""Z"":null,""dX"":null,""dY"":null,""dZ"":null}","{""cosine_similarity"":0.45525527182741077,""amplitude_uT"":42.619144090420235,""status"":""模板相似度不足"",""preset"":""5×5｜441点1mm连续"",""needs_baseline"":false,""display.contact"":false,""display.contact_reason"":""三维输出无效"",""display.contact_segment"":611,""display.contact_age_ms"":0.0,""display.contact_last_end_ns"":1240481941070200}"
S20260919_A,000134,57,1240507774183100,1240507818447300,NormalizedFit,1,1,False,unknown,False,False,0.0,nan,nan,nan,nan,nan,nan,x,y,z,,,,,,,,,,,,,,"{""x"":null,""y"":null,""z"":null,""dx"":null,""dy"":null,""mode5"":null,""Q"":null,""X"":null,""Y"":null,""Z"":null,""dX"":null,""dY"":null,""dZ"":null}","{""amplitude_uT"":35.050738637010184,""contact_threshold_uT"":40.0,""contact_gate"":""temporary current-frame amplitude threshold"",""status"":""低于临时接触阈值 / 判为非接触"",""preset"":""5×5｜441点1mm连续"",""needs_baseline"":false,""display.contact"":false,""display.contact_reason"":""三维输出无效"",""display.contact_segment"":611,""display.contact_age_ms"":0.0,""display.contact_last_end_ns"":1240481941070200}"
S20260919_A,000134,58,1240507785163800,1240507820929100,NormalizedFit,1,1,False,unknown,False,False,0.0,nan,nan,nan,nan,nan,nan,x,y,z,,,,,,,,,,,,,,"{""x"":null,""y"":null,""z"":null,""dx"":null,""dy"":null,""mode5"":null,""Q"":null,""X"":null,""Y"":null,""Z"":null,""dX"":null,""dY"":null,""dZ"":null}","{""amplitude_uT"":26.504464812555696,""contact_threshold_uT"":40.0,""contact_gate"":""temporary current-frame amplitude threshold"",""status"":""低于临时接触阈值 / 判为非接触"",""preset"":""5×5｜441点1mm连续"",""needs_baseline"":false,""display.contact"":false,""display.contact_reason"":""三维输出无效"",""display.contact_segment"":611,""display.contact_age_ms"":0.0,""display.contact_last_end_ns"":1240481941070200}"
S20260919_A,000134,59,1240507798125200,1240507823283600,NormalizedFit,1,1,False,unknown,False,False,0.0,nan,nan,nan,nan,nan,nan,x,y,z,,,,,,,,,,,,,,"{""x"":null,""y"":null,""z"":null,""dx"":null,""dy"":null,""mode5"":null,""Q"":null,""X"":null,""Y"":null,""Z"":null,""dX"":null,""dY"":null,""dZ"":null}","{""amplitude_uT"":33.29794188835082,""contact_threshold_uT"":40.0,""contact_gate"":""temporary current-frame amplitude threshold"",""status"":""低于临时接触阈值 / 判为非接触"",""preset"":""5×5｜441点1mm连续"",""needs_baseline"":false,""display.contact"":false,""display.contact_reason"":""三维输出无效"",""display.contact_segment"":611,""display.contact_age_ms"":0.0,""display.contact_last_end_ns"":1240481941070200}"
S20260919_A,000134,60,1240507825116700,1240507866282700,NormalizedFit,1,1,False,unknown,False,False,0.0,nan,nan,nan,nan,nan,nan,x,y,z,,,,,,,,,,,,,,"{""x"":null,""y"":null,""z"":null,""dx"":null,""dy"":null,""mode5"":null,""Q"":null,""X"":null,""Y"":null,""Z"":null,""dX"":null,""dY"":null,""dZ"":null}","{""amplitude_uT"":31.391834001854757,""contact_threshold_uT"":40.0,""contact_gate"":""temporary current-frame amplitude threshold"",""status"":""低于临时接触阈值 / 判为非接触"",""preset"":""5×5｜441点1mm连续"",""needs_baseline"":false,""display.contact"":false,""display.contact_reason"":""三维输出无效"",""display.contact_segment"":611,""display.contact_age_ms"":0.0,""display.contact_last_end_ns"":1240481941070200}"
S20260919_A,000134,61,1240507851943600,1240507868831600,NormalizedFit,1,1,False,unknown,False,False,0.0,nan,nan,nan,nan,nan,nan,x,y,z,,,,,,,,,,,,,,"{""x"":null,""y"":null,""z"":null,""dx"":null,""dy"":null,""mode5"":null,""Q"":null,""X"":null,""Y"":null,""Z"":null,""dX"":null,""dY"":null,""dZ"":null}","{""amplitude_uT"":29.33257257725606,""contact_threshold_uT"":40.0,""contact_gate"":""temporary current-frame amplitude threshold"",""status"":""低于临时接触阈值 / 判为非接触"",""preset"":""5×5｜441点1mm连续"",""needs_baseline"":false,""display.contact"":false,""display.contact_reason"":""三维输出无效"",""display.contact_segment"":611,""display.contact_age_ms"":0.0,""display.contact_last_end_ns"":1240481941070200}"
S20260919_A,000134,62,1240507861013300,1240507870955200,NormalizedFit,1,1,False,unknown,False,False,0.0,nan,nan,nan,nan,nan,nan,x,y,z,,,,,,,,,,,,,,"{""x"":null,""y"":null,""z"":null,""dx"":null,""dy"":null,""mode5"":null,""Q"":null,""X"":null,""Y"":null,""Z"":null,""dX"":null,""dY"":null,""dZ"":null}","{""amplitude_uT"":30.94220719341142,""contact_threshold_uT"":40.0,""contact_gate"":""temporary current-frame amplitude threshold"",""status"":""低于临时接触阈值 / 判为非接触"",""preset"":""5×5｜441点1mm连续"",""needs_baseline"":false,""display.contact"":false,""display.contact_reason"":""三维输出无效"",""display.contact_segment"":611,""display.contact_age_ms"":0.0,""display.contact_last_end_ns"":1240481941070200}"
S20260919_A,000134,63,1240507887769700,1240507912549500,NormalizedFit,1,1,False,unknown,False,False,0.0,nan,nan,nan,nan,nan,nan,x,y,z,,,,,,,,,,,,,,"{""x"":null,""y"":null,""z"":null,""dx"":null,""dy"":null,""mode5"":null,""Q"":null,""X"":null,""Y"":null,""Z"":null,""dX"":null,""dY"":null,""dZ"":null}","{""amplitude_uT"":26.07472901105583,""contact_threshold_uT"":40.0,""contact_gate"":""temporary current-frame amplitude threshold"",""status"":""低于临时接触阈值 / 判为非接触"",""preset"":""5×5｜441点1mm连续"",""needs_baseline"":false,""display.contact"":false,""display.contact_reason"":""三维输出无效"",""display.contact_segment"":611,""display.contact_age_ms"":0.0,""display.contact_last_end_ns"":1240481941070200}"
S20260919_A,000134,64,1240507914788800,1240507952673800,NormalizedFit,1,1,False,unknown,False,False,0.0,nan,nan,nan,nan,nan,nan,x,y,z,,,,,,,,,,,,,,"{""x"":null,""y"":null,""z"":null,""dx"":null,""dy"":null,""mode5"":null,""Q"":null,""X"":null,""Y"":null,""Z"":null,""dX"":null,""dY"":null,""dZ"":null}","{""amplitude_uT"":33.641857781638905,""contact_threshold_uT"":40.0,""contact_gate"":""temporary current-frame amplitude threshold"",""status"":""低于临时接触阈值 / 判为非接触"",""preset"":""5×5｜441点1mm连续"",""needs_baseline"":false,""display.contact"":false,""display.contact_reason"":""三维输出无效"",""display.contact_segment"":611,""display.contact_age_ms"":0.0,""display.contact_last_end_ns"":1240481941070200}"
S20260919_A,000134,65,1240507927673600,1240507955303500,NormalizedFit,1,1,False,unknown,False,False,0.0,nan,nan,nan,nan,nan,nan,x,y,z,,,,,,,,,,,,,,"{""x"":null,""y"":null,""z"":null,""dx"":null,""dy"":null,""mode5"":null,""Q"":null,""X"":null,""Y"":null,""Z"":null,""dX"":null,""dY"":null,""dZ"":null}","{""amplitude_uT"":25.326910155010953,""contact_threshold_uT"":40.0,""contact_gate"":""temporary current-frame amplitude threshold"",""status"":""低于临时接触阈值 / 判为非接触"",""preset"":""5×5｜441点1mm连续"",""needs_baseline"":false,""display.contact"":false,""display.contact_reason"":""三维输出无效"",""display.contact_segment"":611,""display.contact_age_ms"":0.0,""display.contact_last_end_ns"":1240481941070200}"
S20260919_A,000134,66,1240507936674400,1240507957338200,NormalizedFit,1,1,False,unknown,False,False,0.0,nan,nan,nan,nan,nan,nan,x,y,z,,,,,,,,,,,,,,"{""x"":null,""y"":null,""z"":null,""dx"":null,""dy"":null,""mode5"":null,""Q"":null,""X"":null,""Y"":null,""Z"":null,""dX"":null,""dY"":null,""dZ"":null}","{""amplitude_uT"":31.00214684501716,""contact_threshold_uT"":40.0,""contact_gate"":""temporary current-frame amplitude threshold"",""status"":""低于临时接触阈值 / 判为非接触"",""preset"":""5×5｜441点1mm连续"",""needs_baseline"":false,""display.contact"":false,""display.contact_reason"":""三维输出无效"",""display.contact_segment"":611,""display.contact_age_ms"":0.0,""display.contact_last_end_ns"":1240481941070200}"
S20260919_A,000134,67,1240507962515600,1240507986638100,NormalizedFit,1,1,False,unknown,False,False,0.0,nan,nan,nan,nan,nan,nan,x,y,z,,,,,,,,,,,,,,"{""x"":null,""y"":null,""z"":null,""dx"":null,""dy"":null,""mode5"":null,""Q"":null,""X"":null,""Y"":null,""Z"":null,""dX"":null,""dY"":null,""dZ"":null}","{""amplitude_uT"":35.051802435823326,""contact_threshold_uT"":40.0,""contact_gate"":""temporary current-frame amplitude threshold"",""status"":""低于临时接触阈值 / 判为非接触"",""preset"":""5×5｜441点1mm连续"",""needs_baseline"":false,""display.contact"":false,""display.contact_reason"":""三维输出无效"",""display.contact_segment"":611,""display.contact_age_ms"":0.0,""display.contact_last_end_ns"":1240481941070200}"
S20260919_A,000134,68,1240507989468200,1240508027065700,NormalizedFit,1,1,False,unknown,False,False,0.0,nan,nan,nan,nan,nan,nan,x,y,z,,,,,,,,,,,,,,"{""x"":null,""y"":null,""z"":null,""dx"":null,""dy"":null,""mode5"":null,""Q"":null,""X"":null,""Y"":null,""Z"":null,""dX"":null,""dY"":null,""dZ"":null}","{""amplitude_uT"":22.705522037601195,""contact_threshold_uT"":40.0,""contact_gate"":""temporary current-frame amplitude threshold"",""status"":""低于临时接触阈值 / 判为非接触"",""preset"":""5×5｜441点1mm连续"",""needs_baseline"":false,""display.contact"":false,""display.contact_reason"":""三维输出无效"",""display.contact_segment"":611,""display.contact_age_ms"":0.0,""display.contact_last_end_ns"":1240481941070200}"
S20260919_A,000134,69,1240507999832900,1240508031034300,NormalizedFit,1,1,False,unknown,False,False,0.0,nan,nan,nan,nan,nan,nan,x,y,z,,,,,,,,,,,,,,"{""x"":null,""y"":null,""z"":null,""dx"":null,""dy"":null,""mode5"":null,""Q"":null,""X"":null,""Y"":null,""Z"":null,""dX"":null,""dY"":null,""dZ"":null}","{""amplitude_uT"":31.440727424791007,""contact_threshold_uT"":40.0,""contact_gate"":""temporary current-frame amplitude threshold"",""status"":""低于临时接触阈值 / 判为非接触"",""preset"":""5×5｜441点1mm连续"",""needs_baseline"":false,""display.contact"":false,""display.contact_reason"":""三维输出无效"",""display.contact_segment"":611,""display.contact_age_ms"":0.0,""display.contact_last_end_ns"":1240481941070200}"
S20260919_A,000134,70,1240508025990100,1240508033545600,NormalizedFit,1,1,False,unknown,False,False,0.0,nan,nan,nan,nan,nan,nan,x,y,z,,,,,,,,,,,,,,"{""x"":null,""y"":null,""z"":null,""dx"":null,""dy"":null,""mode5"":null,""Q"":null,""X"":null,""Y"":null,""Z"":null,""dX"":null,""dY"":null,""dZ"":null}","{""cosine_similarity"":0.48101625007113546,""amplitude_uT"":40.264533897712234,""status"":""模板相似度不足"",""preset"":""5×5｜441点1mm连续"",""needs_baseline"":false,""display.contact"":false,""display.contact_reason"":""三维输出无效"",""display.contact_segment"":611,""display.contact_age_ms"":0.0,""display.contact_last_end_ns"":1240481941070200}"
S20260919_A,000134,71,1240508050940100,1240508081530800,NormalizedFit,1,1,False,unknown,False,False,0.0,nan,nan,nan,nan,nan,nan,x,y,z,,,,,,,,,,,,,,"{""x"":null,""y"":null,""z"":null,""dx"":null,""dy"":null,""mode5"":null,""Q"":null,""X"":null,""Y"":null,""Z"":null,""dX"":null,""dY"":null,""dZ"":null}","{""amplitude_uT"":36.73273813643637,""contact_threshold_uT"":40.0,""contact_gate"":""temporary current-frame amplitude threshold"",""status"":""低于临时接触阈值 / 判为非接触"",""preset"":""5×5｜441点1mm连续"",""needs_baseline"":false,""display.contact"":false,""display.contact_reason"":""三维输出无效"",""display.contact_segment"":611,""display.contact_age_ms"":0.0,""display.contact_last_end_ns"":1240481941070200}"
S20260919_A,000134,72,1240508061820000,1240508083611100,NormalizedFit,1,1,False,unknown,False,False,0.0,nan,nan,nan,nan,nan,nan,x,y,z,,,,,,,,,,,,,,"{""x"":null,""y"":null,""z"":null,""dx"":null,""dy"":null,""mode5"":null,""Q"":null,""X"":null,""Y"":null,""Z"":null,""dX"":null,""dY"":null,""dZ"":null}","{""amplitude_uT"":22.87140065671538,""contact_threshold_uT"":40.0,""contact_gate"":""temporary current-frame amplitude threshold"",""status"":""低于临时接触阈值 / 判为非接触"",""preset"":""5×5｜441点1mm连续"",""needs_baseline"":false,""display.contact"":false,""display.contact_reason"":""三维输出无效"",""display.contact_segment"":611,""display.contact_age_ms"":0.0,""display.contact_last_end_ns"":1240481941070200}"
S20260919_A,000134,73,1240508088761400,1240508127978000,NormalizedFit,1,1,False,unknown,False,False,0.0,nan,nan,nan,nan,nan,nan,x,y,z,,,,,,,,,,,,,,"{""x"":null,""y"":null,""z"":null,""dx"":null,""dy"":null,""mode5"":null,""Q"":null,""X"":null,""Y"":null,""Z"":null,""dX"":null,""dY"":null,""dZ"":null}","{""amplitude_uT"":29.424318887614337,""contact_threshold_uT"":40.0,""contact_gate"":""temporary current-frame amplitude threshold"",""status"":""低于临时接触阈值 / 判为非接触"",""preset"":""5×5｜441点1mm连续"",""needs_baseline"":false,""display.contact"":false,""display.contact_reason"":""三维输出无效"",""display.contact_segment"":611,""display.contact_age_ms"":0.0,""display.contact_last_end_ns"":1240481941070200}"
S20260919_A,000134,74,1240508114658000,1240508132319000,NormalizedFit,1,1,False,unknown,False,False,0.0,nan,nan,nan,nan,nan,nan,x,y,z,,,,,,,,,,,,,,"{""x"":null,""y"":null,""z"":null,""dx"":null,""dy"":null,""mode5"":null,""Q"":null,""X"":null,""Y"":null,""Z"":null,""dX"":null,""dY"":null,""dZ"":null}","{""amplitude_uT"":24.09625962675533,""contact_threshold_uT"":40.0,""contact_gate"":""temporary current-frame amplitude threshold"",""status"":""低于临时接触阈值 / 判为非接触"",""preset"":""5×5｜441点1mm连续"",""needs_baseline"":false,""display.contact"":false,""display.contact_reason"":""三维输出无效"",""display.contact_segment"":611,""display.contact_age_ms"":0.0,""display.contact_last_end_ns"":1240481941070200}"
S20260919_A,000134,75,1240508125699400,1240508134516100,NormalizedFit,1,1,False,unknown,False,False,0.0,nan,nan,nan,nan,nan,nan,x,y,z,,,,,,,,,,,,,,"{""x"":null,""y"":null,""z"":null,""dx"":null,""dy"":null,""mode5"":null,""Q"":null,""X"":null,""Y"":null,""Z"":null,""dX"":null,""dY"":null,""dZ"":null}","{""amplitude_uT"":30.21185350156469,""contact_threshold_uT"":40.0,""contact_gate"":""temporary current-frame amplitude threshold"",""status"":""低于临时接触阈值 / 判为非接触"",""preset"":""5×5｜441点1mm连续"",""needs_baseline"":false,""display.contact"":false,""display.contact_reason"":""三维输出无效"",""display.contact_segment"":611,""display.contact_age_ms"":0.0,""display.contact_last_end_ns"":1240481941070200}"
S20260919_A,000134,76,1240508152645400,1240508174708100,NormalizedFit,1,1,False,unknown,False,False,0.0,nan,nan,nan,nan,nan,nan,x,y,z,,,,,,,,,,,,,,"{""x"":null,""y"":null,""z"":null,""dx"":null,""dy"":null,""mode5"":null,""Q"":null,""X"":null,""Y"":null,""Z"":null,""dX"":null,""dY"":null,""dZ"":null}","{""amplitude_uT"":28.167590383275513,""contact_threshold_uT"":40.0,""contact_gate"":""temporary current-frame amplitude threshold"",""status"":""低于临时接触阈值 / 判为非接触"",""preset"":""5×5｜441点1mm连续"",""needs_baseline"":false,""display.contact"":false,""display.contact_reason"":""三维输出无效"",""display.contact_segment"":611,""display.contact_age_ms"":0.0,""display.contact_last_end_ns"":1240481941070200}"
S20260919_A,000134,77,1240508179455000,1240508215692300,NormalizedFit,1,1,False,unknown,False,False,0.0,nan,nan,nan,nan,nan,nan,x,y,z,,,,,,,,,,,,,,"{""x"":null,""y"":null,""z"":null,""dx"":null,""dy"":null,""mode5"":null,""Q"":null,""X"":null,""Y"":null,""Z"":null,""dX"":null,""dY"":null,""dZ"":null}","{""amplitude_uT"":35.71907980337686,""contact_threshold_uT"":40.0,""contact_gate"":""temporary current-frame amplitude threshold"",""status"":""低于临时接触阈值 / 判为非接触"",""preset"":""5×5｜441点1mm连续"",""needs_baseline"":false,""display.contact"":false,""display.contact_reason"":""三维输出无效"",""display.contact_segment"":611,""display.contact_age_ms"":0.0,""display.contact_last_end_ns"":1240481941070200}"
S20260919_A,000134,78,1240508189964900,1240508220266500,NormalizedFit,1,1,False,unknown,False,False,0.0,nan,nan,nan,nan,nan,nan,x,y,z,,,,,,,,,,,,,,"{""x"":null,""y"":null,""z"":null,""dx"":null,""dy"":null,""mode5"":null,""Q"":null,""X"":null,""Y"":null,""Z"":null,""dX"":null,""dY"":null,""dZ"":null}","{""amplitude_uT"":30.09298114178778,""contact_threshold_uT"":40.0,""contact_gate"":""temporary current-frame amplitude threshold"",""status"":""低于临时接触阈值 / 判为非接触"",""preset"":""5×5｜441点1mm连续"",""needs_baseline"":false,""display.contact"":false,""display.contact_reason"":""三维输出无效"",""display.contact_segment"":611,""display.contact_age_ms"":0.0,""display.contact_last_end_ns"":1240481941070200}"
S20260919_A,000134,79,1240508214895400,1240508222507700,NormalizedFit,1,1,False,unknown,False,False,0.0,nan,nan,nan,nan,nan,nan,x,y,z,,,,,,,,,,,,,,"{""x"":null,""y"":null,""z"":null,""dx"":null,""dy"":null,""mode5"":null,""Q"":null,""X"":null,""Y"":null,""Z"":null,""dX"":null,""dY"":null,""dZ"":null}","{""amplitude_uT"":23.967765874190313,""contact_threshold_uT"":40.0,""contact_gate"":""temporary current-frame amplitude threshold"",""status"":""低于临时接触阈值 / 判为非接触"",""preset"":""5×5｜441点1mm连续"",""needs_baseline"":false,""display.contact"":false,""display.contact_reason"":""三维输出无效"",""display.contact_segment"":611,""display.contact_age_ms"":0.0,""display.contact_last_end_ns"":1240481941070200}"
S20260919_A,000134,80,1240508241787000,1240508265199400,NormalizedFit,1,1,False,unknown,False,False,0.0,nan,nan,nan,nan,nan,nan,x,y,z,,,,,,,,,,,,,,"{""x"":null,""y"":null,""z"":null,""dx"":null,""dy"":null,""mode5"":null,""Q"":null,""X"":null,""Y"":null,""Z"":null,""dX"":null,""dY"":null,""dZ"":null}","{""amplitude_uT"":35.979108757722265,""contact_threshold_uT"":40.0,""contact_gate"":""temporary current-frame amplitude threshold"",""status"":""低于临时接触阈值 / 判为非接触"",""preset"":""5×5｜441点1mm连续"",""needs_baseline"":false,""display.contact"":false,""display.contact_reason"":""三维输出无效"",""display.contact_segment"":611,""display.contact_age_ms"":0.0,""display.contact_last_end_ns"":1240481941070200}"
S20260919_A,000134,81,1240508252775400,1240508267498400,NormalizedFit,1,1,False,unknown,False,False,0.0,nan,nan,nan,nan,nan,nan,x,y,z,,,,,,,,,,,,,,"{""x"":null,""y"":null,""z"":null,""dx"":null,""dy"":null,""mode5"":null,""Q"":null,""X"":null,""Y"":null,""Z"":null,""dX"":null,""dY"":null,""dZ"":null}","{""amplitude_uT"":26.39169405324328,""contact_threshold_uT"":40.0,""contact_gate"":""temporary current-frame amplitude threshold"",""status"":""低于临时接触阈值 / 判为非接触"",""preset"":""5×5｜441点1mm连续"",""needs_baseline"":false,""display.contact"":false,""display.contact_reason"":""三维输出无效"",""display.contact_segment"":611,""display.contact_age_ms"":0.0,""display.contact_last_end_ns"":1240481941070200}"
S20260919_A,000134,82,1240508279708600,1240508297453100,NormalizedFit,1,1,False,unknown,False,False,0.0,nan,nan,nan,nan,nan,nan,x,y,z,,,,,,,,,,,,,,"{""x"":null,""y"":null,""z"":null,""dx"":null,""dy"":null,""mode5"":null,""Q"":null,""X"":null,""Y"":null,""Z"":null,""dX"":null,""dY"":null,""dZ"":null}","{""amplitude_uT"":22.616817437473443,""contact_threshold_uT"":40.0,""contact_gate"":""temporary current-frame amplitude threshold"",""status"":""低于临时接触阈值 / 判为非接触"",""preset"":""5×5｜441点1mm连续"",""needs_baseline"":false,""display.contact"":false,""display.contact_reason"":""三维输出无效"",""display.contact_segment"":611,""display.contact_age_ms"":0.0,""display.contact_last_end_ns"":1240481941070200}"
S20260919_A,000134,83,1240508306637200,1240508339478600,NormalizedFit,1,1,False,unknown,False,False,0.0,nan,nan,nan,nan,nan,nan,x,y,z,,,,,,,,,,,,,,"{""x"":null,""y"":null,""z"":null,""dx"":null,""dy"":null,""mode5"":null,""Q"":null,""X"":null,""Y"":null,""Z"":null,""dX"":null,""dY"":null,""dZ"":null}","{""amplitude_uT"":20.48107912196061,""contact_threshold_uT"":40.0,""contact_gate"":""temporary current-frame amplitude threshold"",""status"":""低于临时接触阈值 / 判为非接触"",""preset"":""5×5｜441点1mm连续"",""needs_baseline"":false,""display.contact"":false,""display.contact_reason"":""三维输出无效"",""display.contact_segment"":611,""display.contact_age_ms"":0.0,""display.contact_last_end_ns"":1240481941070200}"
S20260919_A,000134,84,1240508331566000,1240508342854100,NormalizedFit,1,1,False,unknown,False,False,0.0,nan,nan,nan,nan,nan,nan,x,y,z,,,,,,,,,,,,,,"{""x"":null,""y"":null,""z"":null,""dx"":null,""dy"":null,""mode5"":null,""Q"":null,""X"":null,""Y"":null,""Z"":null,""dX"":null,""dY"":null,""dZ"":null}","{""amplitude_uT"":27.68397910344529,""contact_threshold_uT"":40.0,""contact_gate"":""temporary current-frame amplitude threshold"",""status"":""低于临时接触阈值 / 判为非接触"",""preset"":""5×5｜441点1mm连续"",""needs_baseline"":false,""display.contact"":false,""display.contact_reason"":""三维输出无效"",""display.contact_segment"":611,""display.contact_age_ms"":0.0,""display.contact_last_end_ns"":1240481941070200}"
S20260919_A,000134,85,1240508357508000,1240508383913700,NormalizedFit,1,1,False,unknown,False,False,0.0,nan,nan,nan,nan,nan,nan,x,y,z,,,,,,,,,,,,,,"{""x"":null,""y"":null,""z"":null,""dx"":null,""dy"":null,""mode5"":null,""Q"":null,""X"":null,""Y"":null,""Z"":null,""dX"":null,""dY"":null,""dZ"":null}","{""amplitude_uT"":37.3491138449094,""contact_threshold_uT"":40.0,""contact_gate"":""temporary current-frame amplitude threshold"",""status"":""低于临时接触阈值 / 判为非接触"",""preset"":""5×5｜441点1mm连续"",""needs_baseline"":false,""display.contact"":false,""display.contact_reason"":""三维输出无效"",""display.contact_segment"":611,""display.contact_age_ms"":0.0,""display.contact_last_end_ns"":1240481941070200}"
S20260919_A,000134,86,1240508384415200,1240508421391600,NormalizedFit,1,1,False,unknown,False,False,0.0,nan,nan,nan,nan,nan,nan,x,y,z,,,,,,,,,,,,,,"{""x"":null,""y"":null,""z"":null,""dx"":null,""dy"":null,""mode5"":null,""Q"":null,""X"":null,""Y"":null,""Z"":null,""dX"":null,""dY"":null,""dZ"":null}","{""amplitude_uT"":36.545196004399735,""contact_threshold_uT"":40.0,""contact_gate"":""temporary current-frame amplitude threshold"",""status"":""低于临时接触阈值 / 判为非接触"",""preset"":""5×5｜441点1mm连续"",""needs_baseline"":false,""display.contact"":false,""display.contact_reason"":""三维输出无效"",""display.contact_segment"":611,""display.contact_age_ms"":0.0,""display.contact_last_end_ns"":1240481941070200}"
S20260919_A,000134,87,1240508411243900,1240508423910400,NormalizedFit,1,1,False,unknown,False,False,0.0,nan,nan,nan,nan,nan,nan,x,y,z,,,,,,,,,,,,,,"{""x"":null,""y"":null,""z"":null,""dx"":null,""dy"":null,""mode5"":null,""Q"":null,""X"":null,""Y"":null,""Z"":null,""dX"":null,""dY"":null,""dZ"":null}","{""amplitude_uT"":35.04760565288313,""contact_threshold_uT"":40.0,""contact_gate"":""temporary current-frame amplitude threshold"",""status"":""低于临时接触阈值 / 判为非接触"",""preset"":""5×5｜441点1mm连续"",""needs_baseline"":false,""display.contact"":false,""display.contact_reason"":""三维输出无效"",""display.contact_segment"":611,""display.contact_age_ms"":0.0,""display.contact_last_end_ns"":1240481941070200}"
S20260919_A,000134,88,1240508424207000,1240508464301700,NormalizedFit,1,1,False,unknown,False,False,0.0,nan,nan,nan,nan,nan,nan,x,y,z,,,,,,,,,,,,,,"{""x"":null,""y"":null,""z"":null,""dx"":null,""dy"":null,""mode5"":null,""Q"":null,""X"":null,""Y"":null,""Z"":null,""dX"":null,""dY"":null,""dZ"":null}","{""amplitude_uT"":31.242584416145988,""contact_threshold_uT"":40.0,""contact_gate"":""temporary current-frame amplitude threshold"",""status"":""低于临时接触阈值 / 判为非接触"",""preset"":""5×5｜441点1mm连续"",""needs_baseline"":false,""display.contact"":false,""display.contact_reason"":""三维输出无效"",""display.contact_segment"":611,""display.contact_age_ms"":0.0,""display.contact_last_end_ns"":1240481941070200}"
S20260919_A,000134,89,1240508451057000,1240508467782700,NormalizedFit,1,1,False,unknown,False,False,0.0,nan,nan,nan,nan,nan,nan,x,y,z,,,,,,,,,,,,,,"{""x"":null,""y"":null,""z"":null,""dx"":null,""dy"":null,""mode5"":null,""Q"":null,""X"":null,""Y"":null,""Z"":null,""dX"":null,""dY"":null,""dZ"":null}","{""amplitude_uT"":33.31135893355295,""contact_threshold_uT"":40.0,""contact_gate"":""temporary current-frame amplitude threshold"",""status"":""低于临时接触阈值 / 判为非接触"",""preset"":""5×5｜441点1mm连续"",""needs_baseline"":false,""display.contact"":false,""display.contact_reason"":""三维输出无效"",""display.contact_segment"":611,""display.contact_age_ms"":0.0,""display.contact_last_end_ns"":1240481941070200}"
S20260919_A,000134,90,1240508477114800,1240508498369200,NormalizedFit,1,1,False,unknown,False,False,0.0,nan,nan,nan,nan,nan,nan,x,y,z,,,,,,,,,,,,,,"{""x"":null,""y"":null,""z"":null,""dx"":null,""dy"":null,""mode5"":null,""Q"":null,""X"":null,""Y"":null,""Z"":null,""dX"":null,""dY"":null,""dZ"":null}","{""amplitude_uT"":36.50576687319418,""contact_threshold_uT"":40.0,""contact_gate"":""temporary current-frame amplitude threshold"",""status"":""低于临时接触阈值 / 判为非接触"",""preset"":""5×5｜441点1mm连续"",""needs_baseline"":false,""display.contact"":false,""display.contact_reason"":""三维输出无效"",""display.contact_segment"":611,""display.contact_age_ms"":0.0,""display.contact_last_end_ns"":1240481941070200}"
S20260919_A,000134,91,1240508488007200,1240508501744500,NormalizedFit,1,1,False,unknown,False,False,0.0,nan,nan,nan,nan,nan,nan,x,y,z,,,,,,,,,,,,,,"{""x"":null,""y"":null,""z"":null,""dx"":null,""dy"":null,""mode5"":null,""Q"":null,""X"":null,""Y"":null,""Z"":null,""dX"":null,""dY"":null,""dZ"":null}","{""amplitude_uT"":28.29475771233963,""contact_threshold_uT"":40.0,""contact_gate"":""temporary current-frame amplitude threshold"",""status"":""低于临时接触阈值 / 判为非接触"",""preset"":""5×5｜441点1mm连续"",""needs_baseline"":false,""display.contact"":false,""display.contact_reason"":""三维输出无效"",""display.contact_segment"":611,""display.contact_age_ms"":0.0,""display.contact_last_end_ns"":1240481941070200}"
S20260919_A,000134,92,1240508512974600,1240508540514100,NormalizedFit,1,1,False,unknown,False,False,0.0,nan,nan,nan,nan,nan,nan,x,y,z,,,,,,,,,,,,,,"{""x"":null,""y"":null,""z"":null,""dx"":null,""dy"":null,""mode5"":null,""Q"":null,""X"":null,""Y"":null,""Z"":null,""dX"":null,""dY"":null,""dZ"":null}","{""amplitude_uT"":22.496447297295745,""contact_threshold_uT"":40.0,""contact_gate"":""temporary current-frame amplitude threshold"",""status"":""低于临时接触阈值 / 判为非接触"",""preset"":""5×5｜441点1mm连续"",""needs_baseline"":false,""display.contact"":false,""display.contact_reason"":""三维输出无效"",""display.contact_segment"":611,""display.contact_age_ms"":0.0,""display.contact_last_end_ns"":1240481941070200}"
S20260919_A,000134,93,1240508539886700,1240508581964000,NormalizedFit,1,1,False,unknown,False,False,0.0,nan,nan,nan,nan,nan,nan,x,y,z,,,,,,,,,,,,,,"{""x"":null,""y"":null,""z"":null,""dx"":null,""dy"":null,""mode5"":null,""Q"":null,""X"":null,""Y"":null,""Z"":null,""dX"":null,""dY"":null,""dZ"":null}","{""amplitude_uT"":30.70077652112406,""contact_threshold_uT"":40.0,""contact_gate"":""temporary current-frame amplitude threshold"",""status"":""低于临时接触阈值 / 判为非接触"",""preset"":""5×5｜441点1mm连续"",""needs_baseline"":false,""display.contact"":false,""display.contact_reason"":""三维输出无效"",""display.contact_segment"":611,""display.contact_age_ms"":0.0,""display.contact_last_end_ns"":1240481941070200}"
S20260919_A,000134,94,1240508552758300,1240508584352300,NormalizedFit,1,1,False,unknown,False,False,0.0,nan,nan,nan,nan,nan,nan,x,y,z,,,,,,,,,,,,,,"{""x"":null,""y"":null,""z"":null,""dx"":null,""dy"":null,""mode5"":null,""Q"":null,""X"":null,""Y"":null,""Z"":null,""dX"":null,""dY"":null,""dZ"":null}","{""amplitude_uT"":27.66557116706621,""contact_threshold_uT"":40.0,""contact_gate"":""temporary current-frame amplitude threshold"",""status"":""低于临时接触阈值 / 判为非接触"",""preset"":""5×5｜441点1mm连续"",""needs_baseline"":false,""display.contact"":false,""display.contact_reason"":""三维输出无效"",""display.contact_segment"":611,""display.contact_age_ms"":0.0,""display.contact_last_end_ns"":1240481941070200}"
S20260919_A,000134,95,1240508562754700,1240508586354500,NormalizedFit,1,1,False,unknown,False,False,0.0,nan,nan,nan,nan,nan,nan,x,y,z,,,,,,,,,,,,,,"{""x"":null,""y"":null,""z"":null,""dx"":null,""dy"":null,""mode5"":null,""Q"":null,""X"":null,""Y"":null,""Z"":null,""dX"":null,""dY"":null,""dZ"":null}","{""amplitude_uT"":28.027252933528906,""contact_threshold_uT"":40.0,""contact_gate"":""temporary current-frame amplitude threshold"",""status"":""低于临时接触阈值 / 判为非接触"",""preset"":""5×5｜441点1mm连续"",""needs_baseline"":false,""display.contact"":false,""display.contact_reason"":""三维输出无效"",""display.contact_segment"":611,""display.contact_age_ms"":0.0,""display.contact_last_end_ns"":1240481941070200}"
S20260919_A,000134,96,1240508587743500,1240508627767500,NormalizedFit,1,1,False,unknown,False,False,0.0,nan,nan,nan,nan,nan,nan,x,y,z,,,,,,,,,,,,,,"{""x"":null,""y"":null,""z"":null,""dx"":null,""dy"":null,""mode5"":null,""Q"":null,""X"":null,""Y"":null,""Z"":null,""dX"":null,""dY"":null,""dZ"":null}","{""amplitude_uT"":32.69190375307026,""contact_threshold_uT"":40.0,""contact_gate"":""temporary current-frame amplitude threshold"",""status"":""低于临时接触阈值 / 判为非接触"",""preset"":""5×5｜441点1mm连续"",""needs_baseline"":false,""display.contact"":false,""display.contact_reason"":""三维输出无效"",""display.contact_segment"":611,""display.contact_age_ms"":0.0,""display.contact_last_end_ns"":1240481941070200}"
S20260919_A,000134,97,1240508614617400,1240508631103900,NormalizedFit,1,1,False,unknown,False,False,0.0,nan,nan,nan,nan,nan,nan,x,y,z,,,,,,,,,,,,,,"{""x"":null,""y"":null,""z"":null,""dx"":null,""dy"":null,""mode5"":null,""Q"":null,""X"":null,""Y"":null,""Z"":null,""dX"":null,""dY"":null,""dZ"":null}","{""amplitude_uT"":35.42839955459468,""contact_threshold_uT"":40.0,""contact_gate"":""temporary current-frame amplitude threshold"",""status"":""低于临时接触阈值 / 判为非接触"",""preset"":""5×5｜441点1mm连续"",""needs_baseline"":false,""display.contact"":false,""display.contact_reason"":""三维输出无效"",""display.contact_segment"":611,""display.contact_age_ms"":0.0,""display.contact_last_end_ns"":1240481941070200}"
S20260919_A,000134,98,1240508625479000,1240508633382800,NormalizedFit,1,1,False,unknown,False,False,0.0,nan,nan,nan,nan,nan,nan,x,y,z,,,,,,,,,,,,,,"{""x"":null,""y"":null,""z"":null,""dx"":null,""dy"":null,""mode5"":null,""Q"":null,""X"":null,""Y"":null,""Z"":null,""dX"":null,""dY"":null,""dZ"":null}","{""amplitude_uT"":35.15269158969202,""contact_threshold_uT"":40.0,""contact_gate"":""temporary current-frame amplitude threshold"",""status"":""低于临时接触阈值 / 判为非接触"",""preset"":""5×5｜441点1mm连续"",""needs_baseline"":false,""display.contact"":false,""display.contact_reason"":""三维输出无效"",""display.contact_segment"":611,""display.contact_age_ms"":0.0,""display.contact_last_end_ns"":1240481941070200}"
S20260919_A,000134,99,1240508651006000,1240508672736900,NormalizedFit,1,1,False,unknown,False,False,0.0,nan,nan,nan,nan,nan,nan,x,y,z,,,,,,,,,,,,,,"{""x"":null,""y"":null,""z"":null,""dx"":null,""dy"":null,""mode5"":null,""Q"":null,""X"":null,""Y"":null,""Z"":null,""dX"":null,""dY"":null,""dZ"":null}","{""amplitude_uT"":29.434851757737565,""contact_threshold_uT"":40.0,""contact_gate"":""temporary current-frame amplitude threshold"",""status"":""低于临时接触阈值 / 判为非接触"",""preset"":""5×5｜441点1mm连续"",""needs_baseline"":false,""display.contact"":false,""display.contact_reason"":""三维输出无效"",""display.contact_segment"":611,""display.contact_age_ms"":0.0,""display.contact_last_end_ns"":1240481941070200}"
S20260919_A,000134,100,1240508677412200,1240508702040700,NormalizedFit,1,1,False,unknown,False,False,0.0,nan,nan,nan,nan,nan,nan,x,y,z,,,,,,,,,,,,,,"{""x"":null,""y"":null,""z"":null,""dx"":null,""dy"":null,""mode5"":null,""Q"":null,""X"":null,""Y"":null,""Z"":null,""dX"":null,""dY"":null,""dZ"":null}","{""amplitude_uT"":23.386134267980125,""contact_threshold_uT"":40.0,""contact_gate"":""temporary current-frame amplitude threshold"",""status"":""低于临时接触阈值 / 判为非接触"",""preset"":""5×5｜441点1mm连续"",""needs_baseline"":false,""display.contact"":false,""display.contact_reason"":""三维输出无效"",""display.contact_segment"":611,""display.contact_age_ms"":0.0,""display.contact_last_end_ns"":1240481941070200}"
S20260919_A,000134,101,1240508686560700,1240508704430500,NormalizedFit,1,1,False,unknown,False,False,0.0,nan,nan,nan,nan,nan,nan,x,y,z,,,,,,,,,,,,,,"{""x"":null,""y"":null,""z"":null,""dx"":null,""dy"":null,""mode5"":null,""Q"":null,""X"":null,""Y"":null,""Z"":null,""dX"":null,""dY"":null,""dZ"":null}","{""cosine_similarity"":0.5781717652930476,""amplitude_uT"":43.46130322482301,""status"":""模板相似度不足"",""preset"":""5×5｜441点1mm连续"",""needs_baseline"":false,""display.contact"":false,""display.contact_reason"":""三维输出无效"",""display.contact_segment"":611,""display.contact_age_ms"":0.0,""display.contact_last_end_ns"":1240481941070200}"
S20260919_A,000134,102,1240508713252100,1240508755318500,NormalizedFit,1,1,False,unknown,False,False,0.0,nan,nan,nan,nan,nan,nan,x,y,z,,,,,,,,,,,,,,"{""x"":null,""y"":null,""z"":null,""dx"":null,""dy"":null,""mode5"":null,""Q"":null,""X"":null,""Y"":null,""Z"":null,""dX"":null,""dY"":null,""dZ"":null}","{""amplitude_uT"":22.920766457516393,""contact_threshold_uT"":40.0,""contact_gate"":""temporary current-frame amplitude threshold"",""status"":""低于临时接触阈值 / 判为非接触"",""preset"":""5×5｜441点1mm连续"",""needs_baseline"":false,""display.contact"":false,""display.contact_reason"":""三维输出无效"",""display.contact_segment"":611,""display.contact_age_ms"":0.0,""display.contact_last_end_ns"":1240481941070200}"
S20260919_A,000134,103,1240508740127800,1240508757878400,NormalizedFit,1,1,False,unknown,False,False,0.0,nan,nan,nan,nan,nan,nan,x,y,z,,,,,,,,,,,,,,"{""x"":null,""y"":null,""z"":null,""dx"":null,""dy"":null,""mode5"":null,""Q"":null,""X"":null,""Y"":null,""Z"":null,""dX"":null,""dY"":null,""dZ"":null}","{""amplitude_uT"":36.735594060801624,""contact_threshold_uT"":40.0,""contact_gate"":""temporary current-frame amplitude threshold"",""status"":""低于临时接触阈值 / 判为非接触"",""preset"":""5×5｜441点1mm连续"",""needs_baseline"":false,""display.contact"":false,""display.contact_reason"":""三维输出无效"",""display.contact_segment"":611,""display.contact_age_ms"":0.0,""display.contact_last_end_ns"":1240481941070200}"
S20260919_A,000134,104,1240508751114900,1240508759991300,NormalizedFit,1,1,False,unknown,False,False,0.0,nan,nan,nan,nan,nan,nan,x,y,z,,,,,,,,,,,,,,"{""x"":null,""y"":null,""z"":null,""dx"":null,""dy"":null,""mode5"":null,""Q"":null,""X"":null,""Y"":null,""Z"":null,""dX"":null,""dY"":null,""dZ"":null}","{""amplitude_uT"":38.015659562869615,""contact_threshold_uT"":40.0,""contact_gate"":""temporary current-frame amplitude threshold"",""status"":""低于临时接触阈值 / 判为非接触"",""preset"":""5×5｜441点1mm连续"",""needs_baseline"":false,""display.contact"":false,""display.contact_reason"":""三维输出无效"",""display.contact_segment"":611,""display.contact_age_ms"":0.0,""display.contact_last_end_ns"":1240481941070200}"
S20260919_A,000134,105,1240508778013400,1240508791605100,NormalizedFit,1,1,False,unknown,False,False,0.0,nan,nan,nan,nan,nan,nan,x,y,z,,,,,,,,,,,,,,"{""x"":null,""y"":null,""z"":null,""dx"":null,""dy"":null,""mode5"":null,""Q"":null,""X"":null,""Y"":null,""Z"":null,""dX"":null,""dY"":null,""dZ"":null}","{""amplitude_uT"":23.69955003792282,""contact_threshold_uT"":40.0,""contact_gate"":""temporary current-frame amplitude threshold"",""status"":""低于临时接触阈值 / 判为非接触"",""preset"":""5×5｜441点1mm连续"",""needs_baseline"":false,""display.contact"":false,""display.contact_reason"":""三维输出无效"",""display.contact_segment"":611,""display.contact_age_ms"":0.0,""display.contact_last_end_ns"":1240481941070200}"
S20260919_A,000134,106,1240508803883300,1240508832689500,NormalizedFit,1,1,False,unknown,False,False,0.0,nan,nan,nan,nan,nan,nan,x,y,z,,,,,,,,,,,,,,"{""x"":null,""y"":null,""z"":null,""dx"":null,""dy"":null,""mode5"":null,""Q"":null,""X"":null,""Y"":null,""Z"":null,""dX"":null,""dY"":null,""dZ"":null}","{""cosine_similarity"":-0.030740880453451306,""amplitude_uT"":40.41515823301933,""status"":""模板相似度不足"",""preset"":""5×5｜441点1mm连续"",""needs_baseline"":false,""display.contact"":false,""display.contact_reason"":""三维输出无效"",""display.contact_segment"":611,""display.contact_age_ms"":0.0,""display.contact_last_end_ns"":1240481941070200}"
S20260919_A,000134,107,1240508813888100,1240508836327100,NormalizedFit,1,1,False,unknown,False,False,0.0,nan,nan,nan,nan,nan,nan,x,y,z,,,,,,,,,,,,,,"{""x"":null,""y"":null,""z"":null,""dx"":null,""dy"":null,""mode5"":null,""Q"":null,""X"":null,""Y"":null,""Z"":null,""dX"":null,""dY"":null,""dZ"":null}","{""amplitude_uT"":31.876148496956013,""contact_threshold_uT"":40.0,""contact_gate"":""temporary current-frame amplitude threshold"",""status"":""低于临时接触阈值 / 判为非接触"",""preset"":""5×5｜441点1mm连续"",""needs_baseline"":false,""display.contact"":false,""display.contact_reason"":""三维输出无效"",""display.contact_segment"":611,""display.contact_age_ms"":0.0,""display.contact_last_end_ns"":1240481941070200}"
S20260919_A,000134,108,1240508841705000,1240508876183900,NormalizedFit,1,1,False,unknown,False,False,0.0,nan,nan,nan,nan,nan,nan,x,y,z,,,,,,,,,,,,,,"{""x"":null,""y"":null,""z"":null,""dx"":null,""dy"":null,""mode5"":null,""Q"":null,""X"":null,""Y"":null,""Z"":null,""dX"":null,""dY"":null,""dZ"":null}","{""amplitude_uT"":25.545869470425036,""contact_threshold_uT"":40.0,""contact_gate"":""temporary current-frame amplitude threshold"",""status"":""低于临时接触阈值 / 判为非接触"",""preset"":""5×5｜441点1mm连续"",""needs_baseline"":false,""display.contact"":false,""display.contact_reason"":""三维输出无效"",""display.contact_segment"":611,""display.contact_age_ms"":0.0,""display.contact_last_end_ns"":1240481941070200}"
S20260919_A,000134,109,1240508867742400,1240508880165800,NormalizedFit,1,1,False,unknown,False,False,0.0,nan,nan,nan,nan,nan,nan,x,y,z,,,,,,,,,,,,,,"{""x"":null,""y"":null,""z"":null,""dx"":null,""dy"":null,""mode5"":null,""Q"":null,""X"":null,""Y"":null,""Z"":null,""dX"":null,""dY"":null,""dZ"":null}","{""amplitude_uT"":26.036289558998124,""contact_threshold_uT"":40.0,""contact_gate"":""temporary current-frame amplitude threshold"",""status"":""低于临时接触阈值 / 判为非接触"",""preset"":""5×5｜441点1mm连续"",""needs_baseline"":false,""display.contact"":false,""display.contact_reason"":""三维输出无效"",""display.contact_segment"":611,""display.contact_age_ms"":0.0,""display.contact_last_end_ns"":1240481941070200}"
S20260919_A,000134,110,1240508878373700,1240508924511600,NormalizedFit,1,1,False,unknown,False,False,0.0,nan,nan,nan,nan,nan,nan,x,y,z,,,,,,,,,,,,,,"{""x"":null,""y"":null,""z"":null,""dx"":null,""dy"":null,""mode5"":null,""Q"":null,""X"":null,""Y"":null,""Z"":null,""dX"":null,""dY"":null,""dZ"":null}","{""amplitude_uT"":26.122490788590685,""contact_threshold_uT"":40.0,""contact_gate"":""temporary current-frame amplitude threshold"",""status"":""低于临时接触阈值 / 判为非接触"",""preset"":""5×5｜441点1mm连续"",""needs_baseline"":false,""display.contact"":false,""display.contact_reason"":""三维输出无效"",""display.contact_segment"":611,""display.contact_age_ms"":0.0,""display.contact_last_end_ns"":1240481941070200}"
S20260919_A,000134,111,1240508905167000,1240508928058900,NormalizedFit,1,1,False,unknown,False,False,0.0,nan,nan,nan,nan,nan,nan,x,y,z,,,,,,,,,,,,,,"{""x"":null,""y"":null,""z"":null,""dx"":null,""dy"":null,""mode5"":null,""Q"":null,""X"":null,""Y"":null,""Z"":null,""dX"":null,""dY"":null,""dZ"":null}","{""amplitude_uT"":23.013613319076985,""contact_threshold_uT"":40.0,""contact_gate"":""temporary current-frame amplitude threshold"",""status"":""低于临时接触阈值 / 判为非接触"",""preset"":""5×5｜441点1mm连续"",""needs_baseline"":false,""display.contact"":false,""display.contact_reason"":""三维输出无效"",""display.contact_segment"":611,""display.contact_age_ms"":0.0,""display.contact_last_end_ns"":1240481941070200}"
S20260919_A,000134,112,1240508932052800,1240508967614300,NormalizedFit,1,1,False,unknown,False,False,0.0,nan,nan,nan,nan,nan,nan,x,y,z,,,,,,,,,,,,,,"{""x"":null,""y"":null,""z"":null,""dx"":null,""dy"":null,""mode5"":null,""Q"":null,""X"":null,""Y"":null,""Z"":null,""dX"":null,""dY"":null,""dZ"":null}","{""amplitude_uT"":19.620454072217733,""status"":""当前帧低响应 / 无有效接触"",""preset"":""5×5｜441点1mm连续"",""needs_baseline"":false,""display.contact"":false,""display.contact_reason"":""三维输出无效"",""display.contact_segment"":611,""display.contact_age_ms"":0.0,""display.contact_last_end_ns"":1240481941070200}"
S20260919_A,000134,113,1240508957965100,1240508970168400,NormalizedFit,1,1,False,unknown,False,False,0.0,nan,nan,nan,nan,nan,nan,x,y,z,,,,,,,,,,,,,,"{""x"":null,""y"":null,""z"":null,""dx"":null,""dy"":null,""mode5"":null,""Q"":null,""X"":null,""Y"":null,""Z"":null,""dX"":null,""dY"":null,""dZ"":null}","{""cosine_similarity"":0.6582741716537185,""amplitude_uT"":43.884156218389485,""status"":""模板相似度不足"",""preset"":""5×5｜441点1mm连续"",""needs_baseline"":false,""display.contact"":false,""display.contact_reason"":""三维输出无效"",""display.contact_segment"":611,""display.contact_age_ms"":0.0,""display.contact_last_end_ns"":1240481941070200}"
S20260919_A,000134,114,1240508968982700,1240508999515400,NormalizedFit,1,1,False,unknown,False,False,0.0,nan,nan,nan,nan,nan,nan,x,y,z,,,,,,,,,,,,,,"{""x"":null,""y"":null,""z"":null,""dx"":null,""dy"":null,""mode5"":null,""Q"":null,""X"":null,""Y"":null,""Z"":null,""dX"":null,""dY"":null,""dZ"":null}","{""amplitude_uT"":36.725486314002715,""contact_threshold_uT"":40.0,""contact_gate"":""temporary current-frame amplitude threshold"",""status"":""低于临时接触阈值 / 判为非接触"",""preset"":""5×5｜441点1mm连续"",""needs_baseline"":false,""display.contact"":false,""display.contact_reason"":""三维输出无效"",""display.contact_segment"":611,""display.contact_age_ms"":0.0,""display.contact_last_end_ns"":1240481941070200}"
S20260919_A,000134,115,1240508995851900,1240509046424900,NormalizedFit,1,1,False,unknown,False,False,0.0,nan,nan,nan,nan,nan,nan,x,y,z,,,,,,,,,,,,,,"{""x"":null,""y"":null,""z"":null,""dx"":null,""dy"":null,""mode5"":null,""Q"":null,""X"":null,""Y"":null,""Z"":null,""dX"":null,""dY"":null,""dZ"":null}","{""cosine_similarity"":0.6293835147042042,""amplitude_uT"":47.554352398072076,""status"":""模板相似度不足"",""preset"":""5×5｜441点1mm连续"",""needs_baseline"":false,""display.contact"":false,""display.contact_reason"":""三维输出无效"",""display.contact_segment"":611,""display.contact_age_ms"":0.0,""display.contact_last_end_ns"":1240481941070200}"
S20260919_A,000134,116,1240509022737000,1240509050340400,NormalizedFit,1,1,False,unknown,False,False,0.0,nan,nan,nan,nan,nan,nan,x,y,z,,,,,,,,,,,,,,"{""x"":null,""y"":null,""z"":null,""dx"":null,""dy"":null,""mode5"":null,""Q"":null,""X"":null,""Y"":null,""Z"":null,""dX"":null,""dY"":null,""dZ"":null}","{""cosine_similarity"":0.9107197705570754,""amplitude_uT"":51.1862751672753,""status"":""模板相似度不足"",""preset"":""5×5｜441点1mm连续"",""needs_baseline"":false,""display.contact"":false,""display.contact_reason"":""三维输出无效"",""display.contact_segment"":611,""display.contact_age_ms"":0.0,""display.contact_last_end_ns"":1240481941070200}"
S20260919_A,000134,117,1240509033224900,1240509052324400,NormalizedFit,1,1,False,unknown,False,False,0.0,nan,nan,nan,nan,nan,nan,x,y,z,,,,,,,,,,,,,,"{""x"":null,""y"":null,""z"":null,""dx"":null,""dy"":null,""mode5"":null,""Q"":null,""X"":null,""Y"":null,""Z"":null,""dX"":null,""dY"":null,""dZ"":null}","{""cosine_similarity"":0.8954230467127976,""amplitude_uT"":60.18542842748598,""status"":""模板相似度不足"",""preset"":""5×5｜441点1mm连续"",""needs_baseline"":false,""display.contact"":false,""display.contact_reason"":""三维输出无效"",""display.contact_segment"":611,""display.contact_age_ms"":0.0,""display.contact_last_end_ns"":1240481941070200}"
S20260919_A,000134,118,1240509059143200,1240509081136100,NormalizedFit,1,1,False,unknown,False,False,0.0,nan,nan,nan,nan,nan,nan,x,y,z,,,,,,,,,,,,,,"{""x"":null,""y"":null,""z"":null,""dx"":null,""dy"":null,""mode5"":null,""Q"":null,""X"":null,""Y"":null,""Z"":null,""dX"":null,""dY"":null,""dZ"":null}","{""cosine_similarity"":0.9546989368472292,""amplitude_uT"":62.887923155006916,""status"":""模板相似度不足"",""preset"":""5×5｜441点1mm连续"",""needs_baseline"":false,""display.contact"":false,""display.contact_reason"":""三维输出无效"",""display.contact_segment"":611,""display.contact_age_ms"":0.0,""display.contact_last_end_ns"":1240481941070200}"
S20260919_A,000134,119,1240509084140400,1240509122432200,NormalizedFit,1,1,False,unknown,False,False,0.0,nan,nan,nan,nan,nan,nan,x,y,z,,,,,,,,,,,,,,"{""x"":null,""y"":null,""z"":null,""dx"":null,""dy"":null,""mode5"":null,""Q"":null,""X"":null,""Y"":null,""Z"":null,""dX"":null,""dY"":null,""dZ"":null}","{""cosine_similarity"":0.9665068536460597,""amplitude_uT"":67.70768516941082,""status"":""模板相似度不足"",""preset"":""5×5｜441点1mm连续"",""needs_baseline"":false,""display.contact"":false,""display.contact_reason"":""三维输出无效"",""display.contact_segment"":611,""display.contact_age_ms"":0.0,""display.contact_last_end_ns"":1240481941070200}"
S20260919_A,000134,120,1240509094214700,1240509125523100,NormalizedFit,1,1,True,unknown,False,False,0.0,2.741495329870739,nan,nan,-2.2587938058860484,-1.517364736476448,0.33354376428236987,x,y,z,-2.2587938058860484,-1.517364736476448,0.33354376428236987,,,,,,,,0.0,0.0,0.0,"{""x"":-2.2587938058860484,""y"":-1.517364736476448,""z"":0.33354376428236987,""dx"":null,""dy"":null,""mode5"":null,""Q"":null,""X"":null,""Y"":null,""Z"":null,""dX"":0.0,""dY"":0.0,""dZ"":0.0}","{""amplitude_uT"":78.49765483439629,""contact_threshold_uT"":40.0,""contact_gate"":""shape-aware ridge classifier + amplitude floor"",""cosine_similarity"":0.9834202366967235,""anti_jump_policy"":""快速门控（阈值/形状）"",""calibration_depth_range_mm"":[0.2,0.8],""depth_extrapolated"":false,""relative_reference"":""first valid prediction since B0/no-contact"",""xy_semantics"":""continuous XY RBF refit on all 441 positions at 1 mm spacing"",""fit_model"":""441点1 mm连续XY/RBF＋跨深度连续Z＋接触/释放门控"",""fit_variant"":""dense441_1mm_continuous_development"",""evidence_tier"":""development_dense441_single_repeat_random_validation_pending"",""continuous_xy_method"":""kernel_rbf"",""working_range_model"":false,""working_range_mm"":null,""outside_declared_working_range"":false,""calibration_domain_mm"":{""x"":[-10.0,10.0],""y"":[-10.0,10.0],""depth"":[0.2,0.8]},""xy_outside_calibration_domain"":false,""excluded_calibration_samples"":0,""uncorrected_static_xyz_mm"":[-2.2587938058860484,-1.517364736476448,0.33354376428236987],""unaligned_xyz_mm"":[-3.4893895053780044,-1.2535901612534253,0.33354376428236987],""xy_rotation_deg"":-4.580684956890044,""xy_translation_mm"":[1.3195654319610284,-0.5464514666381837],""xy_translation_source"":""five_point_reassembly"",""xy_translation_details"":{""preset"":""5×5｜441点1mm连续"",""calibration_points"":5,""calibration_strategy"":""rigid_rotation_translation_v1"",""calibration_rms_mm"":0.507358956567797,""check_rms_mm"":null},""dynamic_model_enabled"":false,""dynamic_history_ready"":false,""dynamic_gate"":0.0,""contact_score"":0.9886737507286572,""contact_score_threshold"":0.49492851692021117,""status"":""有效"",""preset"":""5×5｜441点1mm连续"",""needs_baseline"":false,""display.contact"":true,""display.contact_reason"":""拟合响应/相似度接触门控"",""display.contact_segment"":612,""display.contact_age_ms"":0.0,""display.contact_last_end_ns"":1240481941070200}"
S20260919_A,000134,121,1240509120865200,1240509128428900,NormalizedFit,1,1,True,unknown,False,False,0.0,1.2717053157928486,nan,nan,-0.05738643846962721,-1.244203671750347,0.25670689530769353,x,y,z,-0.05738643846962721,-1.244203671750347,0.25670689530769353,,,,,,,,2.2014073674164214,0.2731610647261009,-0.07683686897467634,"{""x"":-0.05738643846962721,""y"":-1.244203671750347,""z"":0.25670689530769353,""dx"":null,""dy"":null,""mode5"":null,""Q"":null,""X"":null,""Y"":null,""Z"":null,""dX"":2.2014073674164214,""dY"":0.2731610647261009,""dZ"":-0.07683686897467634}","{""amplitude_uT"":94.3927077440308,""contact_threshold_uT"":40.0,""contact_gate"":""shape-aware ridge classifier + amplitude floor"",""cosine_similarity"":0.9888649993961186,""anti_jump_policy"":""快速门控（阈值/形状）"",""calibration_depth_range_mm"":[0.2,0.8],""depth_extrapolated"":false,""relative_reference"":""first valid prediction since B0/no-contact"",""xy_semantics"":""continuous XY RBF refit on all 441 positions at 1 mm spacing"",""fit_model"":""441点1 mm连续XY/RBF＋跨深度连续Z＋接触/释放门控"",""fit_variant"":""dense441_1mm_continuous_development"",""evidence_tier"":""development_dense441_single_repeat_random_validation_pending"",""continuous_xy_method"":""kernel_rbf"",""working_range_model"":false,""working_range_mm"":null,""outside_declared_working_range"":false,""calibration_domain_mm"":{""x"":[-10.0,10.0],""y"":[-10.0,10.0],""depth"":[0.2,0.8]},""xy_outside_calibration_domain"":false,""excluded_calibration_samples"":0,""uncorrected_static_xyz_mm"":[-0.05738643846962721,-1.244203671750347,0.25670689530769353],""unaligned_xyz_mm"":[-1.316829179521195,-0.8054908473613489,0.25670689530769353],""xy_rotation_deg"":-4.580684956890044,""xy_translation_mm"":[1.3195654319610284,-0.5464514666381837],""xy_translation_source"":""five_point_reassembly"",""xy_translation_details"":{""preset"":""5×5｜441点1mm连续"",""calibration_points"":5,""calibration_strategy"":""rigid_rotation_translation_v1"",""calibration_rms_mm"":0.507358956567797,""check_rms_mm"":null},""dynamic_model_enabled"":false,""dynamic_history_ready"":false,""dynamic_gate"":0.0,""contact_score"":0.9918387948091045,""contact_score_threshold"":0.49492851692021117,""status"":""有效"",""preset"":""5×5｜441点1mm连续"",""needs_baseline"":false,""display.contact"":true,""display.contact_reason"":""拟合响应/相似度接触门控"",""display.contact_segment"":612,""display.contact_age_ms"":26.6505,""display.contact_last_end_ns"":1240481941070200}"
S20260919_A,000134,122,1240509147790700,1240509176128700,NormalizedFit,1,1,True,unknown,False,False,0.0,3.2597264995358914,nan,nan,2.110829199464954,-2.4667499329397558,0.29216726511429625,x,y,z,2.110829199464954,-2.4667499329397558,0.29216726511429625,,,,,,,,4.369623005351002,-0.9493851964633078,-0.04137649916807362,"{""x"":2.110829199464954,""y"":-2.4667499329397558,""z"":0.29216726511429625,""dx"":null,""dy"":null,""mode5"":null,""Q"":null,""X"":null,""Y"":null,""Z"":null,""dX"":4.369623005351002,""dY"":-0.9493851964633078,""dZ"":-0.04137649916807362}","{""amplitude_uT"":101.96091427110683,""contact_threshold_uT"":40.0,""contact_gate"":""shape-aware ridge classifier + amplitude floor"",""cosine_similarity"":0.9866631886914491,""anti_jump_policy"":""快速门控（阈值/形状）"",""calibration_depth_range_mm"":[0.2,0.8],""depth_extrapolated"":false,""relative_reference"":""first valid prediction since B0/no-contact"",""xy_semantics"":""continuous XY RBF refit on all 441 positions at 1 mm spacing"",""fit_model"":""441点1 mm连续XY/RBF＋跨深度连续Z＋接触/释放门控"",""fit_variant"":""dense441_1mm_continuous_development"",""evidence_tier"":""development_dense441_single_repeat_random_validation_pending"",""continuous_xy_method"":""kernel_rbf"",""working_range_model"":false,""working_range_mm"":null,""outside_declared_working_range"":false,""calibration_domain_mm"":{""x"":[-10.0,10.0],""y"":[-10.0,10.0],""depth"":[0.2,0.8]},""xy_outside_calibration_domain"":false,""excluded_calibration_samples"":0,""uncorrected_static_xyz_mm"":[2.110829199464954,-2.4667499329397558,0.29216726511429625],""unaligned_xyz_mm"":[0.9420969524158407,-1.8509721450344578,0.29216726511429625],""xy_rotation_deg"":-4.580684956890044,""xy_translation_mm"":[1.3195654319610284,-0.5464514666381837],""xy_translation_source"":""five_point_reassembly"",""xy_translation_details"":{""preset"":""5×5｜441点1mm连续"",""calibration_points"":5,""calibration_strategy"":""rigid_rotation_translation_v1"",""calibration_rms_mm"":0.507358956567797,""check_rms_mm"":null},""dynamic_model_enabled"":false,""dynamic_history_ready"":false,""dynamic_gate"":0.0,""contact_score"":0.9919495093156079,""contact_score_threshold"":0.49492851692021117,""status"":""有效"",""preset"":""5×5｜441点1mm连续"",""needs_baseline"":false,""display.contact"":true,""display.contact_reason"":""拟合响应/相似度接触门控"",""display.contact_segment"":612,""display.contact_age_ms"":53.576,""display.contact_last_end_ns"":1240481941070200}"
S20260919_A,000134,123,1240509158774500,1240509179002700,NormalizedFit,1,1,True,unknown,False,False,0.0,2.856855507415646,nan,nan,2.012669038766784,-2.0078396778837746,0.281720710201219,x,y,z,2.012669038766784,-2.0078396778837746,0.281720710201219,,,,,,,,4.271462844652833,-0.4904749414073266,-0.05182305408115084,"{""x"":2.012669038766784,""y"":-2.0078396778837746,""z"":0.281720710201219,""dx"":null,""dy"":null,""mode5"":null,""Q"":null,""X"":null,""Y"":null,""Z"":null,""dX"":4.271462844652833,""dY"":-0.4904749414073266,""dZ"":-0.05182305408115084}","{""amplitude_uT"":102.98132959789363,""contact_threshold_uT"":40.0,""contact_gate"":""shape-aware ridge classifier + amplitude floor"",""cosine_similarity"":0.9887269255525991,""anti_jump_policy"":""快速门控（阈值/形状）"",""calibration_depth_range_mm"":[0.2,0.8],""depth_extrapolated"":false,""relative_reference"":""first valid prediction since B0/no-contact"",""xy_semantics"":""continuous XY RBF refit on all 441 positions at 1 mm spacing"",""fit_model"":""441点1 mm连续XY/RBF＋跨深度连续Z＋接触/释放门控"",""fit_variant"":""dense441_1mm_continuous_development"",""evidence_tier"":""development_dense441_single_repeat_random_validation_pending"",""continuous_xy_method"":""kernel_rbf"",""working_range_model"":false,""working_range_mm"":null,""outside_declared_working_range"":false,""calibration_domain_mm"":{""x"":[-10.0,10.0],""y"":[-10.0,10.0],""depth"":[0.2,0.8]},""xy_outside_calibration_domain"":false,""excluded_calibration_samples"":0,""uncorrected_static_xyz_mm"":[2.012669038766784,-2.0078396778837746,0.281720710201219],""unaligned_xyz_mm"":[0.8076004279223725,-1.4013670691700781,0.281720710201219],""xy_rotation_deg"":-4.580684956890044,""xy_translation_mm"":[1.3195654319610284,-0.5464514666381837],""xy_translation_source"":""five_point_reassembly"",""xy_translation_details"":{""preset"":""5×5｜441点1mm连续"",""calibration_points"":5,""calibration_strategy"":""rigid_rotation_translation_v1"",""calibration_rms_mm"":0.507358956567797,""check_rms_mm"":null},""dynamic_model_enabled"":false,""dynamic_history_ready"":false,""dynamic_gate"":0.0,""contact_score"":0.9928026023471319,""contact_score_threshold"":0.49492851692021117,""status"":""有效"",""preset"":""5×5｜441点1mm连续"",""needs_baseline"":false,""display.contact"":true,""display.contact_reason"":""拟合响应/相似度接触门控"",""display.contact_segment"":612,""display.contact_age_ms"":64.5598,""display.contact_last_end_ns"":1240481941070200}"
S20260919_A,000134,124,1240509184651100,1240509225527500,NormalizedFit,1,1,True,unknown,False,False,0.0,2.4615327740385444,nan,nan,1.3263520708720733,-2.05525926093489,0.2753963545521677,x,y,z,1.3263520708720733,-2.05525926093489,0.2753963545521677,,,,,,,,3.585145876758122,-0.5378945244584421,-0.05814740973020216,"{""x"":1.3263520708720733,""y"":-2.05525926093489,""z"":0.2753963545521677,""dx"":null,""dy"":null,""mode5"":null,""Q"":null,""X"":null,""Y"":null,""Z"":null,""dX"":3.585145876758122,""dY"":-0.5378945244584421,""dZ"":-0.05814740973020216}","{""amplitude_uT"":110.34253703354854,""contact_threshold_uT"":40.0,""contact_gate"":""shape-aware ridge classifier + amplitude floor"",""cosine_similarity"":0.9833244697124381,""anti_jump_policy"":""快速门控（阈值/形状）"",""calibration_depth_range_mm"":[0.2,0.8],""depth_extrapolated"":false,""relative_reference"":""first valid prediction since B0/no-contact"",""xy_semantics"":""continuous XY RBF refit on all 441 positions at 1 mm spacing"",""fit_model"":""441点1 mm连续XY/RBF＋跨深度连续Z＋接触/释放门控"",""fit_variant"":""dense441_1mm_continuous_development"",""evidence_tier"":""development_dense441_single_repeat_random_validation_pending"",""continuous_xy_method"":""kernel_rbf"",""working_range_model"":false,""working_range_mm"":null,""outside_declared_working_range"":false,""calibration_domain_mm"":{""x"":[-10.0,10.0],""y"":[-10.0,10.0],""depth"":[0.2,0.8]},""xy_outside_calibration_domain"":false,""excluded_calibration_samples"":0,""uncorrected_static_xyz_mm"":[1.3263520708720733,-2.05525926093489,0.2753963545521677],""unaligned_xyz_mm"":[0.1272627192030784,-1.503446446967513,0.2753963545521677],""xy_rotation_deg"":-4.580684956890044,""xy_translation_mm"":[1.3195654319610284,-0.5464514666381837],""xy_translation_source"":""five_point_reassembly"",""xy_translation_details"":{""preset"":""5×5｜441点1mm连续"",""calibration_points"":5,""calibration_strategy"":""rigid_rotation_translation_v1"",""calibration_rms_mm"":0.507358956567797,""check_rms_mm"":null},""dynamic_model_enabled"":false,""dynamic_history_ready"":false,""dynamic_gate"":0.0,""contact_score"":0.9943616323838351,""contact_score_threshold"":0.49492851692021117,""status"":""有效"",""preset"":""5×5｜441点1mm连续"",""needs_baseline"":false,""display.contact"":true,""display.contact_reason"":""拟合响应/相似度接触门控"",""display.contact_segment"":612,""display.contact_age_ms"":90.4364,""display.contact_last_end_ns"":1240481941070200}"
S20260919_A,000134,125,1240509210631800,1240509228554200,NormalizedFit,1,1,True,unknown,False,False,0.0,1.7782194454948546,nan,nan,0.8176136647530586,-1.5600219932952284,0.24475226654779625,x,y,z,0.8176136647530586,-1.5600219932952284,0.24475226654779625,,,,,,,,3.076407470639107,-0.04265725681878041,-0.08879149773457362,"{""x"":0.8176136647530586,""y"":-1.5600219932952284,""z"":0.24475226654779625,""dx"":null,""dy"":null,""mode5"":null,""Q"":null,""X"":null,""Y"":null,""Z"":null,""dX"":3.076407470639107,""dY"":-0.04265725681878041,""dZ"":-0.08879149773457362}","{""amplitude_uT"":115.6352864224413,""contact_threshold_uT"":40.0,""contact_gate"":""shape-aware ridge classifier + amplitude floor"",""cosine_similarity"":0.9845760865422881,""anti_jump_policy"":""快速门控（阈值/形状）"",""calibration_depth_range_mm"":[0.2,0.8],""depth_extrapolated"":false,""relative_reference"":""first valid prediction since B0/no-contact"",""xy_semantics"":""continuous XY RBF refit on all 441 positions at 1 mm spacing"",""fit_model"":""441点1 mm连续XY/RBF＋跨深度连续Z＋接触/释放门控"",""fit_variant"":""dense441_1mm_continuous_development"",""evidence_tier"":""development_dense441_single_repeat_random_validation_pending"",""continuous_xy_method"":""kernel_rbf"",""working_range_model"":false,""working_range_mm"":null,""outside_declared_working_range"":false,""calibration_domain_mm"":{""x"":[-10.0,10.0],""y"":[-10.0,10.0],""depth"":[0.2,0.8]},""xy_outside_calibration_domain"":false,""excluded_calibration_samples"":0,""uncorrected_static_xyz_mm"":[0.8176136647530586,-1.5600219932952284,0.24475226654779625],""unaligned_xyz_mm"":[-0.41940178577196496,-1.050420359285905,0.24475226654779625],""xy_rotation_deg"":-4.580684956890044,""xy_translation_mm"":[1.3195654319610284,-0.5464514666381837],""xy_translation_source"":""five_point_reassembly"",""xy_translation_details"":{""preset"":""5×5｜441点1mm连续"",""calibration_points"":5,""calibration_strategy"":""rigid_rotation_translation_v1"",""calibration_rms_mm"":0.507358956567797,""check_rms_mm"":null},""dynamic_model_enabled"":false,""dynamic_history_ready"":false,""dynamic_gate"":0.0,""contact_score"":0.9958045993922928,""contact_score_threshold"":0.49492851692021117,""status"":""有效"",""preset"":""5×5｜441点1mm连续"",""needs_baseline"":false,""display.contact"":true,""display.contact_reason"":""拟合响应/相似度接触门控"",""display.contact_segment"":612,""display.contact_age_ms"":116.4171,""display.contact_last_end_ns"":1240481941070200}"
S20260919_A,000134,126,1240509222583700,1240509232562300,NormalizedFit,1,1,False,unknown,False,False,0.0,nan,nan,nan,nan,nan,nan,x,y,z,,,,,,,,,,,,,,"{""x"":null,""y"":null,""z"":null,""dx"":null,""dy"":null,""mode5"":null,""Q"":null,""X"":null,""Y"":null,""Z"":null,""dX"":null,""dY"":null,""dZ"":null}","{""cosine_similarity"":0.9801871132560581,""amplitude_uT"":115.5021798105994,""status"":""模板相似度不足"",""preset"":""5×5｜441点1mm连续"",""needs_baseline"":false,""display.contact"":false,""display.contact_reason"":""三维输出无效"",""display.contact_segment"":612,""display.contact_age_ms"":0.0,""display.contact_last_end_ns"":1240509222583700}"
S20260919_A,000134,127,1240509248449100,1240509279191400,NormalizedFit,1,1,False,unknown,False,False,0.0,nan,nan,nan,nan,nan,nan,x,y,z,,,,,,,,,,,,,,"{""x"":null,""y"":null,""z"":null,""dx"":null,""dy"":null,""mode5"":null,""Q"":null,""X"":null,""Y"":null,""Z"":null,""dX"":null,""dY"":null,""dZ"":null}","{""cosine_similarity"":0.979932671993234,""amplitude_uT"":115.89528994743517,""status"":""模板相似度不足"",""preset"":""5×5｜441点1mm连续"",""needs_baseline"":false,""display.contact"":false,""display.contact_reason"":""三维输出无效"",""display.contact_segment"":612,""display.contact_age_ms"":0.0,""display.contact_last_end_ns"":1240509222583700}"
S20260919_A,000134,128,1240509275395000,1240509283692100,NormalizedFit,1,1,True,unknown,False,False,0.0,1.2533711336764033,nan,nan,0.2695282599466744,-1.1970764186479488,0.25554209778506365,x,y,z,0.2695282599466744,-1.1970764186479488,0.25554209778506365,,,,,,,,0.0,0.0,0.0,"{""x"":0.2695282599466744,""y"":-1.1970764186479488,""z"":0.25554209778506365,""dx"":null,""dy"":null,""mode5"":null,""Q"":null,""X"":null,""Y"":null,""Z"":null,""dX"":0.0,""dY"":0.0,""dZ"":0.0}","{""amplitude_uT"":111.42477487524958,""contact_threshold_uT"":40.0,""contact_gate"":""shape-aware ridge classifier + amplitude floor"",""cosine_similarity"":0.9834336371398182,""anti_jump_policy"":""快速门控（阈值/形状）"",""calibration_depth_range_mm"":[0.2,0.8],""depth_extrapolated"":false,""relative_reference"":""first valid prediction since B0/no-contact"",""xy_semantics"":""continuous XY RBF refit on all 441 positions at 1 mm spacing"",""fit_model"":""441点1 mm连续XY/RBF＋跨深度连续Z＋接触/释放门控"",""fit_variant"":""dense441_1mm_continuous_development"",""evidence_tier"":""development_dense441_single_repeat_random_validation_pending"",""continuous_xy_method"":""kernel_rbf"",""working_range_model"":false,""working_range_mm"":null,""outside_declared_working_range"":false,""calibration_domain_mm"":{""x"":[-10.0,10.0],""y"":[-10.0,10.0],""depth"":[0.2,0.8]},""xy_outside_calibration_domain"":false,""excluded_calibration_samples"":0,""uncorrected_static_xyz_mm"":[0.2695282599466744,-1.1970764186479488,0.25554209778506365],""unaligned_xyz_mm"":[-0.9947224119958611,-0.7324057713199341,0.25554209778506365],""xy_rotation_deg"":-4.580684956890044,""xy_translation_mm"":[1.3195654319610284,-0.5464514666381837],""xy_translation_source"":""five_point_reassembly"",""xy_translation_details"":{""preset"":""5×5｜441点1mm连续"",""calibration_points"":5,""calibration_strategy"":""rigid_rotation_translation_v1"",""calibration_rms_mm"":0.507358956567797,""check_rms_mm"":null},""dynamic_model_enabled"":false,""dynamic_history_ready"":false,""dynamic_gate"":0.0,""contact_score"":0.9937875233597638,""contact_score_threshold"":0.49492851692021117,""status"":""有效"",""preset"":""5×5｜441点1mm连续"",""needs_baseline"":false,""display.contact"":true,""display.contact_reason"":""拟合响应/相似度接触门控"",""display.contact_segment"":613,""display.contact_age_ms"":0.0,""display.contact_last_end_ns"":1240509222583700}"
S20260919_A,000134,129,1240509301265900,1240509330814300,NormalizedFit,1,1,True,unknown,False,False,0.0,1.545964495988134,nan,nan,0.7858427429599661,-1.3049376669888075,0.2638088161279105,x,y,z,0.7858427429599661,-1.3049376669888075,0.2638088161279105,,,,,,,,0.5163144830132917,-0.10786124834085875,0.008266718342846868,"{""x"":0.7858427429599661,""y"":-1.3049376669888075,""z"":0.2638088161279105,""dx"":null,""dy"":null,""mode5"":null,""Q"":null,""X"":null,""Y"":null,""Z"":null,""dX"":0.5163144830132917,""dY"":-0.10786124834085875,""dZ"":0.008266718342846868}","{""amplitude_uT"":110.87286304141362,""contact_threshold_uT"":40.0,""contact_gate"":""shape-aware ridge classifier + amplitude floor"",""cosine_similarity"":0.9837574678485173,""anti_jump_policy"":""快速门控（阈值/形状）"",""calibration_depth_range_mm"":[0.2,0.8],""depth_extrapolated"":false,""relative_reference"":""first valid prediction since B0/no-contact"",""xy_semantics"":""continuous XY RBF refit on all 441 positions at 1 mm spacing"",""fit_model"":""441点1 mm连续XY/RBF＋跨深度连续Z＋接触/释放门控"",""fit_variant"":""dense441_1mm_continuous_development"",""evidence_tier"":""development_dense441_single_repeat_random_validation_pending"",""continuous_xy_method"":""kernel_rbf"",""working_range_model"":false,""working_range_mm"":null,""outside_declared_working_range"":false,""calibration_domain_mm"":{""x"":[-10.0,10.0],""y"":[-10.0,10.0],""depth"":[0.2,0.8]},""xy_outside_calibration_domain"":false,""excluded_calibration_samples"":0,""uncorrected_static_xyz_mm"":[0.7858427429599661,-1.3049376669888075,0.2638088161279105],""unaligned_xyz_mm"":[-0.4714429993767264,-0.7986881263769527,0.2638088161279105],""xy_rotation_deg"":-4.580684956890044,""xy_translation_mm"":[1.3195654319610284,-0.5464514666381837],""xy_translation_source"":""five_point_reassembly"",""xy_translation_details"":{""preset"":""5×5｜441点1mm连续"",""calibration_points"":5,""calibration_strategy"":""rigid_rotation_translation_v1"",""calibration_rms_mm"":0.507358956567797,""check_rms_mm"":null},""dynamic_model_enabled"":false,""dynamic_history_ready"":false,""dynamic_gate"":0.0,""contact_score"":0.9929552573027567,""contact_score_threshold"":0.49492851692021117,""status"":""有效"",""preset"":""5×5｜441点1mm连续"",""needs_baseline"":false,""display.contact"":true,""display.contact_reason"":""拟合响应/相似度接触门控"",""display.contact_segment"":613,""display.contact_age_ms"":25.8709,""display.contact_last_end_ns"":1240509222583700}"
S20260919_A,000134,130,1240509327224900,1240509334548300,NormalizedFit,1,1,False,unknown,False,False,0.0,nan,nan,nan,nan,nan,nan,x,y,z,,,,,,,,,,,,,,"{""x"":null,""y"":null,""z"":null,""dx"":null,""dy"":null,""mode5"":null,""Q"":null,""X"":null,""Y"":null,""Z"":null,""dX"":null,""dY"":null,""dZ"":null}","{""cosine_similarity"":0.9756509495867559,""amplitude_uT"":107.00347523678862,""status"":""模板相似度不足"",""preset"":""5×5｜441点1mm连续"",""needs_baseline"":false,""display.contact"":false,""display.contact_reason"":""三维输出无效"",""display.contact_segment"":613,""display.contact_age_ms"":0.0,""display.contact_last_end_ns"":1240509327224900}"
S20260919_A,000134,131,1240509354085300,1240509378403700,NormalizedFit,1,1,False,unknown,False,False,0.0,nan,nan,nan,nan,nan,nan,x,y,z,,,,,,,,,,,,,,"{""x"":null,""y"":null,""z"":null,""dx"":null,""dy"":null,""mode5"":null,""Q"":null,""X"":null,""Y"":null,""Z"":null,""dX"":null,""dY"":null,""dZ"":null}","{""cosine_similarity"":0.9695696393721303,""amplitude_uT"":111.5173715884661,""status"":""模板相似度不足"",""preset"":""5×5｜441点1mm连续"",""needs_baseline"":false,""display.contact"":false,""display.contact_reason"":""三维输出无效"",""display.contact_segment"":613,""display.contact_age_ms"":0.0,""display.contact_last_end_ns"":1240509327224900}"
S20260919_A,000134,132,1240509381087900,1240509408463800,NormalizedFit,1,1,False,unknown,False,False,0.0,nan,nan,nan,nan,nan,nan,x,y,z,,,,,,,,,,,,,,"{""x"":null,""y"":null,""z"":null,""dx"":null,""dy"":null,""mode5"":null,""Q"":null,""X"":null,""Y"":null,""Z"":null,""dX"":null,""dY"":null,""dZ"":null}","{""cosine_similarity"":0.9758063692884649,""amplitude_uT"":115.90256230450659,""status"":""模板相似度不足"",""preset"":""5×5｜441点1mm连续"",""needs_baseline"":false,""display.contact"":false,""display.contact_reason"":""三维输出无效"",""display.contact_segment"":613,""display.contact_age_ms"":0.0,""display.contact_last_end_ns"":1240509327224900}"
S20260919_A,000134,133,1240509392960100,1240509411052500,NormalizedFit,1,1,False,unknown,False,False,0.0,nan,nan,nan,nan,nan,nan,x,y,z,,,,,,,,,,,,,,"{""x"":null,""y"":null,""z"":null,""dx"":null,""dy"":null,""mode5"":null,""Q"":null,""X"":null,""Y"":null,""Z"":null,""dX"":null,""dY"":null,""dZ"":null}","{""cosine_similarity"":0.9793094005278902,""amplitude_uT"":109.76039492913671,""status"":""模板相似度不足"",""preset"":""5×5｜441点1mm连续"",""needs_baseline"":false,""display.contact"":false,""display.contact_reason"":""三维输出无效"",""display.contact_segment"":613,""display.contact_age_ms"":0.0,""display.contact_last_end_ns"":1240509327224900}"
S20260919_A,000134,134,1240509417983400,1240509456148800,NormalizedFit,1,1,False,unknown,False,False,0.0,nan,nan,nan,nan,nan,nan,x,y,z,,,,,,,,,,,,,,"{""x"":null,""y"":null,""z"":null,""dx"":null,""dy"":null,""mode5"":null,""Q"":null,""X"":null,""Y"":null,""Z"":null,""dX"":null,""dY"":null,""dZ"":null}","{""cosine_similarity"":0.9741187088923497,""amplitude_uT"":122.03757224723881,""status"":""模板相似度不足"",""preset"":""5×5｜441点1mm连续"",""needs_baseline"":false,""display.contact"":false,""display.contact_reason"":""三维输出无效"",""display.contact_segment"":613,""display.contact_age_ms"":0.0,""display.contact_last_end_ns"":1240509327224900}"
S20260919_A,000134,135,1240509444932000,1240509458706300,NormalizedFit,1,1,False,unknown,False,False,0.0,nan,nan,nan,nan,nan,nan,x,y,z,,,,,,,,,,,,,,"{""x"":null,""y"":null,""z"":null,""dx"":null,""dy"":null,""mode5"":null,""Q"":null,""X"":null,""Y"":null,""Z"":null,""dX"":null,""dY"":null,""dZ"":null}","{""cosine_similarity"":0.982878804405668,""amplitude_uT"":123.8321872616326,""status"":""模板相似度不足"",""preset"":""5×5｜441点1mm连续"",""needs_baseline"":false,""display.contact"":false,""display.contact_reason"":""三维输出无效"",""display.contact_segment"":613,""display.contact_age_ms"":0.0,""display.contact_last_end_ns"":1240509327224900}"
S20260919_A,000134,136,1240509456404400,1240509489040500,NormalizedFit,1,1,True,unknown,False,False,0.0,1.856258047678322,nan,nan,0.5925151569556558,-1.7418909765522101,0.24583643780842956,x,y,z,0.5925151569556558,-1.7418909765522101,0.24583643780842956,,,,,,,,0.0,0.0,0.0,"{""x"":0.5925151569556558,""y"":-1.7418909765522101,""z"":0.24583643780842956,""dx"":null,""dy"":null,""mode5"":null,""Q"":null,""X"":null,""Y"":null,""Z"":null,""dX"":0.0,""dY"":0.0,""dZ"":0.0}","{""amplitude_uT"":117.42602078330023,""contact_threshold_uT"":40.0,""contact_gate"":""shape-aware ridge classifier + amplitude floor"",""cosine_similarity"":0.9885876510757494,""anti_jump_policy"":""快速门控（阈值/形状）"",""calibration_depth_range_mm"":[0.2,0.8],""depth_extrapolated"":false,""relative_reference"":""first valid prediction since B0/no-contact"",""xy_semantics"":""continuous XY RBF refit on all 441 positions at 1 mm spacing"",""fit_model"":""441点1 mm连续XY/RBF＋跨深度连续Z＋接触/释放门控"",""fit_variant"":""dense441_1mm_continuous_development"",""evidence_tier"":""development_dense441_single_repeat_random_validation_pending"",""continuous_xy_method"":""kernel_rbf"",""working_range_model"":false,""working_range_mm"":null,""outside_declared_working_range"":false,""calibration_domain_mm"":{""x"":[-10.0,10.0],""y"":[-10.0,10.0],""depth"":[0.2,0.8]},""xy_outside_calibration_domain"":false,""excluded_calibration_samples"":0,""uncorrected_static_xyz_mm"":[0.5925151569556558,-1.7418909765522101,0.24583643780842956],""unaligned_xyz_mm"":[-0.6292567134854403,-1.249685445535147,0.24583643780842956],""xy_rotation_deg"":-4.580684956890044,""xy_translation_mm"":[1.3195654319610284,-0.5464514666381837],""xy_translation_source"":""five_point_reassembly"",""xy_translation_details"":{""preset"":""5×5｜441点1mm连续"",""calibration_points"":5,""calibration_strategy"":""rigid_rotation_translation_v1"",""calibration_rms_mm"":0.507358956567797,""check_rms_mm"":null},""dynamic_model_enabled"":false,""dynamic_history_ready"":false,""dynamic_gate"":0.0,""contact_score"":0.9917593870030776,""contact_score_threshold"":0.49492851692021117,""status"":""有效"",""preset"":""5×5｜441点1mm连续"",""needs_baseline"":false,""display.contact"":true,""display.contact_reason"":""拟合响应/相似度接触门控"",""display.contact_segment"":614,""display.contact_age_ms"":0.0,""display.contact_last_end_ns"":1240509327224900}"
S20260919_A,000134,137,1240509468809900,1240509492185600,NormalizedFit,1,1,True,unknown,False,False,0.0,2.2021813241701826,nan,nan,0.9281957814910687,-1.9804573140448294,0.2566008631950848,x,y,z,0.9281957814910687,-1.9804573140448294,0.2566008631950848,,,,,,,,0.3356806245354129,-0.23856633749261924,0.01076442538665523,"{""x"":0.9281957814910687,""y"":-1.9804573140448294,""z"":0.2566008631950848,""dx"":null,""dy"":null,""mode5"":null,""Q"":null,""X"":null,""Y"":null,""Z"":null,""dX"":0.3356806245354129,""dY"":-0.23856633749261924,""dZ"":0.01076442538665523}","{""amplitude_uT"":119.75177826132708,""contact_threshold_uT"":40.0,""contact_gate"":""shape-aware ridge classifier + amplitude floor"",""cosine_similarity"":0.9888871818241847,""anti_jump_policy"":""快速门控（阈值/形状）"",""calibration_depth_range_mm"":[0.2,0.8],""depth_extrapolated"":false,""relative_reference"":""first valid prediction since B0/no-contact"",""xy_semantics"":""continuous XY RBF refit on all 441 positions at 1 mm spacing"",""fit_model"":""441点1 mm连续XY/RBF＋跨深度连续Z＋接触/释放门控"",""fit_variant"":""dense441_1mm_continuous_development"",""evidence_tier"":""development_dense441_single_repeat_random_validation_pending"",""continuous_xy_method"":""kernel_rbf"",""working_range_model"":false,""working_range_mm"":null,""outside_declared_working_range"":false,""calibration_domain_mm"":{""x"":[-10.0,10.0],""y"":[-10.0,10.0],""depth"":[0.2,0.8]},""xy_outside_calibration_domain"":false,""excluded_calibration_samples"":0,""uncorrected_static_xyz_mm"":[0.9281957814910687,-1.9804573140448294,0.2566008631950848],""unaligned_xyz_mm"":[-0.2755957023546758,-1.4606813418911955,0.2566008631950848],""xy_rotation_deg"":-4.580684956890044,""xy_translation_mm"":[1.3195654319610284,-0.5464514666381837],""xy_translation_source"":""five_point_reassembly"",""xy_translation_details"":{""preset"":""5×5｜441点1mm连续"",""calibration_points"":5,""calibration_strategy"":""rigid_rotation_translation_v1"",""calibration_rms_mm"":0.507358956567797,""check_rms_mm"":null},""dynamic_model_enabled"":false,""dynamic_history_ready"":false,""dynamic_gate"":0.0,""contact_score"":0.9929772552088758,""contact_score_threshold"":0.49492851692021117,""status"":""有效"",""preset"":""5×5｜441点1mm连续"",""needs_baseline"":false,""display.contact"":true,""display.contact_reason"":""拟合响应/相似度接触门控"",""display.contact_segment"":614,""display.contact_age_ms"":12.4055,""display.contact_last_end_ns"":1240509327224900}"
S20260919_A,000134,138,1240509495697500,1240509543434600,NormalizedFit,1,1,False,unknown,False,False,0.0,nan,nan,nan,nan,nan,nan,x,y,z,,,,,,,,,,,,,,"{""x"":null,""y"":null,""z"":null,""dx"":null,""dy"":null,""mode5"":null,""Q"":null,""X"":null,""Y"":null,""Z"":null,""dX"":null,""dY"":null,""dZ"":null}","{""cosine_similarity"":0.9827585282260123,""amplitude_uT"":125.60556364269874,""status"":""模板相似度不足"",""preset"":""5×5｜441点1mm连续"",""needs_baseline"":false,""display.contact"":false,""display.contact_reason"":""三维输出无效"",""display.contact_segment"":614,""display.contact_age_ms"":0.0,""display.contact_last_end_ns"":1240509495697500}"
S20260919_A,000134,139,1240509522217800,1240509546654100,NormalizedFit,1,1,False,unknown,False,False,0.0,nan,nan,nan,nan,nan,nan,x,y,z,,,,,,,,,,,,,,"{""x"":null,""y"":null,""z"":null,""dx"":null,""dy"":null,""mode5"":null,""Q"":null,""X"":null,""Y"":null,""Z"":null,""dX"":null,""dY"":null,""dZ"":null}","{""cosine_similarity"":0.9801119392926878,""amplitude_uT"":148.64443390520913,""status"":""模板相似度不足"",""preset"":""5×5｜441点1mm连续"",""needs_baseline"":false,""display.contact"":false,""display.contact_reason"":""三维输出无效"",""display.contact_segment"":614,""display.contact_age_ms"":0.0,""display.contact_last_end_ns"":1240509495697500}"
S20260919_A,000134,140,1240509532191900,1240509549323500,NormalizedFit,1,1,True,unknown,False,False,0.0,1.2672366142006888,nan,nan,-1.247501303244573,0.09326195999112308,0.20231495642322572,x,y,z,-1.247501303244573,0.09326195999112308,0.20231495642322572,,,,,,,,0.0,0.0,0.0,"{""x"":-1.247501303244573,""y"":0.09326195999112308,""z"":0.20231495642322572,""dx"":null,""dy"":null,""mode5"":null,""Q"":null,""X"":null,""Y"":null,""Z"":null,""dX"":0.0,""dY"":0.0,""dZ"":0.0}","{""amplitude_uT"":177.0439981466474,""contact_threshold_uT"":40.0,""contact_gate"":""shape-aware ridge classifier + amplitude floor"",""cosine_similarity"":0.9836870068240964,""anti_jump_policy"":""快速门控（阈值/形状）"",""calibration_depth_range_mm"":[0.2,0.8],""depth_extrapolated"":false,""relative_reference"":""first valid prediction since B0/no-contact"",""xy_semantics"":""continuous XY RBF refit on all 441 positions at 1 mm spacing"",""fit_model"":""441点1 mm连续XY/RBF＋跨深度连续Z＋接触/释放门控"",""fit_variant"":""dense441_1mm_continuous_development"",""evidence_tier"":""development_dense441_single_repeat_random_validation_pending"",""continuous_xy_method"":""kernel_rbf"",""working_range_model"":false,""working_range_mm"":null,""outside_declared_working_range"":false,""calibration_domain_mm"":{""x"":[-10.0,10.0],""y"":[-10.0,10.0],""depth"":[0.2,0.8]},""xy_outside_calibration_domain"":false,""excluded_calibration_samples"":0,""uncorrected_static_xyz_mm"":[-1.247501303244573,0.09326195999112308,0.20231495642322572],""unaligned_xyz_mm"":[-2.609956524861904,0.432656710961159,0.20231495642322572],""xy_rotation_deg"":-4.580684956890044,""xy_translation_mm"":[1.3195654319610284,-0.5464514666381837],""xy_translation_source"":""five_point_reassembly"",""xy_translation_details"":{""preset"":""5×5｜441点1mm连续"",""calibration_points"":5,""calibration_strategy"":""rigid_rotation_translation_v1"",""calibration_rms_mm"":0.507358956567797,""check_rms_mm"":null},""dynamic_model_enabled"":false,""dynamic_history_ready"":false,""dynamic_gate"":0.0,""contact_score"":0.9963997572768217,""contact_score_threshold"":0.49492851692021117,""status"":""有效"",""preset"":""5×5｜441点1mm连续"",""needs_baseline"":false,""display.contact"":true,""display.contact_reason"":""拟合响应/相似度接触门控"",""display.contact_segment"":615,""display.contact_age_ms"":0.0,""display.contact_last_end_ns"":1240509495697500}"
S20260919_A,000134,141,1240509559044500,1240509584500400,NormalizedFit,1,1,True,unknown,False,False,0.0,1.2305650388366691,nan,nan,-0.7220017321976024,0.9847719214240758,0.15240759917237823,x,y,z,-0.7220017321976024,0.9847719214240758,0.15240759917237823,,,,,,,,0.5254995710469705,0.8915099614329527,-0.049907357250847495,"{""x"":-0.7220017321976024,""y"":0.9847719214240758,""z"":0.15240759917237823,""dx"":null,""dy"":null,""mode5"":null,""Q"":null,""X"":null,""Y"":null,""Z"":null,""dX"":0.5254995710469705,""dY"":0.8915099614329527,""dZ"":-0.049907357250847495}","{""amplitude_uT"":220.7184931060379,""contact_threshold_uT"":40.0,""contact_gate"":""shape-aware ridge classifier + amplitude floor"",""cosine_similarity"":0.9846446826623136,""anti_jump_policy"":""快速门控（阈值/形状）"",""calibration_depth_range_mm"":[0.2,0.8],""depth_extrapolated"":true,""relative_reference"":""first valid prediction since B0/no-contact"",""xy_semantics"":""continuous XY RBF refit on all 441 positions at 1 mm spacing"",""fit_model"":""441点1 mm连续XY/RBF＋跨深度连续Z＋接触/释放门控"",""fit_variant"":""dense441_1mm_continuous_development"",""evidence_tier"":""development_dense441_single_repeat_random_validation_pending"",""continuous_xy_method"":""kernel_rbf"",""working_range_model"":false,""working_range_mm"":null,""outside_declared_working_range"":false,""calibration_domain_mm"":{""x"":[-10.0,10.0],""y"":[-10.0,10.0],""depth"":[0.2,0.8]},""xy_outside_calibration_domain"":false,""excluded_calibration_samples"":0,""uncorrected_static_xyz_mm"":[-0.7220017321976024,0.9847719214240758,0.15240759917237823],""unaligned_xyz_mm"":[-2.157334040235736,1.3632869796047107,0.15240759917237823],""xy_rotation_deg"":-4.580684956890044,""xy_translation_mm"":[1.3195654319610284,-0.5464514666381837],""xy_translation_source"":""five_point_reassembly"",""xy_translation_details"":{""preset"":""5×5｜441点1mm连续"",""calibration_points"":5,""calibration_strategy"":""rigid_rotation_translation_v1"",""calibration_rms_mm"":0.507358956567797,""check_rms_mm"":null},""dynamic_model_enabled"":false,""dynamic_history_ready"":false,""dynamic_gate"":0.0,""contact_score"":0.9974389719056443,""contact_score_threshold"":0.49492851692021117,""status"":""有效"",""preset"":""5×5｜441点1mm连续"",""needs_baseline"":false,""display.contact"":true,""display.contact_reason"":""拟合响应/相似度接触门控"",""display.contact_segment"":615,""display.contact_age_ms"":26.8526,""display.contact_last_end_ns"":1240509495697500}"
S20260919_A,000134,142,1240509585011100,1240509620692100,NormalizedFit,1,1,True,unknown,False,False,0.0,0.2520641287835667,nan,nan,0.1933673329746901,-0.09253946307163874,0.13259655852278607,x,y,z,0.1933673329746901,-0.09253946307163874,0.13259655852278607,,,,,,,,1.440868636219263,-0.18580142306276182,-0.06971839790043965,"{""x"":0.1933673329746901,""y"":-0.09253946307163874,""z"":0.13259655852278607,""dx"":null,""dy"":null,""mode5"":null,""Q"":null,""X"":null,""Y"":null,""Z"":null,""dX"":1.440868636219263,""dY"":-0.18580142306276182,""dZ"":-0.06971839790043965}","{""amplitude_uT"":234.8699091603691,""contact_threshold_uT"":40.0,""contact_gate"":""shape-aware ridge classifier + amplitude floor"",""cosine_similarity"":0.9874669309795883,""anti_jump_policy"":""快速门控（阈值/形状）"",""calibration_depth_range_mm"":[0.2,0.8],""depth_extrapolated"":true,""relative_reference"":""first valid prediction since B0/no-contact"",""xy_semantics"":""continuous XY RBF refit on all 441 positions at 1 mm spacing"",""fit_model"":""441点1 mm连续XY/RBF＋跨深度连续Z＋接触/释放门控"",""fit_variant"":""dense441_1mm_continuous_development"",""evidence_tier"":""development_dense441_single_repeat_random_validation_pending"",""continuous_xy_method"":""kernel_rbf"",""working_range_model"":false,""working_range_mm"":null,""outside_declared_working_range"":false,""calibration_domain_mm"":{""x"":[-10.0,10.0],""y"":[-10.0,10.0],""depth"":[0.2,0.8]},""xy_outside_calibration_domain"":false,""excluded_calibration_samples"":0,""uncorrected_static_xyz_mm"":[0.1933673329746901,-0.09253946307163874,0.13259655852278607],""unaligned_xyz_mm"":[-1.1588515885512907,0.36252070403548986,0.13259655852278607],""xy_rotation_deg"":-4.580684956890044,""xy_translation_mm"":[1.3195654319610284,-0.5464514666381837],""xy_translation_source"":""five_point_reassembly"",""xy_translation_details"":{""preset"":""5×5｜441点1mm连续"",""calibration_points"":5,""calibration_strategy"":""rigid_rotation_translation_v1"",""calibration_rms_mm"":0.507358956567797,""check_rms_mm"":null},""dynamic_model_enabled"":false,""dynamic_history_ready"":false,""dynamic_gate"":0.0,""contact_score"":0.9973828006426518,""contact_score_threshold"":0.49492851692021117,""status"":""有效"",""preset"":""5×5｜441点1mm连续"",""needs_baseline"":false,""display.contact"":true,""display.contact_reason"":""拟合响应/相似度接触门控"",""display.contact_segment"":615,""display.contact_age_ms"":52.8192,""display.contact_last_end_ns"":1240509495697500}"
S20260919_A,000134,143,1240509596923800,1240509623652400,NormalizedFit,1,1,True,unknown,False,False,0.0,1.4688011860740249,nan,nan,0.9559511007933853,-1.107680564350646,0.12875629873606853,x,y,z,0.9559511007933853,-1.107680564350646,0.12875629873606853,,,,,,,,2.203452404037958,-1.200942524341769,-0.07355865768715719,"{""x"":0.9559511007933853,""y"":-1.107680564350646,""z"":0.12875629873606853,""dx"":null,""dy"":null,""mode5"":null,""Q"":null,""X"":null,""Y"":null,""Z"":null,""dX"":2.203452404037958,""dY"":-1.200942524341769,""dZ"":-0.07355865768715719}","{""amplitude_uT"":245.35093161429023,""contact_threshold_uT"":40.0,""contact_gate"":""shape-aware ridge classifier + amplitude floor"",""cosine_similarity"":0.992243847533863,""anti_jump_policy"":""快速门控（阈值/形状）"",""calibration_depth_range_mm"":[0.2,0.8],""depth_extrapolated"":true,""relative_reference"":""first valid prediction since B0/no-contact"",""xy_semantics"":""continuous XY RBF refit on all 441 positions at 1 mm spacing"",""fit_model"":""441点1 mm连续XY/RBF＋跨深度连续Z＋接触/释放门控"",""fit_variant"":""dense441_1mm_continuous_development"",""evidence_tier"":""development_dense441_single_repeat_random_validation_pending"",""continuous_xy_method"":""kernel_rbf"",""working_range_model"":false,""working_range_mm"":null,""outside_declared_working_range"":false,""calibration_domain_mm"":{""x"":[-10.0,10.0],""y"":[-10.0,10.0],""depth"":[0.2,0.8]},""xy_outside_calibration_domain"":false,""excluded_calibration_samples"":0,""uncorrected_static_xyz_mm"":[0.9559511007933853,-1.107680564350646,0.12875629873606853],""unaligned_xyz_mm"":[-0.3176315150222453,-0.5884757451367983,0.12875629873606853],""xy_rotation_deg"":-4.580684956890044,""xy_translation_mm"":[1.3195654319610284,-0.5464514666381837],""xy_translation_source"":""five_point_reassembly"",""xy_translation_details"":{""preset"":""5×5｜441点1mm连续"",""calibration_points"":5,""calibration_strategy"":""rigid_rotation_translation_v1"",""calibration_rms_mm"":0.507358956567797,""check_rms_mm"":null},""dynamic_model_enabled"":false,""dynamic_history_ready"":false,""dynamic_gate"":0.0,""contact_score"":0.9971090587016538,""contact_score_threshold"":0.49492851692021117,""status"":""有效"",""preset"":""5×5｜441点1mm连续"",""needs_baseline"":false,""display.contact"":true,""display.contact_reason"":""拟合响应/相似度接触门控"",""display.contact_segment"":615,""display.contact_age_ms"":64.7319,""display.contact_last_end_ns"":1240509495697500}"
S20260919_A,000134,144,1240509623854000,1240509667163200,NormalizedFit,1,1,True,unknown,False,False,0.0,1.2465917678167389,nan,nan,0.7840713988339999,-0.9564990735491805,0.1559891003195938,x,y,z,0.7840713988339999,-0.9564990735491805,0.1559891003195938,,,,,,,,2.0315727020785728,-1.0497610335403036,-0.046325856103631935,"{""x"":0.7840713988339999,""y"":-0.9564990735491805,""z"":0.1559891003195938,""dx"":null,""dy"":null,""mode5"":null,""Q"":null,""X"":null,""Y"":null,""Z"":null,""dX"":2.0315727020785728,""dY"":-1.0497610335403036,""dZ"":-0.046325856103631935}","{""amplitude_uT"":247.85390311633205,""contact_threshold_uT"":40.0,""contact_gate"":""shape-aware ridge classifier + amplitude floor"",""cosine_similarity"":0.9921553014850748,""anti_jump_policy"":""快速门控（阈值/形状）"",""calibration_depth_range_mm"":[0.2,0.8],""depth_extrapolated"":true,""relative_reference"":""first valid prediction since B0/no-contact"",""xy_semantics"":""continuous XY RBF refit on all 441 positions at 1 mm spacing"",""fit_model"":""441点1 mm连续XY/RBF＋跨深度连续Z＋接触/释放门控"",""fit_variant"":""dense441_1mm_continuous_development"",""evidence_tier"":""development_dense441_single_repeat_random_validation_pending"",""continuous_xy_method"":""kernel_rbf"",""working_range_model"":false,""working_range_mm"":null,""outside_declared_working_range"":false,""calibration_domain_mm"":{""x"":[-10.0,10.0],""y"":[-10.0,10.0],""depth"":[0.2,0.8]},""xy_outside_calibration_domain"":false,""excluded_calibration_samples"":0,""uncorrected_static_xyz_mm"":[0.7840713988339999,-0.9564990735491805,0.1559891003195938],""unaligned_xyz_mm"":[-0.5010360002249072,-0.45150396003436466,0.1559891003195938],""xy_rotation_deg"":-4.580684956890044,""xy_translation_mm"":[1.3195654319610284,-0.5464514666381837],""xy_translation_source"":""five_point_reassembly"",""xy_translation_details"":{""preset"":""5×5｜441点1mm连续"",""calibration_points"":5,""calibration_strategy"":""rigid_rotation_translation_v1"",""calibration_rms_mm"":0.507358956567797,""check_rms_mm"":null},""dynamic_model_enabled"":false,""dynamic_history_ready"":false,""dynamic_gate"":0.0,""contact_score"":0.997511696401286,""contact_score_threshold"":0.49492851692021117,""status"":""有效"",""preset"":""5×5｜441点1mm连续"",""needs_baseline"":false,""display.contact"":true,""display.contact_reason"":""拟合响应/相似度接触门控"",""display.contact_segment"":615,""display.contact_age_ms"":91.6621,""display.contact_last_end_ns"":1240509495697500}"
S20260919_A,000134,145,1240509650797400,1240509670824800,NormalizedFit,1,1,True,unknown,False,False,0.0,1.157157990040101,nan,nan,0.92979416225381,-0.6715810036279498,0.15322005520968218,x,y,z,0.92979416225381,-0.6715810036279498,0.15322005520968218,,,,,,,,2.177295465498383,-0.7648429636190729,-0.04909490121354354,"{""x"":0.92979416225381,""y"":-0.6715810036279498,""z"":0.15322005520968218,""dx"":null,""dy"":null,""mode5"":null,""Q"":null,""X"":null,""Y"":null,""Z"":null,""dX"":2.177295465498383,""dY"":-0.7648429636190729,""dZ"":-0.04909490121354354}","{""amplitude_uT"":256.0327420897573,""contact_threshold_uT"":40.0,""contact_gate"":""shape-aware ridge classifier + amplitude floor"",""cosine_similarity"":0.9907037902836808,""anti_jump_policy"":""快速门控（阈值/形状）"",""calibration_depth_range_mm"":[0.2,0.8],""depth_extrapolated"":true,""relative_reference"":""first valid prediction since B0/no-contact"",""xy_semantics"":""continuous XY RBF refit on all 441 positions at 1 mm spacing"",""fit_model"":""441点1 mm连续XY/RBF＋跨深度连续Z＋接触/释放门控"",""fit_variant"":""dense441_1mm_continuous_development"",""evidence_tier"":""development_dense441_single_repeat_random_validation_pending"",""continuous_xy_method"":""kernel_rbf"",""working_range_model"":false,""working_range_mm"":null,""outside_declared_working_range"":false,""calibration_domain_mm"":{""x"":[-10.0,10.0],""y"":[-10.0,10.0],""depth"":[0.2,0.8]},""xy_outside_calibration_domain"":false,""excluded_calibration_samples"":0,""uncorrected_static_xyz_mm"":[0.92979416225381,-0.6715810036279498,0.15322005520968218],""unaligned_xyz_mm"":[-0.37853307781382695,-0.1558581172645228,0.15322005520968218],""xy_rotation_deg"":-4.580684956890044,""xy_translation_mm"":[1.3195654319610284,-0.5464514666381837],""xy_translation_source"":""five_point_reassembly"",""xy_translation_details"":{""preset"":""5×5｜441点1mm连续"",""calibration_points"":5,""calibration_strategy"":""rigid_rotation_translation_v1"",""calibration_rms_mm"":0.507358956567797,""check_rms_mm"":null},""dynamic_model_enabled"":false,""dynamic_history_ready"":false,""dynamic_gate"":0.0,""contact_score"":0.997807225354428,""contact_score_threshold"":0.49492851692021117,""status"":""有效"",""preset"":""5×5｜441点1mm连续"",""needs_baseline"":false,""display.contact"":true,""display.contact_reason"":""拟合响应/相似度接触门控"",""display.contact_segment"":615,""display.contact_age_ms"":118.6055,""display.contact_last_end_ns"":1240509495697500}"
S20260919_A,000134,146,1240509676755300,1240509703770600,NormalizedFit,1,1,True,unknown,False,False,0.0,1.1239786251205977,nan,nan,0.3965847108974484,-1.039900710961798,0.15701919676117082,x,y,z,0.3965847108974484,-1.039900710961798,0.15701919676117082,,,,,,,,1.6440860141420215,-1.133162670952921,-0.0452957596620549,"{""x"":0.3965847108974484,""y"":-1.039900710961798,""z"":0.15701919676117082,""dx"":null,""dy"":null,""mode5"":null,""Q"":null,""X"":null,""Y"":null,""Z"":null,""dX"":1.6440860141420215,""dY"":-1.133162670952921,""dZ"":-0.0452957596620549}","{""amplitude_uT"":252.75544269708647,""contact_threshold_uT"":40.0,""contact_gate"":""shape-aware ridge classifier + amplitude floor"",""cosine_similarity"":0.9846735978253811,""anti_jump_policy"":""快速门控（阈值/形状）"",""calibration_depth_range_mm"":[0.2,0.8],""depth_extrapolated"":true,""relative_reference"":""first valid prediction since B0/no-contact"",""xy_semantics"":""continuous XY RBF refit on all 441 positions at 1 mm spacing"",""fit_model"":""441点1 mm连续XY/RBF＋跨深度连续Z＋接触/释放门控"",""fit_variant"":""dense441_1mm_continuous_development"",""evidence_tier"":""development_dense441_single_repeat_random_validation_pending"",""continuous_xy_method"":""kernel_rbf"",""working_range_model"":false,""working_range_mm"":null,""outside_declared_working_range"":false,""calibration_domain_mm"":{""x"":[-10.0,10.0],""y"":[-10.0,10.0],""depth"":[0.2,0.8]},""xy_outside_calibration_domain"":false,""excluded_calibration_samples"":0,""uncorrected_static_xyz_mm"":[0.3965847108974484,-1.039900710961798,0.15701919676117082],""unaligned_xyz_mm"":[-0.8806243043911881,-0.5655850092551322,0.15701919676117082],""xy_rotation_deg"":-4.580684956890044,""xy_translation_mm"":[1.3195654319610284,-0.5464514666381837],""xy_translation_source"":""five_point_reassembly"",""xy_translation_details"":{""preset"":""5×5｜441点1mm连续"",""calibration_points"":5,""calibration_strategy"":""rigid_rotation_translation_v1"",""calibration_rms_mm"":0.507358956567797,""check_rms_mm"":null},""dynamic_model_enabled"":false,""dynamic_history_ready"":false,""dynamic_gate"":0.0,""contact_score"":0.9973268168057714,""contact_score_threshold"":0.49492851692021117,""status"":""有效"",""preset"":""5×5｜441点1mm连续"",""needs_baseline"":false,""display.contact"":true,""display.contact_reason"":""拟合响应/相似度接触门控"",""display.contact_segment"":615,""display.contact_age_ms"":144.5634,""display.contact_last_end_ns"":1240509495697500}"
S20260919_A,000134,147,1240509686615400,1240509706702800,NormalizedFit,1,1,True,unknown,False,False,0.0,1.4360455579565639,nan,nan,0.8910668520174221,-1.1164326924470416,0.14766432540728858,x,y,z,0.8910668520174221,-1.1164326924470416,0.14766432540728858,,,,,,,,2.138568155261995,-1.2096946524381647,-0.054650631015937146,"{""x"":0.8910668520174221,""y"":-1.1164326924470416,""z"":0.14766432540728858,""dx"":null,""dy"":null,""mode5"":null,""Q"":null,""X"":null,""Y"":null,""Z"":null,""dX"":2.138568155261995,""dY"":-1.2096946524381647,""dZ"":-0.054650631015937146}","{""amplitude_uT"":253.44814441814358,""contact_threshold_uT"":40.0,""contact_gate"":""shape-aware ridge classifier + amplitude floor"",""cosine_similarity"":0.9865735266754185,""anti_jump_policy"":""快速门控（阈值/形状）"",""calibration_depth_range_mm"":[0.2,0.8],""depth_extrapolated"":true,""relative_reference"":""first valid prediction since B0/no-contact"",""xy_semantics"":""continuous XY RBF refit on all 441 positions at 1 mm spacing"",""fit_model"":""441点1 mm连续XY/RBF＋跨深度连续Z＋接触/释放门控"",""fit_variant"":""dense441_1mm_continuous_development"",""evidence_tier"":""development_dense441_single_repeat_random_validation_pending"",""continuous_xy_method"":""kernel_rbf"",""working_range_model"":false,""working_range_mm"":null,""outside_declared_working_range"":false,""calibration_domain_mm"":{""x"":[-10.0,10.0],""y"":[-10.0,10.0],""depth"":[0.2,0.8]},""xy_outside_calibration_domain"":false,""excluded_calibration_samples"":0,""uncorrected_static_xyz_mm"":[0.8910668520174221,-1.1164326924470416,0.14766432540728858],""unaligned_xyz_mm"":[-0.3816095439954481,-0.6023817616095641,0.14766432540728858],""xy_rotation_deg"":-4.580684956890044,""xy_translation_mm"":[1.3195654319610284,-0.5464514666381837],""xy_translation_source"":""five_point_reassembly"",""xy_translation_details"":{""preset"":""5×5｜441点1mm连续"",""calibration_points"":5,""calibration_strategy"":""rigid_rotation_translation_v1"",""calibration_rms_mm"":0.507358956567797,""check_rms_mm"":null},""dynamic_model_enabled"":false,""dynamic_history_ready"":false,""dynamic_gate"":0.0,""contact_score"":0.996981660412327,""contact_score_threshold"":0.49492851692021117,""status"":""有效"",""preset"":""5×5｜441点1mm连续"",""needs_baseline"":false,""display.contact"":true,""display.contact_reason"":""拟合响应/相似度接触门控"",""display.contact_segment"":615,""display.contact_age_ms"":154.4235,""display.contact_last_end_ns"":1240509495697500}"
S20260919_A,000134,148,1240509712715000,1240509822765000,NormalizedFit,1,1,True,unknown,False,False,0.0,1.4353635422188773,nan,nan,0.363660420395874,-1.380758409873791,0.1467167697688948,x,y,z,0.363660420395874,-1.380758409873791,0.1467167697688948,,,,,,,,1.611161723640447,-1.4740203698649141,-0.05559818665433092,"{""x"":0.363660420395874,""y"":-1.380758409873791,""z"":0.1467167697688948,""dx"":null,""dy"":null,""mode5"":null,""Q"":null,""X"":null,""Y"":null,""Z"":null,""dX"":1.611161723640447,""dY"":-1.4740203698649141,""dZ"":-0.05559818665433092}","{""amplitude_uT"":250.18975508001924,""contact_threshold_uT"":40.0,""contact_gate"":""shape-aware ridge classifier + amplitude floor"",""cosine_similarity"":0.9875601747943755,""anti_jump_policy"":""快速门控（阈值/形状）"",""calibration_depth_range_mm"":[0.2,0.8],""depth_extrapolated"":true,""relative_reference"":""first valid prediction since B0/no-contact"",""xy_semantics"":""continuous XY RBF refit on all 441 positions at 1 mm spacing"",""fit_model"":""441点1 mm连续XY/RBF＋跨深度连续Z＋接触/释放门控"",""fit_variant"":""dense441_1mm_continuous_development"",""evidence_tier"":""development_dense441_single_repeat_random_validation_pending"",""continuous_xy_method"":""kernel_rbf"",""working_range_model"":false,""working_range_mm"":null,""outside_declared_working_range"":false,""calibration_domain_mm"":{""x"":[-10.0,10.0],""y"":[-10.0,10.0],""depth"":[0.2,0.8]},""xy_outside_calibration_domain"":false,""excluded_calibration_samples"":0,""uncorrected_static_xyz_mm"":[0.363660420395874,-1.380758409873791,0.1467167697688948],""unaligned_xyz_mm"":[-0.8862215475588915,-0.907983389335314,0.1467167697688948],""xy_rotation_deg"":-4.580684956890044,""xy_translation_mm"":[1.3195654319610284,-0.5464514666381837],""xy_translation_source"":""five_point_reassembly"",""xy_translation_details"":{""preset"":""5×5｜441点1mm连续"",""calibration_points"":5,""calibration_strategy"":""rigid_rotation_translation_v1"",""calibration_rms_mm"":0.507358956567797,""check_rms_mm"":null},""dynamic_model_enabled"":false,""dynamic_history_ready"":false,""dynamic_gate"":0.0,""contact_score"":0.9969566061177114,""contact_score_threshold"":0.49492851692021117,""status"":""有效"",""preset"":""5×5｜441点1mm连续"",""needs_baseline"":false,""display.contact"":true,""display.contact_reason"":""拟合响应/相似度接触门控"",""display.contact_segment"":615,""display.contact_age_ms"":180.5231,""display.contact_last_end_ns"":1240509495697500}"
S20260919_A,000134,149,1240509739450900,1240509826543600,NormalizedFit,1,1,True,unknown,False,False,0.0,0.7513247015090068,nan,nan,-0.3274108479935014,-0.6599320281564671,0.14758272909479053,x,y,z,-0.3274108479935014,-0.6599320281564671,0.14758272909479053,,,,,,,,0.9200904552510716,-0.7531939881475902,-0.05473222732843519,"{""x"":-0.3274108479935014,""y"":-0.6599320281564671,""z"":0.14758272909479053,""dx"":null,""dy"":null,""mode5"":null,""Q"":null,""X"":null,""Y"":null,""Z"":null,""dX"":0.9200904552510716,""dY"":-0.7531939881475902,""dZ"":-0.05473222732843519}","{""amplitude_uT"":249.80664190329318,""contact_threshold_uT"":40.0,""contact_gate"":""shape-aware ridge classifier + amplitude floor"",""cosine_similarity"":0.9920754722907148,""anti_jump_policy"":""快速门控（阈值/形状）"",""calibration_depth_range_mm"":[0.2,0.8],""depth_extrapolated"":true,""relative_reference"":""first valid prediction since B0/no-contact"",""xy_semantics"":""continuous XY RBF refit on all 441 positions at 1 mm spacing"",""fit_model"":""441点1 mm连续XY/RBF＋跨深度连续Z＋接触/释放门控"",""fit_variant"":""dense441_1mm_continuous_development"",""evidence_tier"":""development_dense441_single_repeat_random_validation_pending"",""continuous_xy_method"":""kernel_rbf"",""working_range_model"":false,""working_range_mm"":null,""outside_declared_working_range"":false,""calibration_domain_mm"":{""x"":[-10.0,10.0],""y"":[-10.0,10.0],""depth"":[0.2,0.8]},""xy_outside_calibration_domain"":false,""excluded_calibration_samples"":0,""uncorrected_static_xyz_mm"":[-0.3274108479935014,-0.6599320281564671,0.14758272909479053],""unaligned_xyz_mm"":[-1.6326527173386358,-0.2446503814469443,0.14758272909479053],""xy_rotation_deg"":-4.580684956890044,""xy_translation_mm"":[1.3195654319610284,-0.5464514666381837],""xy_translation_source"":""five_point_reassembly"",""xy_translation_details"":{""preset"":""5×5｜441点1mm连续"",""calibration_points"":5,""calibration_strategy"":""rigid_rotation_translation_v1"",""calibration_rms_mm"":0.507358956567797,""check_rms_mm"":null},""dynamic_model_enabled"":false,""dynamic_history_ready"":false,""dynamic_gate"":0.0,""contact_score"":0.9978237537161257,""contact_score_threshold"":0.49492851692021117,""status"":""有效"",""preset"":""5×5｜441点1mm连续"",""needs_baseline"":false,""display.contact"":true,""display.contact_reason"":""拟合响应/相似度接触门控"",""display.contact_segment"":615,""display.contact_age_ms"":207.259,""display.contact_last_end_ns"":1240509495697500}"
S20260919_A,000134,150,1240509751466600,1240509830133600,NormalizedFit,1,1,True,unknown,False,False,0.0,0.7669757275978344,nan,nan,-0.12417085105268888,-0.7477170434492056,0.11727143475142221,x,y,z,-0.12417085105268888,-0.7477170434492056,0.11727143475142221,,,,,,,,1.123330452191884,-0.8409790034403287,-0.08504352167180351,"{""x"":-0.12417085105268888,""y"":-0.7477170434492056,""z"":0.11727143475142221,""dx"":null,""dy"":null,""mode5"":null,""Q"":null,""X"":null,""Y"":null,""Z"":null,""dX"":1.123330452191884,""dY"":-0.8409790034403287,""dZ"":-0.08504352167180351}","{""amplitude_uT"":239.21160542916806,""contact_threshold_uT"":40.0,""contact_gate"":""shape-aware ridge classifier + amplitude floor"",""cosine_similarity"":0.9945757962365475,""anti_jump_policy"":""快速门控（阈值/形状）"",""calibration_depth_range_mm"":[0.2,0.8],""depth_extrapolated"":true,""relative_reference"":""first valid prediction since B0/no-contact"",""xy_semantics"":""continuous XY RBF refit on all 441 positions at 1 mm spacing"",""fit_model"":""441点1 mm连续XY/RBF＋跨深度连续Z＋接触/释放门控"",""fit_variant"":""dense441_1mm_continuous_development"",""evidence_tier"":""development_dense441_single_repeat_random_validation_pending"",""continuous_xy_method"":""kernel_rbf"",""working_range_model"":false,""working_range_mm"":null,""outside_declared_working_range"":false,""calibration_domain_mm"":{""x"":[-10.0,10.0],""y"":[-10.0,10.0],""depth"":[0.2,0.8]},""xy_outside_calibration_domain"":false,""excluded_calibration_samples"":0,""uncorrected_static_xyz_mm"":[-0.12417085105268888,-0.7477170434492056,0.11727143475142221],""unaligned_xyz_mm"":[-1.423051132436084,-0.31592366446930953,0.11727143475142221],""xy_rotation_deg"":-4.580684956890044,""xy_translation_mm"":[1.3195654319610284,-0.5464514666381837],""xy_translation_source"":""five_point_reassembly"",""xy_translation_details"":{""preset"":""5×5｜441点1mm连续"",""calibration_points"":5,""calibration_strategy"":""rigid_rotation_translation_v1"",""calibration_rms_mm"":0.507358956567797,""check_rms_mm"":null},""dynamic_model_enabled"":false,""dynamic_history_ready"":false,""dynamic_gate"":0.0,""contact_score"":0.9971457357050301,""contact_score_threshold"":0.49492851692021117,""status"":""有效"",""preset"":""5×5｜441点1mm连续"",""needs_baseline"":false,""display.contact"":true,""display.contact_reason"":""拟合响应/相似度接触门控"",""display.contact_segment"":615,""display.contact_age_ms"":219.2747,""display.contact_last_end_ns"":1240509495697500}"
S20260919_A,000134,151,1240509778311400,1240509832874200,NormalizedFit,1,1,True,unknown,False,False,0.0,0.9069057887031502,nan,nan,-0.7433884538867603,-0.5089423541794312,0.10406438551893393,x,y,z,-0.7433884538867603,-0.5089423541794312,0.10406438551893393,,,,,,,,0.5041128493578126,-0.6022043141705543,-0.09825057090429179,"{""x"":-0.7433884538867603,""y"":-0.5089423541794312,""z"":0.10406438551893393,""dx"":null,""dy"":null,""mode5"":null,""Q"":null,""X"":null,""Y"":null,""Z"":null,""dX"":0.5041128493578126,""dY"":-0.6022043141705543,""dZ"":-0.09825057090429179}","{""amplitude_uT"":243.85296958413298,""contact_threshold_uT"":40.0,""contact_gate"":""shape-aware ridge classifier + amplitude floor"",""cosine_similarity"":0.9938567174651076,""anti_jump_policy"":""快速门控（阈值/形状）"",""calibration_depth_range_mm"":[0.2,0.8],""depth_extrapolated"":true,""relative_reference"":""first valid prediction since B0/no-contact"",""xy_semantics"":""continuous XY RBF refit on all 441 positions at 1 mm spacing"",""fit_model"":""441点1 mm连续XY/RBF＋跨深度连续Z＋接触/释放门控"",""fit_variant"":""dense441_1mm_continuous_development"",""evidence_tier"":""development_dense441_single_repeat_random_validation_pending"",""continuous_xy_method"":""kernel_rbf"",""working_range_model"":false,""working_range_mm"":null,""outside_declared_working_range"":false,""calibration_domain_mm"":{""x"":[-10.0,10.0],""y"":[-10.0,10.0],""depth"":[0.2,0.8]},""xy_outside_calibration_domain"":false,""excluded_calibration_samples"":0,""uncorrected_static_xyz_mm"":[-0.7433884538867603,-0.5089423541794312,0.10406438551893393],""unaligned_xyz_mm"":[-2.0593601040037255,-0.12736416564206543,0.10406438551893393],""xy_rotation_deg"":-4.580684956890044,""xy_translation_mm"":[1.3195654319610284,-0.5464514666381837],""xy_translation_source"":""five_point_reassembly"",""xy_translation_details"":{""preset"":""5×5｜441点1mm连续"",""calibration_points"":5,""calibration_strategy"":""rigid_rotation_translation_v1"",""calibration_rms_mm"":0.507358956567797,""check_rms_mm"":null},""dynamic_model_enabled"":false,""dynamic_history_ready"":false,""dynamic_gate"":0.0,""contact_score"":0.9967583822647845,""contact_score_threshold"":0.49492851692021117,""status"":""有效"",""preset"":""5×5｜441点1mm连续"",""needs_baseline"":false,""display.contact"":true,""display.contact_reason"":""拟合响应/相似度接触门控"",""display.contact_segment"":615,""display.contact_age_ms"":246.1195,""display.contact_last_end_ns"":1240509495697500}"
S20260919_A,000134,152,1240509805269800,1240509835547800,NormalizedFit,1,1,True,unknown,False,False,0.0,0.9436353409187788,nan,nan,-0.8634666748036135,-0.3596556774525286,0.12458230938079973,x,y,z,-0.8634666748036135,-0.3596556774525286,0.12458230938079973,,,,,,,,0.3840346284409595,-0.45291763744365166,-0.077732647042426,"{""x"":-0.8634666748036135,""y"":-0.3596556774525286,""z"":0.12458230938079973,""dx"":null,""dy"":null,""mode5"":null,""Q"":null,""X"":null,""Y"":null,""Z"":null,""dX"":0.3840346284409595,""dY"":-0.45291763744365166,""dZ"":-0.077732647042426}","{""amplitude_uT"":245.13458143028308,""contact_threshold_uT"":40.0,""contact_gate"":""shape-aware ridge classifier + amplitude floor"",""cosine_similarity"":0.993568517259242,""anti_jump_policy"":""快速门控（阈值/形状）"",""calibration_depth_range_mm"":[0.2,0.8],""depth_extrapolated"":true,""relative_reference"":""first valid prediction since B0/no-contact"",""xy_semantics"":""continuous XY RBF refit on all 441 positions at 1 mm spacing"",""fit_model"":""441点1 mm连续XY/RBF＋跨深度连续Z＋接触/释放门控"",""fit_variant"":""dense441_1mm_continuous_development"",""evidence_tier"":""development_dense441_single_repeat_random_validation_pending"",""continuous_xy_method"":""kernel_rbf"",""working_range_model"":false,""working_range_mm"":null,""outside_declared_working_range"":false,""calibration_domain_mm"":{""x"":[-10.0,10.0],""y"":[-10.0,10.0],""depth"":[0.2,0.8]},""xy_outside_calibration_domain"":false,""excluded_calibration_samples"":0,""uncorrected_static_xyz_mm"":[-0.8634666748036135,-0.3596556774525286,0.12458230938079973],""unaligned_xyz_mm"":[-2.1909772441256883,0.011855873909842884,0.12458230938079973],""xy_rotation_deg"":-4.580684956890044,""xy_translation_mm"":[1.3195654319610284,-0.5464514666381837],""xy_translation_source"":""five_point_reassembly"",""xy_translation_details"":{""preset"":""5×5｜441点1mm连续"",""calibration_points"":5,""calibration_strategy"":""rigid_rotation_translation_v1"",""calibration_rms_mm"":0.507358956567797,""check_rms_mm"":null},""dynamic_model_enabled"":false,""dynamic_history_ready"":false,""dynamic_gate"":0.0,""contact_score"":0.9973465969545717,""contact_score_threshold"":0.49492851692021117,""status"":""有效"",""preset"":""5×5｜441点1mm连续"",""needs_baseline"":false,""display.contact"":true,""display.contact_reason"":""拟合响应/相似度接触门控"",""display.contact_segment"":615,""display.contact_age_ms"":273.0779,""display.contact_last_end_ns"":1240509495697500}"
S20260919_A,000134,153,1240509815244400,1240509838275300,NormalizedFit,1,1,True,unknown,False,False,0.0,0.2281694732728152,nan,nan,-0.17734858657746777,0.08632632282156472,0.11470201986310158,x,y,z,-0.17734858657746777,0.08632632282156472,0.11470201986310158,,,,,,,,1.0701527166671052,-0.006935637169558362,-0.08761293656012414,"{""x"":-0.17734858657746777,""y"":0.08632632282156472,""z"":0.11470201986310158,""dx"":null,""dy"":null,""mode5"":null,""Q"":null,""X"":null,""Y"":null,""Z"":null,""dX"":1.0701527166671052,""dY"":-0.006935637169558362,""dZ"":-0.08761293656012414}","{""amplitude_uT"":239.51522461839454,""contact_threshold_uT"":40.0,""contact_gate"":""shape-aware ridge classifier + amplitude floor"",""cosine_similarity"":0.9949644242489366,""anti_jump_policy"":""快速门控（阈值/形状）"",""calibration_depth_range_mm"":[0.2,0.8],""depth_extrapolated"":true,""relative_reference"":""first valid prediction since B0/no-contact"",""xy_semantics"":""continuous XY RBF refit on all 441 positions at 1 mm spacing"",""fit_model"":""441点1 mm连续XY/RBF＋跨深度连续Z＋接触/释放门控"",""fit_variant"":""dense441_1mm_continuous_development"",""evidence_tier"":""development_dense441_single_repeat_random_validation_pending"",""continuous_xy_method"":""kernel_rbf"",""working_range_model"":false,""working_range_mm"":null,""outside_declared_working_range"":false,""calibration_domain_mm"":{""x"":[-10.0,10.0],""y"":[-10.0,10.0],""depth"":[0.2,0.8]},""xy_outside_calibration_domain"":false,""excluded_calibration_samples"":0,""uncorrected_static_xyz_mm"":[-0.17734858657746777,0.08632632282156472,0.11470201986310158],""unaligned_xyz_mm"":[-1.542668128125892,0.5112087207738063,0.11470201986310158],""xy_rotation_deg"":-4.580684956890044,""xy_translation_mm"":[1.3195654319610284,-0.5464514666381837],""xy_translation_source"":""five_point_reassembly"",""xy_translation_details"":{""preset"":""5×5｜441点1mm连续"",""calibration_points"":5,""calibration_strategy"":""rigid_rotation_translation_v1"",""calibration_rms_mm"":0.507358956567797,""check_rms_mm"":null},""dynamic_model_enabled"":false,""dynamic_history_ready"":false,""dynamic_gate"":0.0,""contact_score"":0.9973197085008851,""contact_score_threshold"":0.49492851692021117,""status"":""有效"",""preset"":""5×5｜441点1mm连续"",""needs_baseline"":false,""display.contact"":true,""display.contact_reason"":""拟合响应/相似度接触门控"",""display.contact_segment"":615,""display.contact_age_ms"":283.0525,""display.contact_last_end_ns"":1240509495697500}"
S20260919_A,000134,154,1240509842128400,1240509893049400,NormalizedFit,1,1,True,unknown,False,False,0.0,0.15166176193348818,nan,nan,-0.0729882608152792,-0.05985440927765645,0.11870742818355395,x,y,z,-0.0729882608152792,-0.05985440927765645,0.11870742818355395,,,,,,,,1.1745130424292938,-0.15311636926877953,-0.08360752823967177,"{""x"":-0.0729882608152792,""y"":-0.05985440927765645,""z"":0.11870742818355395,""dx"":null,""dy"":null,""mode5"":null,""Q"":null,""X"":null,""Y"":null,""Z"":null,""dX"":1.1745130424292938,""dY"":-0.15311636926877953,""dZ"":-0.08360752823967177}","{""amplitude_uT"":240.7153494939617,""contact_threshold_uT"":40.0,""contact_gate"":""shape-aware ridge classifier + amplitude floor"",""cosine_similarity"":0.994040736416375,""anti_jump_policy"":""快速门控（阈值/形状）"",""calibration_depth_range_mm"":[0.2,0.8],""depth_extrapolated"":true,""relative_reference"":""first valid prediction since B0/no-contact"",""xy_semantics"":""continuous XY RBF refit on all 441 positions at 1 mm spacing"",""fit_model"":""441点1 mm连续XY/RBF＋跨深度连续Z＋接触/释放门控"",""fit_variant"":""dense441_1mm_continuous_development"",""evidence_tier"":""development_dense441_single_repeat_random_validation_pending"",""continuous_xy_method"":""kernel_rbf"",""working_range_model"":false,""working_range_mm"":null,""outside_declared_working_range"":false,""calibration_domain_mm"":{""x"":[-10.0,10.0],""y"":[-10.0,10.0],""depth"":[0.2,0.8]},""xy_outside_calibration_domain"":false,""excluded_calibration_samples"":0,""uncorrected_static_xyz_mm"":[-0.0729882608152792,-0.05985440927765645,0.11870742818355395],""unaligned_xyz_mm"":[-1.4269667276941216,0.3738294284172743,0.11870742818355395],""xy_rotation_deg"":-4.580684956890044,""xy_translation_mm"":[1.3195654319610284,-0.5464514666381837],""xy_translation_source"":""five_point_reassembly"",""xy_translation_details"":{""preset"":""5×5｜441点1mm连续"",""calibration_points"":5,""calibration_strategy"":""rigid_rotation_translation_v1"",""calibration_rms_mm"":0.507358956567797,""check_rms_mm"":null},""dynamic_model_enabled"":false,""dynamic_history_ready"":false,""dynamic_gate"":0.0,""contact_score"":0.9970755870171252,""contact_score_threshold"":0.49492851692021117,""status"":""有效"",""preset"":""5×5｜441点1mm连续"",""needs_baseline"":false,""display.contact"":true,""display.contact_reason"":""拟合响应/相似度接触门控"",""display.contact_segment"":615,""display.contact_age_ms"":309.9365,""display.contact_last_end_ns"":1240509495697500}"
S20260919_A,000134,155,1240509868121900,1240509896079400,NormalizedFit,1,1,True,unknown,False,False,0.0,0.2957572333268718,nan,nan,0.1367239995986711,-0.23152287516543257,0.1231911006284131,x,y,z,0.1367239995986711,-0.23152287516543257,0.1231911006284131,,,,,,,,1.384225302843244,-0.32478483515655565,-0.07912385579481263,"{""x"":0.1367239995986711,""y"":-0.23152287516543257,""z"":0.1231911006284131,""dx"":null,""dy"":null,""mode5"":null,""Q"":null,""X"":null,""Y"":null,""Z"":null,""dX"":1.384225302843244,""dY"":-0.32478483515655565,""dZ"":-0.07912385579481263}","{""amplitude_uT"":239.9389106710292,""contact_threshold_uT"":40.0,""contact_gate"":""shape-aware ridge classifier + amplitude floor"",""cosine_similarity"":0.9938628178578148,""anti_jump_policy"":""快速门控（阈值/形状）"",""calibration_depth_range_mm"":[0.2,0.8],""depth_extrapolated"":true,""relative_reference"":""first valid prediction since B0/no-contact"",""xy_semantics"":""continuous XY RBF refit on all 441 positions at 1 mm spacing"",""fit_model"":""441点1 mm连续XY/RBF＋跨深度连续Z＋接触/释放门控"",""fit_variant"":""dense441_1mm_continuous_development"",""evidence_tier"":""development_dense441_single_repeat_random_validation_pending"",""continuous_xy_method"":""kernel_rbf"",""working_range_model"":false,""working_range_mm"":null,""outside_declared_working_range"":false,""calibration_domain_mm"":{""x"":[-10.0,10.0],""y"":[-10.0,10.0],""depth"":[0.2,0.8]},""xy_outside_calibration_domain"":false,""excluded_calibration_samples"":0,""uncorrected_static_xyz_mm"":[0.1367239995986711,-0.23152287516543257,0.1231911006284131],""unaligned_xyz_mm"":[-1.2042143774786416,0.219457524167598,0.1231911006284131],""xy_rotation_deg"":-4.580684956890044,""xy_translation_mm"":[1.3195654319610284,-0.5464514666381837],""xy_translation_source"":""five_point_reassembly"",""xy_translation_details"":{""preset"":""5×5｜441点1mm连续"",""calibration_points"":5,""calibration_strategy"":""rigid_rotation_translation_v1"",""calibration_rms_mm"":0.507358956567797,""check_rms_mm"":null},""dynamic_model_enabled"":false,""dynamic_history_ready"":false,""dynamic_gate"":0.0,""contact_score"":0.9971087740298064,""contact_score_threshold"":0.49492851692021117,""status"":""有效"",""preset"":""5×5｜441点1mm连续"",""needs_baseline"":false,""display.contact"":true,""display.contact_reason"":""拟合响应/相似度接触门控"",""display.contact_segment"":615,""display.contact_age_ms"":335.93,""display.contact_last_end_ns"":1240509495697500}"
S20260919_A,000134,156,1240509879116900,1240509898974800,NormalizedFit,1,1,True,unknown,False,False,0.0,0.7875876620835561,nan,nan,0.6821043261245969,-0.3687869232726627,0.13792831098594138,x,y,z,0.6821043261245969,-0.3687869232726627,0.13792831098594138,,,,,,,,1.92960562936917,-0.4620488832637858,-0.06438664543728434,"{""x"":0.6821043261245969,""y"":-0.3687869232726627,""z"":0.13792831098594138,""dx"":null,""dy"":null,""mode5"":null,""Q"":null,""X"":null,""Y"":null,""Z"":null,""dX"":1.92960562936917,""dY"":-0.4620488832637858,""dZ"":-0.06438664543728434}","{""amplitude_uT"":250.2671926741498,""contact_threshold_uT"":40.0,""contact_gate"":""shape-aware ridge classifier + amplitude floor"",""cosine_similarity"":0.9931734079879209,""anti_jump_policy"":""快速门控（阈值/形状）"",""calibration_depth_range_mm"":[0.2,0.8],""depth_extrapolated"":true,""relative_reference"":""first valid prediction since B0/no-contact"",""xy_semantics"":""continuous XY RBF refit on all 441 positions at 1 mm spacing"",""fit_model"":""441点1 mm连续XY/RBF＋跨深度连续Z＋接触/释放门控"",""fit_variant"":""dense441_1mm_continuous_development"",""evidence_tier"":""development_dense441_single_repeat_random_validation_pending"",""continuous_xy_method"":""kernel_rbf"",""working_range_model"":false,""working_range_mm"":null,""outside_declared_working_range"":false,""calibration_domain_mm"":{""x"":[-10.0,10.0],""y"":[-10.0,10.0],""depth"":[0.2,0.8]},""xy_outside_calibration_domain"":false,""excluded_calibration_samples"":0,""uncorrected_static_xyz_mm"":[0.6821043261245969,-0.3687869232726627,0.13792831098594138],""unaligned_xyz_mm"":[-0.6496137690878463,0.1261875684644389,0.13792831098594138],""xy_rotation_deg"":-4.580684956890044,""xy_translation_mm"":[1.3195654319610284,-0.5464514666381837],""xy_translation_source"":""five_point_reassembly"",""xy_translation_details"":{""preset"":""5×5｜441点1mm连续"",""calibration_points"":5,""calibration_strategy"":""rigid_rotation_translation_v1"",""calibration_rms_mm"":0.507358956567797,""check_rms_mm"":null},""dynamic_model_enabled"":false,""dynamic_history_ready"":false,""dynamic_gate"":0.0,""contact_score"":0.9973777618520896,""contact_score_threshold"":0.49492851692021117,""status"":""有效"",""preset"":""5×5｜441点1mm连续"",""needs_baseline"":false,""display.contact"":true,""display.contact_reason"":""拟合响应/相似度接触门控"",""display.contact_segment"":615,""display.contact_age_ms"":346.925,""display.contact_last_end_ns"":1240509495697500}"
S20260919_A,000134,157,1240509890968600,1240509901625200,NormalizedFit,1,1,True,unknown,False,False,0.0,0.917920193874258,nan,nan,0.7478307957122547,-0.5129155528611034,0.14228218068233345,x,y,z,0.7478307957122547,-0.5129155528611034,0.14228218068233345,,,,,,,,1.9953320989568277,-0.6061775128522264,-0.060032775740892275,"{""x"":0.7478307957122547,""y"":-0.5129155528611034,""z"":0.14228218068233345,""dx"":null,""dy"":null,""mode5"":null,""Q"":null,""X"":null,""Y"":null,""Z"":null,""dX"":1.9953320989568277,""dY"":-0.6061775128522264,""dZ"":-0.060032775740892275}","{""amplitude_uT"":246.38096252653162,""contact_threshold_uT"":40.0,""contact_gate"":""shape-aware ridge classifier + amplitude floor"",""cosine_similarity"":0.9952113096061227,""anti_jump_policy"":""快速门控（阈值/形状）"",""calibration_depth_range_mm"":[0.2,0.8],""depth_extrapolated"":true,""relative_reference"":""first valid prediction since B0/no-contact"",""xy_semantics"":""continuous XY RBF refit on all 441 positions at 1 mm spacing"",""fit_model"":""441点1 mm连续XY/RBF＋跨深度连续Z＋接触/释放门控"",""fit_variant"":""dense441_1mm_continuous_development"",""evidence_tier"":""development_dense441_single_repeat_random_validation_pending"",""continuous_xy_method"":""kernel_rbf"",""working_range_model"":false,""working_range_mm"":null,""outside_declared_working_range"":false,""calibration_domain_mm"":{""x"":[-10.0,10.0],""y"":[-10.0,10.0],""depth"":[0.2,0.8]},""xy_outside_calibration_domain"":false,""excluded_calibration_samples"":0,""uncorrected_static_xyz_mm"":[0.7478307957122547,-0.5129155528611034,0.14228218068233345],""unaligned_xyz_mm"":[-0.5725867096453059,-0.012231587670593846,0.14228218068233345],""xy_rotation_deg"":-4.580684956890044,""xy_translation_mm"":[1.3195654319610284,-0.5464514666381837],""xy_translation_source"":""five_point_reassembly"",""xy_translation_details"":{""preset"":""5×5｜441点1mm连续"",""calibration_points"":5,""calibration_strategy"":""rigid_rotation_translation_v1"",""calibration_rms_mm"":0.507358956567797,""check_rms_mm"":null},""dynamic_model_enabled"":false,""dynamic_history_ready"":false,""dynamic_gate"":0.0,""contact_score"":0.9973430623711885,""contact_score_threshold"":0.49492851692021117,""status"":""有效"",""preset"":""5×5｜441点1mm连续"",""needs_baseline"":false,""display.contact"":true,""display.contact_reason"":""拟合响应/相似度接触门控"",""display.contact_segment"":615,""display.contact_age_ms"":358.7767,""display.contact_last_end_ns"":1240509495697500}"
S20260919_A,000134,158,1240509917843700,1240509956822700,NormalizedFit,1,1,True,unknown,False,False,0.0,0.6887332626127303,nan,nan,-0.19988195057043012,-0.6392121364122119,0.16065042025675502,x,y,z,-0.19988195057043012,-0.6392121364122119,0.16065042025675502,,,,,,,,1.0476193526741429,-0.7324740964033349,-0.0416645361664707,"{""x"":-0.19988195057043012,""y"":-0.6392121364122119,""z"":0.16065042025675502,""dx"":null,""dy"":null,""mode5"":null,""Q"":null,""X"":null,""Y"":null,""Z"":null,""dX"":1.0476193526741429,""dY"":-0.7324740964033349,""dZ"":-0.0416645361664707}","{""amplitude_uT"":248.5827390528156,""contact_threshold_uT"":40.0,""contact_gate"":""shape-aware ridge classifier + amplitude floor"",""cosine_similarity"":0.9927827713047961,""anti_jump_policy"":""快速门控（阈值/形状）"",""calibration_depth_range_mm"":[0.2,0.8],""depth_extrapolated"":true,""relative_reference"":""first valid prediction since B0/no-contact"",""xy_semantics"":""continuous XY RBF refit on all 441 positions at 1 mm spacing"",""fit_model"":""441点1 mm连续XY/RBF＋跨深度连续Z＋接触/释放门控"",""fit_variant"":""dense441_1mm_continuous_development"",""evidence_tier"":""development_dense441_single_repeat_random_validation_pending"",""continuous_xy_method"":""kernel_rbf"",""working_range_model"":false,""working_range_mm"":null,""outside_declared_working_range"":false,""calibration_domain_mm"":{""x"":[-10.0,10.0],""y"":[-10.0,10.0],""depth"":[0.2,0.8]},""xy_outside_calibration_domain"":false,""excluded_calibration_samples"":0,""uncorrected_static_xyz_mm"":[-0.19988195057043012,-0.6392121364122119,0.16065042025675502],""unaligned_xyz_mm"":[-1.5071859158827015,-0.21381184509621853,0.16065042025675502],""xy_rotation_deg"":-4.580684956890044,""xy_translation_mm"":[1.3195654319610284,-0.5464514666381837],""xy_translation_source"":""five_point_reassembly"",""xy_translation_details"":{""preset"":""5×5｜441点1mm连续"",""calibration_points"":5,""calibration_strategy"":""rigid_rotation_translation_v1"",""calibration_rms_mm"":0.507358956567797,""check_rms_mm"":null},""dynamic_model_enabled"":false,""dynamic_history_ready"":false,""dynamic_gate"":0.0,""contact_score"":0.9975939107385174,""contact_score_threshold"":0.49492851692021117,""status"":""有效"",""preset"":""5×5｜441点1mm连续"",""needs_baseline"":false,""display.contact"":true,""display.contact_reason"":""拟合响应/相似度接触门控"",""display.contact_segment"":615,""display.contact_age_ms"":385.6518,""display.contact_last_end_ns"":1240509495697500}"
S20260919_A,000134,159,1240509944800300,1240509959904800,NormalizedFit,1,1,True,unknown,False,False,0.0,0.846854060969431,nan,nan,0.35751876496850066,-0.7504177828069424,0.1619113477274755,x,y,z,0.35751876496850066,-0.7504177828069424,0.1619113477274755,,,,,,,,1.6050200682130735,-0.8436797427980655,-0.040403608695750215,"{""x"":0.35751876496850066,""y"":-0.7504177828069424,""z"":0.1619113477274755,""dx"":null,""dy"":null,""mode5"":null,""Q"":null,""X"":null,""Y"":null,""Z"":null,""dX"":1.6050200682130735,""dY"":-0.8436797427980655,""dZ"":-0.040403608695750215}","{""amplitude_uT"":243.36239573730387,""contact_threshold_uT"":40.0,""contact_gate"":""shape-aware ridge classifier + amplitude floor"",""cosine_similarity"":0.9961533595592718,""anti_jump_policy"":""快速门控（阈值/形状）"",""calibration_depth_range_mm"":[0.2,0.8],""depth_extrapolated"":true,""relative_reference"":""first valid prediction since B0/no-contact"",""xy_semantics"":""continuous XY RBF refit on all 441 positions at 1 mm spacing"",""fit_model"":""441点1 mm连续XY/RBF＋跨深度连续Z＋接触/释放门控"",""fit_variant"":""dense441_1mm_continuous_development"",""evidence_tier"":""development_dense441_single_repeat_random_validation_pending"",""continuous_xy_method"":""kernel_rbf"",""working_range_model"":false,""working_range_mm"":null,""outside_declared_working_range"":false,""calibration_domain_mm"":{""x"":[-10.0,10.0],""y"":[-10.0,10.0],""depth"":[0.2,0.8]},""xy_outside_calibration_domain"":false,""excluded_calibration_samples"":0,""uncorrected_static_xyz_mm"":[0.35751876496850066,-0.7504177828069424,0.1619113477274755],""unaligned_xyz_mm"":[-0.9426844126994158,-0.2801466502681107,0.1619113477274755],""xy_rotation_deg"":-4.580684956890044,""xy_translation_mm"":[1.3195654319610284,-0.5464514666381837],""xy_translation_source"":""five_point_reassembly"",""xy_translation_details"":{""preset"":""5×5｜441点1mm连续"",""calibration_points"":5,""calibration_strategy"":""rigid_rotation_translation_v1"",""calibration_rms_mm"":0.507358956567797,""check_rms_mm"":null},""dynamic_model_enabled"":false,""dynamic_history_ready"":false,""dynamic_gate"":0.0,""contact_score"":0.9977541036824183,""contact_score_threshold"":0.49492851692021117,""status"":""有效"",""preset"":""5×5｜441点1mm连续"",""needs_baseline"":false,""display.contact"":true,""display.contact_reason"":""拟合响应/相似度接触门控"",""display.contact_segment"":615,""display.contact_age_ms"":412.6084,""display.contact_last_end_ns"":1240509495697500}"
S20260919_A,000134,160,1240509956962100,1240509994496000,NormalizedFit,1,1,True,unknown,False,False,0.0,0.7401261930964445,nan,nan,0.5329740776105897,-0.49033895870853794,0.15262083696272655,x,y,z,0.5329740776105897,-0.49033895870853794,0.15262083696272655,,,,,,,,1.7804753808551625,-0.583600918699661,-0.049694119460499175,"{""x"":0.5329740776105897,""y"":-0.49033895870853794,""z"":0.15262083696272655,""dx"":null,""dy"":null,""mode5"":null,""Q"":null,""X"":null,""Y"":null,""Z"":null,""dX"":1.7804753808551625,""dY"":-0.583600918699661,""dZ"":-0.049694119460499175}","{""amplitude_uT"":238.8068523079897,""contact_threshold_uT"":40.0,""contact_gate"":""shape-aware ridge classifier + amplitude floor"",""cosine_similarity"":0.9957081182506501,""anti_jump_policy"":""快速门控（阈值/形状）"",""calibration_depth_range_mm"":[0.2,0.8],""depth_extrapolated"":true,""relative_reference"":""first valid prediction since B0/no-contact"",""xy_semantics"":""continuous XY RBF refit on all 441 positions at 1 mm spacing"",""fit_model"":""441点1 mm连续XY/RBF＋跨深度连续Z＋接触/释放门控"",""fit_variant"":""dense441_1mm_continuous_development"",""evidence_tier"":""development_dense441_single_repeat_random_validation_pending"",""continuous_xy_method"":""kernel_rbf"",""working_range_model"":false,""working_range_mm"":null,""outside_declared_working_range"":false,""calibration_domain_mm"":{""x"":[-10.0,10.0],""y"":[-10.0,10.0],""depth"":[0.2,0.8]},""xy_outside_calibration_domain"":false,""excluded_calibration_samples"":0,""uncorrected_static_xyz_mm"":[0.5329740776105897,-0.49033895870853794,0.15262083696272655],""unaligned_xyz_mm"":[-0.7885601769872923,-0.006886185793471,0.15262083696272655],""xy_rotation_deg"":-4.580684956890044,""xy_translation_mm"":[1.3195654319610284,-0.5464514666381837],""xy_translation_source"":""five_point_reassembly"",""xy_translation_details"":{""preset"":""5×5｜441点1mm连续"",""calibration_points"":5,""calibration_strategy"":""rigid_rotation_translation_v1"",""calibration_rms_mm"":0.507358956567797,""check_rms_mm"":null},""dynamic_model_enabled"":false,""dynamic_history_ready"":false,""dynamic_gate"":0.0,""contact_score"":0.9977315970880813,""contact_score_threshold"":0.49492851692021117,""status"":""有效"",""preset"":""5×5｜441点1mm连续"",""needs_baseline"":false,""display.contact"":true,""display.contact_reason"":""拟合响应/相似度接触门控"",""display.contact_segment"":615,""display.contact_age_ms"":424.7702,""display.contact_last_end_ns"":1240509495697500}"
S20260919_A,000134,161,1240509968727000,1240509998216500,NormalizedFit,1,1,True,unknown,False,False,0.0,1.1263512906027284,nan,nan,0.8803151587285982,-0.6861373773441997,0.1514197826121083,x,y,z,0.8803151587285982,-0.6861373773441997,0.1514197826121083,,,,,,,,2.127816461973171,-0.7793993373353227,-0.05089517381111741,"{""x"":0.8803151587285982,""y"":-0.6861373773441997,""z"":0.1514197826121083,""dx"":null,""dy"":null,""mode5"":null,""Q"":null,""X"":null,""Y"":null,""Z"":null,""dX"":2.127816461973171,""dY"":-0.7793993373353227,""dZ"":-0.05089517381111741}","{""amplitude_uT"":240.4382081803975,""contact_threshold_uT"":40.0,""contact_gate"":""shape-aware ridge classifier + amplitude floor"",""cosine_similarity"":0.9974723672315067,""anti_jump_policy"":""快速门控（阈值/形状）"",""calibration_depth_range_mm"":[0.2,0.8],""depth_extrapolated"":true,""relative_reference"":""first valid prediction since B0/no-contact"",""xy_semantics"":""continuous XY RBF refit on all 441 positions at 1 mm spacing"",""fit_model"":""441点1 mm连续XY/RBF＋跨深度连续Z＋接触/释放门控"",""fit_variant"":""dense441_1mm_continuous_development"",""evidence_tier"":""development_dense441_single_repeat_random_validation_pending"",""continuous_xy_method"":""kernel_rbf"",""working_range_model"":false,""working_range_mm"":null,""outside_declared_working_range"":false,""calibration_domain_mm"":{""x"":[-10.0,10.0],""y"":[-10.0,10.0],""depth"":[0.2,0.8]},""xy_outside_calibration_domain"":false,""excluded_calibration_samples"":0,""uncorrected_static_xyz_mm"":[0.8803151587285982,-0.6861373773441997,0.1514197826121083],""unaligned_xyz_mm"":[-0.42669152422486745,-0.17431953229398278,0.1514197826121083],""xy_rotation_deg"":-4.580684956890044,""xy_translation_mm"":[1.3195654319610284,-0.5464514666381837],""xy_translation_source"":""five_point_reassembly"",""xy_translation_details"":{""preset"":""5×5｜441点1mm连续"",""calibration_points"":5,""calibration_strategy"":""rigid_rotation_translation_v1"",""calibration_rms_mm"":0.507358956567797,""check_rms_mm"":null},""dynamic_model_enabled"":false,""dynamic_history_ready"":false,""dynamic_gate"":0.0,""contact_score"":0.9977539576338506,""contact_score_threshold"":0.49492851692021117,""status"":""有效"",""preset"":""5×5｜441点1mm连续"",""needs_baseline"":false,""display.contact"":true,""display.contact_reason"":""拟合响应/相似度接触门控"",""display.contact_segment"":615,""display.contact_age_ms"":436.5351,""display.contact_last_end_ns"":1240509495697500}"
S20260919_A,000134,162,1240509995578500,1240510050608900,NormalizedFit,1,1,True,unknown,False,False,0.0,1.6116938030438435,nan,nan,1.2441198758484542,-1.0140686211822316,0.14624459245497634,x,y,z,1.2441198758484542,-1.0140686211822316,0.14624459245497634,,,,,,,,2.491621179093027,-1.1073305811733547,-0.05607036396824938,"{""x"":1.2441198758484542,""y"":-1.0140686211822316,""z"":0.14624459245497634,""dx"":null,""dy"":null,""mode5"":null,""Q"":null,""X"":null,""Y"":null,""Z"":null,""dX"":2.491621179093027,""dY"":-1.1073305811733547,""dZ"":-0.05607036396824938}","{""amplitude_uT"":244.99093898958824,""contact_threshold_uT"":40.0,""contact_gate"":""shape-aware ridge classifier + amplitude floor"",""cosine_similarity"":0.9973510149432809,""anti_jump_policy"":""快速门控（阈值/形状）"",""calibration_depth_range_mm"":[0.2,0.8],""depth_extrapolated"":true,""relative_reference"":""first valid prediction since B0/no-contact"",""xy_semantics"":""continuous XY RBF refit on all 441 positions at 1 mm spacing"",""fit_model"":""441点1 mm连续XY/RBF＋跨深度连续Z＋接触/释放门控"",""fit_variant"":""dense441_1mm_continuous_development"",""evidence_tier"":""development_dense441_single_repeat_random_validation_pending"",""continuous_xy_method"":""kernel_rbf"",""working_range_model"":false,""working_range_mm"":null,""outside_declared_working_range"":false,""calibration_domain_mm"":{""x"":[-10.0,10.0],""y"":[-10.0,10.0],""depth"":[0.2,0.8]},""xy_outside_calibration_domain"":false,""excluded_calibration_samples"":0,""uncorrected_static_xyz_mm"":[1.2441198758484542,-1.0140686211822316,0.14624459245497634],""unaligned_xyz_mm"":[-0.03785931276910759,-0.47214881933311936,0.14624459245497634],""xy_rotation_deg"":-4.580684956890044,""xy_translation_mm"":[1.3195654319610284,-0.5464514666381837],""xy_translation_source"":""five_point_reassembly"",""xy_translation_details"":{""preset"":""5×5｜441点1mm连续"",""calibration_points"":5,""calibration_strategy"":""rigid_rotation_translation_v1"",""calibration_rms_mm"":0.507358956567797,""check_rms_mm"":null},""dynamic_model_enabled"":false,""dynamic_history_ready"":false,""dynamic_gate"":0.0,""contact_score"":0.9978458613436804,""contact_score_threshold"":0.49492851692021117,""status"":""有效"",""preset"":""5×5｜441点1mm连续"",""needs_baseline"":false,""display.contact"":true,""display.contact_reason"":""拟合响应/相似度接触门控"",""display.contact_segment"":615,""display.contact_age_ms"":463.3866,""display.contact_last_end_ns"":1240509495697500}"
S20260919_A,000134,163,1240510022558300,1240510053534000,NormalizedFit,1,1,True,unknown,False,False,0.0,1.556142507170763,nan,nan,1.0229188435937575,-1.1626393418985614,0.15325241503545117,x,y,z,1.0229188435937575,-1.1626393418985614,0.15325241503545117,,,,,,,,2.2704201468383305,-1.2559013018896845,-0.04906254138777455,"{""x"":1.0229188435937575,""y"":-1.1626393418985614,""z"":0.15325241503545117,""dx"":null,""dy"":null,""mode5"":null,""Q"":null,""X"":null,""Y"":null,""Z"":null,""dX"":2.2704201468383305,""dY"":-1.2559013018896845,""dZ"":-0.04906254138777455}","{""amplitude_uT"":247.6241548233939,""contact_threshold_uT"":40.0,""contact_gate"":""shape-aware ridge classifier + amplitude floor"",""cosine_similarity"":0.9967235885900987,""anti_jump_policy"":""快速门控（阈值/形状）"",""calibration_depth_range_mm"":[0.2,0.8],""depth_extrapolated"":true,""relative_reference"":""first valid prediction since B0/no-contact"",""xy_semantics"":""continuous XY RBF refit on all 441 positions at 1 mm spacing"",""fit_model"":""441点1 mm连续XY/RBF＋跨深度连续Z＋接触/释放门控"",""fit_variant"":""dense441_1mm_continuous_development"",""evidence_tier"":""development_dense441_single_repeat_random_validation_pending"",""continuous_xy_method"":""kernel_rbf"",""working_range_model"":false,""working_range_mm"":null,""outside_declared_working_range"":false,""calibration_domain_mm"":{""x"":[-10.0,10.0],""y"":[-10.0,10.0],""depth"":[0.2,0.8]},""xy_outside_calibration_domain"":false,""excluded_calibration_samples"":0,""uncorrected_static_xyz_mm"":[1.0229188435937575,-1.1626393418985614,0.15325241503545117],""unaligned_xyz_mm"":[-0.24648850966132096,-0.6379107387501648,0.15325241503545117],""xy_rotation_deg"":-4.580684956890044,""xy_translation_mm"":[1.3195654319610284,-0.5464514666381837],""xy_translation_source"":""five_point_reassembly"",""xy_translation_details"":{""preset"":""5×5｜441点1mm连续"",""calibration_points"":5,""calibration_strategy"":""rigid_rotation_translation_v1"",""calibration_rms_mm"":0.507358956567797,""check_rms_mm"":null},""dynamic_model_enabled"":false,""dynamic_history_ready"":false,""dynamic_gate"":0.0,""contact_score"":0.9981489637461407,""contact_score_threshold"":0.49492851692021117,""status"":""有效"",""preset"":""5×5｜441点1mm连续"",""needs_baseline"":false,""display.contact"":true,""display.contact_reason"":""拟合响应/相似度接触门控"",""display.contact_segment"":615,""display.contact_age_ms"":490.3664,""display.contact_last_end_ns"":1240509495697500}"
S20260919_A,000134,164,1240510033499900,1240510056678600,NormalizedFit,1,1,True,unknown,False,False,0.0,1.0252801364626007,nan,nan,0.686466165767798,-0.7474974511100307,0.1456403861050729,x,y,z,0.686466165767798,-0.7474974511100307,0.1456403861050729,,,,,,,,1.933967469012371,-0.8407594111011538,-0.05667457031815282,"{""x"":0.686466165767798,""y"":-0.7474974511100307,""z"":0.1456403861050729,""dx"":null,""dy"":null,""mode5"":null,""Q"":null,""X"":null,""Y"":null,""Z"":null,""dX"":1.933967469012371,""dY"":-0.8407594111011538,""dZ"":-0.05667457031815282}","{""amplitude_uT"":248.7172350803219,""contact_threshold_uT"":40.0,""contact_gate"":""shape-aware ridge classifier + amplitude floor"",""cosine_similarity"":0.9967713616670316,""anti_jump_policy"":""快速门控（阈值/形状）"",""calibration_depth_range_mm"":[0.2,0.8],""depth_extrapolated"":true,""relative_reference"":""first valid prediction since B0/no-contact"",""xy_semantics"":""continuous XY RBF refit on all 441 positions at 1 mm spacing"",""fit_model"":""441点1 mm连续XY/RBF＋跨深度连续Z＋接触/释放门控"",""fit_variant"":""dense441_1mm_continuous_development"",""evidence_tier"":""development_dense441_single_repeat_random_validation_pending"",""continuous_xy_method"":""kernel_rbf"",""working_range_model"":false,""working_range_mm"":null,""outside_declared_working_range"":false,""calibration_domain_mm"":{""x"":[-10.0,10.0],""y"":[-10.0,10.0],""depth"":[0.2,0.8]},""xy_outside_calibration_domain"":false,""excluded_calibration_samples"":0,""uncorrected_static_xyz_mm"":[0.686466165767798,-0.7474974511100307,0.1456403861050729],""unaligned_xyz_mm"":[-0.6150209428287443,-0.2509649549413293,0.1456403861050729],""xy_rotation_deg"":-4.580684956890044,""xy_translation_mm"":[1.3195654319610284,-0.5464514666381837],""xy_translation_source"":""five_point_reassembly"",""xy_translation_details"":{""preset"":""5×5｜441点1mm连续"",""calibration_points"":5,""calibration_strategy"":""rigid_rotation_translation_v1"",""calibration_rms_mm"":0.507358956567797,""check_rms_mm"":null},""dynamic_model_enabled"":false,""dynamic_history_ready"":false,""dynamic_gate"":0.0,""contact_score"":0.9979423997174676,""contact_score_threshold"":0.49492851692021117,""status"":""有效"",""preset"":""5×5｜441点1mm连续"",""needs_baseline"":false,""display.contact"":true,""display.contact_reason"":""拟合响应/相似度接触门控"",""display.contact_segment"":615,""display.contact_age_ms"":501.308,""display.contact_last_end_ns"":1240509495697500}"
S20260919_A,000134,165,1240510059382100,1240510093979900,NormalizedFit,1,1,True,unknown,False,False,0.0,0.7791440482927655,nan,nan,0.1307045258762074,-0.7569488961412305,0.13042294098849194,x,y,z,0.1307045258762074,-0.7569488961412305,0.13042294098849194,,,,,,,,1.3782058291207804,-0.8502108561323536,-0.07189201543473378,"{""x"":0.1307045258762074,""y"":-0.7569488961412305,""z"":0.13042294098849194,""dx"":null,""dy"":null,""mode5"":null,""Q"":null,""X"":null,""Y"":null,""Z"":null,""dX"":1.3782058291207804,""dY"":-0.8502108561323536,""dZ"":-0.07189201543473378}","{""amplitude_uT"":253.38383384501878,""contact_threshold_uT"":40.0,""contact_gate"":""shape-aware ridge classifier + amplitude floor"",""cosine_similarity"":0.9975902544759093,""anti_jump_policy"":""快速门控（阈值/形状）"",""calibration_depth_range_mm"":[0.2,0.8],""depth_extrapolated"":true,""relative_reference"":""first valid prediction since B0/no-contact"",""xy_semantics"":""continuous XY RBF refit on all 441 positions at 1 mm spacing"",""fit_model"":""441点1 mm连续XY/RBF＋跨深度连续Z＋接触/释放门控"",""fit_variant"":""dense441_1mm_continuous_development"",""evidence_tier"":""development_dense441_single_repeat_random_validation_pending"",""continuous_xy_method"":""kernel_rbf"",""working_range_model"":false,""working_range_mm"":null,""outside_declared_working_range"":false,""calibration_domain_mm"":{""x"":[-10.0,10.0],""y"":[-10.0,10.0],""depth"":[0.2,0.8]},""xy_outside_calibration_domain"":false,""excluded_calibration_samples"":0,""uncorrected_static_xyz_mm"":[0.1307045258762074,-0.7569488961412305,0.13042294098849194],""unaligned_xyz_mm"":[-1.1682525812353934,-0.30477094395800286,0.13042294098849194],""xy_rotation_deg"":-4.580684956890044,""xy_translation_mm"":[1.3195654319610284,-0.5464514666381837],""xy_translation_source"":""five_point_reassembly"",""xy_translation_details"":{""preset"":""5×5｜441点1mm连续"",""calibration_points"":5,""calibration_strategy"":""rigid_rotation_translation_v1"",""calibration_rms_mm"":0.507358956567797,""check_rms_mm"":null},""dynamic_model_enabled"":false,""dynamic_history_ready"":false,""dynamic_gate"":0.0,""contact_score"":0.9975649034455009,""contact_score_threshold"":0.49492851692021117,""status"":""有效"",""preset"":""5×5｜441点1mm连续"",""needs_baseline"":false,""display.contact"":true,""display.contact_reason"":""拟合响应/相似度接触门控"",""display.contact_segment"":615,""display.contact_age_ms"":527.1902,""display.contact_last_end_ns"":1240509495697500}"
S20260919_A,000134,166,1240510085562100,1240510097269800,NormalizedFit,1,1,True,unknown,False,False,0.0,0.9401332928805441,nan,nan,-0.6722099889577995,-0.6412924061672213,0.14397357021351465,x,y,z,-0.6722099889577995,-0.6412924061672213,0.14397357021351465,,,,,,,,0.5752913142867735,-0.7345543661583444,-0.05834138620971108,"{""x"":-0.6722099889577995,""y"":-0.6412924061672213,""z"":0.14397357021351465,""dx"":null,""dy"":null,""mode5"":null,""Q"":null,""X"":null,""Y"":null,""Z"":null,""dX"":0.5752913142867735,""dY"":-0.7345543661583444,""dZ"":-0.05834138620971108}","{""amplitude_uT"":260.47620590948435,""contact_threshold_uT"":40.0,""contact_gate"":""shape-aware ridge classifier + amplitude floor"",""cosine_similarity"":0.9939147377603266,""anti_jump_policy"":""快速门控（阈值/形状）"",""calibration_depth_range_mm"":[0.2,0.8],""depth_extrapolated"":true,""relative_reference"":""first valid prediction since B0/no-contact"",""xy_semantics"":""continuous XY RBF refit on all 441 positions at 1 mm spacing"",""fit_model"":""441点1 mm连续XY/RBF＋跨深度连续Z＋接触/释放门控"",""fit_variant"":""dense441_1mm_continuous_development"",""evidence_tier"":""development_dense441_single_repeat_random_validation_pending"",""continuous_xy_method"":""kernel_rbf"",""working_range_model"":false,""working_range_mm"":null,""outside_declared_working_range"":false,""calibration_domain_mm"":{""x"":[-10.0,10.0],""y"":[-10.0,10.0],""depth"":[0.2,0.8]},""xy_outside_calibration_domain"":false,""excluded_calibration_samples"":0,""uncorrected_static_xyz_mm"":[-0.6722099889577995,-0.6412924061672213,0.14397357021351465],""unaligned_xyz_mm"":[-1.977839134969418,-0.25360695449957404,0.14397357021351465],""xy_rotation_deg"":-4.580684956890044,""xy_translation_mm"":[1.3195654319610284,-0.5464514666381837],""xy_translation_source"":""five_point_reassembly"",""xy_translation_details"":{""preset"":""5×5｜441点1mm连续"",""calibration_points"":5,""calibration_strategy"":""rigid_rotation_translation_v1"",""calibration_rms_mm"":0.507358956567797,""check_rms_mm"":null},""dynamic_model_enabled"":false,""dynamic_history_ready"":false,""dynamic_gate"":0.0,""contact_score"":0.9980406544772079,""contact_score_threshold"":0.49492851692021117,""status"":""有效"",""preset"":""5×5｜441点1mm连续"",""needs_baseline"":false,""display.contact"":true,""display.contact_reason"":""拟合响应/相似度接触门控"",""display.contact_segment"":615,""display.contact_age_ms"":553.3702,""display.contact_last_end_ns"":1240509495697500}"
S20260919_A,000134,167,1240510096458300,1240510150585300,NormalizedFit,1,1,True,unknown,False,False,0.0,1.489992867187651,nan,nan,-1.2517745845166324,-0.7928114472210672,0.1568092566895395,x,y,z,-1.2517745845166324,-0.7928114472210672,0.1568092566895395,,,,,,,,-0.004273281272059393,-0.8860734072121903,-0.04550569973368623,"{""x"":-1.2517745845166324,""y"":-0.7928114472210672,""z"":0.1568092566895395,""dx"":null,""dy"":null,""mode5"":null,""Q"":null,""X"":null,""Y"":null,""Z"":null,""dX"":-0.004273281272059393,""dY"":-0.8860734072121903,""dZ"":-0.04550569973368623}","{""amplitude_uT"":257.3196978488046,""contact_threshold_uT"":40.0,""contact_gate"":""shape-aware ridge classifier + amplitude floor"",""cosine_similarity"":0.9925839018092506,""anti_jump_policy"":""快速门控（阈值/形状）"",""calibration_depth_range_mm"":[0.2,0.8],""depth_extrapolated"":true,""relative_reference"":""first valid prediction since B0/no-contact"",""xy_semantics"":""continuous XY RBF refit on all 441 positions at 1 mm spacing"",""fit_model"":""441点1 mm连续XY/RBF＋跨深度连续Z＋接触/释放门控"",""fit_variant"":""dense441_1mm_continuous_development"",""evidence_tier"":""development_dense441_single_repeat_random_validation_pending"",""continuous_xy_method"":""kernel_rbf"",""working_range_model"":false,""working_range_mm"":null,""outside_declared_working_range"":false,""calibration_domain_mm"":{""x"":[-10.0,10.0],""y"":[-10.0,10.0],""depth"":[0.2,0.8]},""xy_outside_calibration_domain"":false,""excluded_calibration_samples"":0,""uncorrected_static_xyz_mm"":[-1.2517745845166324,-0.7928114472210672,0.1568092566895395],""unaligned_xyz_mm"":[-2.543451769576217,-0.45092772836868855,0.1568092566895395],""xy_rotation_deg"":-4.580684956890044,""xy_translation_mm"":[1.3195654319610284,-0.5464514666381837],""xy_translation_source"":""five_point_reassembly"",""xy_translation_details"":{""preset"":""5×5｜441点1mm连续"",""calibration_points"":5,""calibration_strategy"":""rigid_rotation_translation_v1"",""calibration_rms_mm"":0.507358956567797,""check_rms_mm"":null},""dynamic_model_enabled"":false,""dynamic_history_ready"":false,""dynamic_gate"":0.0,""contact_score"":0.9979691506854751,""contact_score_threshold"":0.49492851692021117,""status"":""有效"",""preset"":""5×5｜441点1mm连续"",""needs_baseline"":false,""display.contact"":true,""display.contact_reason"":""拟合响应/相似度接触门控"",""display.contact_segment"":615,""display.contact_age_ms"":564.2664,""display.contact_last_end_ns"":1240509495697500}"
S20260919_A,000134,168,1240510123346800,1240510153284800,NormalizedFit,1,1,True,unknown,False,False,0.0,1.2523546531701917,nan,nan,-0.8937153083093927,-0.8644380139683686,0.14970652964016307,x,y,z,-0.8937153083093927,-0.8644380139683686,0.14970652964016307,,,,,,,,0.35378599493518026,-0.9576999739594917,-0.052608426783062656,"{""x"":-0.8937153083093927,""y"":-0.8644380139683686,""z"":0.14970652964016307,""dx"":null,""dy"":null,""mode5"":null,""Q"":null,""X"":null,""Y"":null,""Z"":null,""dX"":0.35378599493518026,""dY"":-0.9576999739594917,""dZ"":-0.052608426783062656}","{""amplitude_uT"":249.09761758194318,""contact_threshold_uT"":40.0,""contact_gate"":""shape-aware ridge classifier + amplitude floor"",""cosine_similarity"":0.9941389434642014,""anti_jump_policy"":""快速门控（阈值/形状）"",""calibration_depth_range_mm"":[0.2,0.8],""depth_extrapolated"":true,""relative_reference"":""first valid prediction since B0/no-contact"",""xy_semantics"":""continuous XY RBF refit on all 441 positions at 1 mm spacing"",""fit_model"":""441点1 mm连续XY/RBF＋跨深度连续Z＋接触/释放门控"",""fit_variant"":""dense441_1mm_continuous_development"",""evidence_tier"":""development_dense441_single_repeat_random_validation_pending"",""continuous_xy_method"":""kernel_rbf"",""working_range_model"":false,""working_range_mm"":null,""outside_declared_working_range"":false,""calibration_domain_mm"":{""x"":[-10.0,10.0],""y"":[-10.0,10.0],""depth"":[0.2,0.8]},""xy_outside_calibration_domain"":false,""excluded_calibration_samples"":0,""uncorrected_static_xyz_mm"":[-0.8937153083093927,-0.8644380139683686,0.14970652964016307],""unaligned_xyz_mm"":[-2.1808158806784386,-0.4937298594532047,0.14970652964016307],""xy_rotation_deg"":-4.580684956890044,""xy_translation_mm"":[1.3195654319610284,-0.5464514666381837],""xy_translation_source"":""five_point_reassembly"",""xy_translation_details"":{""preset"":""5×5｜441点1mm连续"",""calibration_points"":5,""calibration_strategy"":""rigid_rotation_translation_v1"",""calibration_rms_mm"":0.507358956567797,""check_rms_mm"":null},""dynamic_model_enabled"":false,""dynamic_history_ready"":false,""dynamic_gate"":0.0,""contact_score"":0.9980349812637168,""contact_score_threshold"":0.49492851692021117,""status"":""有效"",""preset"":""5×5｜441点1mm连续"",""needs_baseline"":false,""display.contact"":true,""display.contact_reason"":""拟合响应/相似度接触门控"",""display.contact_segment"":615,""display.contact_age_ms"":591.1549,""display.contact_last_end_ns"":1240509495697500}"
S20260919_A,000134,169,1240510149437200,1240510157295000,NormalizedFit,1,1,True,unknown,False,False,0.0,1.4071298349119044,nan,nan,-0.5849373655212473,-1.2722450136966685,0.1387633807610268,x,y,z,-0.5849373655212473,-1.2722450136966685,0.1387633807610268,,,,,,,,0.6625639377233257,-1.3655069736877916,-0.06355157566219893,"{""x"":-0.5849373655212473,""y"":-1.2722450136966685,""z"":0.1387633807610268,""dx"":null,""dy"":null,""mode5"":null,""Q"":null,""X"":null,""Y"":null,""Z"":null,""dX"":0.6625639377233257,""dY"":-1.3655069736877916,""dZ"":-0.06355157566219893}","{""amplitude_uT"":243.54723882647494,""contact_threshold_uT"":40.0,""contact_gate"":""shape-aware ridge classifier + amplitude floor"",""cosine_similarity"":0.996158470180903,""anti_jump_policy"":""快速门控（阈值/形状）"",""calibration_depth_range_mm"":[0.2,0.8],""depth_extrapolated"":true,""relative_reference"":""first valid prediction since B0/no-contact"",""xy_semantics"":""continuous XY RBF refit on all 441 positions at 1 mm spacing"",""fit_model"":""441点1 mm连续XY/RBF＋跨深度连续Z＋接触/释放门控"",""fit_variant"":""dense441_1mm_continuous_development"",""evidence_tier"":""development_dense441_single_repeat_random_validation_pending"",""continuous_xy_method"":""kernel_rbf"",""working_range_model"":false,""working_range_mm"":null,""outside_declared_working_range"":false,""calibration_domain_mm"":{""x"":[-10.0,10.0],""y"":[-10.0,10.0],""depth"":[0.2,0.8]},""xy_outside_calibration_domain"":false,""excluded_calibration_samples"":0,""uncorrected_static_xyz_mm"":[-0.5849373655212473,-1.2722450136966685,0.1387633807610268],""unaligned_xyz_mm"":[-1.840455571140108,-0.8755743653333452,0.1387633807610268],""xy_rotation_deg"":-4.580684956890044,""xy_translation_mm"":[1.3195654319610284,-0.5464514666381837],""xy_translation_source"":""five_point_reassembly"",""xy_translation_details"":{""preset"":""5×5｜441点1mm连续"",""calibration_points"":5,""calibration_strategy"":""rigid_rotation_translation_v1"",""calibration_rms_mm"":0.507358956567797,""check_rms_mm"":null},""dynamic_model_enabled"":false,""dynamic_history_ready"":false,""dynamic_gate"":0.0,""contact_score"":0.9979116307924315,""contact_score_threshold"":0.49492851692021117,""status"":""有效"",""preset"":""5×5｜441点1mm连续"",""needs_baseline"":false,""display.contact"":true,""display.contact_reason"":""拟合响应/相似度接触门控"",""display.contact_segment"":615,""display.contact_age_ms"":617.2453,""display.contact_last_end_ns"":1240509495697500}"
S20260919_A,000134,170,1240510160460800,1240510190334900,NormalizedFit,1,1,True,unknown,False,False,0.0,0.7059080564267918,nan,nan,-0.4741626386343949,-0.5089765654921977,0.12007844115945765,x,y,z,-0.4741626386343949,-0.5089765654921977,0.12007844115945765,,,,,,,,0.7733386646101781,-0.6022385254833208,-0.08223651526376807,"{""x"":-0.4741626386343949,""y"":-0.5089765654921977,""z"":0.12007844115945765,""dx"":null,""dy"":null,""mode5"":null,""Q"":null,""X"":null,""Y"":null,""Z"":null,""dX"":0.7733386646101781,""dY"":-0.6022385254833208,""dZ"":-0.08223651526376807}","{""amplitude_uT"":244.43408538908818,""contact_threshold_uT"":40.0,""contact_gate"":""shape-aware ridge classifier + amplitude floor"",""cosine_similarity"":0.9952226721204568,""anti_jump_policy"":""快速门控（阈值/形状）"",""calibration_depth_range_mm"":[0.2,0.8],""depth_extrapolated"":true,""relative_reference"":""first valid prediction since B0/no-contact"",""xy_semantics"":""continuous XY RBF refit on all 441 positions at 1 mm spacing"",""fit_model"":""441点1 mm连续XY/RBF＋跨深度连续Z＋接触/释放门控"",""fit_variant"":""dense441_1mm_continuous_development"",""evidence_tier"":""development_dense441_single_repeat_random_validation_pending"",""continuous_xy_method"":""kernel_rbf"",""working_range_model"":false,""working_range_mm"":null,""outside_declared_working_range"":false,""calibration_domain_mm"":{""x"":[-10.0,10.0],""y"":[-10.0,10.0],""depth"":[0.2,0.8]},""xy_outside_calibration_domain"":false,""excluded_calibration_samples"":0,""uncorrected_static_xyz_mm"":[-0.4741626386343949,-0.5089765654921977,0.12007844115945765],""unaligned_xyz_mm"":[-1.7909915020843576,-0.10589711478363206,0.12007844115945765],""xy_rotation_deg"":-4.580684956890044,""xy_translation_mm"":[1.3195654319610284,-0.5464514666381837],""xy_translation_source"":""five_point_reassembly"",""xy_translation_details"":{""preset"":""5×5｜441点1mm连续"",""calibration_points"":5,""calibration_strategy"":""rigid_rotation_translation_v1"",""calibration_rms_mm"":0.507358956567797,""check_rms_mm"":null},""dynamic_model_enabled"":false,""dynamic_history_ready"":false,""dynamic_gate"":0.0,""contact_score"":0.9980658334688379,""contact_score_threshold"":0.49492851692021117,""status"":""有效"",""preset"":""5×5｜441点1mm连续"",""needs_baseline"":false,""display.contact"":true,""display.contact_reason"":""拟合响应/相似度接触门控"",""display.contact_segment"":615,""display.contact_age_ms"":628.2689,""display.contact_last_end_ns"":1240509495697500}"
S20260919_A,000134,171,1240510173287500,1240510193491000,NormalizedFit,1,1,True,unknown,False,False,0.0,0.8791874723752564,nan,nan,-0.6275266956970584,-0.602143089493288,0.12885867275663643,x,y,z,-0.6275266956970584,-0.602143089493288,0.12885867275663643,,,,,,,,0.6199746075475145,-0.6954050494844111,-0.0734562836665893,"{""x"":-0.6275266956970584,""y"":-0.602143089493288,""z"":0.12885867275663643,""dx"":null,""dy"":null,""mode5"":null,""Q"":null,""X"":null,""Y"":null,""Z"":null,""dX"":0.6199746075475145,""dY"":-0.6954050494844111,""dZ"":-0.0734562836665893}","{""amplitude_uT"":244.45541760257652,""contact_threshold_uT"":40.0,""contact_gate"":""shape-aware ridge classifier + amplitude floor"",""cosine_similarity"":0.9964055128525449,""anti_jump_policy"":""快速门控（阈值/形状）"",""calibration_depth_range_mm"":[0.2,0.8],""depth_extrapolated"":true,""relative_reference"":""first valid prediction since B0/no-contact"",""xy_semantics"":""continuous XY RBF refit on all 441 positions at 1 mm spacing"",""fit_model"":""441点1 mm连续XY/RBF＋跨深度连续Z＋接触/释放门控"",""fit_variant"":""dense441_1mm_continuous_development"",""evidence_tier"":""development_dense441_single_repeat_random_validation_pending"",""continuous_xy_method"":""kernel_rbf"",""working_range_model"":false,""working_range_mm"":null,""outside_declared_working_range"":false,""calibration_domain_mm"":{""x"":[-10.0,10.0],""y"":[-10.0,10.0],""depth"":[0.2,0.8]},""xy_outside_calibration_domain"":false,""excluded_calibration_samples"":0,""uncorrected_static_xyz_mm"":[-0.6275266956970584,-0.602143089493288,0.12885867275663643],""unaligned_xyz_mm"":[-1.9364251442524063,-0.21101414917340922,0.12885867275663643],""xy_rotation_deg"":-4.580684956890044,""xy_translation_mm"":[1.3195654319610284,-0.5464514666381837],""xy_translation_source"":""five_point_reassembly"",""xy_translation_details"":{""preset"":""5×5｜441点1mm连续"",""calibration_points"":5,""calibration_strategy"":""rigid_rotation_translation_v1"",""calibration_rms_mm"":0.507358956567797,""check_rms_mm"":null},""dynamic_model_enabled"":false,""dynamic_history_ready"":false,""dynamic_gate"":0.0,""contact_score"":0.9981902182992285,""contact_score_threshold"":0.49492851692021117,""status"":""有效"",""preset"":""5×5｜441点1mm连续"",""needs_baseline"":false,""display.contact"":true,""display.contact_reason"":""拟合响应/相似度接触门控"",""display.contact_segment"":615,""display.contact_age_ms"":641.0956,""display.contact_last_end_ns"":1240509495697500}"
S20260919_A,000134,172,1240510199299400,1240510245695500,NormalizedFit,1,1,True,unknown,False,False,0.0,0.9492877753544294,nan,nan,0.6717044688659561,-0.6625427202343319,0.10486911274229926,x,y,z,0.6717044688659561,-0.6625427202343319,0.10486911274229926,,,,,,,,1.9192057721105291,-0.755804680225455,-0.09744584368092646,"{""x"":0.6717044688659561,""y"":-0.6625427202343319,""z"":0.10486911274229926,""dx"":null,""dy"":null,""mode5"":null,""Q"":null,""X"":null,""Y"":null,""Z"":null,""dX"":1.9192057721105291,""dY"":-0.755804680225455,""dZ"":-0.09744584368092646}","{""amplitude_uT"":244.66792218024833,""contact_threshold_uT"":40.0,""contact_gate"":""shape-aware ridge classifier + amplitude floor"",""cosine_similarity"":0.9967277959299141,""anti_jump_policy"":""快速门控（阈值/形状）"",""calibration_depth_range_mm"":[0.2,0.8],""depth_extrapolated"":true,""relative_reference"":""first valid prediction since B0/no-contact"",""xy_semantics"":""continuous XY RBF refit on all 441 positions at 1 mm spacing"",""fit_model"":""441点1 mm连续XY/RBF＋跨深度连续Z＋接触/释放门控"",""fit_variant"":""dense441_1mm_continuous_development"",""evidence_tier"":""development_dense441_single_repeat_random_validation_pending"",""continuous_xy_method"":""kernel_rbf"",""working_range_model"":false,""working_range_mm"":null,""outside_declared_working_range"":false,""calibration_domain_mm"":{""x"":[-10.0,10.0],""y"":[-10.0,10.0],""depth"":[0.2,0.8]},""xy_outside_calibration_domain"":false,""excluded_calibration_samples"":0,""uncorrected_static_xyz_mm"":[0.6717044688659561,-0.6625427202343319,0.10486911274229926],""unaligned_xyz_mm"":[-0.6365202194850461,-0.1674604934027979,0.10486911274229926],""xy_rotation_deg"":-4.580684956890044,""xy_translation_mm"":[1.3195654319610284,-0.5464514666381837],""xy_translation_source"":""five_point_reassembly"",""xy_translation_details"":{""preset"":""5×5｜441点1mm连续"",""calibration_points"":5,""calibration_strategy"":""rigid_rotation_translation_v1"",""calibration_rms_mm"":0.507358956567797,""check_rms_mm"":null},""dynamic_model_enabled"":false,""dynamic_history_ready"":false,""dynamic_gate"":0.0,""contact_score"":0.997801168136041,""contact_score_threshold"":0.49492851692021117,""status"":""有效"",""preset"":""5×5｜441点1mm连续"",""needs_baseline"":false,""display.contact"":true,""display.contact_reason"":""拟合响应/相似度接触门控"",""display.contact_segment"":615,""display.contact_age_ms"":667.1075,""display.contact_last_end_ns"":1240509495697500}"
S20260919_A,000134,173,1240510226214800,1240510250283800,NormalizedFit,1,1,True,unknown,False,False,0.0,0.42276139258210466,nan,nan,0.3247948568701674,-0.24907413082968727,0.10581858702554914,x,y,z,0.3247948568701674,-0.24907413082968727,0.10581858702554914,,,,,,,,1.5722961601147403,-0.34233609082081035,-0.09649636939767658,"{""x"":0.3247948568701674,""y"":-0.24907413082968727,""z"":0.10581858702554914,""dx"":null,""dy"":null,""mode5"":null,""Q"":null,""X"":null,""Y"":null,""Z"":null,""dX"":1.5722961601147403,""dY"":-0.34233609082081035,""dZ"":-0.09649636939767658}","{""amplitude_uT"":246.66596345868234,""contact_threshold_uT"":40.0,""contact_gate"":""shape-aware ridge classifier + amplitude floor"",""cosine_similarity"":0.9970495634562034,""anti_jump_policy"":""快速门控（阈值/形状）"",""calibration_depth_range_mm"":[0.2,0.8],""depth_extrapolated"":true,""relative_reference"":""first valid prediction since B0/no-contact"",""xy_semantics"":""continuous XY RBF refit on all 441 positions at 1 mm spacing"",""fit_model"":""441点1 mm连续XY/RBF＋跨深度连续Z＋接触/释放门控"",""fit_variant"":""dense441_1mm_continuous_development"",""evidence_tier"":""development_dense441_single_repeat_random_validation_pending"",""continuous_xy_method"":""kernel_rbf"",""working_range_model"":false,""working_range_mm"":null,""outside_declared_working_range"":false,""calibration_domain_mm"":{""x"":[-10.0,10.0],""y"":[-10.0,10.0],""depth"":[0.2,0.8]},""xy_outside_calibration_domain"":false,""excluded_calibration_samples"":0,""uncorrected_static_xyz_mm"":[0.3247948568701674,-0.24907413082968727,0.10581858702554914],""unaligned_xyz_mm"":[-1.0153425511952272,0.21698221275378504,0.10581858702554914],""xy_rotation_deg"":-4.580684956890044,""xy_translation_mm"":[1.3195654319610284,-0.5464514666381837],""xy_translation_source"":""five_point_reassembly"",""xy_translation_details"":{""preset"":""5×5｜441点1mm连续"",""calibration_points"":5,""calibration_strategy"":""rigid_rotation_translation_v1"",""calibration_rms_mm"":0.507358956567797,""check_rms_mm"":null},""dynamic_model_enabled"":false,""dynamic_history_ready"":false,""dynamic_gate"":0.0,""contact_score"":0.9975248876353958,""contact_score_threshold"":0.49492851692021117,""status"":""有效"",""preset"":""5×5｜441点1mm连续"",""needs_baseline"":false,""display.contact"":true,""display.contact_reason"":""拟合响应/相似度接触门控"",""display.contact_segment"":615,""display.contact_age_ms"":694.0229,""display.contact_last_end_ns"":1240509495697500}"
S20260919_A,000134,174,1240510236138500,1240510253122500,NormalizedFit,1,1,True,unknown,False,False,0.0,0.7005904297261853,nan,nan,-0.19682010019408058,-0.6619033595949462,0.11820634898530791,x,y,z,-0.19682010019408058,-0.6619033595949462,0.11820634898530791,,,,,,,,1.0506812030504924,-0.7551653195860693,-0.08410860743791782,"{""x"":-0.19682010019408058,""y"":-0.6619033595949462,""z"":0.11820634898530791,""dx"":null,""dy"":null,""mode5"":null,""Q"":null,""X"":null,""Y"":null,""Z"":null,""dX"":1.0506812030504924,""dY"":-0.7551653195860693,""dZ"":-0.08410860743791782}","{""amplitude_uT"":259.53269529483214,""contact_threshold_uT"":40.0,""contact_gate"":""shape-aware ridge classifier + amplitude floor"",""cosine_similarity"":0.996903681947671,""anti_jump_policy"":""快速门控（阈值/形状）"",""calibration_depth_range_mm"":[0.2,0.8],""depth_extrapolated"":true,""relative_reference"":""first valid prediction since B0/no-contact"",""xy_semantics"":""continuous XY RBF refit on all 441 positions at 1 mm spacing"",""fit_model"":""441点1 mm连续XY/RBF＋跨深度连续Z＋接触/释放门控"",""fit_variant"":""dense441_1mm_continuous_development"",""evidence_tier"":""development_dense441_single_repeat_random_validation_pending"",""continuous_xy_method"":""kernel_rbf"",""working_range_model"":false,""working_range_mm"":null,""outside_declared_working_range"":false,""calibration_domain_mm"":{""x"":[-10.0,10.0],""y"":[-10.0,10.0],""depth"":[0.2,0.8]},""xy_outside_calibration_domain"":false,""excluded_calibration_samples"":0,""uncorrected_static_xyz_mm"":[-0.19682010019408058,-0.6619033595949462,0.11820634898530791],""unaligned_xyz_mm"":[-1.5023216587275567,-0.23618606105084883,0.11820634898530791],""xy_rotation_deg"":-4.580684956890044,""xy_translation_mm"":[1.3195654319610284,-0.5464514666381837],""xy_translation_source"":""five_point_reassembly"",""xy_translation_details"":{""preset"":""5×5｜441点1mm连续"",""calibration_points"":5,""calibration_strategy"":""rigid_rotation_translation_v1"",""calibration_rms_mm"":0.507358956567797,""check_rms_mm"":null},""dynamic_model_enabled"":false,""dynamic_history_ready"":false,""dynamic_gate"":0.0,""contact_score"":0.997693239940711,""contact_score_threshold"":0.49492851692021117,""status"":""有效"",""preset"":""5×5｜441点1mm连续"",""needs_baseline"":false,""display.contact"":true,""display.contact_reason"":""拟合响应/相似度接触门控"",""display.contact_segment"":615,""display.contact_age_ms"":703.9466,""display.contact_last_end_ns"":1240509495697500}"
S20260919_A,000134,175,1240510262042500,1240510286150700,NormalizedFit,1,1,True,unknown,False,False,0.0,1.2493533267035568,nan,nan,-0.926522490921929,-0.8217124518826746,0.16501046991640111,x,y,z,-0.926522490921929,-0.8217124518826746,0.16501046991640111,,,,,,,,0.320978812322644,-0.9149744118737977,-0.03730448650682461,"{""x"":-0.926522490921929,""y"":-0.8217124518826746,""z"":0.16501046991640111,""dx"":null,""dy"":null,""mode5"":null,""Q"":null,""X"":null,""Y"":null,""Z"":null,""dX"":0.320978812322644,""dY"":-0.9149744118737977,""dZ"":-0.03730448650682461}","{""amplitude_uT"":322.2641839888513,""contact_threshold_uT"":40.0,""contact_gate"":""shape-aware ridge classifier + amplitude floor"",""cosine_similarity"":0.9922235180832293,""anti_jump_policy"":""快速门控（阈值/形状）"",""calibration_depth_range_mm"":[0.2,0.8],""depth_extrapolated"":true,""relative_reference"":""first valid prediction since B0/no-contact"",""xy_semantics"":""continuous XY RBF refit on all 441 positions at 1 mm spacing"",""fit_model"":""441点1 mm连续XY/RBF＋跨深度连续Z＋接触/释放门控"",""fit_variant"":""dense441_1mm_continuous_development"",""evidence_tier"":""development_dense441_single_repeat_random_validation_pending"",""continuous_xy_method"":""kernel_rbf"",""working_range_model"":false,""working_range_mm"":null,""outside_declared_working_range"":false,""calibration_domain_mm"":{""x"":[-10.0,10.0],""y"":[-10.0,10.0],""depth"":[0.2,0.8]},""xy_outside_calibration_domain"":false,""excluded_calibration_samples"":0,""uncorrected_static_xyz_mm"":[-0.926522490921929,-0.8217124518826746,0.16501046991640111],""unaligned_xyz_mm"":[-2.2169304595430743,-0.4537608454555988,0.16501046991640111],""xy_rotation_deg"":-4.580684956890044,""xy_translation_mm"":[1.3195654319610284,-0.5464514666381837],""xy_translation_source"":""five_point_reassembly"",""xy_translation_details"":{""preset"":""5×5｜441点1mm连续"",""calibration_points"":5,""calibration_strategy"":""rigid_rotation_translation_v1"",""calibration_rms_mm"":0.507358956567797,""check_rms_mm"":null},""dynamic_model_enabled"":false,""dynamic_history_ready"":false,""dynamic_gate"":0.0,""contact_score"":0.9984393130848461,""contact_score_threshold"":0.49492851692021117,""status"":""有效"",""preset"":""5×5｜441点1mm连续"",""needs_baseline"":false,""display.contact"":true,""display.contact_reason"":""拟合响应/相似度接触门控"",""display.contact_segment"":615,""display.contact_age_ms"":729.8506,""display.contact_last_end_ns"":1240509495697500}"
S20260919_A,000134,176,1240510288980400,1240510321252900,NormalizedFit,1,1,True,unknown,False,False,0.0,0.5532852772959267,nan,nan,-0.1799269572501767,-0.49757234784330484,0.16177962414601177,x,y,z,-0.1799269572501767,-0.49757234784330484,0.16177962414601177,,,,,,,,1.0675743459943963,-0.5908343078344279,-0.040535332277213953,"{""x"":-0.1799269572501767,""y"":-0.49757234784330484,""z"":0.16177962414601177,""dx"":null,""dy"":null,""mode5"":null,""Q"":null,""X"":null,""Y"":null,""Z"":null,""dX"":1.0675743459943963,""dY"":-0.5908343078344279,""dZ"":-0.040535332277213953}","{""amplitude_uT"":357.8036710306368,""contact_threshold_uT"":40.0,""contact_gate"":""shape-aware ridge classifier + amplitude floor"",""cosine_similarity"":0.9914453372047537,""anti_jump_policy"":""快速门控（阈值/形状）"",""calibration_depth_range_mm"":[0.2,0.8],""depth_extrapolated"":true,""relative_reference"":""first valid prediction since B0/no-contact"",""xy_semantics"":""continuous XY RBF refit on all 441 positions at 1 mm spacing"",""fit_model"":""441点1 mm连续XY/RBF＋跨深度连续Z＋接触/释放门控"",""fit_variant"":""dense441_1mm_continuous_development"",""evidence_tier"":""development_dense441_single_repeat_random_validation_pending"",""continuous_xy_method"":""kernel_rbf"",""working_range_model"":false,""working_range_mm"":null,""outside_declared_working_range"":false,""calibration_domain_mm"":{""x"":[-10.0,10.0],""y"":[-10.0,10.0],""depth"":[0.2,0.8]},""xy_outside_calibration_domain"":false,""excluded_calibration_samples"":0,""uncorrected_static_xyz_mm"":[-0.1799269572501767,-0.49757234784330484,0.16177962414601177],""unaligned_xyz_mm"":[-1.4986064251489177,-0.07103081063083527,0.16177962414601177],""xy_rotation_deg"":-4.580684956890044,""xy_translation_mm"":[1.3195654319610284,-0.5464514666381837],""xy_translation_source"":""five_point_reassembly"",""xy_translation_details"":{""preset"":""5×5｜441点1mm连续"",""calibration_points"":5,""calibration_strategy"":""rigid_rotation_translation_v1"",""calibration_rms_mm"":0.507358956567797,""check_rms_mm"":null},""dynamic_model_enabled"":false,""dynamic_history_ready"":false,""dynamic_gate"":0.0,""contact_score"":0.9988922721371608,""contact_score_threshold"":0.49492851692021117,""status"":""有效"",""preset"":""5×5｜441点1mm连续"",""needs_baseline"":false,""display.contact"":true,""display.contact_reason"":""拟合响应/相似度接触门控"",""display.contact_segment"":615,""display.contact_age_ms"":756.7885,""display.contact_last_end_ns"":1240509495697500}"
S20260919_A,000134,177,1240510301009900,1240510324169900,NormalizedFit,1,1,True,unknown,False,False,0.0,0.3265878920349143,nan,nan,-0.23689738860508935,-0.1606219768736844,0.15728909384025236,x,y,z,-0.23689738860508935,-0.1606219768736844,0.15728909384025236,,,,,,,,1.0106039146394836,-0.2538839368648075,-0.045025862582973364,"{""x"":-0.23689738860508935,""y"":-0.1606219768736844,""z"":0.15728909384025236,""dx"":null,""dy"":null,""mode5"":null,""Q"":null,""X"":null,""Y"":null,""Z"":null,""dX"":1.0106039146394836,""dY"":-0.2538839368648075,""dZ"":-0.045025862582973364}","{""amplitude_uT"":378.8184579505074,""contact_threshold_uT"":40.0,""contact_gate"":""shape-aware ridge classifier + amplitude floor"",""cosine_similarity"":0.991284260327638,""anti_jump_policy"":""快速门控（阈值/形状）"",""calibration_depth_range_mm"":[0.2,0.8],""depth_extrapolated"":true,""relative_reference"":""first valid prediction since B0/no-contact"",""xy_semantics"":""continuous XY RBF refit on all 441 positions at 1 mm spacing"",""fit_model"":""441点1 mm连续XY/RBF＋跨深度连续Z＋接触/释放门控"",""fit_variant"":""dense441_1mm_continuous_development"",""evidence_tier"":""development_dense441_single_repeat_random_validation_pending"",""continuous_xy_method"":""kernel_rbf"",""working_range_model"":false,""working_range_mm"":null,""outside_declared_working_range"":false,""calibration_domain_mm"":{""x"":[-10.0,10.0],""y"":[-10.0,10.0],""depth"":[0.2,0.8]},""xy_outside_calibration_domain"":false,""excluded_calibration_samples"":0,""uncorrected_static_xyz_mm"":[-0.23689738860508935,-0.1606219768736844,0.15728909384025236],""unaligned_xyz_mm"":[-1.5823047167903856,0.2602934693753687,0.15728909384025236],""xy_rotation_deg"":-4.580684956890044,""xy_translation_mm"":[1.3195654319610284,-0.5464514666381837],""xy_translation_source"":""five_point_reassembly"",""xy_translation_details"":{""preset"":""5×5｜441点1mm连续"",""calibration_points"":5,""calibration_strategy"":""rigid_rotation_translation_v1"",""calibration_rms_mm"":0.507358956567797,""check_rms_mm"":null},""dynamic_model_enabled"":false,""dynamic_history_ready"":false,""dynamic_gate"":0.0,""contact_score"":0.9991682413271427,""contact_score_threshold"":0.49492851692021117,""status"":""有效"",""preset"":""5×5｜441点1mm连续"",""needs_baseline"":false,""display.contact"":true,""display.contact_reason"":""拟合响应/相似度接触门控"",""display.contact_segment"":615,""display.contact_age_ms"":768.818,""display.contact_last_end_ns"":1240509495697500}"
S20260919_A,000134,178,1240510326918300,1240510376250000,NormalizedFit,1,1,True,unknown,False,False,0.0,0.4908579484760139,nan,nan,-0.3028122108264988,-0.3441931681187804,0.17543475589747348,x,y,z,-0.3028122108264988,-0.3441931681187804,0.17543475589747348,,,,,,,,0.9446890924180742,-0.4374551281099035,-0.02688020052575224,"{""x"":-0.3028122108264988,""y"":-0.3441931681187804,""z"":0.17543475589747348,""dx"":null,""dy"":null,""mode5"":null,""Q"":null,""X"":null,""Y"":null,""Z"":null,""dX"":0.9446890924180742,""dY"":-0.4374551281099035,""dZ"":-0.02688020052575224}","{""amplitude_uT"":389.1205377784625,""contact_threshold_uT"":40.0,""contact_gate"":""shape-aware ridge classifier + amplitude floor"",""cosine_similarity"":0.9912854930439093,""anti_jump_policy"":""快速门控（阈值/形状）"",""calibration_depth_range_mm"":[0.2,0.8],""depth_extrapolated"":true,""relative_reference"":""first valid prediction since B0/no-contact"",""xy_semantics"":""continuous XY RBF refit on all 441 positions at 1 mm spacing"",""fit_model"":""441点1 mm连续XY/RBF＋跨深度连续Z＋接触/释放门控"",""fit_variant"":""dense441_1mm_continuous_development"",""evidence_tier"":""development_dense441_single_repeat_random_validation_pending"",""continuous_xy_method"":""kernel_rbf"",""working_range_model"":false,""working_range_mm"":null,""outside_declared_working_range"":false,""calibration_domain_mm"":{""x"":[-10.0,10.0],""y"":[-10.0,10.0],""depth"":[0.2,0.8]},""xy_outside_calibration_domain"":false,""excluded_calibration_samples"":0,""uncorrected_static_xyz_mm"":[-0.3028122108264988,-0.3441931681187804,0.17543475589747348],""unaligned_xyz_mm"":[-1.633348471004146,0.07204448212872006,0.17543475589747348],""xy_rotation_deg"":-4.580684956890044,""xy_translation_mm"":[1.3195654319610284,-0.5464514666381837],""xy_translation_source"":""five_point_reassembly"",""xy_translation_details"":{""preset"":""5×5｜441点1mm连续"",""calibration_points"":5,""calibration_strategy"":""rigid_rotation_translation_v1"",""calibration_rms_mm"":0.507358956567797,""check_rms_mm"":null},""dynamic_model_enabled"":false,""dynamic_history_ready"":false,""dynamic_gate"":0.0,""contact_score"":0.9992267486186602,""contact_score_threshold"":0.49492851692021117,""status"":""有效"",""preset"":""5×5｜441点1mm连续"",""needs_baseline"":false,""display.contact"":true,""display.contact_reason"":""拟合响应/相似度接触门控"",""display.contact_segment"":615,""display.contact_age_ms"":794.7264,""display.contact_last_end_ns"":1240509495697500}"
S20260919_A,000134,179,1240510353387600,1240510379573300,NormalizedFit,1,1,True,unknown,False,False,0.0,0.6087957005039599,nan,nan,-0.5440149248445239,-0.20419628436769877,0.18161454773486685,x,y,z,-0.5440149248445239,-0.20419628436769877,0.18161454773486685,,,,,,,,0.7034863784000491,-0.29745824435882184,-0.020700408688358873,"{""x"":-0.5440149248445239,""y"":-0.20419628436769877,""z"":0.18161454773486685,""dx"":null,""dy"":null,""mode5"":null,""Q"":null,""X"":null,""Y"":null,""Z"":null,""dX"":0.7034863784000491,""dY"":-0.29745824435882184,""dZ"":-0.020700408688358873}","{""amplitude_uT"":391.26711406787035,""contact_threshold_uT"":40.0,""contact_gate"":""shape-aware ridge classifier + amplitude floor"",""cosine_similarity"":0.9930792302190137,""anti_jump_policy"":""快速门控（阈值/形状）"",""calibration_depth_range_mm"":[0.2,0.8],""depth_extrapolated"":true,""relative_reference"":""first valid prediction since B0/no-contact"",""xy_semantics"":""continuous XY RBF refit on all 441 positions at 1 mm spacing"",""fit_model"":""441点1 mm连续XY/RBF＋跨深度连续Z＋接触/释放门控"",""fit_variant"":""dense441_1mm_continuous_development"",""evidence_tier"":""development_dense441_single_repeat_random_validation_pending"",""continuous_xy_method"":""kernel_rbf"",""working_range_model"":false,""working_range_mm"":null,""outside_declared_working_range"":false,""calibration_domain_mm"":{""x"":[-10.0,10.0],""y"":[-10.0,10.0],""depth"":[0.2,0.8]},""xy_outside_calibration_domain"":false,""excluded_calibration_samples"":0,""uncorrected_static_xyz_mm"":[-0.5440149248445239,-0.20419628436769877,0.18161454773486685],""unaligned_xyz_mm"":[-1.884961305611198,0.19233104900415876,0.18161454773486685],""xy_rotation_deg"":-4.580684956890044,""xy_translation_mm"":[1.3195654319610284,-0.5464514666381837],""xy_translation_source"":""five_point_reassembly"",""xy_translation_details"":{""preset"":""5×5｜441点1mm连续"",""calibration_points"":5,""calibration_strategy"":""rigid_rotation_translation_v1"",""calibration_rms_mm"":0.507358956567797,""check_rms_mm"":null},""dynamic_model_enabled"":false,""dynamic_history_ready"":false,""dynamic_gate"":0.0,""contact_score"":0.9992946666909615,""contact_score_threshold"":0.49492851692021117,""status"":""有效"",""preset"":""5×5｜441点1mm连续"",""needs_baseline"":false,""display.contact"":true,""display.contact_reason"":""拟合响应/相似度接触门控"",""display.contact_segment"":615,""display.contact_age_ms"":821.1957,""display.contact_last_end_ns"":1240509495697500}"
S20260919_A,000134,180,1240510379703300,1240510414868900,NormalizedFit,1,1,True,unknown,False,False,0.0,0.9474712013855822,nan,nan,-0.07093382032257467,-0.9266816160038505,0.1842043787481049,x,y,z,-0.07093382032257467,-0.9266816160038505,0.1842043787481049,,,,,,,,1.1765674829219983,-1.0199435759949735,-0.01811057767512081,"{""x"":-0.07093382032257467,""y"":-0.9266816160038505,""z"":0.1842043787481049,""dx"":null,""dy"":null,""mode5"":null,""Q"":null,""X"":null,""Y"":null,""Z"":null,""dX"":1.1765674829219983,""dY"":-1.0199435759949735,""dZ"":-0.01811057767512081}","{""amplitude_uT"":396.301429557099,""contact_threshold_uT"":40.0,""contact_gate"":""shape-aware ridge classifier + amplitude floor"",""cosine_similarity"":0.9947116054519247,""anti_jump_policy"":""快速门控（阈值/形状）"",""calibration_depth_range_mm"":[0.2,0.8],""depth_extrapolated"":true,""relative_reference"":""first valid prediction since B0/no-contact"",""xy_semantics"":""continuous XY RBF refit on all 441 positions at 1 mm spacing"",""fit_model"":""441点1 mm连续XY/RBF＋跨深度连续Z＋接触/释放门控"",""fit_variant"":""dense441_1mm_continuous_development"",""evidence_tier"":""development_dense441_single_repeat_random_validation_pending"",""continuous_xy_method"":""kernel_rbf"",""working_range_model"":false,""working_range_mm"":null,""outside_declared_working_range"":false,""calibration_domain_mm"":{""x"":[-10.0,10.0],""y"":[-10.0,10.0],""depth"":[0.2,0.8]},""xy_outside_calibration_domain"":false,""excluded_calibration_samples"":0,""uncorrected_static_xyz_mm"":[-0.07093382032257467,-0.9266816160038505,0.1842043787481049],""unaligned_xyz_mm"":[-1.355691519567043,-0.4900649353523452,0.1842043787481049],""xy_rotation_deg"":-4.580684956890044,""xy_translation_mm"":[1.3195654319610284,-0.5464514666381837],""xy_translation_source"":""five_point_reassembly"",""xy_translation_details"":{""preset"":""5×5｜441点1mm连续"",""calibration_points"":5,""calibration_strategy"":""rigid_rotation_translation_v1"",""calibration_rms_mm"":0.507358956567797,""check_rms_mm"":null},""dynamic_model_enabled"":false,""dynamic_history_ready"":false,""dynamic_gate"":0.0,""contact_score"":0.9991789649277465,""contact_score_threshold"":0.49492851692021117,""status"":""有效"",""preset"":""5×5｜441点1mm连续"",""needs_baseline"":false,""display.contact"":true,""display.contact_reason"":""拟合响应/相似度接触门控"",""display.contact_segment"":615,""display.contact_age_ms"":847.5114,""display.contact_last_end_ns"":1240509495697500}"
S20260919_A,000134,181,1240510391273100,1240510418237800,NormalizedFit,1,1,True,unknown,False,False,0.0,0.754760736529131,nan,nan,-0.13656771480224927,-0.7155736238518636,0.19740166546207116,x,y,z,-0.13656771480224927,-0.7155736238518636,0.19740166546207116,,,,,,,,1.1109335884423237,-0.8088355838429867,-0.004913290961154559,"{""x"":-0.13656771480224927,""y"":-0.7155736238518636,""z"":0.19740166546207116,""dx"":null,""dy"":null,""mode5"":null,""Q"":null,""X"":null,""Y"":null,""Z"":null,""dX"":1.1109335884423237,""dY"":-0.8088355838429867,""dZ"":-0.004913290961154559}","{""amplitude_uT"":399.2353894759336,""contact_threshold_uT"":40.0,""contact_gate"":""shape-aware ridge classifier + amplitude floor"",""cosine_similarity"":0.9947890059294646,""anti_jump_policy"":""快速门控（阈值/形状）"",""calibration_depth_range_mm"":[0.2,0.8],""depth_extrapolated"":true,""relative_reference"":""first valid prediction since B0/no-contact"",""xy_semantics"":""continuous XY RBF refit on all 441 positions at 1 mm spacing"",""fit_model"":""441点1 mm连续XY/RBF＋跨深度连续Z＋接触/释放门控"",""fit_variant"":""dense441_1mm_continuous_development"",""evidence_tier"":""development_dense441_single_repeat_random_validation_pending"",""continuous_xy_method"":""kernel_rbf"",""working_range_model"":false,""working_range_mm"":null,""outside_declared_working_range"":false,""calibration_domain_mm"":{""x"":[-10.0,10.0],""y"":[-10.0,10.0],""depth"":[0.2,0.8]},""xy_outside_calibration_domain"":false,""excluded_calibration_samples"":0,""uncorrected_static_xyz_mm"":[-0.13656771480224927,-0.7155736238518636,0.19740166546207116],""unaligned_xyz_mm"":[-1.43797546536954,-0.28487296494856906,0.19740166546207116],""xy_rotation_deg"":-4.580684956890044,""xy_translation_mm"":[1.3195654319610284,-0.5464514666381837],""xy_translation_source"":""five_point_reassembly"",""xy_translation_details"":{""preset"":""5×5｜441点1mm连续"",""calibration_points"":5,""calibration_strategy"":""rigid_rotation_translation_v1"",""calibration_rms_mm"":0.507358956567797,""check_rms_mm"":null},""dynamic_model_enabled"":false,""dynamic_history_ready"":false,""dynamic_gate"":0.0,""contact_score"":0.9992910876266029,""contact_score_threshold"":0.49492851692021117,""status"":""有效"",""preset"":""5×5｜441点1mm连续"",""needs_baseline"":false,""display.contact"":true,""display.contact_reason"":""拟合响应/相似度接触门控"",""display.contact_segment"":615,""display.contact_age_ms"":859.0812,""display.contact_last_end_ns"":1240509495697500}"
S20260919_A,000134,182,1240510418400400,1240510470530900,NormalizedFit,1,1,True,unknown,False,False,0.0,0.5694117331498196,nan,nan,-0.1708605339256053,-0.5073218494470825,0.19406426994408388,x,y,z,-0.1708605339256053,-0.5073218494470825,0.19406426994408388,,,,,,,,1.0766407693189677,-0.6005838094382056,-0.008250686479141844,"{""x"":-0.1708605339256053,""y"":-0.5073218494470825,""z"":0.19406426994408388,""dx"":null,""dy"":null,""mode5"":null,""Q"":null,""X"":null,""Y"":null,""Z"":null,""dX"":1.0766407693189677,""dY"":-0.6005838094382056,""dZ"":-0.008250686479141844}","{""amplitude_uT"":405.7579405236577,""contact_threshold_uT"":40.0,""contact_gate"":""shape-aware ridge classifier + amplitude floor"",""cosine_similarity"":0.995078735761516,""anti_jump_policy"":""快速门控（阈值/形状）"",""calibration_depth_range_mm"":[0.2,0.8],""depth_extrapolated"":true,""relative_reference"":""first valid prediction since B0/no-contact"",""xy_semantics"":""continuous XY RBF refit on all 441 positions at 1 mm spacing"",""fit_model"":""441点1 mm连续XY/RBF＋跨深度连续Z＋接触/释放门控"",""fit_variant"":""dense441_1mm_continuous_development"",""evidence_tier"":""development_dense441_single_repeat_random_validation_pending"",""continuous_xy_method"":""kernel_rbf"",""working_range_model"":false,""working_range_mm"":null,""outside_declared_working_range"":false,""calibration_domain_mm"":{""x"":[-10.0,10.0],""y"":[-10.0,10.0],""depth"":[0.2,0.8]},""xy_outside_calibration_domain"":false,""excluded_calibration_samples"":0,""uncorrected_static_xyz_mm"":[-0.1708605339256053,-0.5073218494470825,0.19406426994408388],""unaligned_xyz_mm"":[-1.4887903378514533,-0.08002510012978714,0.19406426994408388],""xy_rotation_deg"":-4.580684956890044,""xy_translation_mm"":[1.3195654319610284,-0.5464514666381837],""xy_translation_source"":""five_point_reassembly"",""xy_translation_details"":{""preset"":""5×5｜441点1mm连续"",""calibration_points"":5,""calibration_strategy"":""rigid_rotation_translation_v1"",""calibration_rms_mm"":0.507358956567797,""check_rms_mm"":null},""dynamic_model_enabled"":false,""dynamic_history_ready"":false,""dynamic_gate"":0.0,""contact_score"":0.9992941925775227,""contact_score_threshold"":0.49492851692021117,""status"":""有效"",""preset"":""5×5｜441点1mm连续"",""needs_baseline"":false,""display.contact"":true,""display.contact_reason"":""拟合响应/相似度接触门控"",""display.contact_segment"":615,""display.contact_age_ms"":886.2085,""display.contact_last_end_ns"":1240509495697500}"
S20260919_A,000134,183,1240510445179000,1240510473306700,NormalizedFit,1,1,True,unknown,False,False,0.0,0.393067706920431,nan,nan,-0.2523793974104269,-0.24344961731593479,0.17759264009288378,x,y,z,-0.2523793974104269,-0.24344961731593479,0.17759264009288378,,,,,,,,0.9951219058341461,-0.33671157730705786,-0.024722316330341942,"{""x"":-0.2523793974104269,""y"":-0.24344961731593479,""z"":0.17759264009288378,""dx"":null,""dy"":null,""mode5"":null,""Q"":null,""X"":null,""Y"":null,""Z"":null,""dX"":0.9951219058341461,""dY"":-0.33671157730705786,""dZ"":-0.024722316330341942}","{""amplitude_uT"":405.13391633137843,""contact_threshold_uT"":40.0,""contact_gate"":""shape-aware ridge classifier + amplitude floor"",""cosine_similarity"":0.9951564701607866,""anti_jump_policy"":""快速门控（阈值/形状）"",""calibration_depth_range_mm"":[0.2,0.8],""depth_extrapolated"":true,""relative_reference"":""first valid prediction since B0/no-contact"",""xy_semantics"":""continuous XY RBF refit on all 441 positions at 1 mm spacing"",""fit_model"":""441点1 mm连续XY/RBF＋跨深度连续Z＋接触/释放门控"",""fit_variant"":""dense441_1mm_continuous_development"",""evidence_tier"":""development_dense441_single_repeat_random_validation_pending"",""continuous_xy_method"":""kernel_rbf"",""working_range_model"":false,""working_range_mm"":null,""outside_declared_working_range"":false,""calibration_domain_mm"":{""x"":[-10.0,10.0],""y"":[-10.0,10.0],""depth"":[0.2,0.8]},""xy_outside_calibration_domain"":false,""excluded_calibration_samples"":0,""uncorrected_static_xyz_mm"":[-0.2523793974104269,-0.24344961731593479,0.17759264009288378],""unaligned_xyz_mm"":[-1.5911224187424962,0.1764939541610011,0.17759264009288378],""xy_rotation_deg"":-4.580684956890044,""xy_translation_mm"":[1.3195654319610284,-0.5464514666381837],""xy_translation_source"":""five_point_reassembly"",""xy_translation_details"":{""preset"":""5×5｜441点1mm连续"",""calibration_points"":5,""calibration_strategy"":""rigid_rotation_translation_v1"",""calibration_rms_mm"":0.507358956567797,""check_rms_mm"":null},""dynamic_model_enabled"":false,""dynamic_history_ready"":false,""dynamic_gate"":0.0,""contact_score"":0.9994363768152102,""contact_score_threshold"":0.49492851692021117,""status"":""有效"",""preset"":""5×5｜441点1mm连续"",""needs_baseline"":false,""display.contact"":true,""display.contact_reason"":""拟合响应/相似度接触门控"",""display.contact_segment"":615,""display.contact_age_ms"":912.9871,""display.contact_last_end_ns"":1240509495697500}"
S20260919_A,000134,184,1240510456263800,1240510476162100,NormalizedFit,1,1,True,unknown,False,False,0.0,0.4441004406974145,nan,nan,-0.3984786043173325,-0.0553798192590253,0.18807732172642777,x,y,z,-0.3984786043173325,-0.0553798192590253,0.18807732172642777,,,,,,,,0.8490226989272405,-0.14864177925014838,-0.014237634696797952,"{""x"":-0.3984786043173325,""y"":-0.0553798192590253,""z"":0.18807732172642777,""dx"":null,""dy"":null,""mode5"":null,""Q"":null,""X"":null,""Y"":null,""Z"":null,""dX"":0.8490226989272405,""dY"":-0.14864177925014838,""dZ"":-0.014237634696797952}","{""amplitude_uT"":405.94128333171574,""contact_threshold_uT"":40.0,""contact_gate"":""shape-aware ridge classifier + amplitude floor"",""cosine_similarity"":0.9952767468340475,""anti_jump_policy"":""快速门控（阈值/形状）"",""calibration_depth_range_mm"":[0.2,0.8],""depth_extrapolated"":true,""relative_reference"":""first valid prediction since B0/no-contact"",""xy_semantics"":""continuous XY RBF refit on all 441 positions at 1 mm spacing"",""fit_model"":""441点1 mm连续XY/RBF＋跨深度连续Z＋接触/释放门控"",""fit_variant"":""dense441_1mm_continuous_development"",""evidence_tier"":""development_dense441_single_repeat_random_validation_pending"",""continuous_xy_method"":""kernel_rbf"",""working_range_model"":false,""working_range_mm"":null,""outside_declared_working_range"":false,""calibration_domain_mm"":{""x"":[-10.0,10.0],""y"":[-10.0,10.0],""depth"":[0.2,0.8]},""xy_outside_calibration_domain"":false,""excluded_calibration_samples"":0,""uncorrected_static_xyz_mm"":[-0.3984786043173325,-0.0553798192590253,0.18807732172642777],""unaligned_xyz_mm"":[-1.751774762453496,0.3522951249766595,0.18807732172642777],""xy_rotation_deg"":-4.580684956890044,""xy_translation_mm"":[1.3195654319610284,-0.5464514666381837],""xy_translation_source"":""five_point_reassembly"",""xy_translation_details"":{""preset"":""5×5｜441点1mm连续"",""calibration_points"":5,""calibration_strategy"":""rigid_rotation_translation_v1"",""calibration_rms_mm"":0.507358956567797,""check_rms_mm"":null},""dynamic_model_enabled"":false,""dynamic_history_ready"":false,""dynamic_gate"":0.0,""contact_score"":0.9994852003061543,""contact_score_threshold"":0.49492851692021117,""status"":""有效"",""preset"":""5×5｜441点1mm连续"",""needs_baseline"":false,""display.contact"":true,""display.contact_reason"":""拟合响应/相似度接触门控"",""display.contact_segment"":615,""display.contact_age_ms"":924.0719,""display.contact_last_end_ns"":1240509495697500}"
S20260919_A,000134,185,1240510483039100,1240510514939600,NormalizedFit,1,1,True,unknown,False,False,0.0,0.4170045067755286,nan,nan,-0.3539574762284994,-0.09257512089940195,0.20009175566103232,x,y,z,-0.3539574762284994,-0.09257512089940195,0.20009175566103232,,,,,,,,0.8935438270160736,-0.18583708089052503,-0.0022232007621934002,"{""x"":-0.3539574762284994,""y"":-0.09257512089940195,""z"":0.20009175566103232,""dx"":null,""dy"":null,""mode5"":null,""Q"":null,""X"":null,""Y"":null,""Z"":null,""dX"":0.8935438270160736,""dY"":-0.18583708089052503,""dZ"":-0.0022232007621934002}","{""amplitude_uT"":409.45318485756155,""contact_threshold_uT"":40.0,""contact_gate"":""shape-aware ridge classifier + amplitude floor"",""cosine_similarity"":0.9946332412139117,""anti_jump_policy"":""快速门控（阈值/形状）"",""calibration_depth_range_mm"":[0.2,0.8],""depth_extrapolated"":false,""relative_reference"":""first valid prediction since B0/no-contact"",""xy_semantics"":""continuous XY RBF refit on all 441 positions at 1 mm spacing"",""fit_model"":""441点1 mm连续XY/RBF＋跨深度连续Z＋接触/释放门控"",""fit_variant"":""dense441_1mm_continuous_development"",""evidence_tier"":""development_dense441_single_repeat_random_validation_pending"",""continuous_xy_method"":""kernel_rbf"",""working_range_model"":false,""working_range_mm"":null,""outside_declared_working_range"":false,""calibration_domain_mm"":{""x"":[-10.0,10.0],""y"":[-10.0,10.0],""depth"":[0.2,0.8]},""xy_outside_calibration_domain"":false,""excluded_calibration_samples"":0,""uncorrected_static_xyz_mm"":[-0.3539574762284994,-0.09257512089940195,0.20009175566103232],""unaligned_xyz_mm"":[-1.7044253167273717,0.3187742165783223,0.20009175566103232],""xy_rotation_deg"":-4.580684956890044,""xy_translation_mm"":[1.3195654319610284,-0.5464514666381837],""xy_translation_source"":""five_point_reassembly"",""xy_translation_details"":{""preset"":""5×5｜441点1mm连续"",""calibration_points"":5,""calibration_strategy"":""rigid_rotation_translation_v1"",""calibration_rms_mm"":0.507358956567797,""check_rms_mm"":null},""dynamic_model_enabled"":false,""dynamic_history_ready"":false,""dynamic_gate"":0.0,""contact_score"":0.9996349958575357,""contact_score_threshold"":0.49492851692021117,""status"":""有效"",""preset"":""5×5｜441点1mm连续"",""needs_baseline"":false,""display.contact"":true,""display.contact_reason"":""拟合响应/相似度接触门控"",""display.contact_segment"":615,""display.contact_age_ms"":950.8472,""display.contact_last_end_ns"":1240509495697500}"
S20260919_A,000134,186,1240510508157900,1240510518394100,NormalizedFit,1,1,True,unknown,False,False,0.0,0.6271889388697806,nan,nan,-0.10378125313884001,-0.5812840835046155,0.21143375038468315,x,y,z,-0.10378125313884001,-0.5812840835046155,0.21143375038468315,,,,,,,,1.143720050105733,-0.6745460434957385,0.009118793961457428,"{""x"":-0.10378125313884001,""y"":-0.5812840835046155,""z"":0.21143375038468315,""dx"":null,""dy"":null,""mode5"":null,""Q"":null,""X"":null,""Y"":null,""Z"":null,""dX"":1.143720050105733,""dY"":-0.6745460434957385,""dZ"":0.009118793961457428}","{""amplitude_uT"":404.7083884971998,""contact_threshold_uT"":40.0,""contact_gate"":""shape-aware ridge classifier + amplitude floor"",""cosine_similarity"":0.9921645024930905,""anti_jump_policy"":""快速门控（阈值/形状）"",""calibration_depth_range_mm"":[0.2,0.8],""depth_extrapolated"":false,""relative_reference"":""first valid prediction since B0/no-contact"",""xy_semantics"":""continuous XY RBF refit on all 441 positions at 1 mm spacing"",""fit_model"":""441点1 mm连续XY/RBF＋跨深度连续Z＋接触/释放门控"",""fit_variant"":""dense441_1mm_continuous_development"",""evidence_tier"":""development_dense441_single_repeat_random_validation_pending"",""continuous_xy_method"":""kernel_rbf"",""working_range_model"":false,""working_range_mm"":null,""outside_declared_working_range"":false,""calibration_domain_mm"":{""x"":[-10.0,10.0],""y"":[-10.0,10.0],""depth"":[0.2,0.8]},""xy_outside_calibration_domain"":false,""excluded_calibration_samples"":0,""uncorrected_static_xyz_mm"":[-0.10378125313884001,-0.5812840835046155,0.21143375038468315],""unaligned_xyz_mm"":[-1.4160184797288917,-0.14839394276326123,0.21143375038468315],""xy_rotation_deg"":-4.580684956890044,""xy_translation_mm"":[1.3195654319610284,-0.5464514666381837],""xy_translation_source"":""five_point_reassembly"",""xy_translation_details"":{""preset"":""5×5｜441点1mm连续"",""calibration_points"":5,""calibration_strategy"":""rigid_rotation_translation_v1"",""calibration_rms_mm"":0.507358956567797,""check_rms_mm"":null},""dynamic_model_enabled"":false,""dynamic_history_ready"":false,""dynamic_gate"":0.0,""contact_score"":0.9993834393832256,""contact_score_threshold"":0.49492851692021117,""status"":""有效"",""preset"":""5×5｜441点1mm连续"",""needs_baseline"":false,""display.contact"":true,""display.contact_reason"":""拟合响应/相似度接触门控"",""display.contact_segment"":615,""display.contact_age_ms"":975.966,""display.contact_last_end_ns"":1240509495697500}"
S20260919_A,000134,187,1240510519961700,1240510578088800,NormalizedFit,1,1,True,unknown,False,False,0.0,0.7495724880749643,nan,nan,-0.0008040359948850995,-0.7209225010228202,0.2052535405882523,x,y,z,-0.0008040359948850995,-0.7209225010228202,0.2052535405882523,,,,,,,,1.2466972672496879,-0.8141844610139433,0.00293858416502657,"{""x"":-0.0008040359948850995,""y"":-0.7209225010228202,""z"":0.2052535405882523,""dx"":null,""dy"":null,""mode5"":null,""Q"":null,""X"":null,""Y"":null,""Z"":null,""dX"":1.2466972672496879,""dY"":-0.8141844610139433,""dZ"":0.00293858416502657}","{""amplitude_uT"":402.4286966693607,""contact_threshold_uT"":40.0,""contact_gate"":""shape-aware ridge classifier + amplitude floor"",""cosine_similarity"":0.9929066344389742,""anti_jump_policy"":""快速门控（阈值/形状）"",""calibration_depth_range_mm"":[0.2,0.8],""depth_extrapolated"":false,""relative_reference"":""first valid prediction since B0/no-contact"",""xy_semantics"":""continuous XY RBF refit on all 441 positions at 1 mm spacing"",""fit_model"":""441点1 mm连续XY/RBF＋跨深度连续Z＋接触/释放门控"",""fit_variant"":""dense441_1mm_continuous_development"",""evidence_tier"":""development_dense441_single_repeat_random_validation_pending"",""continuous_xy_method"":""kernel_rbf"",""working_range_model"":false,""working_range_mm"":null,""outside_declared_working_range"":false,""calibration_domain_mm"":{""x"":[-10.0,10.0],""y"":[-10.0,10.0],""depth"":[0.2,0.8]},""xy_outside_calibration_domain"":false,""excluded_calibration_samples"":0,""uncorrected_static_xyz_mm"":[-0.0008040359948850995,-0.7209225010228202,0.2052535405882523],""unaligned_xyz_mm"":[-1.30221825824924,-0.27936227667983804,0.2052535405882523],""xy_rotation_deg"":-4.580684956890044,""xy_translation_mm"":[1.3195654319610284,-0.5464514666381837],""xy_translation_source"":""five_point_reassembly"",""xy_translation_details"":{""preset"":""5×5｜441点1mm连续"",""calibration_points"":5,""calibration_strategy"":""rigid_rotation_translation_v1"",""calibration_rms_mm"":0.507358956567797,""check_rms_mm"":null},""dynamic_model_enabled"":false,""dynamic_history_ready"":false,""dynamic_gate"":0.0,""contact_score"":0.9994054924576206,""contact_score_threshold"":0.49492851692021117,""status"":""有效"",""preset"":""5×5｜441点1mm连续"",""needs_baseline"":false,""display.contact"":true,""display.contact_reason"":""拟合响应/相似度接触门控"",""display.contact_segment"":615,""display.contact_age_ms"":987.7698,""display.contact_last_end_ns"":1240509495697500}"
S20260919_A,000134,188,1240510530950600,1240510581223800,NormalizedFit,1,1,True,unknown,False,False,0.0,0.7192820172896874,nan,nan,-0.05224441091851939,-0.6888146838845086,0.20042822453233378,x,y,z,-0.05224441091851939,-0.6888146838845086,0.20042822453233378,,,,,,,,1.1952568923260536,-0.7820766438756317,-0.0018867318908919462,"{""x"":-0.05224441091851939,""y"":-0.6888146838845086,""z"":0.20042822453233378,""dx"":null,""dy"":null,""mode5"":null,""Q"":null,""X"":null,""Y"":null,""Z"":null,""dX"":1.1952568923260536,""dY"":-0.7820766438756317,""dZ"":-0.0018867318908919462}","{""amplitude_uT"":402.4330947685591,""contact_threshold_uT"":40.0,""contact_gate"":""shape-aware ridge classifier + amplitude floor"",""cosine_similarity"":0.9931936714394657,""anti_jump_policy"":""快速门控（阈值/形状）"",""calibration_depth_range_mm"":[0.2,0.8],""depth_extrapolated"":false,""relative_reference"":""first valid prediction since B0/no-contact"",""xy_semantics"":""continuous XY RBF refit on all 441 positions at 1 mm spacing"",""fit_model"":""441点1 mm连续XY/RBF＋跨深度连续Z＋接触/释放门控"",""fit_variant"":""dense441_1mm_continuous_development"",""evidence_tier"":""development_dense441_single_repeat_random_validation_pending"",""continuous_xy_method"":""kernel_rbf"",""working_range_model"":false,""working_range_mm"":null,""outside_declared_working_range"":false,""calibration_domain_mm"":{""x"":[-10.0,10.0],""y"":[-10.0,10.0],""depth"":[0.2,0.8]},""xy_outside_calibration_domain"":false,""excluded_calibration_samples"":0,""uncorrected_static_xyz_mm"":[-0.05224441091851939,-0.6888146838845086,0.20042822453233378],""unaligned_xyz_mm"":[-1.3560585485132641,-0.25146519371482245,0.20042822453233378],""xy_rotation_deg"":-4.580684956890044,""xy_translation_mm"":[1.3195654319610284,-0.5464514666381837],""xy_translation_source"":""five_point_reassembly"",""xy_translation_details"":{""preset"":""5×5｜441点1mm连续"",""calibration_points"":5,""calibration_strategy"":""rigid_rotation_translation_v1"",""calibration_rms_mm"":0.507358956567797,""check_rms_mm"":null},""dynamic_model_enabled"":false,""dynamic_history_ready"":false,""dynamic_gate"":0.0,""contact_score"":0.9994200464454346,""contact_score_threshold"":0.49492851692021117,""status"":""有效"",""preset"":""5×5｜441点1mm连续"",""needs_baseline"":false,""display.contact"":true,""display.contact_reason"":""拟合响应/相似度接触门控"",""display.contact_segment"":615,""display.contact_age_ms"":998.7587,""display.contact_last_end_ns"":1240509495697500}"
S20260919_A,000134,189,1240510557819200,1240510583980800,NormalizedFit,1,1,True,unknown,False,False,0.0,0.7573154356053245,nan,nan,0.15206862369502372,-0.7178586472113624,0.18729859934728987,x,y,z,0.15206862369502372,-0.7178586472113624,0.18729859934728987,,,,,,,,1.3995699269395967,-0.8111206072024855,-0.015016357075935849,"{""x"":0.15206862369502372,""y"":-0.7178586472113624,""z"":0.18729859934728987,""dx"":null,""dy"":null,""mode5"":null,""Q"":null,""X"":null,""Y"":null,""Z"":null,""dX"":1.3995699269395967,""dY"":-0.8111206072024855,""dZ"":-0.015016357075935849}","{""amplitude_uT"":407.17314484749596,""contact_threshold_uT"":40.0,""contact_gate"":""shape-aware ridge classifier + amplitude floor"",""cosine_similarity"":0.9934717018349312,""anti_jump_policy"":""快速门控（阈值/形状）"",""calibration_depth_range_mm"":[0.2,0.8],""depth_extrapolated"":true,""relative_reference"":""first valid prediction since B0/no-contact"",""xy_semantics"":""continuous XY RBF refit on all 441 positions at 1 mm spacing"",""fit_model"":""441点1 mm连续XY/RBF＋跨深度连续Z＋接触/释放门控"",""fit_variant"":""dense441_1mm_continuous_development"",""evidence_tier"":""development_dense441_single_repeat_random_validation_pending"",""continuous_xy_method"":""kernel_rbf"",""working_range_model"":false,""working_range_mm"":null,""outside_declared_working_range"":false,""calibration_domain_mm"":{""x"":[-10.0,10.0],""y"":[-10.0,10.0],""depth"":[0.2,0.8]},""xy_outside_calibration_domain"":false,""excluded_calibration_samples"":0,""uncorrected_static_xyz_mm"":[0.15206862369502372,-0.7178586472113624,0.18729859934728987],""unaligned_xyz_mm"":[-1.150078583812225,-0.2640993561518492,0.18729859934728987],""xy_rotation_deg"":-4.580684956890044,""xy_translation_mm"":[1.3195654319610284,-0.5464514666381837],""xy_translation_source"":""five_point_reassembly"",""xy_translation_details"":{""preset"":""5×5｜441点1mm连续"",""calibration_points"":5,""calibration_strategy"":""rigid_rotation_translation_v1"",""calibration_rms_mm"":0.507358956567797,""check_rms_mm"":null},""dynamic_model_enabled"":false,""dynamic_history_ready"":false,""dynamic_gate"":0.0,""contact_score"":0.9993221978506696,""contact_score_threshold"":0.49492851692021117,""status"":""有效"",""preset"":""5×5｜441点1mm连续"",""needs_baseline"":false,""display.contact"":true,""display.contact_reason"":""拟合响应/相似度接触门控"",""display.contact_segment"":615,""display.contact_age_ms"":1025.6273,""display.contact_last_end_ns"":1240509495697500}"
S20260919_A,000134,190,1240510584843700,1240510617406000,NormalizedFit,1,1,True,unknown,False,False,0.0,0.6826826988330886,nan,nan,0.3667375884398585,-0.5441617086754111,0.1882743830764121,x,y,z,0.3667375884398585,-0.5441617086754111,0.1882743830764121,,,,,,,,1.6142388916844315,-0.6374236686665342,-0.014040573346813634,"{""x"":0.3667375884398585,""y"":-0.5441617086754111,""z"":0.1882743830764121,""dx"":null,""dy"":null,""mode5"":null,""Q"":null,""X"":null,""Y"":null,""Z"":null,""dX"":1.6142388916844315,""dY"":-0.6374236686665342,""dZ"":-0.014040573346813634}","{""amplitude_uT"":408.1390187117622,""contact_threshold_uT"":40.0,""contact_gate"":""shape-aware ridge classifier + amplitude floor"",""cosine_similarity"":0.9943542884755253,""anti_jump_policy"":""快速门控（阈值/形状）"",""calibration_depth_range_mm"":[0.2,0.8],""depth_extrapolated"":true,""relative_reference"":""first valid prediction since B0/no-contact"",""xy_semantics"":""continuous XY RBF refit on all 441 positions at 1 mm spacing"",""fit_model"":""441点1 mm连续XY/RBF＋跨深度连续Z＋接触/释放门控"",""fit_variant"":""dense441_1mm_continuous_development"",""evidence_tier"":""development_dense441_single_repeat_random_validation_pending"",""continuous_xy_method"":""kernel_rbf"",""working_range_model"":false,""working_range_mm"":null,""outside_declared_working_range"":false,""calibration_domain_mm"":{""x"":[-10.0,10.0],""y"":[-10.0,10.0],""depth"":[0.2,0.8]},""xy_outside_calibration_domain"":false,""excluded_calibration_samples"":0,""uncorrected_static_xyz_mm"":[0.3667375884398585,-0.5441617086754111,0.1882743830764121],""unaligned_xyz_mm"":[-0.9499672425614865,-0.07381314544752193,0.1882743830764121],""xy_rotation_deg"":-4.580684956890044,""xy_translation_mm"":[1.3195654319610284,-0.5464514666381837],""xy_translation_source"":""five_point_reassembly"",""xy_translation_details"":{""preset"":""5×5｜441点1mm连续"",""calibration_points"":5,""calibration_strategy"":""rigid_rotation_translation_v1"",""calibration_rms_mm"":0.507358956567797,""check_rms_mm"":null},""dynamic_model_enabled"":false,""dynamic_history_ready"":false,""dynamic_gate"":0.0,""contact_score"":0.9992433617227275,""contact_score_threshold"":0.49492851692021117,""status"":""有效"",""preset"":""5×5｜441点1mm连续"",""needs_baseline"":false,""display.contact"":true,""display.contact_reason"":""拟合响应/相似度接触门控"",""display.contact_segment"":615,""display.contact_age_ms"":1052.6518,""display.contact_last_end_ns"":1240509495697500}"
S20260919_A,000134,191,1240510595973600,1240510620299000,NormalizedFit,1,1,True,unknown,False,False,0.0,0.6983540366170733,nan,nan,0.40559536778330074,-0.537720924418626,0.18451819838289119,x,y,z,0.40559536778330074,-0.537720924418626,0.18451819838289119,,,,,,,,1.6530966710278738,-0.630982884409749,-0.017796758040334537,"{""x"":0.40559536778330074,""y"":-0.537720924418626,""z"":0.18451819838289119,""dx"":null,""dy"":null,""mode5"":null,""Q"":null,""X"":null,""Y"":null,""Z"":null,""dX"":1.6530966710278738,""dY"":-0.630982884409749,""dZ"":-0.017796758040334537}","{""amplitude_uT"":404.47055529605586,""contact_threshold_uT"":40.0,""contact_gate"":""shape-aware ridge classifier + amplitude floor"",""cosine_similarity"":0.9949464025679702,""anti_jump_policy"":""快速门控（阈值/形状）"",""calibration_depth_range_mm"":[0.2,0.8],""depth_extrapolated"":true,""relative_reference"":""first valid prediction since B0/no-contact"",""xy_semantics"":""continuous XY RBF refit on all 441 positions at 1 mm spacing"",""fit_model"":""441点1 mm连续XY/RBF＋跨深度连续Z＋接触/释放门控"",""fit_variant"":""dense441_1mm_continuous_development"",""evidence_tier"":""development_dense441_single_repeat_random_validation_pending"",""continuous_xy_method"":""kernel_rbf"",""working_range_model"":false,""working_range_mm"":null,""outside_declared_working_range"":false,""calibration_domain_mm"":{""x"":[-10.0,10.0],""y"":[-10.0,10.0],""depth"":[0.2,0.8]},""xy_outside_calibration_domain"":false,""excluded_calibration_samples"":0,""uncorrected_static_xyz_mm"":[0.40559536778330074,-0.537720924418626,0.18451819838289119],""unaligned_xyz_mm"":[-0.9117479601661951,-0.06428963923735598,0.18451819838289119],""xy_rotation_deg"":-4.580684956890044,""xy_translation_mm"":[1.3195654319610284,-0.5464514666381837],""xy_translation_source"":""five_point_reassembly"",""xy_translation_details"":{""preset"":""5×5｜441点1mm连续"",""calibration_points"":5,""calibration_strategy"":""rigid_rotation_translation_v1"",""calibration_rms_mm"":0.507358956567797,""check_rms_mm"":null},""dynamic_model_enabled"":false,""dynamic_history_ready"":false,""dynamic_gate"":0.0,""contact_score"":0.999240835959993,""contact_score_threshold"":0.49492851692021117,""status"":""有效"",""preset"":""5×5｜441点1mm连续"",""needs_baseline"":false,""display.contact"":true,""display.contact_reason"":""拟合响应/相似度接触门控"",""display.contact_segment"":615,""display.contact_age_ms"":1063.7817,""display.contact_last_end_ns"":1240509495697500}"
S20260919_A,000134,192,1240510622937300,1240510671250200,NormalizedFit,1,1,True,unknown,False,False,0.0,0.5785160786019016,nan,nan,0.140938456732294,-0.5274352564145758,0.19138770834547236,x,y,z,0.140938456732294,-0.5274352564145758,0.19138770834547236,,,,,,,,1.388439759976867,-0.6206972164056989,-0.01092724807775336,"{""x"":0.140938456732294,""y"":-0.5274352564145758,""z"":0.19138770834547236,""dx"":null,""dy"":null,""mode5"":null,""Q"":null,""X"":null,""Y"":null,""Z"":null,""dX"":1.388439759976867,""dY"":-0.6206972164056989,""dZ"":-0.01092724807775336}","{""amplitude_uT"":402.65602914894987,""contact_threshold_uT"":40.0,""contact_gate"":""shape-aware ridge classifier + amplitude floor"",""cosine_similarity"":0.9955240755821768,""anti_jump_policy"":""快速门控（阈值/形状）"",""calibration_depth_range_mm"":[0.2,0.8],""depth_extrapolated"":true,""relative_reference"":""first valid prediction since B0/no-contact"",""xy_semantics"":""continuous XY RBF refit on all 441 positions at 1 mm spacing"",""fit_model"":""441点1 mm连续XY/RBF＋跨深度连续Z＋接触/释放门控"",""fit_variant"":""dense441_1mm_continuous_development"",""evidence_tier"":""development_dense441_single_repeat_random_validation_pending"",""continuous_xy_method"":""kernel_rbf"",""working_range_model"":false,""working_range_mm"":null,""outside_declared_working_range"":false,""calibration_domain_mm"":{""x"":[-10.0,10.0],""y"":[-10.0,10.0],""depth"":[0.2,0.8]},""xy_outside_calibration_domain"":false,""excluded_calibration_samples"":0,""uncorrected_static_xyz_mm"":[0.140938456732294,-0.5274352564145758,0.19138770834547236],""unaligned_xyz_mm"":[-1.1763809626188722,-0.07517309210082956,0.19138770834547236],""xy_rotation_deg"":-4.580684956890044,""xy_translation_mm"":[1.3195654319610284,-0.5464514666381837],""xy_translation_source"":""five_point_reassembly"",""xy_translation_details"":{""preset"":""5×5｜441点1mm连续"",""calibration_points"":5,""calibration_strategy"":""rigid_rotation_translation_v1"",""calibration_rms_mm"":0.507358956567797,""check_rms_mm"":null},""dynamic_model_enabled"":false,""dynamic_history_ready"":false,""dynamic_gate"":0.0,""contact_score"":0.999346466071668,""contact_score_threshold"":0.49492851692021117,""status"":""有效"",""preset"":""5×5｜441点1mm连续"",""needs_baseline"":false,""display.contact"":true,""display.contact_reason"":""拟合响应/相似度接触门控"",""display.contact_segment"":615,""display.contact_age_ms"":1090.7454,""display.contact_last_end_ns"":1240509495697500}"
S20260919_A,000134,193,1240510649433200,1240510675151700,NormalizedFit,1,1,True,unknown,False,False,0.0,0.5479041512425535,nan,nan,0.4692309297821954,-0.21314386061747492,0.1859865268390103,x,y,z,0.4692309297821954,-0.21314386061747492,0.1859865268390103,,,,,,,,1.7167322330267685,-0.306405820608598,-0.01632842958421543,"{""x"":0.4692309297821954,""y"":-0.21314386061747492,""z"":0.1859865268390103,""dx"":null,""dy"":null,""mode5"":null,""Q"":null,""X"":null,""Y"":null,""Z"":null,""dX"":1.7167322330267685,""dY"":-0.306405820608598,""dZ"":-0.01632842958421543}","{""amplitude_uT"":403.63965452244645,""contact_threshold_uT"":40.0,""contact_gate"":""shape-aware ridge classifier + amplitude floor"",""cosine_similarity"":0.9953248314500002,""anti_jump_policy"":""快速门控（阈值/形状）"",""calibration_depth_range_mm"":[0.2,0.8],""depth_extrapolated"":true,""relative_reference"":""first valid prediction since B0/no-contact"",""xy_semantics"":""continuous XY RBF refit on all 441 positions at 1 mm spacing"",""fit_model"":""441点1 mm连续XY/RBF＋跨深度连续Z＋接触/释放门控"",""fit_variant"":""dense441_1mm_continuous_development"",""evidence_tier"":""development_dense441_single_repeat_random_validation_pending"",""continuous_xy_method"":""kernel_rbf"",""working_range_model"":false,""working_range_mm"":null,""outside_declared_working_range"":false,""calibration_domain_mm"":{""x"":[-10.0,10.0],""y"":[-10.0,10.0],""depth"":[0.2,0.8]},""xy_outside_calibration_domain"":false,""excluded_calibration_samples"":0,""uncorrected_static_xyz_mm"":[0.4692309297821954,-0.21314386061747492,0.1859865268390103],""unaligned_xyz_mm"":[-0.874237323025405,0.26433279943350474,0.1859865268390103],""xy_rotation_deg"":-4.580684956890044,""xy_translation_mm"":[1.3195654319610284,-0.5464514666381837],""xy_translation_source"":""five_point_reassembly"",""xy_translation_details"":{""preset"":""5×5｜441点1mm连续"",""calibration_points"":5,""calibration_strategy"":""rigid_rotation_translation_v1"",""calibration_rms_mm"":0.507358956567797,""check_rms_mm"":null},""dynamic_model_enabled"":false,""dynamic_history_ready"":false,""dynamic_gate"":0.0,""contact_score"":0.9993875694791723,""contact_score_threshold"":0.49492851692021117,""status"":""有效"",""preset"":""5×5｜441点1mm连续"",""needs_baseline"":false,""display.contact"":true,""display.contact_reason"":""拟合响应/相似度接触门控"",""display.contact_segment"":615,""display.contact_age_ms"":1117.2413,""display.contact_last_end_ns"":1240509495697500}"
S20260919_A,000134,194,1240510659390800,1240510677674000,NormalizedFit,1,1,True,unknown,False,False,0.0,0.364012379028654,nan,nan,0.29768762308516905,-0.10015415093328373,0.1840006445609249,x,y,z,0.29768762308516905,-0.10015415093328373,0.1840006445609249,,,,,,,,1.545188926329742,-0.1934161109244068,-0.018314311862300814,"{""x"":0.29768762308516905,""y"":-0.10015415093328373,""z"":0.1840006445609249,""dx"":null,""dy"":null,""mode5"":null,""Q"":null,""X"":null,""Y"":null,""Z"":null,""dX"":1.545188926329742,""dY"":-0.1934161109244068,""dZ"":-0.018314311862300814}","{""amplitude_uT"":400.998427076716,""contact_threshold_uT"":40.0,""contact_gate"":""shape-aware ridge classifier + amplitude floor"",""cosine_similarity"":0.9950158191425329,""anti_jump_policy"":""快速门控（阈值/形状）"",""calibration_depth_range_mm"":[0.2,0.8],""depth_extrapolated"":true,""relative_reference"":""first valid prediction since B0/no-contact"",""xy_semantics"":""continuous XY RBF refit on all 441 positions at 1 mm spacing"",""fit_model"":""441点1 mm连续XY/RBF＋跨深度连续Z＋接触/释放门控"",""fit_variant"":""dense441_1mm_continuous_development"",""evidence_tier"":""development_dense441_single_repeat_random_validation_pending"",""continuous_xy_method"":""kernel_rbf"",""working_range_model"":false,""working_range_mm"":null,""outside_declared_working_range"":false,""calibration_domain_mm"":{""x"":[-10.0,10.0],""y"":[-10.0,10.0],""depth"":[0.2,0.8]},""xy_outside_calibration_domain"":false,""excluded_calibration_samples"":0,""uncorrected_static_xyz_mm"":[0.29768762308516905,-0.10015415093328373,0.1840006445609249],""unaligned_xyz_mm"":[-1.0542563812717276,0.36326165889915796,0.1840006445609249],""xy_rotation_deg"":-4.580684956890044,""xy_translation_mm"":[1.3195654319610284,-0.5464514666381837],""xy_translation_source"":""five_point_reassembly"",""xy_translation_details"":{""preset"":""5×5｜441点1mm连续"",""calibration_points"":5,""calibration_strategy"":""rigid_rotation_translation_v1"",""calibration_rms_mm"":0.507358956567797,""check_rms_mm"":null},""dynamic_model_enabled"":false,""dynamic_history_ready"":false,""dynamic_gate"":0.0,""contact_score"":0.9993615386245712,""contact_score_threshold"":0.49492851692021117,""status"":""有效"",""preset"":""5×5｜441点1mm连续"",""needs_baseline"":false,""display.contact"":true,""display.contact_reason"":""拟合响应/相似度接触门控"",""display.contact_segment"":615,""display.contact_age_ms"":1127.1989,""display.contact_last_end_ns"":1240509495697500}"
S20260919_A,000134,195,1240510685264100,1240510711475100,NormalizedFit,1,1,True,unknown,False,False,0.0,0.3514197836571348,nan,nan,0.0786794858677875,-0.2916720767527107,0.17953496175388484,x,y,z,0.0786794858677875,-0.2916720767527107,0.17953496175388484,,,,,,,,1.3261807891123605,-0.38493403674383375,-0.022779994669340886,"{""x"":0.0786794858677875,""y"":-0.2916720767527107,""z"":0.17953496175388484,""dx"":null,""dy"":null,""mode5"":null,""Q"":null,""X"":null,""Y"":null,""Z"":null,""dX"":1.3261807891123605,""dY"":-0.38493403674383375,""dZ"":-0.022779994669340886}","{""amplitude_uT"":400.7882654906456,""contact_threshold_uT"":40.0,""contact_gate"":""shape-aware ridge classifier + amplitude floor"",""cosine_similarity"":0.9956818820269112,""anti_jump_policy"":""快速门控（阈值/形状）"",""calibration_depth_range_mm"":[0.2,0.8],""depth_extrapolated"":true,""relative_reference"":""first valid prediction since B0/no-contact"",""xy_semantics"":""continuous XY RBF refit on all 441 positions at 1 mm spacing"",""fit_model"":""441点1 mm连续XY/RBF＋跨深度连续Z＋接触/释放门控"",""fit_variant"":""dense441_1mm_continuous_development"",""evidence_tier"":""development_dense441_single_repeat_random_validation_pending"",""continuous_xy_method"":""kernel_rbf"",""working_range_model"":false,""working_range_mm"":null,""outside_declared_working_range"":false,""calibration_domain_mm"":{""x"":[-10.0,10.0],""y"":[-10.0,10.0],""depth"":[0.2,0.8]},""xy_outside_calibration_domain"":false,""excluded_calibration_samples"":0,""uncorrected_static_xyz_mm"":[0.0786794858677875,-0.2916720767527107,0.17953496175388484],""unaligned_xyz_mm"":[-1.257269799432636,0.15486484480588292,0.17953496175388484],""xy_rotation_deg"":-4.580684956890044,""xy_translation_mm"":[1.3195654319610284,-0.5464514666381837],""xy_translation_source"":""five_point_reassembly"",""xy_translation_details"":{""preset"":""5×5｜441点1mm连续"",""calibration_points"":5,""calibration_strategy"":""rigid_rotation_translation_v1"",""calibration_rms_mm"":0.507358956567797,""check_rms_mm"":null},""dynamic_model_enabled"":false,""dynamic_history_ready"":false,""dynamic_gate"":0.0,""contact_score"":0.9992761924814536,""contact_score_threshold"":0.49492851692021117,""status"":""有效"",""preset"":""5×5｜441点1mm连续"",""needs_baseline"":false,""display.contact"":true,""display.contact_reason"":""拟合响应/相似度接触门控"",""display.contact_segment"":615,""display.contact_age_ms"":1153.0722,""display.contact_last_end_ns"":1240509495697500}"
S20260919_A,000134,196,1240510711656400,1240510766426700,NormalizedFit,1,1,True,unknown,False,False,0.0,0.6764714342382732,nan,nan,0.04007103871616158,-0.6497855357047173,0.18381150884949415,x,y,z,0.04007103871616158,-0.6497855357047173,0.18381150884949415,,,,,,,,1.2875723419607346,-0.7430474956958404,-0.01850344757373157,"{""x"":0.04007103871616158,""y"":-0.6497855357047173,""z"":0.18381150884949415,""dx"":null,""dy"":null,""mode5"":null,""Q"":null,""X"":null,""Y"":null,""Z"":null,""dX"":1.2875723419607346,""dY"":-0.7430474956958404,""dZ"":-0.01850344757373157}","{""amplitude_uT"":400.8782194769377,""contact_threshold_uT"":40.0,""contact_gate"":""shape-aware ridge classifier + amplitude floor"",""cosine_similarity"":0.9958962145424695,""anti_jump_policy"":""快速门控（阈值/形状）"",""calibration_depth_range_mm"":[0.2,0.8],""depth_extrapolated"":true,""relative_reference"":""first valid prediction since B0/no-contact"",""xy_semantics"":""continuous XY RBF refit on all 441 positions at 1 mm spacing"",""fit_model"":""441点1 mm连续XY/RBF＋跨深度连续Z＋接触/释放门控"",""fit_variant"":""dense441_1mm_continuous_development"",""evidence_tier"":""development_dense441_single_repeat_random_validation_pending"",""continuous_xy_method"":""kernel_rbf"",""working_range_model"":false,""working_range_mm"":null,""outside_declared_working_range"":false,""calibration_domain_mm"":{""x"":[-10.0,10.0],""y"":[-10.0,10.0],""depth"":[0.2,0.8]},""xy_outside_calibration_domain"":false,""excluded_calibration_samples"":0,""uncorrected_static_xyz_mm"":[0.04007103871616158,-0.6497855357047173,0.18381150884949415],""unaligned_xyz_mm"":[-1.2671549483009916,-0.2051881311655439,0.18381150884949415],""xy_rotation_deg"":-4.580684956890044,""xy_translation_mm"":[1.3195654319610284,-0.5464514666381837],""xy_translation_source"":""five_point_reassembly"",""xy_translation_details"":{""preset"":""5×5｜441点1mm连续"",""calibration_points"":5,""calibration_strategy"":""rigid_rotation_translation_v1"",""calibration_rms_mm"":0.507358956567797,""check_rms_mm"":null},""dynamic_model_enabled"":false,""dynamic_history_ready"":false,""dynamic_gate"":0.0,""contact_score"":0.999234603274304,""contact_score_threshold"":0.49492851692021117,""status"":""有效"",""preset"":""5×5｜441点1mm连续"",""needs_baseline"":false,""display.contact"":true,""display.contact_reason"":""拟合响应/相似度接触门控"",""display.contact_segment"":615,""display.contact_age_ms"":1179.4645,""display.contact_last_end_ns"":1240509495697500}"
S20260919_A,000134,197,1240510722475600,1240510769323900,NormalizedFit,1,1,True,unknown,False,False,0.0,0.695878060554106,nan,nan,0.20361114145243664,-0.6427128749427554,0.17236281101153417,x,y,z,0.20361114145243664,-0.6427128749427554,0.17236281101153417,,,,,,,,1.4511124446970096,-0.7359748349338785,-0.029952145411691555,"{""x"":0.20361114145243664,""y"":-0.6427128749427554,""z"":0.17236281101153417,""dx"":null,""dy"":null,""mode5"":null,""Q"":null,""X"":null,""Y"":null,""Z"":null,""dX"":1.4511124446970096,""dY"":-0.7359748349338785,""dZ"":-0.029952145411691555}","{""amplitude_uT"":402.18296807205843,""contact_threshold_uT"":40.0,""contact_gate"":""shape-aware ridge classifier + amplitude floor"",""cosine_similarity"":0.9960791257021238,""anti_jump_policy"":""快速门控（阈值/形状）"",""calibration_depth_range_mm"":[0.2,0.8],""depth_extrapolated"":true,""relative_reference"":""first valid prediction since B0/no-contact"",""xy_semantics"":""continuous XY RBF refit on all 441 positions at 1 mm spacing"",""fit_model"":""441点1 mm连续XY/RBF＋跨深度连续Z＋接触/释放门控"",""fit_variant"":""dense441_1mm_continuous_development"",""evidence_tier"":""development_dense441_single_repeat_random_validation_pending"",""continuous_xy_method"":""kernel_rbf"",""working_range_model"":false,""working_range_mm"":null,""outside_declared_working_range"":false,""calibration_domain_mm"":{""x"":[-10.0,10.0],""y"":[-10.0,10.0],""depth"":[0.2,0.8]},""xy_outside_calibration_domain"":false,""excluded_calibration_samples"":0,""uncorrected_static_xyz_mm"":[0.20361114145243664,-0.6427128749427554,0.17236281101153417],""unaligned_xyz_mm"":[-1.104702059074778,-0.1850772755074468,0.17236281101153417],""xy_rotation_deg"":-4.580684956890044,""xy_translation_mm"":[1.3195654319610284,-0.5464514666381837],""xy_translation_source"":""five_point_reassembly"",""xy_translation_details"":{""preset"":""5×5｜441点1mm连续"",""calibration_points"":5,""calibration_strategy"":""rigid_rotation_translation_v1"",""calibration_rms_mm"":0.507358956567797,""check_rms_mm"":null},""dynamic_model_enabled"":false,""dynamic_history_ready"":false,""dynamic_gate"":0.0,""contact_score"":0.9991825901914125,""contact_score_threshold"":0.49492851692021117,""status"":""有效"",""preset"":""5×5｜441点1mm连续"",""needs_baseline"":false,""display.contact"":true,""display.contact_reason"":""拟合响应/相似度接触门控"",""display.contact_segment"":615,""display.contact_age_ms"":1190.2837,""display.contact_last_end_ns"":1240509495697500}"
S20260919_A,000134,198,1240510748313500,1240510771968000,NormalizedFit,1,1,True,unknown,False,False,0.0,0.5232340109340414,nan,nan,0.14070053621018852,-0.47549064292332666,0.16699053206889147,x,y,z,0.14070053621018852,-0.47549064292332666,0.16699053206889147,,,,,,,,1.3882018394547615,-0.5687526029144497,-0.03532442435433425,"{""x"":0.14070053621018852,""y"":-0.47549064292332666,""z"":0.16699053206889147,""dx"":null,""dy"":null,""mode5"":null,""Q"":null,""X"":null,""Y"":null,""Z"":null,""dX"":1.3882018394547615,""dY"":-0.5687526029144497,""dZ"":-0.03532442435433425}","{""amplitude_uT"":403.4316100397317,""contact_threshold_uT"":40.0,""contact_gate"":""shape-aware ridge classifier + amplitude floor"",""cosine_similarity"":0.99624038197446,""anti_jump_policy"":""快速门控（阈值/形状）"",""calibration_depth_range_mm"":[0.2,0.8],""depth_extrapolated"":true,""relative_reference"":""first valid prediction since B0/no-contact"",""xy_semantics"":""continuous XY RBF refit on all 441 positions at 1 mm spacing"",""fit_model"":""441点1 mm连续XY/RBF＋跨深度连续Z＋接触/释放门控"",""fit_variant"":""dense441_1mm_continuous_development"",""evidence_tier"":""development_dense441_single_repeat_random_validation_pending"",""continuous_xy_method"":""kernel_rbf"",""working_range_model"":false,""working_range_mm"":null,""outside_declared_working_range"":false,""calibration_domain_mm"":{""x"":[-10.0,10.0],""y"":[-10.0,10.0],""depth"":[0.2,0.8]},""xy_outside_calibration_domain"":false,""excluded_calibration_samples"":0,""uncorrected_static_xyz_mm"":[0.14070053621018852,-0.47549064292332666,0.16699053206889147],""unaligned_xyz_mm"":[-1.1807665703790216,-0.023413398115024187,0.16699053206889147],""xy_rotation_deg"":-4.580684956890044,""xy_translation_mm"":[1.3195654319610284,-0.5464514666381837],""xy_translation_source"":""five_point_reassembly"",""xy_translation_details"":{""preset"":""5×5｜441点1mm连续"",""calibration_points"":5,""calibration_strategy"":""rigid_rotation_translation_v1"",""calibration_rms_mm"":0.507358956567797,""check_rms_mm"":null},""dynamic_model_enabled"":false,""dynamic_history_ready"":false,""dynamic_gate"":0.0,""contact_score"":0.999179646625779,""contact_score_threshold"":0.49492851692021117,""status"":""有效"",""preset"":""5×5｜441点1mm连续"",""needs_baseline"":false,""display.contact"":true,""display.contact_reason"":""拟合响应/相似度接触门控"",""display.contact_segment"":615,""display.contact_age_ms"":1216.1216,""display.contact_last_end_ns"":1240509495697500}"
S20260919_A,000134,199,1240510775280900,1240510806598700,NormalizedFit,1,1,True,unknown,False,False,0.0,0.734632727281385,nan,nan,-0.03483271918842523,-0.712385205195563,0.1760092187508987,x,y,z,-0.03483271918842523,-0.712385205195563,0.1760092187508987,,,,,,,,1.2126685840561477,-0.8056471651866861,-0.026305737672327023,"{""x"":-0.03483271918842523,""y"":-0.712385205195563,""z"":0.1760092187508987,""dx"":null,""dy"":null,""mode5"":null,""Q"":null,""X"":null,""Y"":null,""Z"":null,""dX"":1.2126685840561477,""dY"":-0.8056471651866861,""dZ"":-0.026305737672327023}","{""amplitude_uT"":402.97136101465077,""contact_threshold_uT"":40.0,""contact_gate"":""shape-aware ridge classifier + amplitude floor"",""cosine_similarity"":0.9961865940557779,""anti_jump_policy"":""快速门控（阈值/形状）"",""calibration_depth_range_mm"":[0.2,0.8],""depth_extrapolated"":true,""relative_reference"":""first valid prediction since B0/no-contact"",""xy_semantics"":""continuous XY RBF refit on all 441 positions at 1 mm spacing"",""fit_model"":""441点1 mm连续XY/RBF＋跨深度连续Z＋接触/释放门控"",""fit_variant"":""dense441_1mm_continuous_development"",""evidence_tier"":""development_dense441_single_repeat_random_validation_pending"",""continuous_xy_method"":""kernel_rbf"",""working_range_model"":false,""working_range_mm"":null,""outside_declared_working_range"":false,""calibration_domain_mm"":{""x"":[-10.0,10.0],""y"":[-10.0,10.0],""depth"":[0.2,0.8]},""xy_outside_calibration_domain"":false,""excluded_calibration_samples"":0,""uncorrected_static_xyz_mm"":[-0.03483271918842523,-0.712385205195563,0.1760092187508987],""unaligned_xyz_mm"":[-1.336820062145014,-0.27356987932754606,0.1760092187508987],""xy_rotation_deg"":-4.580684956890044,""xy_translation_mm"":[1.3195654319610284,-0.5464514666381837],""xy_translation_source"":""five_point_reassembly"",""xy_translation_details"":{""preset"":""5×5｜441点1mm连续"",""calibration_points"":5,""calibration_strategy"":""rigid_rotation_translation_v1"",""calibration_rms_mm"":0.507358956567797,""check_rms_mm"":null},""dynamic_model_enabled"":false,""dynamic_history_ready"":false,""dynamic_gate"":0.0,""contact_score"":0.9991870488533361,""contact_score_threshold"":0.49492851692021117,""status"":""有效"",""preset"":""5×5｜441点1mm连续"",""needs_baseline"":false,""display.contact"":true,""display.contact_reason"":""拟合响应/相似度接触门控"",""display.contact_segment"":615,""display.contact_age_ms"":1243.089,""display.contact_last_end_ns"":1240509495697500}"
S20260919_A,000134,200,1240510801361800,1240510810772800,NormalizedFit,1,1,True,unknown,False,False,0.0,0.5606417483953572,nan,nan,-0.072130240866765,-0.5284639387463347,0.17274913557241212,x,y,z,-0.072130240866765,-0.5284639387463347,0.17274913557241212,,,,,,,,1.175371062377808,-0.6217258987374578,-0.029565820850813607,"{""x"":-0.072130240866765,""y"":-0.5284639387463347,""z"":0.17274913557241212,""dx"":null,""dy"":null,""mode5"":null,""Q"":null,""X"":null,""Y"":null,""Z"":null,""dX"":1.175371062377808,""dY"":-0.6217258987374578,""dZ"":-0.029565820850813607}","{""amplitude_uT"":402.7437641751887,""contact_threshold_uT"":40.0,""contact_gate"":""shape-aware ridge classifier + amplitude floor"",""cosine_similarity"":0.9954967580423306,""anti_jump_policy"":""快速门控（阈值/形状）"",""calibration_depth_range_mm"":[0.2,0.8],""depth_extrapolated"":true,""relative_reference"":""first valid prediction since B0/no-contact"",""xy_semantics"":""continuous XY RBF refit on all 441 positions at 1 mm spacing"",""fit_model"":""441点1 mm连续XY/RBF＋跨深度连续Z＋接触/释放门控"",""fit_variant"":""dense441_1mm_continuous_development"",""evidence_tier"":""development_dense441_single_repeat_random_validation_pending"",""continuous_xy_method"":""kernel_rbf"",""working_range_model"":false,""working_range_mm"":null,""outside_declared_working_range"":false,""calibration_domain_mm"":{""x"":[-10.0,10.0],""y"":[-10.0,10.0],""depth"":[0.2,0.8]},""xy_outside_calibration_domain"":false,""excluded_calibration_samples"":0,""uncorrected_static_xyz_mm"":[-0.072130240866765,-0.5284639387463347,0.17274913557241212],""unaligned_xyz_mm"":[-1.3886869349432125,-0.09321477160456038,0.17274913557241212],""xy_rotation_deg"":-4.580684956890044,""xy_translation_mm"":[1.3195654319610284,-0.5464514666381837],""xy_translation_source"":""five_point_reassembly"",""xy_translation_details"":{""preset"":""5×5｜441点1mm连续"",""calibration_points"":5,""calibration_strategy"":""rigid_rotation_translation_v1"",""calibration_rms_mm"":0.507358956567797,""check_rms_mm"":null},""dynamic_model_enabled"":false,""dynamic_history_ready"":false,""dynamic_gate"":0.0,""contact_score"":0.9992303868430774,""contact_score_threshold"":0.49492851692021117,""status"":""有效"",""preset"":""5×5｜441点1mm连续"",""needs_baseline"":false,""display.contact"":true,""display.contact_reason"":""拟合响应/相似度接触门控"",""display.contact_segment"":615,""display.contact_age_ms"":1269.1699,""display.contact_last_end_ns"":1240509495697500}"
S20260919_A,000134,201,1240510813468500,1240510862110700,NormalizedFit,1,1,True,unknown,False,False,0.0,0.5836942380403692,nan,nan,0.18623722628511152,-0.5250255004064597,0.1742494849062748,x,y,z,0.18623722628511152,-0.5250255004064597,0.1742494849062748,,,,,,,,1.4337385295296845,-0.6182874603975828,-0.028065471516950935,"{""x"":0.18623722628511152,""y"":-0.5250255004064597,""z"":0.1742494849062748,""dx"":null,""dy"":null,""mode5"":null,""Q"":null,""X"":null,""Y"":null,""Z"":null,""dX"":1.4337385295296845,""dY"":-0.6182874603975828,""dZ"":-0.028065471516950935}","{""amplitude_uT"":402.3864405493804,""contact_threshold_uT"":40.0,""contact_gate"":""shape-aware ridge classifier + amplitude floor"",""cosine_similarity"":0.9957078534345712,""anti_jump_policy"":""快速门控（阈值/形状）"",""calibration_depth_range_mm"":[0.2,0.8],""depth_extrapolated"":true,""relative_reference"":""first valid prediction since B0/no-contact"",""xy_semantics"":""continuous XY RBF refit on all 441 positions at 1 mm spacing"",""fit_model"":""441点1 mm连续XY/RBF＋跨深度连续Z＋接触/释放门控"",""fit_variant"":""dense441_1mm_continuous_development"",""evidence_tier"":""development_dense441_single_repeat_random_validation_pending"",""continuous_xy_method"":""kernel_rbf"",""working_range_model"":false,""working_range_mm"":null,""outside_declared_working_range"":false,""calibration_domain_mm"":{""x"":[-10.0,10.0],""y"":[-10.0,10.0],""depth"":[0.2,0.8]},""xy_outside_calibration_domain"":false,""excluded_calibration_samples"":0,""uncorrected_static_xyz_mm"":[0.18623722628511152,-0.5250255004064597,0.1742494849062748],""unaligned_xyz_mm"":[-1.1314193338690957,-0.06915334233981874,0.1742494849062748],""xy_rotation_deg"":-4.580684956890044,""xy_translation_mm"":[1.3195654319610284,-0.5464514666381837],""xy_translation_source"":""five_point_reassembly"",""xy_translation_details"":{""preset"":""5×5｜441点1mm连续"",""calibration_points"":5,""calibration_strategy"":""rigid_rotation_translation_v1"",""calibration_rms_mm"":0.507358956567797,""check_rms_mm"":null},""dynamic_model_enabled"":false,""dynamic_history_ready"":false,""dynamic_gate"":0.0,""contact_score"":0.9993018996290091,""contact_score_threshold"":0.49492851692021117,""status"":""有效"",""preset"":""5×5｜441点1mm连续"",""needs_baseline"":false,""display.contact"":true,""display.contact_reason"":""拟合响应/相似度接触门控"",""display.contact_segment"":615,""display.contact_age_ms"":1281.2766,""display.contact_last_end_ns"":1240509495697500}"
S20260919_A,000134,202,1240510840195200,1240510865068500,NormalizedFit,1,1,True,unknown,False,False,0.0,0.20672119970271755,nan,nan,0.10433731585252493,-0.06800189392305167,0.16499430702330098,x,y,z,0.10433731585252493,-0.06800189392305167,0.16499430702330098,,,,,,,,1.351838619097098,-0.16126385391417475,-0.037320649399924744,"{""x"":0.10433731585252493,""y"":-0.06800189392305167,""z"":0.16499430702330098,""dx"":null,""dy"":null,""mode5"":null,""Q"":null,""X"":null,""Y"":null,""Z"":null,""dX"":1.351838619097098,""dY"":-0.16126385391417475,""dZ"":-0.037320649399924744}","{""amplitude_uT"":402.975819873848,""contact_threshold_uT"":40.0,""contact_gate"":""shape-aware ridge classifier + amplitude floor"",""cosine_similarity"":0.9957574440429544,""anti_jump_policy"":""快速门控（阈值/形状）"",""calibration_depth_range_mm"":[0.2,0.8],""depth_extrapolated"":true,""relative_reference"":""first valid prediction since B0/no-contact"",""xy_semantics"":""continuous XY RBF refit on all 441 positions at 1 mm spacing"",""fit_model"":""441点1 mm连续XY/RBF＋跨深度连续Z＋接触/释放门控"",""fit_variant"":""dense441_1mm_continuous_development"",""evidence_tier"":""development_dense441_single_repeat_random_validation_pending"",""continuous_xy_method"":""kernel_rbf"",""working_range_model"":false,""working_range_mm"":null,""outside_declared_working_range"":false,""calibration_domain_mm"":{""x"":[-10.0,10.0],""y"":[-10.0,10.0],""depth"":[0.2,0.8]},""xy_outside_calibration_domain"":false,""excluded_calibration_samples"":0,""uncorrected_static_xyz_mm"":[0.10433731585252493,-0.06800189392305167,0.16499430702330098],""unaligned_xyz_mm"":[-1.249556872433101,0.3798697018283006,0.16499430702330098],""xy_rotation_deg"":-4.580684956890044,""xy_translation_mm"":[1.3195654319610284,-0.5464514666381837],""xy_translation_source"":""five_point_reassembly"",""xy_translation_details"":{""preset"":""5×5｜441点1mm连续"",""calibration_points"":5,""calibration_strategy"":""rigid_rotation_translation_v1"",""calibration_rms_mm"":0.507358956567797,""check_rms_mm"":null},""dynamic_model_enabled"":false,""dynamic_history_ready"":false,""dynamic_gate"":0.0,""contact_score"":0.99935881423371,""contact_score_threshold"":0.49492851692021117,""status"":""有效"",""preset"":""5×5｜441点1mm连续"",""needs_baseline"":false,""display.contact"":true,""display.contact_reason"":""拟合响应/相似度接触门控"",""display.contact_segment"":615,""display.contact_age_ms"":1308.0033,""display.contact_last_end_ns"":1240509495697500}"
S20260919_A,000134,203,1240510866193200,1240510899963300,NormalizedFit,1,1,True,unknown,False,False,0.0,0.4929787175877521,nan,nan,0.2664746649583023,-0.3751536525160202,0.17685871743771742,x,y,z,0.2664746649583023,-0.3751536525160202,0.17685871743771742,,,,,,,,1.5139759682028753,-0.46841561250714325,-0.025456238985508306,"{""x"":0.2664746649583023,""y"":-0.3751536525160202,""z"":0.17685871743771742,""dx"":null,""dy"":null,""mode5"":null,""Q"":null,""X"":null,""Y"":null,""Z"":null,""dX"":1.5139759682028753,""dY"":-0.46841561250714325,""dZ"":-0.025456238985508306}","{""amplitude_uT"":399.50726752713774,""contact_threshold_uT"":40.0,""contact_gate"":""shape-aware ridge classifier + amplitude floor"",""cosine_similarity"":0.9953249050993459,""anti_jump_policy"":""快速门控（阈值/形状）"",""calibration_depth_range_mm"":[0.2,0.8],""depth_extrapolated"":true,""relative_reference"":""first valid prediction since B0/no-contact"",""xy_semantics"":""continuous XY RBF refit on all 441 positions at 1 mm spacing"",""fit_model"":""441点1 mm连续XY/RBF＋跨深度连续Z＋接触/释放门控"",""fit_variant"":""dense441_1mm_continuous_development"",""evidence_tier"":""development_dense441_single_repeat_random_validation_pending"",""continuous_xy_method"":""kernel_rbf"",""working_range_model"":false,""working_range_mm"":null,""outside_declared_working_range"":false,""calibration_domain_mm"":{""x"":[-10.0,10.0],""y"":[-10.0,10.0],""depth"":[0.2,0.8]},""xy_outside_calibration_domain"":false,""excluded_calibration_samples"":0,""uncorrected_static_xyz_mm"":[0.2664746649583023,-0.3751536525160202,0.17685871743771742],""unaligned_xyz_mm"":[-1.0634073845727317,0.08664778765556314,0.17685871743771742],""xy_rotation_deg"":-4.580684956890044,""xy_translation_mm"":[1.3195654319610284,-0.5464514666381837],""xy_translation_source"":""five_point_reassembly"",""xy_translation_details"":{""preset"":""5×5｜441点1mm连续"",""calibration_points"":5,""calibration_strategy"":""rigid_rotation_translation_v1"",""calibration_rms_mm"":0.507358956567797,""check_rms_mm"":null},""dynamic_model_enabled"":false,""dynamic_history_ready"":false,""dynamic_gate"":0.0,""contact_score"":0.9991864818552142,""contact_score_threshold"":0.49492851692021117,""status"":""有效"",""preset"":""5×5｜441点1mm连续"",""needs_baseline"":false,""display.contact"":true,""display.contact_reason"":""拟合响应/相似度接触门控"",""display.contact_segment"":615,""display.contact_age_ms"":1334.0013,""display.contact_last_end_ns"":1240509495697500}"
S20260919_A,000134,204,1240510878649900,1240510903992300,NormalizedFit,1,1,True,unknown,False,False,0.0,0.49237043110922896,nan,nan,-0.0012929226898421575,-0.45475772773073253,0.18873891716015267,x,y,z,-0.0012929226898421575,-0.45475772773073253,0.18873891716015267,,,,,,,,1.2462083805547308,-0.5480196877218556,-0.013576039263073048,"{""x"":-0.0012929226898421575,""y"":-0.45475772773073253,""z"":0.18873891716015267,""dx"":null,""dy"":null,""mode5"":null,""Q"":null,""X"":null,""Y"":null,""Z"":null,""dX"":1.2462083805547308,""dY"":-0.5480196877218556,""dZ"":-0.013576039263073048}","{""amplitude_uT"":406.72703818408746,""contact_threshold_uT"":40.0,""contact_gate"":""shape-aware ridge classifier + amplitude floor"",""cosine_similarity"":0.9954954082693602,""anti_jump_policy"":""快速门控（阈值/形状）"",""calibration_depth_range_mm"":[0.2,0.8],""depth_extrapolated"":true,""relative_reference"":""first valid prediction since B0/no-contact"",""xy_semantics"":""continuous XY RBF refit on all 441 positions at 1 mm spacing"",""fit_model"":""441点1 mm连续XY/RBF＋跨深度连续Z＋接触/释放门控"",""fit_variant"":""dense441_1mm_continuous_development"",""evidence_tier"":""development_dense441_single_repeat_random_validation_pending"",""continuous_xy_method"":""kernel_rbf"",""working_range_model"":false,""working_range_mm"":null,""outside_declared_working_range"":false,""calibration_domain_mm"":{""x"":[-10.0,10.0],""y"":[-10.0,10.0],""depth"":[0.2,0.8]},""xy_outside_calibration_domain"":false,""excluded_calibration_samples"":0,""uncorrected_static_xyz_mm"":[-0.0012929226898421575,-0.45475772773073253,0.18873891716015267],""unaligned_xyz_mm"":[-1.3239622725946503,-0.01408671543837059,0.18873891716015267],""xy_rotation_deg"":-4.580684956890044,""xy_translation_mm"":[1.3195654319610284,-0.5464514666381837],""xy_translation_source"":""five_point_reassembly"",""xy_translation_details"":{""preset"":""5×5｜441点1mm连续"",""calibration_points"":5,""calibration_strategy"":""rigid_rotation_translation_v1"",""calibration_rms_mm"":0.507358956567797,""check_rms_mm"":null},""dynamic_model_enabled"":false,""dynamic_history_ready"":false,""dynamic_gate"":0.0,""contact_score"":0.9991935183877328,""contact_score_threshold"":0.49492851692021117,""status"":""有效"",""preset"":""5×5｜441点1mm连续"",""needs_baseline"":false,""display.contact"":true,""display.contact_reason"":""拟合响应/相似度接触门控"",""display.contact_segment"":615,""display.contact_age_ms"":1346.458,""display.contact_last_end_ns"":1240509495697500}"
S20260919_A,000134,205,1240510890569100,1240510907520500,NormalizedFit,1,1,True,unknown,False,False,0.0,0.3458075614510465,nan,nan,0.1487433395058928,-0.2520425120336048,0.18420874202150184,x,y,z,0.1487433395058928,-0.2520425120336048,0.18420874202150184,,,,,,,,1.3962446427504658,-0.34530447202472786,-0.018106214401723886,"{""x"":0.1487433395058928,""y"":-0.2520425120336048,""z"":0.18420874202150184,""dx"":null,""dy"":null,""mode5"":null,""Q"":null,""X"":null,""Y"":null,""Z"":null,""dX"":1.3962446427504658,""dY"":-0.34530447202472786,""dZ"":-0.018106214401723886}","{""amplitude_uT"":406.7390964153185,""contact_threshold_uT"":40.0,""contact_gate"":""shape-aware ridge classifier + amplitude floor"",""cosine_similarity"":0.9953162059613594,""anti_jump_policy"":""快速门控（阈值/形状）"",""calibration_depth_range_mm"":[0.2,0.8],""depth_extrapolated"":true,""relative_reference"":""first valid prediction since B0/no-contact"",""xy_semantics"":""continuous XY RBF refit on all 441 positions at 1 mm spacing"",""fit_model"":""441点1 mm连续XY/RBF＋跨深度连续Z＋接触/释放门控"",""fit_variant"":""dense441_1mm_continuous_development"",""evidence_tier"":""development_dense441_single_repeat_random_validation_pending"",""continuous_xy_method"":""kernel_rbf"",""working_range_model"":false,""working_range_mm"":null,""outside_declared_working_range"":false,""calibration_domain_mm"":{""x"":[-10.0,10.0],""y"":[-10.0,10.0],""depth"":[0.2,0.8]},""xy_outside_calibration_domain"":false,""excluded_calibration_samples"":0,""uncorrected_static_xyz_mm"":[0.1487433395058928,-0.2520425120336048,0.18420874202150184],""unaligned_xyz_mm"":[-1.1905946714571223,0.19996332921385918,0.18420874202150184],""xy_rotation_deg"":-4.580684956890044,""xy_translation_mm"":[1.3195654319610284,-0.5464514666381837],""xy_translation_source"":""five_point_reassembly"",""xy_translation_details"":{""preset"":""5×5｜441点1mm连续"",""calibration_points"":5,""calibration_strategy"":""rigid_rotation_translation_v1"",""calibration_rms_mm"":0.507358956567797,""check_rms_mm"":null},""dynamic_model_enabled"":false,""dynamic_history_ready"":false,""dynamic_gate"":0.0,""contact_score"":0.999210330167494,""contact_score_threshold"":0.49492851692021117,""status"":""有效"",""preset"":""5×5｜441点1mm连续"",""needs_baseline"":false,""display.contact"":true,""display.contact_reason"":""拟合响应/相似度接触门控"",""display.contact_segment"":615,""display.contact_age_ms"":1358.3772,""display.contact_last_end_ns"":1240509495697500}"
S20260919_A,000134,206,1240510917533600,1240510961721000,NormalizedFit,1,1,True,unknown,False,False,0.0,0.3675780587033104,nan,nan,0.12123931119358655,-0.2945031057353704,0.18352814327404998,x,y,z,0.12123931119358655,-0.2945031057353704,0.18352814327404998,,,,,,,,1.3687406144381595,-0.3877650657264935,-0.01878681314917574,"{""x"":0.12123931119358655,""y"":-0.2945031057353704,""z"":0.18352814327404998,""dx"":null,""dy"":null,""mode5"":null,""Q"":null,""X"":null,""Y"":null,""Z"":null,""dX"":1.3687406144381595,""dY"":-0.3877650657264935,""dZ"":-0.01878681314917574}","{""amplitude_uT"":408.27274756221476,""contact_threshold_uT"":40.0,""contact_gate"":""shape-aware ridge classifier + amplitude floor"",""cosine_similarity"":0.9946935202787082,""anti_jump_policy"":""快速门控（阈值/形状）"",""calibration_depth_range_mm"":[0.2,0.8],""depth_extrapolated"":true,""relative_reference"":""first valid prediction since B0/no-contact"",""xy_semantics"":""continuous XY RBF refit on all 441 positions at 1 mm spacing"",""fit_model"":""441点1 mm连续XY/RBF＋跨深度连续Z＋接触/释放门控"",""fit_variant"":""dense441_1mm_continuous_development"",""evidence_tier"":""development_dense441_single_repeat_random_validation_pending"",""continuous_xy_method"":""kernel_rbf"",""working_range_model"":false,""working_range_mm"":null,""outside_declared_working_range"":false,""calibration_domain_mm"":{""x"":[-10.0,10.0],""y"":[-10.0,10.0],""depth"":[0.2,0.8]},""xy_outside_calibration_domain"":false,""excluded_calibration_samples"":0,""uncorrected_static_xyz_mm"":[0.12123931119358655,-0.2945031057353704,0.18352814327404998],""unaligned_xyz_mm"":[-1.2146198220733293,0.1554418093748069,0.18352814327404998],""xy_rotation_deg"":-4.580684956890044,""xy_translation_mm"":[1.3195654319610284,-0.5464514666381837],""xy_translation_source"":""five_point_reassembly"",""xy_translation_details"":{""preset"":""5×5｜441点1mm连续"",""calibration_points"":5,""calibration_strategy"":""rigid_rotation_translation_v1"",""calibration_rms_mm"":0.507358956567797,""check_rms_mm"":null},""dynamic_model_enabled"":false,""dynamic_history_ready"":false,""dynamic_gate"":0.0,""contact_score"":0.999177097326967,""contact_score_threshold"":0.49492851692021117,""status"":""有效"",""preset"":""5×5｜441点1mm连续"",""needs_baseline"":false,""display.contact"":true,""display.contact_reason"":""拟合响应/相似度接触门控"",""display.contact_segment"":615,""display.contact_age_ms"":1385.3417,""display.contact_last_end_ns"":1240509495697500}"
S20260919_A,000134,207,1240510943444800,1240510966230900,NormalizedFit,1,1,True,unknown,False,False,0.0,0.54251363526813,nan,nan,0.2512871756272961,-0.4394070788188578,0.19518508882846608,x,y,z,0.2512871756272961,-0.4394070788188578,0.19518508882846608,,,,,,,,1.498788478871869,-0.5326690388099808,-0.007129867594759642,"{""x"":0.2512871756272961,""y"":-0.4394070788188578,""z"":0.19518508882846608,""dx"":null,""dy"":null,""mode5"":null,""Q"":null,""X"":null,""Y"":null,""Z"":null,""dX"":1.498788478871869,""dY"":-0.5326690388099808,""dZ"":-0.007129867594759642}","{""amplitude_uT"":412.55894864370623,""contact_threshold_uT"":40.0,""contact_gate"":""shape-aware ridge classifier + amplitude floor"",""cosine_similarity"":0.9940949017244988,""anti_jump_policy"":""快速门控（阈值/形状）"",""calibration_depth_range_mm"":[0.2,0.8],""depth_extrapolated"":true,""relative_reference"":""first valid prediction since B0/no-contact"",""xy_semantics"":""continuous XY RBF refit on all 441 positions at 1 mm spacing"",""fit_model"":""441点1 mm连续XY/RBF＋跨深度连续Z＋接触/释放门控"",""fit_variant"":""dense441_1mm_continuous_development"",""evidence_tier"":""development_dense441_single_repeat_random_validation_pending"",""continuous_xy_method"":""kernel_rbf"",""working_range_model"":false,""working_range_mm"":null,""outside_declared_working_range"":false,""calibration_domain_mm"":{""x"":[-10.0,10.0],""y"":[-10.0,10.0],""depth"":[0.2,0.8]},""xy_outside_calibration_domain"":false,""excluded_calibration_samples"":0,""uncorrected_static_xyz_mm"":[0.2512871756272961,-0.4394070788188578,0.19518508882846608],""unaligned_xyz_mm"":[-1.0734148982928895,0.02138667907645253,0.19518508882846608],""xy_rotation_deg"":-4.580684956890044,""xy_translation_mm"":[1.3195654319610284,-0.5464514666381837],""xy_translation_source"":""five_point_reassembly"",""xy_translation_details"":{""preset"":""5×5｜441点1mm连续"",""calibration_points"":5,""calibration_strategy"":""rigid_rotation_translation_v1"",""calibration_rms_mm"":0.507358956567797,""check_rms_mm"":null},""dynamic_model_enabled"":false,""dynamic_history_ready"":false,""dynamic_gate"":0.0,""contact_score"":0.9992801648596553,""contact_score_threshold"":0.49492851692021117,""status"":""有效"",""preset"":""5×5｜441点1mm连续"",""needs_baseline"":false,""display.contact"":true,""display.contact_reason"":""拟合响应/相似度接触门控"",""display.contact_segment"":615,""display.contact_age_ms"":1411.2529,""display.contact_last_end_ns"":1240509495697500}"
S20260919_A,000134,208,1240510953859800,1240510969030700,NormalizedFit,1,1,True,unknown,False,False,0.0,0.5173461540189205,nan,nan,0.2019978883661262,-0.4372808293368308,0.18875744347783496,x,y,z,0.2019978883661262,-0.4372808293368308,0.18875744347783496,,,,,,,,1.4494991916106992,-0.530542789327954,-0.01355751294539076,"{""x"":0.2019978883661262,""y"":-0.4372808293368308,""z"":0.18875744347783496,""dx"":null,""dy"":null,""mode5"":null,""Q"":null,""X"":null,""Y"":null,""Z"":null,""dX"":1.4494991916106992,""dY"":-0.530542789327954,""dZ"":-0.01355751294539076}","{""amplitude_uT"":415.1178619220693,""contact_threshold_uT"":40.0,""contact_gate"":""shape-aware ridge classifier + amplitude floor"",""cosine_similarity"":0.994438700519254,""anti_jump_policy"":""快速门控（阈值/形状）"",""calibration_depth_range_mm"":[0.2,0.8],""depth_extrapolated"":true,""relative_reference"":""first valid prediction since B0/no-contact"",""xy_semantics"":""continuous XY RBF refit on all 441 positions at 1 mm spacing"",""fit_model"":""441点1 mm连续XY/RBF＋跨深度连续Z＋接触/释放门控"",""fit_variant"":""dense441_1mm_continuous_development"",""evidence_tier"":""development_dense441_single_repeat_random_validation_pending"",""continuous_xy_method"":""kernel_rbf"",""working_range_model"":false,""working_range_mm"":null,""outside_declared_working_range"":false,""calibration_domain_mm"":{""x"":[-10.0,10.0],""y"":[-10.0,10.0],""depth"":[0.2,0.8]},""xy_outside_calibration_domain"":false,""excluded_calibration_samples"":0,""uncorrected_static_xyz_mm"":[0.2019978883661262,-0.4372808293368308,0.18875744347783496],""unaligned_xyz_mm"":[-1.1227165569980309,0.019569751863898865,0.18875744347783496],""xy_rotation_deg"":-4.580684956890044,""xy_translation_mm"":[1.3195654319610284,-0.5464514666381837],""xy_translation_source"":""five_point_reassembly"",""xy_translation_details"":{""preset"":""5×5｜441点1mm连续"",""calibration_points"":5,""calibration_strategy"":""rigid_rotation_translation_v1"",""calibration_rms_mm"":0.507358956567797,""check_rms_mm"":null},""dynamic_model_enabled"":false,""dynamic_history_ready"":false,""dynamic_gate"":0.0,""contact_score"":0.9991860278124961,""contact_score_threshold"":0.49492851692021117,""status"":""有效"",""preset"":""5×5｜441点1mm连续"",""needs_baseline"":false,""display.contact"":true,""display.contact_reason"":""拟合响应/相似度接触门控"",""display.contact_segment"":615,""display.contact_age_ms"":1421.6679,""display.contact_last_end_ns"":1240509495697500}"
S20260919_A,000134,209,1240510980760700,1240511001531400,NormalizedFit,1,1,True,unknown,False,False,0.0,0.31663099399694683,nan,nan,0.24354803323002083,-0.08330967315096743,0.18438828658231587,x,y,z,0.24354803323002083,-0.08330967315096743,0.18438828658231587,,,,,,,,1.4910493364745938,-0.1765716331420905,-0.017926669840909848,"{""x"":0.24354803323002083,""y"":-0.08330967315096743,""z"":0.18438828658231587,""dx"":null,""dy"":null,""mode5"":null,""Q"":null,""X"":null,""Y"":null,""Z"":null,""dX"":1.4910493364745938,""dY"":-0.1765716331420905,""dZ"":-0.017926669840909848}","{""amplitude_uT"":419.2102489896928,""contact_threshold_uT"":40.0,""contact_gate"":""shape-aware ridge classifier + amplitude floor"",""cosine_similarity"":0.9943248273709254,""anti_jump_policy"":""快速门控（阈值/形状）"",""calibration_depth_range_mm"":[0.2,0.8],""depth_extrapolated"":true,""relative_reference"":""first valid prediction since B0/no-contact"",""xy_semantics"":""continuous XY RBF refit on all 441 positions at 1 mm spacing"",""fit_model"":""441点1 mm连续XY/RBF＋跨深度连续Z＋接触/释放门控"",""fit_variant"":""dense441_1mm_continuous_development"",""evidence_tier"":""development_dense441_single_repeat_random_validation_pending"",""continuous_xy_method"":""kernel_rbf"",""working_range_model"":false,""working_range_mm"":null,""outside_declared_working_range"":false,""calibration_domain_mm"":{""x"":[-10.0,10.0],""y"":[-10.0,10.0],""depth"":[0.2,0.8]},""xy_outside_calibration_domain"":false,""excluded_calibration_samples"":0,""uncorrected_static_xyz_mm"":[0.24354803323002083,-0.08330967315096743,0.18438828658231587],""unaligned_xyz_mm"":[-1.1095682903292805,0.3757285886676134,0.18438828658231587],""xy_rotation_deg"":-4.580684956890044,""xy_translation_mm"":[1.3195654319610284,-0.5464514666381837],""xy_translation_source"":""five_point_reassembly"",""xy_translation_details"":{""preset"":""5×5｜441点1mm连续"",""calibration_points"":5,""calibration_strategy"":""rigid_rotation_translation_v1"",""calibration_rms_mm"":0.507358956567797,""check_rms_mm"":null},""dynamic_model_enabled"":false,""dynamic_history_ready"":false,""dynamic_gate"":0.0,""contact_score"":0.9993631568481628,""contact_score_threshold"":0.49492851692021117,""status"":""有效"",""preset"":""5×5｜441点1mm连续"",""needs_baseline"":false,""display.contact"":true,""display.contact_reason"":""拟合响应/相似度接触门控"",""display.contact_segment"":615,""display.contact_age_ms"":1448.5688,""display.contact_last_end_ns"":1240509495697500}"
S20260919_A,000134,210,1240511006771600,1240511054196500,NormalizedFit,1,1,True,unknown,False,False,0.0,0.42304880193776456,nan,nan,-0.1101579205737413,-0.3743396723247203,0.16341765840835032,x,y,z,-0.1101579205737413,-0.3743396723247203,0.16341765840835032,,,,,,,,1.1373433826708317,-0.4676016323158434,-0.0388972980148754,"{""x"":-0.1101579205737413,""y"":-0.3743396723247203,""z"":0.16341765840835032,""dx"":null,""dy"":null,""mode5"":null,""Q"":null,""X"":null,""Y"":null,""Z"":null,""dX"":1.1373433826708317,""dY"":-0.4676016323158434,""dZ"":-0.0388972980148754}","{""amplitude_uT"":428.7658789479409,""contact_threshold_uT"":40.0,""contact_gate"":""shape-aware ridge classifier + amplitude floor"",""cosine_similarity"":0.9956691055061575,""anti_jump_policy"":""快速门控（阈值/形状）"",""calibration_depth_range_mm"":[0.2,0.8],""depth_extrapolated"":true,""relative_reference"":""first valid prediction since B0/no-contact"",""xy_semantics"":""continuous XY RBF refit on all 441 positions at 1 mm spacing"",""fit_model"":""441点1 mm连续XY/RBF＋跨深度连续Z＋接触/释放门控"",""fit_variant"":""dense441_1mm_continuous_development"",""evidence_tier"":""development_dense441_single_repeat_random_validation_pending"",""continuous_xy_method"":""kernel_rbf"",""working_range_model"":false,""working_range_mm"":null,""outside_declared_working_range"":false,""calibration_domain_mm"":{""x"":[-10.0,10.0],""y"":[-10.0,10.0],""depth"":[0.2,0.8]},""xy_outside_calibration_domain"":false,""excluded_calibration_samples"":0,""uncorrected_static_xyz_mm"":[-0.1101579205737413,-0.3743396723247203,0.16341765840835032],""unaligned_xyz_mm"":[-1.4389019588701428,0.05738019941344863,0.16341765840835032],""xy_rotation_deg"":-4.580684956890044,""xy_translation_mm"":[1.3195654319610284,-0.5464514666381837],""xy_translation_source"":""five_point_reassembly"",""xy_translation_details"":{""preset"":""5×5｜441点1mm连续"",""calibration_points"":5,""calibration_strategy"":""rigid_rotation_translation_v1"",""calibration_rms_mm"":0.507358956567797,""check_rms_mm"":null},""dynamic_model_enabled"":false,""dynamic_history_ready"":false,""dynamic_gate"":0.0,""contact_score"":0.9994251288375702,""contact_score_threshold"":0.49492851692021117,""status"":""有效"",""preset"":""5×5｜441点1mm连续"",""needs_baseline"":false,""display.contact"":true,""display.contact_reason"":""拟合响应/相似度接触门控"",""display.contact_segment"":615,""display.contact_age_ms"":1474.5797,""display.contact_last_end_ns"":1240509495697500}"
S20260919_A,000134,211,1240511017756100,1240511057213700,NormalizedFit,1,1,True,unknown,False,False,0.0,0.42313816526526293,nan,nan,0.3049395260723067,0.20105528856310018,0.21362247841380944,x,y,z,0.3049395260723067,0.20105528856310018,0.21362247841380944,,,,,,,,1.5524408293168797,0.1077933285719771,0.011307521990583713,"{""x"":0.3049395260723067,""y"":0.20105528856310018,""z"":0.21362247841380944,""dx"":null,""dy"":null,""mode5"":null,""Q"":null,""X"":null,""Y"":null,""Z"":null,""dX"":1.5524408293168797,""dY"":0.1077933285719771,""dZ"":0.011307521990583713}","{""amplitude_uT"":507.38058622201976,""contact_threshold_uT"":40.0,""contact_gate"":""shape-aware ridge classifier + amplitude floor"",""cosine_similarity"":0.9910259691197951,""anti_jump_policy"":""快速门控（阈值/形状）"",""calibration_depth_range_mm"":[0.2,0.8],""depth_extrapolated"":false,""relative_reference"":""first valid prediction since B0/no-contact"",""xy_semantics"":""continuous XY RBF refit on all 441 positions at 1 mm spacing"",""fit_model"":""441点1 mm连续XY/RBF＋跨深度连续Z＋接触/释放门控"",""fit_variant"":""dense441_1mm_continuous_development"",""evidence_tier"":""development_dense441_single_repeat_random_validation_pending"",""continuous_xy_method"":""kernel_rbf"",""working_range_model"":false,""working_range_mm"":null,""outside_declared_working_range"":false,""calibration_domain_mm"":{""x"":[-10.0,10.0],""y"":[-10.0,10.0],""depth"":[0.2,0.8]},""xy_outside_calibration_domain"":false,""excluded_calibration_samples"":0,""uncorrected_static_xyz_mm"":[0.3049395260723067,0.20105528856310018,0.21362247841380944],""unaligned_xyz_mm"":[-1.0710830996001481,0.664088150566625,0.21362247841380944],""xy_rotation_deg"":-4.580684956890044,""xy_translation_mm"":[1.3195654319610284,-0.5464514666381837],""xy_translation_source"":""five_point_reassembly"",""xy_translation_details"":{""preset"":""5×5｜441点1mm连续"",""calibration_points"":5,""calibration_strategy"":""rigid_rotation_translation_v1"",""calibration_rms_mm"":0.507358956567797,""check_rms_mm"":null},""dynamic_model_enabled"":false,""dynamic_history_ready"":false,""dynamic_gate"":0.0,""contact_score"":0.999903107299523,""contact_score_threshold"":0.49492851692021117,""status"":""有效"",""preset"":""5×5｜441点1mm连续"",""needs_baseline"":false,""display.contact"":true,""display.contact_reason"":""拟合响应/相似度接触门控"",""display.contact_segment"":615,""display.contact_age_ms"":1485.5642,""display.contact_last_end_ns"":1240509495697500}"
S20260919_A,000134,212,1240511044618300,1240511060709600,NormalizedFit,1,1,True,unknown,False,False,0.0,0.4657041187352301,nan,nan,-0.05557381730275468,0.4042187464419116,0.22449739878735103,x,y,z,-0.05557381730275468,0.4042187464419116,0.22449739878735103,,,,,,,,1.1919274859418183,0.3109567864507885,0.02218244236412531,"{""x"":-0.05557381730275468,""y"":0.4042187464419116,""z"":0.22449739878735103,""dx"":null,""dy"":null,""mode5"":null,""Q"":null,""X"":null,""Y"":null,""Z"":null,""dX"":1.1919274859418183,""dY"":0.3109567864507885,""dZ"":0.02218244236412531}","{""amplitude_uT"":548.868192458809,""contact_threshold_uT"":40.0,""contact_gate"":""shape-aware ridge classifier + amplitude floor"",""cosine_similarity"":0.9923760716146743,""anti_jump_policy"":""快速门控（阈值/形状）"",""calibration_depth_range_mm"":[0.2,0.8],""depth_extrapolated"":false,""relative_reference"":""first valid prediction since B0/no-contact"",""xy_semantics"":""continuous XY RBF refit on all 441 positions at 1 mm spacing"",""fit_model"":""441点1 mm连续XY/RBF＋跨深度连续Z＋接触/释放门控"",""fit_variant"":""dense441_1mm_continuous_development"",""evidence_tier"":""development_dense441_single_repeat_random_validation_pending"",""continuous_xy_method"":""kernel_rbf"",""working_range_model"":false,""working_range_mm"":null,""outside_declared_working_range"":false,""calibration_domain_mm"":{""x"":[-10.0,10.0],""y"":[-10.0,10.0],""depth"":[0.2,0.8]},""xy_outside_calibration_domain"":false,""excluded_calibration_samples"":0,""uncorrected_static_xyz_mm"":[-0.05557381730275468,0.4042187464419116,0.22449739878735103],""unaligned_xyz_mm"":[-1.4466701338928902,0.8378110363356654,0.22449739878735103],""xy_rotation_deg"":-4.580684956890044,""xy_translation_mm"":[1.3195654319610284,-0.5464514666381837],""xy_translation_source"":""five_point_reassembly"",""xy_translation_details"":{""preset"":""5×5｜441点1mm连续"",""calibration_points"":5,""calibration_strategy"":""rigid_rotation_translation_v1"",""calibration_rms_mm"":0.507358956567797,""check_rms_mm"":null},""dynamic_model_enabled"":false,""dynamic_history_ready"":false,""dynamic_gate"":0.0,""contact_score"":1.0002154999388102,""contact_score_threshold"":0.49492851692021117,""status"":""有效"",""preset"":""5×5｜441点1mm连续"",""needs_baseline"":false,""display.contact"":true,""display.contact_reason"":""拟合响应/相似度接触门控"",""display.contact_segment"":615,""display.contact_age_ms"":1512.4264,""display.contact_last_end_ns"":1240509495697500}"
S20260919_A,000134,213,1240511071493800,1240511099733700,NormalizedFit,1,1,True,unknown,False,False,0.0,0.5668913750395126,nan,nan,-0.2178920255046808,0.45714183503116623,0.25477487902066565,x,y,z,-0.2178920255046808,0.45714183503116623,0.25477487902066565,,,,,,,,1.0296092777398922,0.36387987504004315,0.05245992259743992,"{""x"":-0.2178920255046808,""y"":0.45714183503116623,""z"":0.25477487902066565,""dx"":null,""dy"":null,""mode5"":null,""Q"":null,""X"":null,""Y"":null,""Z"":null,""dX"":1.0296092777398922,""dY"":0.36387987504004315,""dZ"":0.05245992259743992}","{""amplitude_uT"":566.2660817009968,""contact_threshold_uT"":40.0,""contact_gate"":""shape-aware ridge classifier + amplitude floor"",""cosine_similarity"":0.9917491937395188,""anti_jump_policy"":""快速门控（阈值/形状）"",""calibration_depth_range_mm"":[0.2,0.8],""depth_extrapolated"":false,""relative_reference"":""first valid prediction since B0/no-contact"",""xy_semantics"":""continuous XY RBF refit on all 441 positions at 1 mm spacing"",""fit_model"":""441点1 mm连续XY/RBF＋跨深度连续Z＋接触/释放门控"",""fit_variant"":""dense441_1mm_continuous_development"",""evidence_tier"":""development_dense441_single_repeat_random_validation_pending"",""continuous_xy_method"":""kernel_rbf"",""working_range_model"":false,""working_range_mm"":null,""outside_declared_working_range"":false,""calibration_domain_mm"":{""x"":[-10.0,10.0],""y"":[-10.0,10.0],""depth"":[0.2,0.8]},""xy_outside_calibration_domain"":false,""excluded_calibration_samples"":0,""uncorrected_static_xyz_mm"":[-0.2178920255046808,0.45714183503116623,0.25477487902066565],""unaligned_xyz_mm"":[-1.612696465693972,0.8776018791061704,0.25477487902066565],""xy_rotation_deg"":-4.580684956890044,""xy_translation_mm"":[1.3195654319610284,-0.5464514666381837],""xy_translation_source"":""five_point_reassembly"",""xy_translation_details"":{""preset"":""5×5｜441点1mm连续"",""calibration_points"":5,""calibration_strategy"":""rigid_rotation_translation_v1"",""calibration_rms_mm"":0.507358956567797,""check_rms_mm"":null},""dynamic_model_enabled"":false,""dynamic_history_ready"":false,""dynamic_gate"":0.0,""contact_score"":1.0001792521750392,""contact_score_threshold"":0.49492851692021117,""status"":""有效"",""preset"":""5×5｜441点1mm连续"",""needs_baseline"":false,""display.contact"":true,""display.contact_reason"":""拟合响应/相似度接触门控"",""display.contact_segment"":615,""display.contact_age_ms"":1539.3019,""display.contact_last_end_ns"":1240509495697500}"
S20260919_A,000134,214,1240511082527100,1240511102843400,NormalizedFit,1,1,True,unknown,False,False,0.0,0.6339797504235658,nan,nan,-0.1987355905600383,0.5393692463352835,0.2674234565246434,x,y,z,-0.1987355905600383,0.5393692463352835,0.2674234565246434,,,,,,,,1.0487657126845347,0.4461072863441604,0.06510850010141767,"{""x"":-0.1987355905600383,""y"":0.5393692463352835,""z"":0.2674234565246434,""dx"":null,""dy"":null,""mode5"":null,""Q"":null,""X"":null,""Y"":null,""Z"":null,""dX"":1.0487657126845347,""dY"":0.4461072863441604,""dZ"":0.06510850010141767}","{""amplitude_uT"":583.4366771158634,""contact_threshold_uT"":40.0,""contact_gate"":""shape-aware ridge classifier + amplitude floor"",""cosine_similarity"":0.993841307384122,""anti_jump_policy"":""快速门控（阈值/形状）"",""calibration_depth_range_mm"":[0.2,0.8],""depth_extrapolated"":false,""relative_reference"":""first valid prediction since B0/no-contact"",""xy_semantics"":""continuous XY RBF refit on all 441 positions at 1 mm spacing"",""fit_model"":""441点1 mm连续XY/RBF＋跨深度连续Z＋接触/释放门控"",""fit_variant"":""dense441_1mm_continuous_development"",""evidence_tier"":""development_dense441_single_repeat_random_validation_pending"",""continuous_xy_method"":""kernel_rbf"",""working_range_model"":false,""working_range_mm"":null,""outside_declared_working_range"":false,""calibration_domain_mm"":{""x"":[-10.0,10.0],""y"":[-10.0,10.0],""depth"":[0.2,0.8]},""xy_outside_calibration_domain"":false,""excluded_calibration_samples"":0,""uncorrected_static_xyz_mm"":[-0.1987355905600383,0.5393692463352835,0.2674234565246434],""unaligned_xyz_mm"":[-1.600168138205912,0.9610965327069652,0.2674234565246434],""xy_rotation_deg"":-4.580684956890044,""xy_translation_mm"":[1.3195654319610284,-0.5464514666381837],""xy_translation_source"":""five_point_reassembly"",""xy_translation_details"":{""preset"":""5×5｜441点1mm连续"",""calibration_points"":5,""calibration_strategy"":""rigid_rotation_translation_v1"",""calibration_rms_mm"":0.507358956567797,""check_rms_mm"":null},""dynamic_model_enabled"":false,""dynamic_history_ready"":false,""dynamic_gate"":0.0,""contact_score"":1.000273134366223,""contact_score_threshold"":0.49492851692021117,""status"":""有效"",""preset"":""5×5｜441点1mm连续"",""needs_baseline"":false,""display.contact"":true,""display.contact_reason"":""拟合响应/相似度接触门控"",""display.contact_segment"":615,""display.contact_age_ms"":1550.3352,""display.contact_last_end_ns"":1240509495697500}"
S20260919_A,000134,215,1240511093482700,1240511105535800,NormalizedFit,1,1,True,unknown,False,False,0.0,0.6251109300435429,nan,nan,-0.24325575635246333,0.5127650016646188,0.2620350452309341,x,y,z,-0.24325575635246333,0.5127650016646188,0.2620350452309341,,,,,,,,1.0042455468921097,0.4195030416734957,0.059720088807708405,"{""x"":-0.24325575635246333,""y"":0.5127650016646188,""z"":0.2620350452309341,""dx"":null,""dy"":null,""mode5"":null,""Q"":null,""X"":null,""Y"":null,""Z"":null,""dX"":1.0042455468921097,""dY"":0.4195030416734957,""dZ"":0.059720088807708405}","{""amplitude_uT"":581.4931667631616,""contact_threshold_uT"":40.0,""contact_gate"":""shape-aware ridge classifier + amplitude floor"",""cosine_similarity"":0.9934015077404894,""anti_jump_policy"":""快速门控（阈值/形状）"",""calibration_depth_range_mm"":[0.2,0.8],""depth_extrapolated"":false,""relative_reference"":""first valid prediction since B0/no-contact"",""xy_semantics"":""continuous XY RBF refit on all 441 positions at 1 mm spacing"",""fit_model"":""441点1 mm连续XY/RBF＋跨深度连续Z＋接触/释放门控"",""fit_variant"":""dense441_1mm_continuous_development"",""evidence_tier"":""development_dense441_single_repeat_random_validation_pending"",""continuous_xy_method"":""kernel_rbf"",""working_range_model"":false,""working_range_mm"":null,""outside_declared_working_range"":false,""calibration_domain_mm"":{""x"":[-10.0,10.0],""y"":[-10.0,10.0],""depth"":[0.2,0.8]},""xy_outside_calibration_domain"":false,""excluded_calibration_samples"":0,""uncorrected_static_xyz_mm"":[-0.24325575635246333,0.5127650016646188,0.2620350452309341],""unaligned_xyz_mm"":[-1.6424214082695452,0.9310217564715337,0.2620350452309341],""xy_rotation_deg"":-4.580684956890044,""xy_translation_mm"":[1.3195654319610284,-0.5464514666381837],""xy_translation_source"":""five_point_reassembly"",""xy_translation_details"":{""preset"":""5×5｜441点1mm连续"",""calibration_points"":5,""calibration_strategy"":""rigid_rotation_translation_v1"",""calibration_rms_mm"":0.507358956567797,""check_rms_mm"":null},""dynamic_model_enabled"":false,""dynamic_history_ready"":false,""dynamic_gate"":0.0,""contact_score"":1.00029424504886,""contact_score_threshold"":0.49492851692021117,""status"":""有效"",""preset"":""5×5｜441点1mm连续"",""needs_baseline"":false,""display.contact"":true,""display.contact_reason"":""拟合响应/相似度接触门控"",""display.contact_segment"":615,""display.contact_age_ms"":1561.2908,""display.contact_last_end_ns"":1240509495697500}"
S20260919_A,000134,216,1240511120281600,1240511157382100,NormalizedFit,1,1,True,unknown,False,False,0.0,0.30838388771851805,nan,nan,-0.07145039218857518,0.13661146624417309,0.2670819554951317,x,y,z,-0.07145039218857518,0.13661146624417309,0.2670819554951317,,,,,,,,1.1760509110559978,0.04334950625305001,0.06476699907190597,"{""x"":-0.07145039218857518,""y"":0.13661146624417309,""z"":0.2670819554951317,""dx"":null,""dy"":null,""mode5"":null,""Q"":null,""X"":null,""Y"":null,""Z"":null,""dX"":1.1760509110559978,""dY"":0.04334950625305001,""dZ"":0.06476699907190597}","{""amplitude_uT"":586.6055281336857,""contact_threshold_uT"":40.0,""contact_gate"":""shape-aware ridge classifier + amplitude floor"",""cosine_similarity"":0.9946304479980559,""anti_jump_policy"":""快速门控（阈值/形状）"",""calibration_depth_range_mm"":[0.2,0.8],""depth_extrapolated"":false,""relative_reference"":""first valid prediction since B0/no-contact"",""xy_semantics"":""continuous XY RBF refit on all 441 positions at 1 mm spacing"",""fit_model"":""441点1 mm连续XY/RBF＋跨深度连续Z＋接触/释放门控"",""fit_variant"":""dense441_1mm_continuous_development"",""evidence_tier"":""development_dense441_single_repeat_random_validation_pending"",""continuous_xy_method"":""kernel_rbf"",""working_range_model"":false,""working_range_mm"":null,""outside_declared_working_range"":false,""calibration_domain_mm"":{""x"":[-10.0,10.0],""y"":[-10.0,10.0],""depth"":[0.2,0.8]},""xy_outside_calibration_domain"":false,""excluded_calibration_samples"":0,""uncorrected_static_xyz_mm"":[-0.07145039218857518,0.13661146624417309,0.2670819554951317],""unaligned_xyz_mm"":[-1.4411241047393113,0.569790582628185,0.2670819554951317],""xy_rotation_deg"":-4.580684956890044,""xy_translation_mm"":[1.3195654319610284,-0.5464514666381837],""xy_translation_source"":""five_point_reassembly"",""xy_translation_details"":{""preset"":""5×5｜441点1mm连续"",""calibration_points"":5,""calibration_strategy"":""rigid_rotation_translation_v1"",""calibration_rms_mm"":0.507358956567797,""check_rms_mm"":null},""dynamic_model_enabled"":false,""dynamic_history_ready"":false,""dynamic_gate"":0.0,""contact_score"":1.0002571224013128,""contact_score_threshold"":0.49492851692021117,""status"":""有效"",""preset"":""5×5｜441点1mm连续"",""needs_baseline"":false,""display.contact"":true,""display.contact_reason"":""拟合响应/相似度接触门控"",""display.contact_segment"":615,""display.contact_age_ms"":1588.0897,""display.contact_last_end_ns"":1240509495697500}"
S20260919_A,000134,217,1240511146353100,1240511160681000,NormalizedFit,1,1,True,unknown,False,False,0.0,0.31422236678553744,nan,nan,-0.15514105773559628,0.07739703436287015,0.2620622961526856,x,y,z,-0.15514105773559628,0.07739703436287015,0.2620622961526856,,,,,,,,1.0923602455089767,-0.015864925628252924,0.05974733972945989,"{""x"":-0.15514105773559628,""y"":0.07739703436287015,""z"":0.2620622961526856,""dx"":null,""dy"":null,""mode5"":null,""Q"":null,""X"":null,""Y"":null,""Z"":null,""dX"":1.0923602455089767,""dY"":-0.015864925628252924,""dZ"":0.05974733972945989}","{""amplitude_uT"":587.7260049053472,""contact_threshold_uT"":40.0,""contact_gate"":""shape-aware ridge classifier + amplitude floor"",""cosine_similarity"":0.9932553868551891,""anti_jump_policy"":""快速门控（阈值/形状）"",""calibration_depth_range_mm"":[0.2,0.8],""depth_extrapolated"":false,""relative_reference"":""first valid prediction since B0/no-contact"",""xy_semantics"":""continuous XY RBF refit on all 441 positions at 1 mm spacing"",""fit_model"":""441点1 mm连续XY/RBF＋跨深度连续Z＋接触/释放门控"",""fit_variant"":""dense441_1mm_continuous_development"",""evidence_tier"":""development_dense441_single_repeat_random_validation_pending"",""continuous_xy_method"":""kernel_rbf"",""working_range_model"":false,""working_range_mm"":null,""outside_declared_working_range"":false,""calibration_domain_mm"":{""x"":[-10.0,10.0],""y"":[-10.0,10.0],""depth"":[0.2,0.8]},""xy_outside_calibration_domain"":false,""excluded_calibration_samples"":0,""uncorrected_static_xyz_mm"":[-0.15514105773559628,0.07739703436287015,0.2620622961526856],""unaligned_xyz_mm"":[-1.519818414467205,0.5040815112667731,0.2620622961526856],""xy_rotation_deg"":-4.580684956890044,""xy_translation_mm"":[1.3195654319610284,-0.5464514666381837],""xy_translation_source"":""five_point_reassembly"",""xy_translation_details"":{""preset"":""5×5｜441点1mm连续"",""calibration_points"":5,""calibration_strategy"":""rigid_rotation_translation_v1"",""calibration_rms_mm"":0.507358956567797,""check_rms_mm"":null},""dynamic_model_enabled"":false,""dynamic_history_ready"":false,""dynamic_gate"":0.0,""contact_score"":1.0003314056430934,""contact_score_threshold"":0.49492851692021117,""status"":""有效"",""preset"":""5×5｜441点1mm连续"",""needs_baseline"":false,""display.contact"":true,""display.contact_reason"":""拟合响应/相似度接触门控"",""display.contact_segment"":615,""display.contact_age_ms"":1614.1612,""display.contact_last_end_ns"":1240509495697500}"
S20260919_A,000134,218,1240511157561500,1240511193351700,NormalizedFit,1,1,True,unknown,False,False,0.0,0.2839163410349495,nan,nan,-0.0888804860393615,0.0018715645325937391,0.26963910167904237,x,y,z,-0.0888804860393615,0.0018715645325937391,0.26963910167904237,,,,,,,,1.1586208172052115,-0.09139039545852934,0.06732414525581665,"{""x"":-0.0888804860393615,""y"":0.0018715645325937391,""z"":0.26963910167904237,""dx"":null,""dy"":null,""mode5"":null,""Q"":null,""X"":null,""Y"":null,""Z"":null,""dX"":1.1586208172052115,""dY"":-0.09139039545852934,""dZ"":0.06732414525581665}","{""amplitude_uT"":587.7083888634735,""contact_threshold_uT"":40.0,""contact_gate"":""shape-aware ridge classifier + amplitude floor"",""cosine_similarity"":0.9939481659493119,""anti_jump_policy"":""快速门控（阈值/形状）"",""calibration_depth_range_mm"":[0.2,0.8],""depth_extrapolated"":false,""relative_reference"":""first valid prediction since B0/no-contact"",""xy_semantics"":""continuous XY RBF refit on all 441 positions at 1 mm spacing"",""fit_model"":""441点1 mm连续XY/RBF＋跨深度连续Z＋接触/释放门控"",""fit_variant"":""dense441_1mm_continuous_development"",""evidence_tier"":""development_dense441_single_repeat_random_validation_pending"",""continuous_xy_method"":""kernel_rbf"",""working_range_model"":false,""working_range_mm"":null,""outside_declared_working_range"":false,""calibration_domain_mm"":{""x"":[-10.0,10.0],""y"":[-10.0,10.0],""depth"":[0.2,0.8]},""xy_outside_calibration_domain"":false,""excluded_calibration_samples"":0,""uncorrected_static_xyz_mm"":[-0.0888804860393615,0.0018715645325937391,0.26963910167904237],""unaligned_xyz_mm"":[-1.4477378058282033,0.43408904158019235,0.26963910167904237],""xy_rotation_deg"":-4.580684956890044,""xy_translation_mm"":[1.3195654319610284,-0.5464514666381837],""xy_translation_source"":""five_point_reassembly"",""xy_translation_details"":{""preset"":""5×5｜441点1mm连续"",""calibration_points"":5,""calibration_strategy"":""rigid_rotation_translation_v1"",""calibration_rms_mm"":0.507358956567797,""check_rms_mm"":null},""dynamic_model_enabled"":false,""dynamic_history_ready"":false,""dynamic_gate"":0.0,""contact_score"":1.000264209850267,""contact_score_threshold"":0.49492851692021117,""status"":""有效"",""preset"":""5×5｜441点1mm连续"",""needs_baseline"":false,""display.contact"":true,""display.contact_reason"":""拟合响应/相似度接触门控"",""display.contact_segment"":615,""display.contact_age_ms"":1625.3696,""display.contact_last_end_ns"":1240509495697500}"
S20260919_A,000134,219,1240511184083400,1240511196494400,NormalizedFit,1,1,True,unknown,False,False,0.0,0.47023708862848645,nan,nan,0.2109053873398612,0.32625571710916035,0.26495102220298317,x,y,z,0.2109053873398612,0.32625571710916035,0.26495102220298317,,,,,,,,1.4584066905844342,0.23299375711803727,0.06263606577975744,"{""x"":0.2109053873398612,""y"":0.32625571710916035,""z"":0.26495102220298317,""dx"":null,""dy"":null,""mode5"":null,""Q"":null,""X"":null,""Y"":null,""Z"":null,""dX"":1.4584066905844342,""dY"":0.23299375711803727,""dZ"":0.06263606577975744}","{""amplitude_uT"":584.8046233863068,""contact_threshold_uT"":40.0,""contact_gate"":""shape-aware ridge classifier + amplitude floor"",""cosine_similarity"":0.9933776544844258,""anti_jump_policy"":""快速门控（阈值/形状）"",""calibration_depth_range_mm"":[0.2,0.8],""depth_extrapolated"":false,""relative_reference"":""first valid prediction since B0/no-contact"",""xy_semantics"":""continuous XY RBF refit on all 441 positions at 1 mm spacing"",""fit_model"":""441点1 mm连续XY/RBF＋跨深度连续Z＋接触/释放门控"",""fit_variant"":""dense441_1mm_continuous_development"",""evidence_tier"":""development_dense441_single_repeat_random_validation_pending"",""continuous_xy_method"":""kernel_rbf"",""working_range_model"":false,""working_range_mm"":null,""outside_declared_working_range"":false,""calibration_domain_mm"":{""x"":[-10.0,10.0],""y"":[-10.0,10.0],""depth"":[0.2,0.8]},""xy_outside_calibration_domain"":false,""excluded_calibration_samples"":0,""uncorrected_static_xyz_mm"":[0.2109053873398612,0.32625571710916035,0.26495102220298317],""unaligned_xyz_mm"":[-1.1748157485418713,0.7813788326296223,0.26495102220298317],""xy_rotation_deg"":-4.580684956890044,""xy_translation_mm"":[1.3195654319610284,-0.5464514666381837],""xy_translation_source"":""five_point_reassembly"",""xy_translation_details"":{""preset"":""5×5｜441点1mm连续"",""calibration_points"":5,""calibration_strategy"":""rigid_rotation_translation_v1"",""calibration_rms_mm"":0.507358956567797,""check_rms_mm"":null},""dynamic_model_enabled"":false,""dynamic_history_ready"":false,""dynamic_gate"":0.0,""contact_score"":1.0003583473695565,""contact_score_threshold"":0.49492851692021117,""status"":""有效"",""preset"":""5×5｜441点1mm连续"",""needs_baseline"":false,""display.contact"":true,""display.contact_reason"":""拟合响应/相似度接触门控"",""display.contact_segment"":615,""display.contact_age_ms"":1651.8915,""display.contact_last_end_ns"":1240509495697500}"
S20260919_A,000134,220,1240511210991300,1240511260471400,NormalizedFit,1,1,True,unknown,False,False,0.0,0.5725103445892397,nan,nan,0.5062783962680127,0.07225539558190042,0.2573508071549069,x,y,z,0.5062783962680127,0.07225539558190042,0.2573508071549069,,,,,,,,1.7537796995125858,-0.02100656440922266,0.05503585073168116,"{""x"":0.5062783962680127,""y"":0.07225539558190042,""z"":0.2573508071549069,""dx"":null,""dy"":null,""mode5"":null,""Q"":null,""X"":null,""Y"":null,""Z"":null,""dX"":1.7537796995125858,""dY"":-0.02100656440922266,""dZ"":0.05503585073168116}","{""amplitude_uT"":584.3197394406599,""contact_threshold_uT"":40.0,""contact_gate"":""shape-aware ridge classifier + amplitude floor"",""cosine_similarity"":0.9935783345833791,""anti_jump_policy"":""快速门控（阈值/形状）"",""calibration_depth_range_mm"":[0.2,0.8],""depth_extrapolated"":false,""relative_reference"":""first valid prediction since B0/no-contact"",""xy_semantics"":""continuous XY RBF refit on all 441 positions at 1 mm spacing"",""fit_model"":""441点1 mm连续XY/RBF＋跨深度连续Z＋接触/释放门控"",""fit_variant"":""dense441_1mm_continuous_development"",""evidence_tier"":""development_dense441_single_repeat_random_validation_pending"",""continuous_xy_method"":""kernel_rbf"",""working_range_model"":false,""working_range_mm"":null,""outside_declared_working_range"":false,""calibration_domain_mm"":{""x"":[-10.0,10.0],""y"":[-10.0,10.0],""depth"":[0.2,0.8]},""xy_outside_calibration_domain"":false,""excluded_calibration_samples"":0,""uncorrected_static_xyz_mm"":[0.5062783962680127,0.07225539558190042,0.2573508071549069],""unaligned_xyz_mm"":[-0.8601010021213873,0.5517791677241357,0.2573508071549069],""xy_rotation_deg"":-4.580684956890044,""xy_translation_mm"":[1.3195654319610284,-0.5464514666381837],""xy_translation_source"":""five_point_reassembly"",""xy_translation_details"":{""preset"":""5×5｜441点1mm连续"",""calibration_points"":5,""calibration_strategy"":""rigid_rotation_translation_v1"",""calibration_rms_mm"":0.507358956567797,""check_rms_mm"":null},""dynamic_model_enabled"":false,""dynamic_history_ready"":false,""dynamic_gate"":0.0,""contact_score"":1.0002541586076648,""contact_score_threshold"":0.49492851692021117,""status"":""有效"",""preset"":""5×5｜441点1mm连续"",""needs_baseline"":false,""display.contact"":true,""display.contact_reason"":""拟合响应/相似度接触门控"",""display.contact_segment"":615,""display.contact_age_ms"":1678.7994,""display.contact_last_end_ns"":1240509495697500}"
S20260919_A,000134,221,1240511221997400,1240511264228200,NormalizedFit,1,1,True,unknown,False,False,0.0,0.5688970867358757,nan,nan,0.5056947840408478,0.039039892095733,0.257667552314218,x,y,z,0.5056947840408478,0.039039892095733,0.257667552314218,,,,,,,,1.7531960872854206,-0.05422206789539008,0.055352595890992284,"{""x"":0.5056947840408478,""y"":0.039039892095733,""z"":0.257667552314218,""dx"":null,""dy"":null,""mode5"":null,""Q"":null,""X"":null,""Y"":null,""Z"":null,""dX"":1.7531960872854206,""dY"":-0.05422206789539008,""dZ"":0.055352595890992284}","{""amplitude_uT"":589.8286947326321,""contact_threshold_uT"":40.0,""contact_gate"":""shape-aware ridge classifier + amplitude floor"",""cosine_similarity"":0.993874576056277,""anti_jump_policy"":""快速门控（阈值/形状）"",""calibration_depth_range_mm"":[0.2,0.8],""depth_extrapolated"":false,""relative_reference"":""first valid prediction since B0/no-contact"",""xy_semantics"":""continuous XY RBF refit on all 441 positions at 1 mm spacing"",""fit_model"":""441点1 mm连续XY/RBF＋跨深度连续Z＋接触/释放门控"",""fit_variant"":""dense441_1mm_continuous_development"",""evidence_tier"":""development_dense441_single_repeat_random_validation_pending"",""continuous_xy_method"":""kernel_rbf"",""working_range_model"":false,""working_range_mm"":null,""outside_declared_working_range"":false,""calibration_domain_mm"":{""x"":[-10.0,10.0],""y"":[-10.0,10.0],""depth"":[0.2,0.8]},""xy_outside_calibration_domain"":false,""excluded_calibration_samples"":0,""uncorrected_static_xyz_mm"":[0.5056947840408478,0.039039892095733,0.257667552314218],""unaligned_xyz_mm"":[-0.8580300639555296,0.5186231503187764,0.257667552314218],""xy_rotation_deg"":-4.580684956890044,""xy_translation_mm"":[1.3195654319610284,-0.5464514666381837],""xy_translation_source"":""five_point_reassembly"",""xy_translation_details"":{""preset"":""5×5｜441点1mm连续"",""calibration_points"":5,""calibration_strategy"":""rigid_rotation_translation_v1"",""calibration_rms_mm"":0.507358956567797,""check_rms_mm"":null},""dynamic_model_enabled"":false,""dynamic_history_ready"":false,""dynamic_gate"":0.0,""contact_score"":1.0003246999404056,""contact_score_threshold"":0.49492851692021117,""status"":""有效"",""preset"":""5×5｜441点1mm连续"",""needs_baseline"":false,""display.contact"":true,""display.contact_reason"":""拟合响应/相似度接触门控"",""display.contact_segment"":615,""display.contact_age_ms"":1689.8055,""display.contact_last_end_ns"":1240509495697500}"
S20260919_A,000134,222,1240511247938200,1240511267651700,NormalizedFit,1,1,True,unknown,False,False,0.0,0.5829666376413215,nan,nan,-0.0825146890635351,0.5132095643444667,0.2639268265200388,x,y,z,-0.0825146890635351,0.5132095643444667,0.2639268265200388,,,,,,,,1.1649866141810379,0.41994760435334366,0.06161187009681307,"{""x"":-0.0825146890635351,""y"":0.5132095643444667,""z"":0.2639268265200388,""dx"":null,""dy"":null,""mode5"":null,""Q"":null,""X"":null,""Y"":null,""Z"":null,""dX"":1.1649866141810379,""dY"":0.41994760435334366,""dZ"":0.06161187009681307}","{""amplitude_uT"":594.5133746695697,""contact_threshold_uT"":40.0,""contact_gate"":""shape-aware ridge classifier + amplitude floor"",""cosine_similarity"":0.9947031674855744,""anti_jump_policy"":""快速门控（阈值/形状）"",""calibration_depth_range_mm"":[0.2,0.8],""depth_extrapolated"":false,""relative_reference"":""first valid prediction since B0/no-contact"",""xy_semantics"":""continuous XY RBF refit on all 441 positions at 1 mm spacing"",""fit_model"":""441点1 mm连续XY/RBF＋跨深度连续Z＋接触/释放门控"",""fit_variant"":""dense441_1mm_continuous_development"",""evidence_tier"":""development_dense441_single_repeat_random_validation_pending"",""continuous_xy_method"":""kernel_rbf"",""working_range_model"":false,""working_range_mm"":null,""outside_declared_working_range"":false,""calibration_domain_mm"":{""x"":[-10.0,10.0],""y"":[-10.0,10.0],""depth"":[0.2,0.8]},""xy_outside_calibration_domain"":false,""excluded_calibration_samples"":0,""uncorrected_static_xyz_mm"":[-0.0825146890635351,0.5132095643444667,0.2639268265200388],""unaligned_xyz_mm"":[-1.4822292748750945,0.9443021460627525,0.2639268265200388],""xy_rotation_deg"":-4.580684956890044,""xy_translation_mm"":[1.3195654319610284,-0.5464514666381837],""xy_translation_source"":""five_point_reassembly"",""xy_translation_details"":{""preset"":""5×5｜441点1mm连续"",""calibration_points"":5,""calibration_strategy"":""rigid_rotation_translation_v1"",""calibration_rms_mm"":0.507358956567797,""check_rms_mm"":null},""dynamic_model_enabled"":false,""dynamic_history_ready"":false,""dynamic_gate"":0.0,""contact_score"":1.0003439195665784,""contact_score_threshold"":0.49492851692021117,""status"":""有效"",""preset"":""5×5｜441点1mm连续"",""needs_baseline"":false,""display.contact"":true,""display.contact_reason"":""拟合响应/相似度接触门控"",""display.contact_segment"":615,""display.contact_age_ms"":1715.7463,""display.contact_last_end_ns"":1240509495697500}"
S20260919_A,000134,223,1240511274919800,1240511300059600,NormalizedFit,1,1,True,unknown,False,False,0.0,0.28863363164115036,nan,nan,0.0330892511600116,0.11911182716760726,0.260819568669268,x,y,z,0.0330892511600116,0.11911182716760726,0.260819568669268,,,,,,,,1.2805905544045846,0.025849867176484187,0.058504612246042254,"{""x"":0.0330892511600116,""y"":0.11911182716760726,""z"":0.260819568669268,""dx"":null,""dy"":null,""mode5"":null,""Q"":null,""X"":null,""Y"":null,""Z"":null,""dX"":1.2805905544045846,""dY"":0.025849867176484187,""dZ"":0.058504612246042254}","{""amplitude_uT"":588.522788540087,""contact_threshold_uT"":40.0,""contact_gate"":""shape-aware ridge classifier + amplitude floor"",""cosine_similarity"":0.9952169910928528,""anti_jump_policy"":""快速门控（阈值/形状）"",""calibration_depth_range_mm"":[0.2,0.8],""depth_extrapolated"":false,""relative_reference"":""first valid prediction since B0/no-contact"",""xy_semantics"":""continuous XY RBF refit on all 441 positions at 1 mm spacing"",""fit_model"":""441点1 mm连续XY/RBF＋跨深度连续Z＋接触/释放门控"",""fit_variant"":""dense441_1mm_continuous_development"",""evidence_tier"":""development_dense441_single_repeat_random_validation_pending"",""continuous_xy_method"":""kernel_rbf"",""working_range_model"":false,""working_range_mm"":null,""outside_declared_working_range"":false,""calibration_domain_mm"":{""x"":[-10.0,10.0],""y"":[-10.0,10.0],""depth"":[0.2,0.8]},""xy_outside_calibration_domain"":false,""excluded_calibration_samples"":0,""uncorrected_static_xyz_mm"":[0.0330892511600116,0.11911182716760726,0.260819568669268],""unaligned_xyz_mm"":[-1.3355208040505087,0.5606956784016321,0.260819568669268],""xy_rotation_deg"":-4.580684956890044,""xy_translation_mm"":[1.3195654319610284,-0.5464514666381837],""xy_translation_source"":""five_point_reassembly"",""xy_translation_details"":{""preset"":""5×5｜441点1mm连续"",""calibration_points"":5,""calibration_strategy"":""rigid_rotation_translation_v1"",""calibration_rms_mm"":0.507358956567797,""check_rms_mm"":null},""dynamic_model_enabled"":false,""dynamic_history_ready"":false,""dynamic_gate"":0.0,""contact_score"":1.000282858788402,""contact_score_threshold"":0.49492851692021117,""status"":""有效"",""preset"":""5×5｜441点1mm连续"",""needs_baseline"":false,""display.contact"":true,""display.contact_reason"":""拟合响应/相似度接触门控"",""display.contact_segment"":615,""display.contact_age_ms"":1742.7279,""display.contact_last_end_ns"":1240509495697500}"
S20260919_A,000134,224,1240511300986500,1240511333508700,NormalizedFit,1,1,True,unknown,False,False,0.0,0.25976243182661446,nan,nan,0.024179523729965124,-0.04457099068162795,0.25476518288480243,x,y,z,0.024179523729965124,-0.04457099068162795,0.25476518288480243,,,,,,,,1.271680826974538,-0.13783295067275103,0.05245022646157671,"{""x"":0.024179523729965124,""y"":-0.04457099068162795,""z"":0.25476518288480243,""dx"":null,""dy"":null,""mode5"":null,""Q"":null,""X"":null,""Y"":null,""Z"":null,""dX"":1.271680826974538,""dY"":-0.13783295067275103,""dZ"":0.05245022646157671}","{""amplitude_uT"":591.5286022171707,""contact_threshold_uT"":40.0,""contact_gate"":""shape-aware ridge classifier + amplitude floor"",""cosine_similarity"":0.9953537273249196,""anti_jump_policy"":""快速门控（阈值/形状）"",""calibration_depth_range_mm"":[0.2,0.8],""depth_extrapolated"":false,""relative_reference"":""first valid prediction since B0/no-contact"",""xy_semantics"":""continuous XY RBF refit on all 441 positions at 1 mm spacing"",""fit_model"":""441点1 mm连续XY/RBF＋跨深度连续Z＋接触/释放门控"",""fit_variant"":""dense441_1mm_continuous_development"",""evidence_tier"":""development_dense441_single_repeat_random_validation_pending"",""continuous_xy_method"":""kernel_rbf"",""working_range_model"":false,""working_range_mm"":null,""outside_declared_working_range"":false,""calibration_domain_mm"":{""x"":[-10.0,10.0],""y"":[-10.0,10.0],""depth"":[0.2,0.8]},""xy_outside_calibration_domain"":false,""excluded_calibration_samples"":0,""uncorrected_static_xyz_mm"":[0.024179523729965124,-0.04457099068162795,0.25476518288480243],""unaligned_xyz_mm"":[-1.3313298889212493,0.39682413013188844,0.25476518288480243],""xy_rotation_deg"":-4.580684956890044,""xy_translation_mm"":[1.3195654319610284,-0.5464514666381837],""xy_translation_source"":""five_point_reassembly"",""xy_translation_details"":{""preset"":""5×5｜441点1mm连续"",""calibration_points"":5,""calibration_strategy"":""rigid_rotation_translation_v1"",""calibration_rms_mm"":0.507358956567797,""check_rms_mm"":null},""dynamic_model_enabled"":false,""dynamic_history_ready"":false,""dynamic_gate"":0.0,""contact_score"":1.0002858956120577,""contact_score_threshold"":0.49492851692021117,""status"":""有效"",""preset"":""5×5｜441点1mm连续"",""needs_baseline"":false,""display.contact"":true,""display.contact_reason"":""拟合响应/相似度接触门控"",""display.contact_segment"":615,""display.contact_age_ms"":1768.7946,""display.contact_last_end_ns"":1240509495697500}"
S20260919_A,000134,225,1240511311788700,1240511336856500,NormalizedFit,1,1,True,unknown,False,False,0.0,0.3979388968963344,nan,nan,-0.2852367280230592,-0.007553525484355839,0.2773775746208189,x,y,z,-0.2852367280230592,-0.007553525484355839,0.2773775746208189,,,,,,,,0.9622645752215138,-0.10081548547547892,0.07506261819759319,"{""x"":-0.2852367280230592,""y"":-0.007553525484355839,""z"":0.2773775746208189,""dx"":null,""dy"":null,""mode5"":null,""Q"":null,""X"":null,""Y"":null,""Z"":null,""dX"":0.9622645752215138,""dY"":-0.10081548547547892,""dZ"":0.07506261819759319}","{""amplitude_uT"":592.8747041500419,""contact_threshold_uT"":40.0,""contact_gate"":""shape-aware ridge classifier + amplitude floor"",""cosine_similarity"":0.9954893110501608,""anti_jump_policy"":""快速门控（阈值/形状）"",""calibration_depth_range_mm"":[0.2,0.8],""depth_extrapolated"":false,""relative_reference"":""first valid prediction since B0/no-contact"",""xy_semantics"":""continuous XY RBF refit on all 441 positions at 1 mm spacing"",""fit_model"":""441点1 mm连续XY/RBF＋跨深度连续Z＋接触/释放门控"",""fit_variant"":""dense441_1mm_continuous_development"",""evidence_tier"":""development_dense441_single_repeat_random_validation_pending"",""continuous_xy_method"":""kernel_rbf"",""working_range_model"":false,""working_range_mm"":null,""outside_declared_working_range"":false,""calibration_domain_mm"":{""x"":[-10.0,10.0],""y"":[-10.0,10.0],""depth"":[0.2,0.8]},""xy_outside_calibration_domain"":false,""excluded_calibration_samples"":0,""uncorrected_static_xyz_mm"":[-0.2852367280230592,-0.007553525484355839,0.2773775746208189],""unaligned_xyz_mm"":[-1.642714143075911,0.40901247879227753,0.2773775746208189],""xy_rotation_deg"":-4.580684956890044,""xy_translation_mm"":[1.3195654319610284,-0.5464514666381837],""xy_translation_source"":""five_point_reassembly"",""xy_translation_details"":{""preset"":""5×5｜441点1mm连续"",""calibration_points"":5,""calibration_strategy"":""rigid_rotation_translation_v1"",""calibration_rms_mm"":0.507358956567797,""check_rms_mm"":null},""dynamic_model_enabled"":false,""dynamic_history_ready"":false,""dynamic_gate"":0.0,""contact_score"":1.0002017901270477,""contact_score_threshold"":0.49492851692021117,""status"":""有效"",""preset"":""5×5｜441点1mm连续"",""needs_baseline"":false,""display.contact"":true,""display.contact_reason"":""拟合响应/相似度接触门控"",""display.contact_segment"":615,""display.contact_age_ms"":1779.5968,""display.contact_last_end_ns"":1240509495697500}"
S20260919_A,000134,226,1240511338729200,1240511392874100,NormalizedFit,1,1,True,unknown,False,False,0.0,0.35002894333916523,nan,nan,-0.08273295220187493,0.1961600124933376,0.27784306594498354,x,y,z,-0.08273295220187493,0.1961600124933376,0.27784306594498354,,,,,,,,1.164768351042698,0.10289805250221451,0.07552810952175781,"{""x"":-0.08273295220187493,""y"":0.1961600124933376,""z"":0.27784306594498354,""dx"":null,""dy"":null,""mode5"":null,""Q"":null,""X"":null,""Y"":null,""Z"":null,""dX"":1.164768351042698,""dY"":0.10289805250221451,""dZ"":0.07552810952175781}","{""amplitude_uT"":593.6650843792315,""contact_threshold_uT"":40.0,""contact_gate"":""shape-aware ridge classifier + amplitude floor"",""cosine_similarity"":0.9950755181158852,""anti_jump_policy"":""快速门控（阈值/形状）"",""calibration_depth_range_mm"":[0.2,0.8],""depth_extrapolated"":false,""relative_reference"":""first valid prediction since B0/no-contact"",""xy_semantics"":""continuous XY RBF refit on all 441 positions at 1 mm spacing"",""fit_model"":""441点1 mm连续XY/RBF＋跨深度连续Z＋接触/释放门控"",""fit_variant"":""dense441_1mm_continuous_development"",""evidence_tier"":""development_dense441_single_repeat_random_validation_pending"",""continuous_xy_method"":""kernel_rbf"",""working_range_model"":false,""working_range_mm"":null,""outside_declared_working_range"":false,""calibration_domain_mm"":{""x"":[-10.0,10.0],""y"":[-10.0,10.0],""depth"":[0.2,0.8]},""xy_outside_calibration_domain"":false,""excluded_calibration_samples"":0,""uncorrected_static_xyz_mm"":[-0.08273295220187493,0.1961600124933376,0.27784306594498354],""unaligned_xyz_mm"":[-1.4571263459212376,0.6282478644500253,0.27784306594498354],""xy_rotation_deg"":-4.580684956890044,""xy_translation_mm"":[1.3195654319610284,-0.5464514666381837],""xy_translation_source"":""five_point_reassembly"",""xy_translation_details"":{""preset"":""5×5｜441点1mm连续"",""calibration_points"":5,""calibration_strategy"":""rigid_rotation_translation_v1"",""calibration_rms_mm"":0.507358956567797,""check_rms_mm"":null},""dynamic_model_enabled"":false,""dynamic_history_ready"":false,""dynamic_gate"":0.0,""contact_score"":1.000228254095008,""contact_score_threshold"":0.49492851692021117,""status"":""有效"",""preset"":""5×5｜441点1mm连续"",""needs_baseline"":false,""display.contact"":true,""display.contact_reason"":""拟合响应/相似度接触门控"",""display.contact_segment"":615,""display.contact_age_ms"":1806.5373,""display.contact_last_end_ns"":1240509495697500}"
S20260919_A,000134,227,1240511365609500,1240511396570200,NormalizedFit,1,1,True,unknown,False,False,0.0,0.3116158810780914,nan,nan,-0.11228673525264177,0.04670294326874913,0.28690587570911535,x,y,z,-0.11228673525264177,0.04670294326874913,0.28690587570911535,,,,,,,,1.1352145679919312,-0.04655901672237395,0.08459091928588963,"{""x"":-0.11228673525264177,""y"":0.04670294326874913,""z"":0.28690587570911535,""dx"":null,""dy"":null,""mode5"":null,""Q"":null,""X"":null,""Y"":null,""Z"":null,""dX"":1.1352145679919312,""dY"":-0.04655901672237395,""dZ"":0.08459091928588963}","{""amplitude_uT"":589.1983018755233,""contact_threshold_uT"":40.0,""contact_gate"":""shape-aware ridge classifier + amplitude floor"",""cosine_similarity"":0.9945958448192453,""anti_jump_policy"":""快速门控（阈值/形状）"",""calibration_depth_range_mm"":[0.2,0.8],""depth_extrapolated"":false,""relative_reference"":""first valid prediction since B0/no-contact"",""xy_semantics"":""continuous XY RBF refit on all 441 positions at 1 mm spacing"",""fit_model"":""441点1 mm连续XY/RBF＋跨深度连续Z＋接触/释放门控"",""fit_variant"":""dense441_1mm_continuous_development"",""evidence_tier"":""development_dense441_single_repeat_random_validation_pending"",""continuous_xy_method"":""kernel_rbf"",""working_range_model"":false,""working_range_mm"":null,""outside_declared_working_range"":false,""calibration_domain_mm"":{""x"":[-10.0,10.0],""y"":[-10.0,10.0],""depth"":[0.2,0.8]},""xy_outside_calibration_domain"":false,""excluded_calibration_samples"":0,""uncorrected_static_xyz_mm"":[-0.11228673525264177,0.04670294326874913,0.28690587570911535],""unaligned_xyz_mm"":[-1.4746496558251203,0.4769079317031535,0.28690587570911535],""xy_rotation_deg"":-4.580684956890044,""xy_translation_mm"":[1.3195654319610284,-0.5464514666381837],""xy_translation_source"":""five_point_reassembly"",""xy_translation_details"":{""preset"":""5×5｜441点1mm连续"",""calibration_points"":5,""calibration_strategy"":""rigid_rotation_translation_v1"",""calibration_rms_mm"":0.507358956567797,""check_rms_mm"":null},""dynamic_model_enabled"":false,""dynamic_history_ready"":false,""dynamic_gate"":0.0,""contact_score"":1.0001263885926184,""contact_score_threshold"":0.49492851692021117,""status"":""有效"",""preset"":""5×5｜441点1mm连续"",""needs_baseline"":false,""display.contact"":true,""display.contact_reason"":""拟合响应/相似度接触门控"",""display.contact_segment"":615,""display.contact_age_ms"":1833.4176,""display.contact_last_end_ns"":1240509495697500}"
S20260919_A,000134,228,1240511377695400,1240511399447100,NormalizedFit,1,1,True,unknown,False,False,0.0,0.3326347652235968,nan,nan,-0.040020977439682914,0.1499158915825839,0.29422684080676376,x,y,z,-0.040020977439682914,0.1499158915825839,0.29422684080676376,,,,,,,,1.20748032580489,0.056653931591460815,0.09191188438353803,"{""x"":-0.040020977439682914,""y"":0.1499158915825839,""z"":0.29422684080676376,""dx"":null,""dy"":null,""mode5"":null,""Q"":null,""X"":null,""Y"":null,""Z"":null,""dX"":1.20748032580489,""dY"":0.056653931591460815,""dZ"":0.09191188438353803}","{""amplitude_uT"":594.884798291232,""contact_threshold_uT"":40.0,""contact_gate"":""shape-aware ridge classifier + amplitude floor"",""cosine_similarity"":0.9940573711402647,""anti_jump_policy"":""快速门控（阈值/形状）"",""calibration_depth_range_mm"":[0.2,0.8],""depth_extrapolated"":false,""relative_reference"":""first valid prediction since B0/no-contact"",""xy_semantics"":""continuous XY RBF refit on all 441 positions at 1 mm spacing"",""fit_model"":""441点1 mm连续XY/RBF＋跨深度连续Z＋接触/释放门控"",""fit_variant"":""dense441_1mm_continuous_development"",""evidence_tier"":""development_dense441_single_repeat_random_validation_pending"",""continuous_xy_method"":""kernel_rbf"",""working_range_model"":false,""working_range_mm"":null,""outside_declared_working_range"":false,""calibration_domain_mm"":{""x"":[-10.0,10.0],""y"":[-10.0,10.0],""depth"":[0.2,0.8]},""xy_outside_calibration_domain"":false,""excluded_calibration_samples"":0,""uncorrected_static_xyz_mm"":[-0.040020977439682914,0.1499158915825839,0.29422684080676376],""unaligned_xyz_mm"":[-1.4108576099294514,0.5855625557757644,0.29422684080676376],""xy_rotation_deg"":-4.580684956890044,""xy_translation_mm"":[1.3195654319610284,-0.5464514666381837],""xy_translation_source"":""five_point_reassembly"",""xy_translation_details"":{""preset"":""5×5｜441点1mm连续"",""calibration_points"":5,""calibration_strategy"":""rigid_rotation_translation_v1"",""calibration_rms_mm"":0.507358956567797,""check_rms_mm"":null},""dynamic_model_enabled"":false,""dynamic_history_ready"":false,""dynamic_gate"":0.0,""contact_score"":1.0001268710998725,""contact_score_threshold"":0.49492851692021117,""status"":""有效"",""preset"":""5×5｜441点1mm连续"",""needs_baseline"":false,""display.contact"":true,""display.contact_reason"":""拟合响应/相似度接触门控"",""display.contact_segment"":615,""display.contact_age_ms"":1845.5035,""display.contact_last_end_ns"":1240509495697500}"
S20260919_A,000134,229,1240511404447600,1240511457265300,NormalizedFit,1,1,True,unknown,False,False,0.0,0.44331447899554893,nan,nan,0.35138694676479854,0.015078711110532717,0.2698658433400802,x,y,z,0.35138694676479854,0.015078711110532717,0.2698658433400802,,,,,,,,1.5988882500093715,-0.07818324888059036,0.06755088691685446,"{""x"":0.35138694676479854,""y"":0.015078711110532717,""z"":0.2698658433400802,""dx"":null,""dy"":null,""mode5"":null,""Q"":null,""X"":null,""Y"":null,""Z"":null,""dX"":1.5988882500093715,""dY"":-0.07818324888059036,""dZ"":0.06755088691685446}","{""amplitude_uT"":587.141015469027,""contact_threshold_uT"":40.0,""contact_gate"":""shape-aware ridge classifier + amplitude floor"",""cosine_similarity"":0.9947361522775063,""anti_jump_policy"":""快速门控（阈值/形状）"",""calibration_depth_range_mm"":[0.2,0.8],""depth_extrapolated"":false,""relative_reference"":""first valid prediction since B0/no-contact"",""xy_semantics"":""continuous XY RBF refit on all 441 positions at 1 mm spacing"",""fit_model"":""441点1 mm连续XY/RBF＋跨深度连续Z＋接触/释放门控"",""fit_variant"":""dense441_1mm_continuous_development"",""evidence_tier"":""development_dense441_single_repeat_random_validation_pending"",""continuous_xy_method"":""kernel_rbf"",""working_range_model"":false,""working_range_mm"":null,""outside_declared_working_range"":false,""calibration_domain_mm"":{""x"":[-10.0,10.0],""y"":[-10.0,10.0],""depth"":[0.2,0.8]},""xy_outside_calibration_domain"":false,""excluded_calibration_samples"":0,""uncorrected_static_xyz_mm"":[0.35138694676479854,0.015078711110532717,0.2698658433400802],""unaligned_xyz_mm"":[-1.009931410780751,0.48241503421615395,0.2698658433400802],""xy_rotation_deg"":-4.580684956890044,""xy_translation_mm"":[1.3195654319610284,-0.5464514666381837],""xy_translation_source"":""five_point_reassembly"",""xy_translation_details"":{""preset"":""5×5｜441点1mm连续"",""calibration_points"":5,""calibration_strategy"":""rigid_rotation_translation_v1"",""calibration_rms_mm"":0.507358956567797,""check_rms_mm"":null},""dynamic_model_enabled"":false,""dynamic_history_ready"":false,""dynamic_gate"":0.0,""contact_score"":1.00015146239264,""contact_score_threshold"":0.49492851692021117,""status"":""有效"",""preset"":""5×5｜441点1mm连续"",""needs_baseline"":false,""display.contact"":true,""display.contact_reason"":""拟合响应/相似度接触门控"",""display.contact_segment"":615,""display.contact_age_ms"":1872.2557,""display.contact_last_end_ns"":1240509495697500}"
S20260919_A,000134,230,1240511431480400,1240511460123700,NormalizedFit,1,1,True,unknown,False,False,0.0,0.3386252260554272,nan,nan,0.19405217145603637,0.03309012151289614,0.2755282967909975,x,y,z,0.19405217145603637,0.03309012151289614,0.2755282967909975,,,,,,,,1.4415534747006093,-0.060171838478226936,0.07321334036777177,"{""x"":0.19405217145603637,""y"":0.03309012151289614,""z"":0.2755282967909975,""dx"":null,""dy"":null,""mode5"":null,""Q"":null,""X"":null,""Y"":null,""Z"":null,""dX"":1.4415534747006093,""dY"":-0.060171838478226936,""dZ"":0.07321334036777177}","{""amplitude_uT"":586.6196206520884,""contact_threshold_uT"":40.0,""contact_gate"":""shape-aware ridge classifier + amplitude floor"",""cosine_similarity"":0.9950027312778639,""anti_jump_policy"":""快速门控（阈值/形状）"",""calibration_depth_range_mm"":[0.2,0.8],""depth_extrapolated"":false,""relative_reference"":""first valid prediction since B0/no-contact"",""xy_semantics"":""continuous XY RBF refit on all 441 positions at 1 mm spacing"",""fit_model"":""441点1 mm连续XY/RBF＋跨深度连续Z＋接触/释放门控"",""fit_variant"":""dense441_1mm_continuous_development"",""evidence_tier"":""development_dense441_single_repeat_random_validation_pending"",""continuous_xy_method"":""kernel_rbf"",""working_range_model"":false,""working_range_mm"":null,""outside_declared_working_range"":false,""calibration_domain_mm"":{""x"":[-10.0,10.0],""y"":[-10.0,10.0],""depth"":[0.2,0.8]},""xy_outside_calibration_domain"":false,""excluded_calibration_samples"":0,""uncorrected_static_xyz_mm"":[0.19405217145603637,0.03309012151289614,0.2755282967909975],""unaligned_xyz_mm"":[-1.1682020798083204,0.48780370304126297,0.2755282967909975],""xy_rotation_deg"":-4.580684956890044,""xy_translation_mm"":[1.3195654319610284,-0.5464514666381837],""xy_translation_source"":""five_point_reassembly"",""xy_translation_details"":{""preset"":""5×5｜441点1mm连续"",""calibration_points"":5,""calibration_strategy"":""rigid_rotation_translation_v1"",""calibration_rms_mm"":0.507358956567797,""check_rms_mm"":null},""dynamic_model_enabled"":false,""dynamic_history_ready"":false,""dynamic_gate"":0.0,""contact_score"":1.0001171969289926,""contact_score_threshold"":0.49492851692021117,""status"":""有效"",""preset"":""5×5｜441点1mm连续"",""needs_baseline"":false,""display.contact"":true,""display.contact_reason"":""拟合响应/相似度接触门控"",""display.contact_segment"":615,""display.contact_age_ms"":1899.2885,""display.contact_last_end_ns"":1240509495697500}"
S20260919_A,000134,231,1240511458490800,1240511494505000,NormalizedFit,1,1,True,unknown,False,False,0.0,0.5663926069482744,nan,nan,0.48407553487027777,-0.10414584313689923,0.27500019109633617,x,y,z,0.48407553487027777,-0.10414584313689923,0.27500019109633617,,,,,,,,1.7315768381148509,-0.1974078031280223,0.07268523467311044,"{""x"":0.48407553487027777,""y"":-0.10414584313689923,""z"":0.27500019109633617,""dx"":null,""dy"":null,""mode5"":null,""Q"":null,""X"":null,""Y"":null,""Z"":null,""dX"":1.7315768381148509,""dY"":-0.1974078031280223,""dZ"":0.07268523467311044}","{""amplitude_uT"":591.449942235182,""contact_threshold_uT"":40.0,""contact_gate"":""shape-aware ridge classifier + amplitude floor"",""cosine_similarity"":0.9951670565996417,""anti_jump_policy"":""快速门控（阈值/形状）"",""calibration_depth_range_mm"":[0.2,0.8],""depth_extrapolated"":false,""relative_reference"":""first valid prediction since B0/no-contact"",""xy_semantics"":""continuous XY RBF refit on all 441 positions at 1 mm spacing"",""fit_model"":""441点1 mm连续XY/RBF＋跨深度连续Z＋接触/释放门控"",""fit_variant"":""dense441_1mm_continuous_development"",""evidence_tier"":""development_dense441_single_repeat_random_validation_pending"",""continuous_xy_method"":""kernel_rbf"",""working_range_model"":false,""working_range_mm"":null,""outside_declared_working_range"":false,""calibration_domain_mm"":{""x"":[-10.0,10.0],""y"":[-10.0,10.0],""depth"":[0.2,0.8]},""xy_outside_calibration_domain"":false,""excluded_calibration_samples"":0,""uncorrected_static_xyz_mm"":[0.48407553487027777,-0.10414584313689923,0.27500019109633617],""unaligned_xyz_mm"":[-0.8681450308943321,0.3741681948737119,0.27500019109633617],""xy_rotation_deg"":-4.580684956890044,""xy_translation_mm"":[1.3195654319610284,-0.5464514666381837],""xy_translation_source"":""five_point_reassembly"",""xy_translation_details"":{""preset"":""5×5｜441点1mm连续"",""calibration_points"":5,""calibration_strategy"":""rigid_rotation_translation_v1"",""calibration_rms_mm"":0.507358956567797,""check_rms_mm"":null},""dynamic_model_enabled"":false,""dynamic_history_ready"":false,""dynamic_gate"":0.0,""contact_score"":1.000097788320053,""contact_score_threshold"":0.49492851692021117,""status"":""有效"",""preset"":""5×5｜441点1mm连续"",""needs_baseline"":false,""display.contact"":true,""display.contact_reason"":""拟合响应/相似度接触门控"",""display.contact_segment"":615,""display.contact_age_ms"":1926.2989,""display.contact_last_end_ns"":1240509495697500}"
S20260919_A,000134,232,1240511471241200,1240511498055600,NormalizedFit,1,1,True,unknown,False,False,0.0,0.6722656118044561,nan,nan,0.5073886196605466,-0.3523630872084678,0.2652133032611722,x,y,z,0.5073886196605466,-0.3523630872084678,0.2652133032611722,,,,,,,,1.7548899229051196,-0.4456250471995909,0.06289834683794648,"{""x"":0.5073886196605466,""y"":-0.3523630872084678,""z"":0.2652133032611722,""dx"":null,""dy"":null,""mode5"":null,""Q"":null,""X"":null,""Y"":null,""Z"":null,""dX"":1.7548899229051196,""dY"":-0.4456250471995909,""dZ"":0.06289834683794648}","{""amplitude_uT"":596.3489191723249,""contact_threshold_uT"":40.0,""contact_gate"":""shape-aware ridge classifier + amplitude floor"",""cosine_similarity"":0.9946917731122935,""anti_jump_policy"":""快速门控（阈值/形状）"",""calibration_depth_range_mm"":[0.2,0.8],""depth_extrapolated"":false,""relative_reference"":""first valid prediction since B0/no-contact"",""xy_semantics"":""continuous XY RBF refit on all 441 positions at 1 mm spacing"",""fit_model"":""441点1 mm连续XY/RBF＋跨深度连续Z＋接触/释放门控"",""fit_variant"":""dense441_1mm_continuous_development"",""evidence_tier"":""development_dense441_single_repeat_random_validation_pending"",""continuous_xy_method"":""kernel_rbf"",""working_range_model"":false,""working_range_mm"":null,""outside_declared_working_range"":false,""calibration_domain_mm"":{""x"":[-10.0,10.0],""y"":[-10.0,10.0],""depth"":[0.2,0.8]},""xy_outside_calibration_domain"":false,""excluded_calibration_samples"":0,""uncorrected_static_xyz_mm"":[0.5073886196605466,-0.3523630872084678,0.2652133032611722],""unaligned_xyz_mm"":[-0.8250830638224333,0.12860564241747596,0.2652133032611722],""xy_rotation_deg"":-4.580684956890044,""xy_translation_mm"":[1.3195654319610284,-0.5464514666381837],""xy_translation_source"":""five_point_reassembly"",""xy_translation_details"":{""preset"":""5×5｜441点1mm连续"",""calibration_points"":5,""calibration_strategy"":""rigid_rotation_translation_v1"",""calibration_rms_mm"":0.507358956567797,""check_rms_mm"":null},""dynamic_model_enabled"":false,""dynamic_history_ready"":false,""dynamic_gate"":0.0,""contact_score"":1.0001619737920286,""contact_score_threshold"":0.49492851692021117,""status"":""有效"",""preset"":""5×5｜441点1mm连续"",""needs_baseline"":false,""display.contact"":true,""display.contact_reason"":""拟合响应/相似度接触门控"",""display.contact_segment"":615,""display.contact_age_ms"":1939.0493,""display.contact_last_end_ns"":1240509495697500}"
S20260919_A,000134,233,1240511497133200,1240511533020600,NormalizedFit,1,1,True,unknown,False,False,0.0,0.711406194997122,nan,nan,0.5789029129477089,-0.3251059814072782,0.2554922552919189,x,y,z,0.5789029129477089,-0.3251059814072782,0.2554922552919189,,,,,,,,1.826404216192282,-0.4183679413984013,0.05317729886869316,"{""x"":0.5789029129477089,""y"":-0.3251059814072782,""z"":0.2554922552919189,""dx"":null,""dy"":null,""mode5"":null,""Q"":null,""X"":null,""Y"":null,""Z"":null,""dX"":1.826404216192282,""dY"":-0.4183679413984013,""dZ"":0.05317729886869316}","{""amplitude_uT"":590.2244213475076,""contact_threshold_uT"":40.0,""contact_gate"":""shape-aware ridge classifier + amplitude floor"",""cosine_similarity"":0.9949401731650959,""anti_jump_policy"":""快速门控（阈值/形状）"",""calibration_depth_range_mm"":[0.2,0.8],""depth_extrapolated"":false,""relative_reference"":""first valid prediction since B0/no-contact"",""xy_semantics"":""continuous XY RBF refit on all 441 positions at 1 mm spacing"",""fit_model"":""441点1 mm连续XY/RBF＋跨深度连续Z＋接触/释放门控"",""fit_variant"":""dense441_1mm_continuous_development"",""evidence_tier"":""development_dense441_single_repeat_random_validation_pending"",""continuous_xy_method"":""kernel_rbf"",""working_range_model"":false,""working_range_mm"":null,""outside_declared_working_range"":false,""calibration_domain_mm"":{""x"":[-10.0,10.0],""y"":[-10.0,10.0],""depth"":[0.2,0.8]},""xy_outside_calibration_domain"":false,""excluded_calibration_samples"":0,""uncorrected_static_xyz_mm"":[0.5789029129477089,-0.3251059814072782,0.2554922552919189],""unaligned_xyz_mm"":[-0.7559740287264392,0.16148702360987954,0.2554922552919189],""xy_rotation_deg"":-4.580684956890044,""xy_translation_mm"":[1.3195654319610284,-0.5464514666381837],""xy_translation_source"":""five_point_reassembly"",""xy_translation_details"":{""preset"":""5×5｜441点1mm连续"",""calibration_points"":5,""calibration_strategy"":""rigid_rotation_translation_v1"",""calibration_rms_mm"":0.507358956567797,""check_rms_mm"":null},""dynamic_model_enabled"":false,""dynamic_history_ready"":false,""dynamic_gate"":0.0,""contact_score"":1.0001850594768862,""contact_score_threshold"":0.49492851692021117,""status"":""有效"",""preset"":""5×5｜441点1mm连续"",""needs_baseline"":false,""display.contact"":true,""display.contact_reason"":""拟合响应/相似度接触门控"",""display.contact_segment"":615,""display.contact_age_ms"":1964.9413,""display.contact_last_end_ns"":1240509495697500}"
S20260919_A,000134,234,1240511524174600,1240511535911000,NormalizedFit,1,1,True,unknown,False,False,0.0,0.31015739385633706,nan,nan,0.07658879331957924,-0.14303977677414537,0.26433196545633375,x,y,z,0.07658879331957924,-0.14303977677414537,0.26433196545633375,,,,,,,,1.3240900965641522,-0.23630173676526844,0.06201700903310803,"{""x"":0.07658879331957924,""y"":-0.14303977677414537,""z"":0.26433196545633375,""dx"":null,""dy"":null,""mode5"":null,""Q"":null,""X"":null,""Y"":null,""Z"":null,""dX"":1.3240900965641522,""dY"":-0.23630173676526844,""dZ"":0.06201700903310803}","{""amplitude_uT"":589.9343909139391,""contact_threshold_uT"":40.0,""contact_gate"":""shape-aware ridge classifier + amplitude floor"",""cosine_similarity"":0.9947822053839496,""anti_jump_policy"":""快速门控（阈值/形状）"",""calibration_depth_range_mm"":[0.2,0.8],""depth_extrapolated"":false,""relative_reference"":""first valid prediction since B0/no-contact"",""xy_semantics"":""continuous XY RBF refit on all 441 positions at 1 mm spacing"",""fit_model"":""441点1 mm连续XY/RBF＋跨深度连续Z＋接触/释放门控"",""fit_variant"":""dense441_1mm_continuous_development"",""evidence_tier"":""development_dense441_single_repeat_random_validation_pending"",""continuous_xy_method"":""kernel_rbf"",""working_range_model"":false,""working_range_mm"":null,""outside_declared_working_range"":false,""calibration_domain_mm"":{""x"":[-10.0,10.0],""y"":[-10.0,10.0],""depth"":[0.2,0.8]},""xy_outside_calibration_domain"":false,""excluded_calibration_samples"":0,""uncorrected_static_xyz_mm"":[0.07658879331957924,-0.14303977677414537,0.26433196545633375],""unaligned_xyz_mm"":[-1.2712240197123599,0.3028554233189569,0.26433196545633375],""xy_rotation_deg"":-4.580684956890044,""xy_translation_mm"":[1.3195654319610284,-0.5464514666381837],""xy_translation_source"":""five_point_reassembly"",""xy_translation_details"":{""preset"":""5×5｜441点1mm连续"",""calibration_points"":5,""calibration_strategy"":""rigid_rotation_translation_v1"",""calibration_rms_mm"":0.507358956567797,""check_rms_mm"":null},""dynamic_model_enabled"":false,""dynamic_history_ready"":false,""dynamic_gate"":0.0,""contact_score"":1.0001790282611807,""contact_score_threshold"":0.49492851692021117,""status"":""有效"",""preset"":""5×5｜441点1mm连续"",""needs_baseline"":false,""display.contact"":true,""display.contact_reason"":""拟合响应/相似度接触门控"",""display.contact_segment"":615,""display.contact_age_ms"":1991.9827,""display.contact_last_end_ns"":1240509495697500}"
S20260919_A,000134,235,1240511535042700,1240511592955300,NormalizedFit,1,1,True,unknown,False,False,0.0,0.29433441004034944,nan,nan,0.06349719755636762,-0.1229023773978426,0.2597996467785252,x,y,z,0.06349719755636762,-0.1229023773978426,0.2597996467785252,,,,,,,,1.3109985008009406,-0.21616433738896568,0.05748469035529946,"{""x"":0.06349719755636762,""y"":-0.1229023773978426,""z"":0.2597996467785252,""dx"":null,""dy"":null,""mode5"":null,""Q"":null,""X"":null,""Y"":null,""Z"":null,""dX"":1.3109985008009406,""dY"":-0.21616433738896568,""dZ"":0.05748469035529946}","{""amplitude_uT"":590.5286044545176,""contact_threshold_uT"":40.0,""contact_gate"":""shape-aware ridge classifier + amplitude floor"",""cosine_similarity"":0.9956037649919687,""anti_jump_policy"":""快速门控（阈值/形状）"",""calibration_depth_range_mm"":[0.2,0.8],""depth_extrapolated"":false,""relative_reference"":""first valid prediction since B0/no-contact"",""xy_semantics"":""continuous XY RBF refit on all 441 positions at 1 mm spacing"",""fit_model"":""441点1 mm连续XY/RBF＋跨深度连续Z＋接触/释放门控"",""fit_variant"":""dense441_1mm_continuous_development"",""evidence_tier"":""development_dense441_single_repeat_random_validation_pending"",""continuous_xy_method"":""kernel_rbf"",""working_range_model"":false,""working_range_mm"":null,""outside_declared_working_range"":false,""calibration_domain_mm"":{""x"":[-10.0,10.0],""y"":[-10.0,10.0],""depth"":[0.2,0.8]},""xy_outside_calibration_domain"":false,""excluded_calibration_samples"":0,""uncorrected_static_xyz_mm"":[0.06349719755636762,-0.1229023773978426,0.2597996467785252],""unaligned_xyz_mm"":[-1.2858820300596432,0.32188296824537854,0.2597996467785252],""xy_rotation_deg"":-4.580684956890044,""xy_translation_mm"":[1.3195654319610284,-0.5464514666381837],""xy_translation_source"":""five_point_reassembly"",""xy_translation_details"":{""preset"":""5×5｜441点1mm连续"",""calibration_points"":5,""calibration_strategy"":""rigid_rotation_translation_v1"",""calibration_rms_mm"":0.507358956567797,""check_rms_mm"":null},""dynamic_model_enabled"":false,""dynamic_history_ready"":false,""dynamic_gate"":0.0,""contact_score"":1.000225200106474,""contact_score_threshold"":0.49492851692021117,""status"":""有效"",""preset"":""5×5｜441点1mm连续"",""needs_baseline"":false,""display.contact"":true,""display.contact_reason"":""拟合响应/相似度接触门控"",""display.contact_segment"":615,""display.contact_age_ms"":2002.8508,""display.contact_last_end_ns"":1240509495697500}"
S20260919_A,000134,236,1240511547992500,1240511595645200,NormalizedFit,1,1,True,unknown,False,False,0.0,0.288526371867792,nan,nan,0.05148284215871879,-0.10061222348111581,0.2654697058284388,x,y,z,0.05148284215871879,-0.10061222348111581,0.2654697058284388,,,,,,,,1.2989841454032918,-0.1938741834722389,0.0631547494052131,"{""x"":0.05148284215871879,""y"":-0.10061222348111581,""z"":0.2654697058284388,""dx"":null,""dy"":null,""mode5"":null,""Q"":null,""X"":null,""Y"":null,""Z"":null,""dX"":1.2989841454032918,""dY"":-0.1938741834722389,""dZ"":0.0631547494052131}","{""amplitude_uT"":589.7254184463733,""contact_threshold_uT"":40.0,""contact_gate"":""shape-aware ridge classifier + amplitude floor"",""cosine_similarity"":0.9953305092954229,""anti_jump_policy"":""快速门控（阈值/形状）"",""calibration_depth_range_mm"":[0.2,0.8],""depth_extrapolated"":false,""relative_reference"":""first valid prediction since B0/no-contact"",""xy_semantics"":""continuous XY RBF refit on all 441 positions at 1 mm spacing"",""fit_model"":""441点1 mm连续XY/RBF＋跨深度连续Z＋接触/释放门控"",""fit_variant"":""dense441_1mm_continuous_development"",""evidence_tier"":""development_dense441_single_repeat_random_validation_pending"",""continuous_xy_method"":""kernel_rbf"",""working_range_model"":false,""working_range_mm"":null,""outside_declared_working_range"":false,""calibration_domain_mm"":{""x"":[-10.0,10.0],""y"":[-10.0,10.0],""depth"":[0.2,0.8]},""xy_outside_calibration_domain"":false,""excluded_calibration_samples"":0,""uncorrected_static_xyz_mm"":[0.05148284215871879,-0.10061222348111581,0.2654697058284388],""unaligned_xyz_mm"":[-1.2996381661091814,0.34314242304175036,0.2654697058284388],""xy_rotation_deg"":-4.580684956890044,""xy_translation_mm"":[1.3195654319610284,-0.5464514666381837],""xy_translation_source"":""five_point_reassembly"",""xy_translation_details"":{""preset"":""5×5｜441点1mm连续"",""calibration_points"":5,""calibration_strategy"":""rigid_rotation_translation_v1"",""calibration_rms_mm"":0.507358956567797,""check_rms_mm"":null},""dynamic_model_enabled"":false,""dynamic_history_ready"":false,""dynamic_gate"":0.0,""contact_score"":1.000194116258941,""contact_score_threshold"":0.49492851692021117,""status"":""有效"",""preset"":""5×5｜441点1mm连续"",""needs_baseline"":false,""display.contact"":true,""display.contact_reason"":""拟合响应/相似度接触门控"",""display.contact_segment"":615,""display.contact_age_ms"":2015.8006,""display.contact_last_end_ns"":1240509495697500}"
S20260919_A,000134,237,1240511573841000,1240511598438800,NormalizedFit,1,1,True,unknown,False,False,0.0,0.44381838663438694,nan,nan,-0.23499688069004843,0.25938517860086185,0.2728929378032644,x,y,z,-0.23499688069004843,0.25938517860086185,0.2728929378032644,,,,,,,,1.0125044225545246,0.16612321860973878,0.07057798138003868,"{""x"":-0.23499688069004843,""y"":0.25938517860086185,""z"":0.2728929378032644,""dx"":null,""dy"":null,""mode5"":null,""Q"":null,""X"":null,""Y"":null,""Z"":null,""dX"":1.0125044225545246,""dY"":0.16612321860973878,""dZ"":0.07057798138003868}","{""amplitude_uT"":588.1963328132877,""contact_threshold_uT"":40.0,""contact_gate"":""shape-aware ridge classifier + amplitude floor"",""cosine_similarity"":0.9956505044732937,""anti_jump_policy"":""快速门控（阈值/形状）"",""calibration_depth_range_mm"":[0.2,0.8],""depth_extrapolated"":false,""relative_reference"":""first valid prediction since B0/no-contact"",""xy_semantics"":""continuous XY RBF refit on all 441 positions at 1 mm spacing"",""fit_model"":""441点1 mm连续XY/RBF＋跨深度连续Z＋接触/释放门控"",""fit_variant"":""dense441_1mm_continuous_development"",""evidence_tier"":""development_dense441_single_repeat_random_validation_pending"",""continuous_xy_method"":""kernel_rbf"",""working_range_model"":false,""working_range_mm"":null,""outside_declared_working_range"":false,""calibration_domain_mm"":{""x"":[-10.0,10.0],""y"":[-10.0,10.0],""depth"":[0.2,0.8]},""xy_outside_calibration_domain"":false,""excluded_calibration_samples"":0,""uncorrected_static_xyz_mm"":[-0.23499688069004843,0.25938517860086185,0.2728929378032644],""unaligned_xyz_mm"":[-1.6139532665386058,0.6791108423185039,0.2728929378032644],""xy_rotation_deg"":-4.580684956890044,""xy_translation_mm"":[1.3195654319610284,-0.5464514666381837],""xy_translation_source"":""five_point_reassembly"",""xy_translation_details"":{""preset"":""5×5｜441点1mm连续"",""calibration_points"":5,""calibration_strategy"":""rigid_rotation_translation_v1"",""calibration_rms_mm"":0.507358956567797,""check_rms_mm"":null},""dynamic_model_enabled"":false,""dynamic_history_ready"":false,""dynamic_gate"":0.0,""contact_score"":1.0001663664703169,""contact_score_threshold"":0.49492851692021117,""status"":""有效"",""preset"":""5×5｜441点1mm连续"",""needs_baseline"":false,""display.contact"":true,""display.contact_reason"":""拟合响应/相似度接触门控"",""display.contact_segment"":615,""display.contact_age_ms"":2041.6491,""display.contact_last_end_ns"":1240509495697500}"
S20260919_A,000134,238,1240511599878200,1240511633275200,NormalizedFit,1,1,True,unknown,False,False,0.0,0.36892945822352985,nan,nan,-0.1721398891672843,0.19050281772802014,0.2649254237332972,x,y,z,-0.1721398891672843,0.19050281772802014,0.2649254237332972,,,,,,,,1.0753614140772887,0.09724085773689706,0.06261046731007147,"{""x"":-0.1721398891672843,""y"":0.19050281772802014,""z"":0.2649254237332972,""dx"":null,""dy"":null,""mode5"":null,""Q"":null,""X"":null,""Y"":null,""Z"":null,""dX"":1.0753614140772887,""dY"":0.09724085773689706,""dZ"":0.06261046731007147}","{""amplitude_uT"":588.4927306628354,""contact_threshold_uT"":40.0,""contact_gate"":""shape-aware ridge classifier + amplitude floor"",""cosine_similarity"":0.9954925976127338,""anti_jump_policy"":""快速门控（阈值/形状）"",""calibration_depth_range_mm"":[0.2,0.8],""depth_extrapolated"":false,""relative_reference"":""first valid prediction since B0/no-contact"",""xy_semantics"":""continuous XY RBF refit on all 441 positions at 1 mm spacing"",""fit_model"":""441点1 mm连续XY/RBF＋跨深度连续Z＋接触/释放门控"",""fit_variant"":""dense441_1mm_continuous_development"",""evidence_tier"":""development_dense441_single_repeat_random_validation_pending"",""continuous_xy_method"":""kernel_rbf"",""working_range_model"":false,""working_range_mm"":null,""outside_declared_working_range"":false,""calibration_domain_mm"":{""x"":[-10.0,10.0],""y"":[-10.0,10.0],""depth"":[0.2,0.8]},""xy_outside_calibration_domain"":false,""excluded_calibration_samples"":0,""uncorrected_static_xyz_mm"":[-0.1721398891672843,0.19050281772802014,0.2649254237332972],""unaligned_xyz_mm"":[-1.545795904464085,0.6154684427899513,0.2649254237332972],""xy_rotation_deg"":-4.580684956890044,""xy_translation_mm"":[1.3195654319610284,-0.5464514666381837],""xy_translation_source"":""five_point_reassembly"",""xy_translation_details"":{""preset"":""5×5｜441点1mm连续"",""calibration_points"":5,""calibration_strategy"":""rigid_rotation_translation_v1"",""calibration_rms_mm"":0.507358956567797,""check_rms_mm"":null},""dynamic_model_enabled"":false,""dynamic_history_ready"":false,""dynamic_gate"":0.0,""contact_score"":1.0001890816017647,""contact_score_threshold"":0.49492851692021117,""status"":""有效"",""preset"":""5×5｜441点1mm连续"",""needs_baseline"":false,""display.contact"":true,""display.contact_reason"":""拟合响应/相似度接触门控"",""display.contact_segment"":615,""display.contact_age_ms"":2067.6863,""display.contact_last_end_ns"":1240509495697500}"
S20260919_A,000134,239,1240511610185700,1240511636876900,NormalizedFit,1,1,True,unknown,False,False,0.0,0.28156047802269374,nan,nan,-0.04083642906355989,-0.07660425844592955,0.26784412712182787,x,y,z,-0.04083642906355989,-0.07660425844592955,0.26784412712182787,,,,,,,,1.206664874181013,-0.16986621843705263,0.06552917069860215,"{""x"":-0.04083642906355989,""y"":-0.07660425844592955,""z"":0.26784412712182787,""dx"":null,""dy"":null,""mode5"":null,""Q"":null,""X"":null,""Y"":null,""Z"":null,""dX"":1.206664874181013,""dY"":-0.16986621843705263,""dZ"":0.06552917069860215}","{""amplitude_uT"":587.7776882680652,""contact_threshold_uT"":40.0,""contact_gate"":""shape-aware ridge classifier + amplitude floor"",""cosine_similarity"":0.995751073465077,""anti_jump_policy"":""快速门控（阈值/形状）"",""calibration_depth_range_mm"":[0.2,0.8],""depth_extrapolated"":false,""relative_reference"":""first valid prediction since B0/no-contact"",""xy_semantics"":""continuous XY RBF refit on all 441 positions at 1 mm spacing"",""fit_model"":""441点1 mm连续XY/RBF＋跨深度连续Z＋接触/释放门控"",""fit_variant"":""dense441_1mm_continuous_development"",""evidence_tier"":""development_dense441_single_repeat_random_validation_pending"",""continuous_xy_method"":""kernel_rbf"",""working_range_model"":false,""working_range_mm"":null,""outside_declared_working_range"":false,""calibration_domain_mm"":{""x"":[-10.0,10.0],""y"":[-10.0,10.0],""depth"":[0.2,0.8]},""xy_outside_calibration_domain"":false,""excluded_calibration_samples"":0,""uncorrected_static_xyz_mm"":[-0.04083642906355989,-0.07660425844592955,0.26784412712182787],""unaligned_xyz_mm"":[-1.3935799020281943,0.35970081899866013,0.26784412712182787],""xy_rotation_deg"":-4.580684956890044,""xy_translation_mm"":[1.3195654319610284,-0.5464514666381837],""xy_translation_source"":""five_point_reassembly"",""xy_translation_details"":{""preset"":""5×5｜441点1mm连续"",""calibration_points"":5,""calibration_strategy"":""rigid_rotation_translation_v1"",""calibration_rms_mm"":0.507358956567797,""check_rms_mm"":null},""dynamic_model_enabled"":false,""dynamic_history_ready"":false,""dynamic_gate"":0.0,""contact_score"":1.0001294213044707,""contact_score_threshold"":0.49492851692021117,""status"":""有效"",""preset"":""5×5｜441点1mm连续"",""needs_baseline"":false,""display.contact"":true,""display.contact_reason"":""拟合响应/相似度接触门控"",""display.contact_segment"":615,""display.contact_age_ms"":2077.9938,""display.contact_last_end_ns"":1240509495697500}"
S20260919_A,000134,240,1240511636987500,1240511696077300,NormalizedFit,1,1,True,unknown,False,False,0.0,0.5396554730065606,nan,nan,0.07245520534530892,-0.4603349981376825,0.27215797297504174,x,y,z,0.07245520534530892,-0.4603349981376825,0.27215797297504174,,,,,,,,1.319956508589882,-0.5535969581288056,0.06984301655181602,"{""x"":0.07245520534530892,""y"":-0.4603349981376825,""z"":0.27215797297504174,""dx"":null,""dy"":null,""mode5"":null,""Q"":null,""X"":null,""Y"":null,""Z"":null,""dX"":1.319956508589882,""dY"":-0.5535969581288056,""dZ"":0.06984301655181602}","{""amplitude_uT"":589.6155044179218,""contact_threshold_uT"":40.0,""contact_gate"":""shape-aware ridge classifier + amplitude floor"",""cosine_similarity"":0.9960597462591706,""anti_jump_policy"":""快速门控（阈值/形状）"",""calibration_depth_range_mm"":[0.2,0.8],""depth_extrapolated"":false,""relative_reference"":""first valid prediction since B0/no-contact"",""xy_semantics"":""continuous XY RBF refit on all 441 positions at 1 mm spacing"",""fit_model"":""441点1 mm连续XY/RBF＋跨深度连续Z＋接触/释放门控"",""fit_variant"":""dense441_1mm_continuous_development"",""evidence_tier"":""development_dense441_single_repeat_random_validation_pending"",""continuous_xy_method"":""kernel_rbf"",""working_range_model"":false,""working_range_mm"":null,""outside_declared_working_range"":false,""calibration_domain_mm"":{""x"":[-10.0,10.0],""y"":[-10.0,10.0],""depth"":[0.2,0.8]},""xy_outside_calibration_domain"":false,""excluded_calibration_samples"":0,""uncorrected_static_xyz_mm"":[0.07245520534530892,-0.4603349981376825,0.27215797297504174],""unaligned_xyz_mm"":[-1.2500042896116428,-0.013756432277339137,0.27215797297504174],""xy_rotation_deg"":-4.580684956890044,""xy_translation_mm"":[1.3195654319610284,-0.5464514666381837],""xy_translation_source"":""five_point_reassembly"",""xy_translation_details"":{""preset"":""5×5｜441点1mm连续"",""calibration_points"":5,""calibration_strategy"":""rigid_rotation_translation_v1"",""calibration_rms_mm"":0.507358956567797,""check_rms_mm"":null},""dynamic_model_enabled"":false,""dynamic_history_ready"":false,""dynamic_gate"":0.0,""contact_score"":1.000069878670672,""contact_score_threshold"":0.49492851692021117,""status"":""有效"",""preset"":""5×5｜441点1mm连续"",""needs_baseline"":false,""display.contact"":true,""display.contact_reason"":""拟合响应/相似度接触门控"",""display.contact_segment"":615,""display.contact_age_ms"":2104.7956,""display.contact_last_end_ns"":1240509495697500}"
S20260919_A,000134,241,1240511663611600,1240511699541400,NormalizedFit,1,1,True,unknown,False,False,0.0,0.6103940389683014,nan,nan,0.17522118350317517,-0.5175051958294979,0.2721521485295601,x,y,z,0.17522118350317517,-0.5175051958294979,0.2721521485295601,,,,,,,,1.4227224867477481,-0.610767155820621,0.06983719210633438,"{""x"":0.17522118350317517,""y"":-0.5175051958294979,""z"":0.2721521485295601,""dx"":null,""dy"":null,""mode5"":null,""Q"":null,""X"":null,""Y"":null,""Z"":null,""dX"":1.4227224867477481,""dY"":-0.610767155820621,""dZ"":0.06983719210633438}","{""amplitude_uT"":587.7473814718363,""contact_threshold_uT"":40.0,""contact_gate"":""shape-aware ridge classifier + amplitude floor"",""cosine_similarity"":0.9960874189632326,""anti_jump_policy"":""快速门控（阈值/形状）"",""calibration_depth_range_mm"":[0.2,0.8],""depth_extrapolated"":false,""relative_reference"":""first valid prediction since B0/no-contact"",""xy_semantics"":""continuous XY RBF refit on all 441 positions at 1 mm spacing"",""fit_model"":""441点1 mm连续XY/RBF＋跨深度连续Z＋接触/释放门控"",""fit_variant"":""dense441_1mm_continuous_development"",""evidence_tier"":""development_dense441_single_repeat_random_validation_pending"",""continuous_xy_method"":""kernel_rbf"",""working_range_model"":false,""working_range_mm"":null,""outside_declared_working_range"":false,""calibration_domain_mm"":{""x"":[-10.0,10.0],""y"":[-10.0,10.0],""depth"":[0.2,0.8]},""xy_outside_calibration_domain"":false,""excluded_calibration_samples"":0,""uncorrected_static_xyz_mm"":[0.17522118350317517,-0.5175051958294979,0.2721521485295601],""unaligned_xyz_mm"":[-1.143000783134974,-0.06253683174845648,0.2721521485295601],""xy_rotation_deg"":-4.580684956890044,""xy_translation_mm"":[1.3195654319610284,-0.5464514666381837],""xy_translation_source"":""five_point_reassembly"",""xy_translation_details"":{""preset"":""5×5｜441点1mm连续"",""calibration_points"":5,""calibration_strategy"":""rigid_rotation_translation_v1"",""calibration_rms_mm"":0.507358956567797,""check_rms_mm"":null},""dynamic_model_enabled"":false,""dynamic_history_ready"":false,""dynamic_gate"":0.0,""contact_score"":1.0000304033201384,""contact_score_threshold"":0.49492851692021117,""status"":""有效"",""preset"":""5×5｜441点1mm连续"",""needs_baseline"":false,""display.contact"":true,""display.contact_reason"":""拟合响应/相似度接触门控"",""display.contact_segment"":615,""display.contact_age_ms"":2131.4197,""display.contact_last_end_ns"":1240509495697500}"
S20260919_A,000134,242,1240511676626200,1240511702817300,NormalizedFit,1,1,True,unknown,False,False,0.0,0.6177075344122941,nan,nan,0.26522066455948967,-0.4859635268400855,0.27397088849270773,x,y,z,0.26522066455948967,-0.4859635268400855,0.27397088849270773,,,,,,,,1.5127219678040627,-0.5792254868312086,0.07165593206948201,"{""x"":0.26522066455948967,""y"":-0.4859635268400855,""z"":0.27397088849270773,""dx"":null,""dy"":null,""mode5"":null,""Q"":null,""X"":null,""Y"":null,""Z"":null,""dX"":1.5127219678040627,""dY"":-0.5792254868312086,""dZ"":0.07165593206948201}","{""amplitude_uT"":586.8234270280972,""contact_threshold_uT"":40.0,""contact_gate"":""shape-aware ridge classifier + amplitude floor"",""cosine_similarity"":0.9959661850417593,""anti_jump_policy"":""快速门控（阈值/形状）"",""calibration_depth_range_mm"":[0.2,0.8],""depth_extrapolated"":false,""relative_reference"":""first valid prediction since B0/no-contact"",""xy_semantics"":""continuous XY RBF refit on all 441 positions at 1 mm spacing"",""fit_model"":""441点1 mm连续XY/RBF＋跨深度连续Z＋接触/释放门控"",""fit_variant"":""dense441_1mm_continuous_development"",""evidence_tier"":""development_dense441_single_repeat_random_validation_pending"",""continuous_xy_method"":""kernel_rbf"",""working_range_model"":false,""working_range_mm"":null,""outside_declared_working_range"":false,""calibration_domain_mm"":{""x"":[-10.0,10.0],""y"":[-10.0,10.0],""depth"":[0.2,0.8]},""xy_outside_calibration_domain"":false,""excluded_calibration_samples"":0,""uncorrected_static_xyz_mm"":[0.26522066455948967,-0.4859635268400855,0.27397088849270773],""unaligned_xyz_mm"":[-1.0558077822069394,-0.023908292270405695,0.27397088849270773],""xy_rotation_deg"":-4.580684956890044,""xy_translation_mm"":[1.3195654319610284,-0.5464514666381837],""xy_translation_source"":""five_point_reassembly"",""xy_translation_details"":{""preset"":""5×5｜441点1mm连续"",""calibration_points"":5,""calibration_strategy"":""rigid_rotation_translation_v1"",""calibration_rms_mm"":0.507358956567797,""check_rms_mm"":null},""dynamic_model_enabled"":false,""dynamic_history_ready"":false,""dynamic_gate"":0.0,""contact_score"":1.0000387786016578,""contact_score_threshold"":0.49492851692021117,""status"":""有效"",""preset"":""5×5｜441点1mm连续"",""needs_baseline"":false,""display.contact"":true,""display.contact_reason"":""拟合响应/相似度接触门控"",""display.contact_segment"":615,""display.contact_age_ms"":2144.4343,""display.contact_last_end_ns"":1240509495697500}"
S20260919_A,000134,243,1240511686595600,1240511705617100,NormalizedFit,1,1,True,unknown,False,False,0.0,0.6857580263615825,nan,nan,0.3103664693834376,-0.5451591793542432,0.2770165961952472,x,y,z,0.3103664693834376,-0.5451591793542432,0.2770165961952472,,,,,,,,1.5578677726280106,-0.6384211393453663,0.07470163977202149,"{""x"":0.3103664693834376,""y"":-0.5451591793542432,""z"":0.2770165961952472,""dx"":null,""dy"":null,""mode5"":null,""Q"":null,""X"":null,""Y"":null,""Z"":null,""dX"":1.5578677726280106,""dY"":-0.6384211393453663,""dZ"":0.07470163977202149}","{""amplitude_uT"":589.0473517192831,""contact_threshold_uT"":40.0,""contact_gate"":""shape-aware ridge classifier + amplitude floor"",""cosine_similarity"":0.9952388900983666,""anti_jump_policy"":""快速门控（阈值/形状）"",""calibration_depth_range_mm"":[0.2,0.8],""depth_extrapolated"":false,""relative_reference"":""first valid prediction since B0/no-contact"",""xy_semantics"":""continuous XY RBF refit on all 441 positions at 1 mm spacing"",""fit_model"":""441点1 mm连续XY/RBF＋跨深度连续Z＋接触/释放门控"",""fit_variant"":""dense441_1mm_continuous_development"",""evidence_tier"":""development_dense441_single_repeat_random_validation_pending"",""continuous_xy_method"":""kernel_rbf"",""working_range_model"":false,""working_range_mm"":null,""outside_declared_working_range"":false,""calibration_domain_mm"":{""x"":[-10.0,10.0],""y"":[-10.0,10.0],""depth"":[0.2,0.8]},""xy_outside_calibration_domain"":false,""excluded_calibration_samples"":0,""uncorrected_static_xyz_mm"":[0.3103664693834376,-0.5451591793542432,0.2770165961952472],""unaligned_xyz_mm"":[-1.006078643350004,-0.07930939080036747,0.2770165961952472],""xy_rotation_deg"":-4.580684956890044,""xy_translation_mm"":[1.3195654319610284,-0.5464514666381837],""xy_translation_source"":""five_point_reassembly"",""xy_translation_details"":{""preset"":""5×5｜441点1mm连续"",""calibration_points"":5,""calibration_strategy"":""rigid_rotation_translation_v1"",""calibration_rms_mm"":0.507358956567797,""check_rms_mm"":null},""dynamic_model_enabled"":false,""dynamic_history_ready"":false,""dynamic_gate"":0.0,""contact_score"":1.0000688138984704,""contact_score_threshold"":0.49492851692021117,""status"":""有效"",""preset"":""5×5｜441点1mm连续"",""needs_baseline"":false,""display.contact"":true,""display.contact_reason"":""拟合响应/相似度接触门控"",""display.contact_segment"":615,""display.contact_age_ms"":2154.4037,""display.contact_last_end_ns"":1240509495697500}"
S20260919_A,000134,244,1240511712092800,1240511760071500,NormalizedFit,1,1,True,unknown,False,False,0.0,0.6451316167232507,nan,nan,0.18074402233648068,-0.556974826232976,0.270749781585011,x,y,z,0.18074402233648068,-0.556974826232976,0.270749781585011,,,,,,,,1.4282453255810537,-0.6502367862240991,0.06843482516178528,"{""x"":0.18074402233648068,""y"":-0.556974826232976,""z"":0.270749781585011,""dx"":null,""dy"":null,""mode5"":null,""Q"":null,""X"":null,""Y"":null,""Z"":null,""dX"":1.4282453255810537,""dY"":-0.6502367862240991,""dZ"":0.06843482516178528}","{""amplitude_uT"":590.0710701508764,""contact_threshold_uT"":40.0,""contact_gate"":""shape-aware ridge classifier + amplitude floor"",""cosine_similarity"":0.9945698281732815,""anti_jump_policy"":""快速门控（阈值/形状）"",""calibration_depth_range_mm"":[0.2,0.8],""depth_extrapolated"":false,""relative_reference"":""first valid prediction since B0/no-contact"",""xy_semantics"":""continuous XY RBF refit on all 441 positions at 1 mm spacing"",""fit_model"":""441点1 mm连续XY/RBF＋跨深度连续Z＋接触/释放门控"",""fit_variant"":""dense441_1mm_continuous_development"",""evidence_tier"":""development_dense441_single_repeat_random_validation_pending"",""continuous_xy_method"":""kernel_rbf"",""working_range_model"":false,""working_range_mm"":null,""outside_declared_working_range"":false,""calibration_domain_mm"":{""x"":[-10.0,10.0],""y"":[-10.0,10.0],""depth"":[0.2,0.8]},""xy_outside_calibration_domain"":false,""excluded_calibration_samples"":0,""uncorrected_static_xyz_mm"":[0.18074402233648068,-0.556974826232976,0.270749781585011],""unaligned_xyz_mm"":[-1.1343434261033485,-0.10143932064303485,0.270749781585011],""xy_rotation_deg"":-4.580684956890044,""xy_translation_mm"":[1.3195654319610284,-0.5464514666381837],""xy_translation_source"":""five_point_reassembly"",""xy_translation_details"":{""preset"":""5×5｜441点1mm连续"",""calibration_points"":5,""calibration_strategy"":""rigid_rotation_translation_v1"",""calibration_rms_mm"":0.507358956567797,""check_rms_mm"":null},""dynamic_model_enabled"":false,""dynamic_history_ready"":false,""dynamic_gate"":0.0,""contact_score"":1.0001035484196437,""contact_score_threshold"":0.49492851692021117,""status"":""有效"",""preset"":""5×5｜441点1mm连续"",""needs_baseline"":false,""display.contact"":true,""display.contact_reason"":""拟合响应/相似度接触门控"",""display.contact_segment"":615,""display.contact_age_ms"":2179.9009,""display.contact_last_end_ns"":1240509495697500}"
S20260919_A,000134,245,1240511723221600,1240511764949300,NormalizedFit,1,1,True,unknown,False,False,0.0,0.5285363734638954,nan,nan,-0.127806921411034,-0.4267605393328008,0.2844143649364024,x,y,z,-0.127806921411034,-0.4267605393328008,0.2844143649364024,,,,,,,,1.119694381833539,-0.5200224993239239,0.08209940851317665,"{""x"":-0.127806921411034,""y"":-0.4267605393328008,""z"":0.2844143649364024,""dx"":null,""dy"":null,""mode5"":null,""Q"":null,""X"":null,""Y"":null,""Z"":null,""dX"":1.119694381833539,""dY"":-0.5200224993239239,""dZ"":0.08209940851317665}","{""amplitude_uT"":607.2656242442437,""contact_threshold_uT"":40.0,""contact_gate"":""shape-aware ridge classifier + amplitude floor"",""cosine_similarity"":0.9949353735103312,""anti_jump_policy"":""快速门控（阈值/形状）"",""calibration_depth_range_mm"":[0.2,0.8],""depth_extrapolated"":false,""relative_reference"":""first valid prediction since B0/no-contact"",""xy_semantics"":""continuous XY RBF refit on all 441 positions at 1 mm spacing"",""fit_model"":""441点1 mm连续XY/RBF＋跨深度连续Z＋接触/释放门控"",""fit_variant"":""dense441_1mm_continuous_development"",""evidence_tier"":""development_dense441_single_repeat_random_validation_pending"",""continuous_xy_method"":""kernel_rbf"",""working_range_model"":false,""working_range_mm"":null,""outside_declared_working_range"":false,""calibration_domain_mm"":{""x"":[-10.0,10.0],""y"":[-10.0,10.0],""depth"":[0.2,0.8]},""xy_outside_calibration_domain"":false,""excluded_calibration_samples"":0,""uncorrected_static_xyz_mm"":[-0.127806921411034,-0.4267605393328008,0.2844143649364024],""unaligned_xyz_mm"":[-1.4523081041140125,0.003717271817818002,0.2844143649364024],""xy_rotation_deg"":-4.580684956890044,""xy_translation_mm"":[1.3195654319610284,-0.5464514666381837],""xy_translation_source"":""five_point_reassembly"",""xy_translation_details"":{""preset"":""5×5｜441点1mm连续"",""calibration_points"":5,""calibration_strategy"":""rigid_rotation_translation_v1"",""calibration_rms_mm"":0.507358956567797,""check_rms_mm"":null},""dynamic_model_enabled"":false,""dynamic_history_ready"":false,""dynamic_gate"":0.0,""contact_score"":1.0001825544467056,""contact_score_threshold"":0.49492851692021117,""status"":""有效"",""preset"":""5×5｜441点1mm连续"",""needs_baseline"":false,""display.contact"":true,""display.contact_reason"":""拟合响应/相似度接触门控"",""display.contact_segment"":615,""display.contact_age_ms"":2191.0297,""display.contact_last_end_ns"":1240509495697500}"
S20260919_A,000134,246,1240511733054900,1240511768202200,NormalizedFit,1,1,True,unknown,False,False,0.0,0.5991389472794685,nan,nan,-0.33908238046060646,-0.399760416321924,0.29014173596785464,x,y,z,-0.33908238046060646,-0.399760416321924,0.29014173596785464,,,,,,,,0.9084189227839665,-0.4930223763130471,0.08782677954462892,"{""x"":-0.33908238046060646,""y"":-0.399760416321924,""z"":0.29014173596785464,""dx"":null,""dy"":null,""mode5"":null,""Q"":null,""X"":null,""Y"":null,""Z"":null,""dX"":0.9084189227839665,""dY"":-0.4930223763130471,""dZ"":0.08782677954462892}","{""amplitude_uT"":624.885770766146,""contact_threshold_uT"":40.0,""contact_gate"":""shape-aware ridge classifier + amplitude floor"",""cosine_similarity"":0.9953248312156531,""anti_jump_policy"":""快速门控（阈值/形状）"",""calibration_depth_range_mm"":[0.2,0.8],""depth_extrapolated"":false,""relative_reference"":""first valid prediction since B0/no-contact"",""xy_semantics"":""continuous XY RBF refit on all 441 positions at 1 mm spacing"",""fit_model"":""441点1 mm连续XY/RBF＋跨深度连续Z＋接触/释放门控"",""fit_variant"":""dense441_1mm_continuous_development"",""evidence_tier"":""development_dense441_single_repeat_random_validation_pending"",""continuous_xy_method"":""kernel_rbf"",""working_range_model"":false,""working_range_mm"":null,""outside_declared_working_range"":false,""calibration_domain_mm"":{""x"":[-10.0,10.0],""y"":[-10.0,10.0],""depth"":[0.2,0.8]},""xy_outside_calibration_domain"":false,""excluded_calibration_samples"":0,""uncorrected_static_xyz_mm"":[-0.33908238046060646,-0.399760416321924,0.29014173596785464],""unaligned_xyz_mm"":[-1.665065027273481,0.013758082886951684,0.29014173596785464],""xy_rotation_deg"":-4.580684956890044,""xy_translation_mm"":[1.3195654319610284,-0.5464514666381837],""xy_translation_source"":""five_point_reassembly"",""xy_translation_details"":{""preset"":""5×5｜441点1mm连续"",""calibration_points"":5,""calibration_strategy"":""rigid_rotation_translation_v1"",""calibration_rms_mm"":0.507358956567797,""check_rms_mm"":null},""dynamic_model_enabled"":false,""dynamic_history_ready"":false,""dynamic_gate"":0.0,""contact_score"":1.0002001949409338,""contact_score_threshold"":0.49492851692021117,""status"":""有效"",""preset"":""5×5｜441点1mm连续"",""needs_baseline"":false,""display.contact"":true,""display.contact_reason"":""拟合响应/相似度接触门控"",""display.contact_segment"":615,""display.contact_age_ms"":2200.863,""display.contact_last_end_ns"":1240509495697500}"
S20260919_A,000134,247,1240511759371800,1240511771187200,NormalizedFit,1,1,True,unknown,False,False,0.0,0.39132342249599894,nan,nan,0.21638971329603462,-0.08075820421230218,0.3158917938567669,x,y,z,0.21638971329603462,-0.08075820421230218,0.3158917938567669,,,,,,,,1.4638910165406076,-0.17402016420342525,0.11357683743354119,"{""x"":0.21638971329603462,""y"":-0.08075820421230218,""z"":0.3158917938567669,""dx"":null,""dy"":null,""mode5"":null,""Q"":null,""X"":null,""Y"":null,""Z"":null,""dX"":1.4638910165406076,""dY"":-0.17402016420342525,""dZ"":0.11357683743354119}","{""amplitude_uT"":688.6262286552845,""contact_threshold_uT"":40.0,""contact_gate"":""shape-aware ridge classifier + amplitude floor"",""cosine_similarity"":0.9934300168461656,""anti_jump_policy"":""快速门控（阈值/形状）"",""calibration_depth_range_mm"":[0.2,0.8],""depth_extrapolated"":false,""relative_reference"":""first valid prediction since B0/no-contact"",""xy_semantics"":""continuous XY RBF refit on all 441 positions at 1 mm spacing"",""fit_model"":""441点1 mm连续XY/RBF＋跨深度连续Z＋接触/释放门控"",""fit_variant"":""dense441_1mm_continuous_development"",""evidence_tier"":""development_dense441_single_repeat_random_validation_pending"",""continuous_xy_method"":""kernel_rbf"",""working_range_model"":false,""working_range_mm"":null,""outside_declared_working_range"":false,""calibration_domain_mm"":{""x"":[-10.0,10.0],""y"":[-10.0,10.0],""depth"":[0.2,0.8]},""xy_outside_calibration_domain"":false,""excluded_calibration_samples"":0,""uncorrected_static_xyz_mm"":[0.21638971329603462,-0.08075820421230218,0.3158917938567669],""unaligned_xyz_mm"":[-1.1368436304213256,0.3761029658103574,0.3158917938567669],""xy_rotation_deg"":-4.580684956890044,""xy_translation_mm"":[1.3195654319610284,-0.5464514666381837],""xy_translation_source"":""five_point_reassembly"",""xy_translation_details"":{""preset"":""5×5｜441点1mm连续"",""calibration_points"":5,""calibration_strategy"":""rigid_rotation_translation_v1"",""calibration_rms_mm"":0.507358956567797,""check_rms_mm"":null},""dynamic_model_enabled"":false,""dynamic_history_ready"":false,""dynamic_gate"":0.0,""contact_score"":1.0003778458121462,""contact_score_threshold"":0.49492851692021117,""status"":""有效"",""preset"":""5×5｜441点1mm连续"",""needs_baseline"":false,""display.contact"":true,""display.contact_reason"":""拟合响应/相似度接触门控"",""display.contact_segment"":615,""display.contact_age_ms"":2227.1799,""display.contact_last_end_ns"":1240509495697500}"
S20260919_A,000134,248,1240511771693600,1240511804661400,NormalizedFit,1,1,True,unknown,False,False,0.0,0.5285055600677993,nan,nan,0.04482242970865147,0.39666288871488753,0.34636343561922334,x,y,z,0.04482242970865147,0.39666288871488753,0.34636343561922334,,,,,,,,1.2923237329532244,0.30340092872376445,0.14404847919599761,"{""x"":0.04482242970865147,""y"":0.39666288871488753,""z"":0.34636343561922334,""dx"":null,""dy"":null,""mode5"":null,""Q"":null,""X"":null,""Y"":null,""Z"":null,""dX"":1.2923237329532244,""dY"":0.30340092872376445,""dZ"":0.14404847919599761}","{""amplitude_uT"":753.4895149297039,""contact_threshold_uT"":40.0,""contact_gate"":""shape-aware ridge classifier + amplitude floor"",""cosine_similarity"":0.9925997125489892,""anti_jump_policy"":""快速门控（阈值/形状）"",""calibration_depth_range_mm"":[0.2,0.8],""depth_extrapolated"":false,""relative_reference"":""first valid prediction since B0/no-contact"",""xy_semantics"":""continuous XY RBF refit on all 441 positions at 1 mm spacing"",""fit_model"":""441点1 mm连续XY/RBF＋跨深度连续Z＋接触/释放门控"",""fit_variant"":""dense441_1mm_continuous_development"",""evidence_tier"":""development_dense441_single_repeat_random_validation_pending"",""continuous_xy_method"":""kernel_rbf"",""working_range_model"":false,""working_range_mm"":null,""outside_declared_working_range"":false,""calibration_domain_mm"":{""x"":[-10.0,10.0],""y"":[-10.0,10.0],""depth"":[0.2,0.8]},""xy_outside_calibration_domain"":false,""excluded_calibration_samples"":0,""uncorrected_static_xyz_mm"":[0.04482242970865147,0.39666288871488753,0.34636343561922334],""unaligned_xyz_mm"":[-1.34599113410544,0.8382972479818802,0.34636343561922334],""xy_rotation_deg"":-4.580684956890044,""xy_translation_mm"":[1.3195654319610284,-0.5464514666381837],""xy_translation_source"":""five_point_reassembly"",""xy_translation_details"":{""preset"":""5×5｜441点1mm连续"",""calibration_points"":5,""calibration_strategy"":""rigid_rotation_translation_v1"",""calibration_rms_mm"":0.507358956567797,""check_rms_mm"":null},""dynamic_model_enabled"":false,""dynamic_history_ready"":false,""dynamic_gate"":0.0,""contact_score"":1.0006118792662972,""contact_score_threshold"":0.49492851692021117,""status"":""有效"",""preset"":""5×5｜441点1mm连续"",""needs_baseline"":false,""display.contact"":true,""display.contact_reason"":""拟合响应/相似度接触门控"",""display.contact_segment"":615,""display.contact_age_ms"":2239.5017,""display.contact_last_end_ns"":1240509495697500}"
S20260919_A,000134,249,1240511781876600,1240511807836300,NormalizedFit,1,1,True,unknown,False,False,0.0,0.6490097380591722,nan,nan,0.060280098378362235,0.5361321657759295,0.3607523397783327,x,y,z,0.060280098378362235,0.5361321657759295,0.3607523397783327,,,,,,,,1.3077814016229352,0.4428702057848064,0.158437383355107,"{""x"":0.060280098378362235,""y"":0.5361321657759295,""z"":0.3607523397783327,""dx"":null,""dy"":null,""mode5"":null,""Q"":null,""X"":null,""Y"":null,""Z"":null,""dX"":1.3077814016229352,""dY"":0.4428702057848064,""dZ"":0.158437383355107}","{""amplitude_uT"":839.0732084228409,""contact_threshold_uT"":40.0,""contact_gate"":""shape-aware ridge classifier + amplitude floor"",""cosine_similarity"":0.992194720401954,""anti_jump_policy"":""快速门控（阈值/形状）"",""calibration_depth_range_mm"":[0.2,0.8],""depth_extrapolated"":false,""relative_reference"":""first valid prediction since B0/no-contact"",""xy_semantics"":""continuous XY RBF refit on all 441 positions at 1 mm spacing"",""fit_model"":""441点1 mm连续XY/RBF＋跨深度连续Z＋接触/释放门控"",""fit_variant"":""dense441_1mm_continuous_development"",""evidence_tier"":""development_dense441_single_repeat_random_validation_pending"",""continuous_xy_method"":""kernel_rbf"",""working_range_model"":false,""working_range_mm"":null,""outside_declared_working_range"":false,""calibration_domain_mm"":{""x"":[-10.0,10.0],""y"":[-10.0,10.0],""depth"":[0.2,0.8]},""xy_outside_calibration_domain"":false,""excluded_calibration_samples"":0,""uncorrected_static_xyz_mm"":[0.060280098378362235,0.5361321657759295,0.3607523397783327],""unaligned_xyz_mm"":[-1.3417212595958983,0.9785555344975259,0.3607523397783327],""xy_rotation_deg"":-4.580684956890044,""xy_translation_mm"":[1.3195654319610284,-0.5464514666381837],""xy_translation_source"":""five_point_reassembly"",""xy_translation_details"":{""preset"":""5×5｜441点1mm连续"",""calibration_points"":5,""calibration_strategy"":""rigid_rotation_translation_v1"",""calibration_rms_mm"":0.507358956567797,""check_rms_mm"":null},""dynamic_model_enabled"":false,""dynamic_history_ready"":false,""dynamic_gate"":0.0,""contact_score"":1.0008750974779208,""contact_score_threshold"":0.49492851692021117,""status"":""有效"",""preset"":""5×5｜441点1mm连续"",""needs_baseline"":false,""display.contact"":true,""display.contact_reason"":""拟合响应/相似度接触门控"",""display.contact_segment"":615,""display.contact_age_ms"":2249.6847,""display.contact_last_end_ns"":1240509495697500}"
S20260919_A,000134,250,1240511808840700,1240511861556000,NormalizedFit,1,1,True,unknown,False,False,0.0,0.7957504108950411,nan,nan,0.1370367109327968,0.6534351287653575,0.4329690390683246,x,y,z,0.1370367109327968,0.6534351287653575,0.4329690390683246,,,,,,,,1.3845380141773698,0.5601731687742344,0.2306540826450989,"{""x"":0.1370367109327968,""y"":0.6534351287653575,""z"":0.4329690390683246,""dx"":null,""dy"":null,""mode5"":null,""Q"":null,""X"":null,""Y"":null,""Z"":null,""dX"":1.3845380141773698,""dY"":0.5601731687742344,""dZ"":0.2306540826450989}","{""amplitude_uT"":948.054543938797,""contact_threshold_uT"":40.0,""contact_gate"":""shape-aware ridge classifier + amplitude floor"",""cosine_similarity"":0.9911842489643514,""anti_jump_policy"":""快速门控（阈值/形状）"",""calibration_depth_range_mm"":[0.2,0.8],""depth_extrapolated"":false,""relative_reference"":""first valid prediction since B0/no-contact"",""xy_semantics"":""continuous XY RBF refit on all 441 positions at 1 mm spacing"",""fit_model"":""441点1 mm连续XY/RBF＋跨深度连续Z＋接触/释放门控"",""fit_variant"":""dense441_1mm_continuous_development"",""evidence_tier"":""development_dense441_single_repeat_random_validation_pending"",""continuous_xy_method"":""kernel_rbf"",""working_range_model"":false,""working_range_mm"":null,""outside_declared_working_range"":false,""calibration_domain_mm"":{""x"":[-10.0,10.0],""y"":[-10.0,10.0],""depth"":[0.2,0.8]},""xy_outside_calibration_domain"":false,""excluded_calibration_samples"":0,""uncorrected_static_xyz_mm"":[0.1370367109327968,0.6534351287653575,0.4329690390683246],""unaligned_xyz_mm"":[-1.2745779727438953,1.1016138203934394,0.4329690390683246],""xy_rotation_deg"":-4.580684956890044,""xy_translation_mm"":[1.3195654319610284,-0.5464514666381837],""xy_translation_source"":""five_point_reassembly"",""xy_translation_details"":{""preset"":""5×5｜441点1mm连续"",""calibration_points"":5,""calibration_strategy"":""rigid_rotation_translation_v1"",""calibration_rms_mm"":0.507358956567797,""check_rms_mm"":null},""dynamic_model_enabled"":false,""dynamic_history_ready"":false,""dynamic_gate"":0.0,""contact_score"":1.0007514321132247,""contact_score_threshold"":0.49492851692021117,""status"":""有效"",""preset"":""5×5｜441点1mm连续"",""needs_baseline"":false,""display.contact"":true,""display.contact_reason"":""拟合响应/相似度接触门控"",""display.contact_segment"":615,""display.contact_age_ms"":2276.6488,""display.contact_last_end_ns"":1240509495697500}"
S20260919_A,000134,251,1240511835691800,1240511864886500,NormalizedFit,1,1,True,unknown,False,False,0.0,0.6000847861412396,nan,nan,0.13492804672419845,0.351898876471341,0.4669725404170759,x,y,z,0.13492804672419845,0.351898876471341,0.4669725404170759,,,,,,,,1.3824293499687714,0.2586369164802179,0.2646575839938502,"{""x"":0.13492804672419845,""y"":0.351898876471341,""z"":0.4669725404170759,""dx"":null,""dy"":null,""mode5"":null,""Q"":null,""X"":null,""Y"":null,""Z"":null,""dX"":1.3824293499687714,""dY"":0.2586369164802179,""dZ"":0.2646575839938502}","{""amplitude_uT"":1005.0818906701086,""contact_threshold_uT"":40.0,""contact_gate"":""shape-aware ridge classifier + amplitude floor"",""cosine_similarity"":0.9934261960522999,""anti_jump_policy"":""快速门控（阈值/形状）"",""calibration_depth_range_mm"":[0.2,0.8],""depth_extrapolated"":false,""relative_reference"":""first valid prediction since B0/no-contact"",""xy_semantics"":""continuous XY RBF refit on all 441 positions at 1 mm spacing"",""fit_model"":""441点1 mm连续XY/RBF＋跨深度连续Z＋接触/释放门控"",""fit_variant"":""dense441_1mm_continuous_development"",""evidence_tier"":""development_dense441_single_repeat_random_validation_pending"",""continuous_xy_method"":""kernel_rbf"",""working_range_model"":false,""working_range_mm"":null,""outside_declared_working_range"":false,""calibration_domain_mm"":{""x"":[-10.0,10.0],""y"":[-10.0,10.0],""depth"":[0.2,0.8]},""xy_outside_calibration_domain"":false,""excluded_calibration_samples"":0,""uncorrected_static_xyz_mm"":[0.13492804672419845,0.351898876471341,0.4669725404170759],""unaligned_xyz_mm"":[-1.2525983436571495,0.8008723137511495,0.4669725404170759],""xy_rotation_deg"":-4.580684956890044,""xy_translation_mm"":[1.3195654319610284,-0.5464514666381837],""xy_translation_source"":""five_point_reassembly"",""xy_translation_details"":{""preset"":""5×5｜441点1mm连续"",""calibration_points"":5,""calibration_strategy"":""rigid_rotation_translation_v1"",""calibration_rms_mm"":0.507358956567797,""check_rms_mm"":null},""dynamic_model_enabled"":false,""dynamic_history_ready"":false,""dynamic_gate"":0.0,""contact_score"":1.0005648175741424,""contact_score_threshold"":0.49492851692021117,""status"":""有效"",""preset"":""5×5｜441点1mm连续"",""needs_baseline"":false,""display.contact"":true,""display.contact_reason"":""拟合响应/相似度接触门控"",""display.contact_segment"":615,""display.contact_age_ms"":2303.4999,""display.contact_last_end_ns"":1240509495697500}"
S20260919_A,000134,252,1240511846541800,1240511867746000,NormalizedFit,1,1,True,unknown,False,False,0.0,0.5827936097357769,nan,nan,0.23491948262474582,0.256355653193171,0.4676996977848943,x,y,z,0.23491948262474582,0.256355653193171,0.4676996977848943,,,,,,,,1.4824207858693188,0.16309369320204792,0.26538474136166856,"{""x"":0.23491948262474582,""y"":0.256355653193171,""z"":0.4676996977848943,""dx"":null,""dy"":null,""mode5"":null,""Q"":null,""X"":null,""Y"":null,""Z"":null,""dX"":1.4824207858693188,""dY"":0.16309369320204792,""dZ"":0.26538474136166856}","{""amplitude_uT"":1009.8275494289857,""contact_threshold_uT"":40.0,""contact_gate"":""shape-aware ridge classifier + amplitude floor"",""cosine_similarity"":0.9935975633718757,""anti_jump_policy"":""快速门控（阈值/形状）"",""calibration_depth_range_mm"":[0.2,0.8],""depth_extrapolated"":false,""relative_reference"":""first valid prediction since B0/no-contact"",""xy_semantics"":""continuous XY RBF refit on all 441 positions at 1 mm spacing"",""fit_model"":""441点1 mm连续XY/RBF＋跨深度连续Z＋接触/释放门控"",""fit_variant"":""dense441_1mm_continuous_development"",""evidence_tier"":""development_dense441_single_repeat_random_validation_pending"",""continuous_xy_method"":""kernel_rbf"",""working_range_model"":false,""working_range_mm"":null,""outside_declared_working_range"":false,""calibration_domain_mm"":{""x"":[-10.0,10.0],""y"":[-10.0,10.0],""depth"":[0.2,0.8]},""xy_outside_calibration_domain"":false,""excluded_calibration_samples"":0,""uncorrected_static_xyz_mm"":[0.23491948262474582,0.256355653193171,0.4676996977848943],""unaligned_xyz_mm"":[-1.1452959362589716,0.7136198746196789,0.4676996977848943],""xy_rotation_deg"":-4.580684956890044,""xy_translation_mm"":[1.3195654319610284,-0.5464514666381837],""xy_translation_source"":""five_point_reassembly"",""xy_translation_details"":{""preset"":""5×5｜441点1mm连续"",""calibration_points"":5,""calibration_strategy"":""rigid_rotation_translation_v1"",""calibration_rms_mm"":0.507358956567797,""check_rms_mm"":null},""dynamic_model_enabled"":false,""dynamic_history_ready"":false,""dynamic_gate"":0.0,""contact_score"":1.00059413731377,""contact_score_threshold"":0.49492851692021117,""status"":""有效"",""preset"":""5×5｜441点1mm连续"",""needs_baseline"":false,""display.contact"":true,""display.contact_reason"":""拟合响应/相似度接触门控"",""display.contact_segment"":615,""display.contact_age_ms"":2314.3499,""display.contact_last_end_ns"":1240509495697500}"
S20260919_A,000134,253,1240511872474100,1240511905141800,NormalizedFit,1,1,True,unknown,False,False,0.0,0.5977119802763979,nan,nan,0.3067235949853908,0.2181011623289172,0.4643405330530024,x,y,z,0.3067235949853908,0.2181011623289172,0.4643405330530024,,,,,,,,1.5542248982299638,0.12483920233779411,0.26202557662977666,"{""x"":0.3067235949853908,""y"":0.2181011623289172,""z"":0.4643405330530024,""dx"":null,""dy"":null,""mode5"":null,""Q"":null,""X"":null,""Y"":null,""Z"":null,""dX"":1.5542248982299638,""dY"":0.12483920233779411,""dZ"":0.26202557662977666}","{""amplitude_uT"":1023.1472011729301,""contact_threshold_uT"":40.0,""contact_gate"":""shape-aware ridge classifier + amplitude floor"",""cosine_similarity"":0.994077846906254,""anti_jump_policy"":""快速门控（阈值/形状）"",""calibration_depth_range_mm"":[0.2,0.8],""depth_extrapolated"":false,""relative_reference"":""first valid prediction since B0/no-contact"",""xy_semantics"":""continuous XY RBF refit on all 441 positions at 1 mm spacing"",""fit_model"":""441点1 mm连续XY/RBF＋跨深度连续Z＋接触/释放门控"",""fit_variant"":""dense441_1mm_continuous_development"",""evidence_tier"":""development_dense441_single_repeat_random_validation_pending"",""continuous_xy_method"":""kernel_rbf"",""working_range_model"":false,""working_range_mm"":null,""outside_declared_working_range"":false,""calibration_domain_mm"":{""x"":[-10.0,10.0],""y"":[-10.0,10.0],""depth"":[0.2,0.8]},""xy_outside_calibration_domain"":false,""excluded_calibration_samples"":0,""uncorrected_static_xyz_mm"":[0.3067235949853908,0.2181011623289172,0.4643405330530024],""unaligned_xyz_mm"":[-1.0706660620761146,0.6812220582945878,0.4643405330530024],""xy_rotation_deg"":-4.580684956890044,""xy_translation_mm"":[1.3195654319610284,-0.5464514666381837],""xy_translation_source"":""five_point_reassembly"",""xy_translation_details"":{""preset"":""5×5｜441点1mm连续"",""calibration_points"":5,""calibration_strategy"":""rigid_rotation_translation_v1"",""calibration_rms_mm"":0.507358956567797,""check_rms_mm"":null},""dynamic_model_enabled"":false,""dynamic_history_ready"":false,""dynamic_gate"":0.0,""contact_score"":1.000598703209239,""contact_score_threshold"":0.49492851692021117,""status"":""有效"",""preset"":""5×5｜441点1mm连续"",""needs_baseline"":false,""display.contact"":true,""display.contact_reason"":""拟合响应/相似度接触门控"",""display.contact_segment"":615,""display.contact_age_ms"":2340.2822,""display.contact_last_end_ns"":1240509495697500}"
S20260919_A,000134,254,1240511898485300,1240511909401100,NormalizedFit,1,1,True,unknown,False,False,0.0,0.6675221026676199,nan,nan,0.27069678123463525,0.3989347866874796,0.4616925883633217,x,y,z,0.27069678123463525,0.3989347866874796,0.4616925883633217,,,,,,,,1.5181980844792082,0.30567282669635654,0.259377631940096,"{""x"":0.27069678123463525,""y"":0.3989347866874796,""z"":0.4616925883633217,""dx"":null,""dy"":null,""mode5"":null,""Q"":null,""X"":null,""Y"":null,""Z"":null,""dX"":1.5181980844792082,""dY"":0.30567282669635654,""dZ"":0.259377631940096}","{""amplitude_uT"":1026.275207624154,""contact_threshold_uT"":40.0,""contact_gate"":""shape-aware ridge classifier + amplitude floor"",""cosine_similarity"":0.9948332513962077,""anti_jump_policy"":""快速门控（阈值/形状）"",""calibration_depth_range_mm"":[0.2,0.8],""depth_extrapolated"":false,""relative_reference"":""first valid prediction since B0/no-contact"",""xy_semantics"":""continuous XY RBF refit on all 441 positions at 1 mm spacing"",""fit_model"":""441点1 mm连续XY/RBF＋跨深度连续Z＋接触/释放门控"",""fit_variant"":""dense441_1mm_continuous_development"",""evidence_tier"":""development_dense441_single_repeat_random_validation_pending"",""continuous_xy_method"":""kernel_rbf"",""working_range_model"":false,""working_range_mm"":null,""outside_declared_working_range"":false,""calibration_domain_mm"":{""x"":[-10.0,10.0],""y"":[-10.0,10.0],""depth"":[0.2,0.8]},""xy_outside_calibration_domain"":false,""excluded_calibration_samples"":0,""uncorrected_static_xyz_mm"":[0.27069678123463525,0.3989347866874796,0.4616925883633217],""unaligned_xyz_mm"":[-1.1210196977338747,0.8586008687081512,0.4616925883633217],""xy_rotation_deg"":-4.580684956890044,""xy_translation_mm"":[1.3195654319610284,-0.5464514666381837],""xy_translation_source"":""five_point_reassembly"",""xy_translation_details"":{""preset"":""5×5｜441点1mm连续"",""calibration_points"":5,""calibration_strategy"":""rigid_rotation_translation_v1"",""calibration_rms_mm"":0.507358956567797,""check_rms_mm"":null},""dynamic_model_enabled"":false,""dynamic_history_ready"":false,""dynamic_gate"":0.0,""contact_score"":1.000682351425941,""contact_score_threshold"":0.49492851692021117,""status"":""有效"",""preset"":""5×5｜441点1mm连续"",""needs_baseline"":false,""display.contact"":true,""display.contact_reason"":""拟合响应/相似度接触门控"",""display.contact_segment"":615,""display.contact_age_ms"":2366.2934,""display.contact_last_end_ns"":1240509495697500}"
S20260919_A,000134,255,1240511909706900,1240511964399500,NormalizedFit,1,1,True,unknown,False,False,0.0,0.6791921713431543,nan,nan,0.26375934355102726,0.41127730770350024,0.4717880779243159,x,y,z,0.26375934355102726,0.41127730770350024,0.4717880779243159,,,,,,,,1.5112606467956002,0.31801534771237716,0.26947312150109015,"{""x"":0.26375934355102726,""y"":0.41127730770350024,""z"":0.4717880779243159,""dx"":null,""dy"":null,""mode5"":null,""Q"":null,""X"":null,""Y"":null,""Z"":null,""dX"":1.5112606467956002,""dY"":0.31801534771237716,""dZ"":0.26947312150109015}","{""amplitude_uT"":1025.9356968616505,""contact_threshold_uT"":40.0,""contact_gate"":""shape-aware ridge classifier + amplitude floor"",""cosine_similarity"":0.994420072998453,""anti_jump_policy"":""快速门控（阈值/形状）"",""calibration_depth_range_mm"":[0.2,0.8],""depth_extrapolated"":false,""relative_reference"":""first valid prediction since B0/no-contact"",""xy_semantics"":""continuous XY RBF refit on all 441 positions at 1 mm spacing"",""fit_model"":""441点1 mm连续XY/RBF＋跨深度连续Z＋接触/释放门控"",""fit_variant"":""dense441_1mm_continuous_development"",""evidence_tier"":""development_dense441_single_repeat_random_validation_pending"",""continuous_xy_method"":""kernel_rbf"",""working_range_model"":false,""working_range_mm"":null,""outside_declared_working_range"":false,""calibration_domain_mm"":{""x"":[-10.0,10.0],""y"":[-10.0,10.0],""depth"":[0.2,0.8]},""xy_outside_calibration_domain"":false,""excluded_calibration_samples"":0,""uncorrected_static_xyz_mm"":[0.26375934355102726,0.41127730770350024,0.4717880779243159],""unaligned_xyz_mm"":[-1.1289206857092338,0.8703499221022799,0.4717880779243159],""xy_rotation_deg"":-4.580684956890044,""xy_translation_mm"":[1.3195654319610284,-0.5464514666381837],""xy_translation_source"":""five_point_reassembly"",""xy_translation_details"":{""preset"":""5×5｜441点1mm连续"",""calibration_points"":5,""calibration_strategy"":""rigid_rotation_translation_v1"",""calibration_rms_mm"":0.507358956567797,""check_rms_mm"":null},""dynamic_model_enabled"":false,""dynamic_history_ready"":false,""dynamic_gate"":0.0,""contact_score"":1.0006173467734625,""contact_score_threshold"":0.49492851692021117,""status"":""有效"",""preset"":""5×5｜441点1mm连续"",""needs_baseline"":false,""display.contact"":true,""display.contact_reason"":""拟合响应/相似度接触门控"",""display.contact_segment"":615,""display.contact_age_ms"":2377.515,""display.contact_last_end_ns"":1240509495697500}"
S20260919_A,000134,256,1240511936351300,1240511966677600,NormalizedFit,1,1,True,unknown,False,False,0.0,0.5959674998150437,nan,nan,0.1552250099011938,0.3389506080711302,0.46496767890379165,x,y,z,0.1552250099011938,0.3389506080711302,0.46496767890379165,,,,,,,,1.4027263131457668,0.24568864808000712,0.2626527224805659,"{""x"":0.1552250099011938,""y"":0.3389506080711302,""z"":0.46496767890379165,""dx"":null,""dy"":null,""mode5"":null,""Q"":null,""X"":null,""Y"":null,""Z"":null,""dX"":1.4027263131457668,""dY"":0.24568864808000712,""dZ"":0.2626527224805659}","{""amplitude_uT"":1025.5578189624418,""contact_threshold_uT"":40.0,""contact_gate"":""shape-aware ridge classifier + amplitude floor"",""cosine_similarity"":0.9950877506383233,""anti_jump_policy"":""快速门控（阈值/形状）"",""calibration_depth_range_mm"":[0.2,0.8],""depth_extrapolated"":false,""relative_reference"":""first valid prediction since B0/no-contact"",""xy_semantics"":""continuous XY RBF refit on all 441 positions at 1 mm spacing"",""fit_model"":""441点1 mm连续XY/RBF＋跨深度连续Z＋接触/释放门控"",""fit_variant"":""dense441_1mm_continuous_development"",""evidence_tier"":""development_dense441_single_repeat_random_validation_pending"",""continuous_xy_method"":""kernel_rbf"",""working_range_model"":false,""working_range_mm"":null,""outside_declared_working_range"":false,""calibration_domain_mm"":{""x"":[-10.0,10.0],""y"":[-10.0,10.0],""depth"":[0.2,0.8]},""xy_outside_calibration_domain"":false,""excluded_calibration_samples"":0,""uncorrected_static_xyz_mm"":[0.1552250099011938,0.3389506080711302,0.46496767890379165],""unaligned_xyz_mm"":[-1.23133212567356,0.7895863781919386,0.46496767890379165],""xy_rotation_deg"":-4.580684956890044,""xy_translation_mm"":[1.3195654319610284,-0.5464514666381837],""xy_translation_source"":""five_point_reassembly"",""xy_translation_details"":{""preset"":""5×5｜441点1mm连续"",""calibration_points"":5,""calibration_strategy"":""rigid_rotation_translation_v1"",""calibration_rms_mm"":0.507358956567797,""check_rms_mm"":null},""dynamic_model_enabled"":false,""dynamic_history_ready"":false,""dynamic_gate"":0.0,""contact_score"":1.0006472502041086,""contact_score_threshold"":0.49492851692021117,""status"":""有效"",""preset"":""5×5｜441点1mm连续"",""needs_baseline"":false,""display.contact"":true,""display.contact_reason"":""拟合响应/相似度接触门控"",""display.contact_segment"":615,""display.contact_age_ms"":2404.1594,""display.contact_last_end_ns"":1240509495697500}"
S20260919_A,000134,257,1240511963518000,1240512000029300,NormalizedFit,1,1,True,unknown,False,False,0.0,0.6113042714631226,nan,nan,0.11792608879599964,0.3802638259367591,0.4638812052393104,x,y,z,0.11792608879599964,0.3802638259367591,0.4638812052393104,,,,,,,,1.3654273920405726,0.28700186594563604,0.2615662488160847,"{""x"":0.11792608879599964,""y"":0.3802638259367591,""z"":0.4638812052393104,""dx"":null,""dy"":null,""mode5"":null,""Q"":null,""X"":null,""Y"":null,""Z"":null,""dX"":1.3654273920405726,""dY"":0.28700186594563604,""dZ"":0.2615662488160847}","{""amplitude_uT"":1025.617133355328,""contact_threshold_uT"":40.0,""contact_gate"":""shape-aware ridge classifier + amplitude floor"",""cosine_similarity"":0.9948565895902697,""anti_jump_policy"":""快速门控（阈值/形状）"",""calibration_depth_range_mm"":[0.2,0.8],""depth_extrapolated"":false,""relative_reference"":""first valid prediction since B0/no-contact"",""xy_semantics"":""continuous XY RBF refit on all 441 positions at 1 mm spacing"",""fit_model"":""441点1 mm连续XY/RBF＋跨深度连续Z＋接触/释放门控"",""fit_variant"":""dense441_1mm_continuous_development"",""evidence_tier"":""development_dense441_single_repeat_random_validation_pending"",""continuous_xy_method"":""kernel_rbf"",""working_range_model"":false,""working_range_mm"":null,""outside_declared_working_range"":false,""calibration_domain_mm"":{""x"":[-10.0,10.0],""y"":[-10.0,10.0],""depth"":[0.2,0.8]},""xy_outside_calibration_domain"":false,""excluded_calibration_samples"":0,""uncorrected_static_xyz_mm"":[0.11792608879599964,0.3802638259367591,0.4638812052393104],""unaligned_xyz_mm"":[-1.2718113018816974,0.8277888359601895,0.4638812052393104],""xy_rotation_deg"":-4.580684956890044,""xy_translation_mm"":[1.3195654319610284,-0.5464514666381837],""xy_translation_source"":""five_point_reassembly"",""xy_translation_details"":{""preset"":""5×5｜441点1mm连续"",""calibration_points"":5,""calibration_strategy"":""rigid_rotation_translation_v1"",""calibration_rms_mm"":0.507358956567797,""check_rms_mm"":null},""dynamic_model_enabled"":false,""dynamic_history_ready"":false,""dynamic_gate"":0.0,""contact_score"":1.000629903817848,""contact_score_threshold"":0.49492851692021117,""status"":""有效"",""preset"":""5×5｜441点1mm连续"",""needs_baseline"":false,""display.contact"":true,""display.contact_reason"":""拟合响应/相似度接触门控"",""display.contact_segment"":615,""display.contact_age_ms"":2431.3261,""display.contact_last_end_ns"":1240509495697500}"
S20260919_A,000134,258,1240511991251800,1240512002782200,NormalizedFit,1,1,True,unknown,False,False,0.0,0.6143078756784802,nan,nan,0.1218068336203717,0.3797877634724818,0.467224267478217,x,y,z,0.1218068336203717,0.3797877634724818,0.467224267478217,,,,,,,,1.3693081368649447,0.2865258034813587,0.26490931105499127,"{""x"":0.1218068336203717,""y"":0.3797877634724818,""z"":0.467224267478217,""dx"":null,""dy"":null,""mode5"":null,""Q"":null,""X"":null,""Y"":null,""Z"":null,""dX"":1.3693081368649447,""dY"":0.2865258034813587,""dZ"":0.26490931105499127}","{""amplitude_uT"":1028.7404122697817,""contact_threshold_uT"":40.0,""contact_gate"":""shape-aware ridge classifier + amplitude floor"",""cosine_similarity"":0.994872654485708,""anti_jump_policy"":""快速门控（阈值/形状）"",""calibration_depth_range_mm"":[0.2,0.8],""depth_extrapolated"":false,""relative_reference"":""first valid prediction since B0/no-contact"",""xy_semantics"":""continuous XY RBF refit on all 441 positions at 1 mm spacing"",""fit_model"":""441点1 mm连续XY/RBF＋跨深度连续Z＋接触/释放门控"",""fit_variant"":""dense441_1mm_continuous_development"",""evidence_tier"":""development_dense441_single_repeat_random_validation_pending"",""continuous_xy_method"":""kernel_rbf"",""working_range_model"":false,""working_range_mm"":null,""outside_declared_working_range"":false,""calibration_domain_mm"":{""x"":[-10.0,10.0],""y"":[-10.0,10.0],""depth"":[0.2,0.8]},""xy_outside_calibration_domain"":false,""excluded_calibration_samples"":0,""uncorrected_static_xyz_mm"":[0.1218068336203717,0.3797877634724818,0.467224267478217],""unaligned_xyz_mm"":[-1.2679049329818883,0.8276242216218459,0.467224267478217],""xy_rotation_deg"":-4.580684956890044,""xy_translation_mm"":[1.3195654319610284,-0.5464514666381837],""xy_translation_source"":""five_point_reassembly"",""xy_translation_details"":{""preset"":""5×5｜441点1mm连续"",""calibration_points"":5,""calibration_strategy"":""rigid_rotation_translation_v1"",""calibration_rms_mm"":0.507358956567797,""check_rms_mm"":null},""dynamic_model_enabled"":false,""dynamic_history_ready"":false,""dynamic_gate"":0.0,""contact_score"":1.0005887211984312,""contact_score_threshold"":0.49492851692021117,""status"":""有效"",""preset"":""5×5｜441点1mm连续"",""needs_baseline"":false,""display.contact"":true,""display.contact_reason"":""拟合响应/相似度接触门控"",""display.contact_segment"":615,""display.contact_age_ms"":2459.0599,""display.contact_last_end_ns"":1240509495697500}"
S20260919_A,000134,259,1240512003050200,1240512035662100,NormalizedFit,1,1,True,unknown,False,False,0.0,0.6145402055524926,nan,nan,0.1540613848254586,0.3627936945188249,0.47149283044765733,x,y,z,0.1540613848254586,0.3627936945188249,0.47149283044765733,,,,,,,,1.4015626880700316,0.26953173452770185,0.2691778740244316,"{""x"":0.1540613848254586,""y"":0.3627936945188249,""z"":0.47149283044765733,""dx"":null,""dy"":null,""mode5"":null,""Q"":null,""X"":null,""Y"":null,""Z"":null,""dX"":1.4015626880700316,""dY"":0.26953173452770185,""dZ"":0.2691778740244316}","{""amplitude_uT"":1030.5901059140826,""contact_threshold_uT"":40.0,""contact_gate"":""shape-aware ridge classifier + amplitude floor"",""cosine_similarity"":0.9948214871464247,""anti_jump_policy"":""快速门控（阈值/形状）"",""calibration_depth_range_mm"":[0.2,0.8],""depth_extrapolated"":false,""relative_reference"":""first valid prediction since B0/no-contact"",""xy_semantics"":""continuous XY RBF refit on all 441 positions at 1 mm spacing"",""fit_model"":""441点1 mm连续XY/RBF＋跨深度连续Z＋接触/释放门控"",""fit_variant"":""dense441_1mm_continuous_development"",""evidence_tier"":""development_dense441_single_repeat_random_validation_pending"",""continuous_xy_method"":""kernel_rbf"",""working_range_model"":false,""working_range_mm"":null,""outside_declared_working_range"":false,""calibration_domain_mm"":{""x"":[-10.0,10.0],""y"":[-10.0,10.0],""depth"":[0.2,0.8]},""xy_outside_calibration_domain"":false,""excluded_calibration_samples"":0,""uncorrected_static_xyz_mm"":[0.1540613848254586,0.3627936945188249,0.47149283044765733],""unaligned_xyz_mm"":[-1.2343962118641691,0.8132603759634525,0.47149283044765733],""xy_rotation_deg"":-4.580684956890044,""xy_translation_mm"":[1.3195654319610284,-0.5464514666381837],""xy_translation_source"":""five_point_reassembly"",""xy_translation_details"":{""preset"":""5×5｜441点1mm连续"",""calibration_points"":5,""calibration_strategy"":""rigid_rotation_translation_v1"",""calibration_rms_mm"":0.507358956567797,""check_rms_mm"":null},""dynamic_model_enabled"":false,""dynamic_history_ready"":false,""dynamic_gate"":0.0,""contact_score"":1.0005315346658454,""contact_score_threshold"":0.49492851692021117,""status"":""有效"",""preset"":""5×5｜441点1mm连续"",""needs_baseline"":false,""display.contact"":true,""display.contact_reason"":""拟合响应/相似度接触门控"",""display.contact_segment"":615,""display.contact_age_ms"":2470.8583,""display.contact_last_end_ns"":1240509495697500}"
S20260919_A,000134,260,1240512015638100,1240512038573900,NormalizedFit,1,1,True,unknown,False,False,0.0,0.5577756959254633,nan,nan,0.09344033257028261,0.2789368860916369,0.4738953943559602,x,y,z,0.09344033257028261,0.2789368860916369,0.4738953943559602,,,,,,,,1.3409416358148556,0.18567492610051384,0.27158043793273445,"{""x"":0.09344033257028261,""y"":0.2789368860916369,""z"":0.4738953943559602,""dx"":null,""dy"":null,""mode5"":null,""Q"":null,""X"":null,""Y"":null,""Z"":null,""dX"":1.3409416358148556,""dY"":0.18567492610051384,""dZ"":0.27158043793273445}","{""amplitude_uT"":1030.2806095695482,""contact_threshold_uT"":40.0,""contact_gate"":""shape-aware ridge classifier + amplitude floor"",""cosine_similarity"":0.9948565178374604,""anti_jump_policy"":""快速门控（阈值/形状）"",""calibration_depth_range_mm"":[0.2,0.8],""depth_extrapolated"":false,""relative_reference"":""first valid prediction since B0/no-contact"",""xy_semantics"":""continuous XY RBF refit on all 441 positions at 1 mm spacing"",""fit_model"":""441点1 mm连续XY/RBF＋跨深度连续Z＋接触/释放门控"",""fit_variant"":""dense441_1mm_continuous_development"",""evidence_tier"":""development_dense441_single_repeat_random_validation_pending"",""continuous_xy_method"":""kernel_rbf"",""working_range_model"":false,""working_range_mm"":null,""outside_declared_working_range"":false,""calibration_domain_mm"":{""x"":[-10.0,10.0],""y"":[-10.0,10.0],""depth"":[0.2,0.8]},""xy_outside_calibration_domain"":false,""excluded_calibration_samples"":0,""uncorrected_static_xyz_mm"":[0.09344033257028261,0.2789368860916369,0.4738953943559602],""unaligned_xyz_mm"":[-1.2881265844066898,0.7248300454056578,0.4738953943559602],""xy_rotation_deg"":-4.580684956890044,""xy_translation_mm"":[1.3195654319610284,-0.5464514666381837],""xy_translation_source"":""five_point_reassembly"",""xy_translation_details"":{""preset"":""5×5｜441点1mm连续"",""calibration_points"":5,""calibration_strategy"":""rigid_rotation_translation_v1"",""calibration_rms_mm"":0.507358956567797,""check_rms_mm"":null},""dynamic_model_enabled"":false,""dynamic_history_ready"":false,""dynamic_gate"":0.0,""contact_score"":1.0005256681159103,""contact_score_threshold"":0.49492851692021117,""status"":""有效"",""preset"":""5×5｜441点1mm连续"",""needs_baseline"":false,""display.contact"":true,""display.contact_reason"":""拟合响应/相似度接触门控"",""display.contact_segment"":615,""display.contact_age_ms"":2483.4462,""display.contact_last_end_ns"":1240509495697500}"
S20260919_A,000134,261,1240512041537800,1240512094842700,NormalizedFit,1,1,True,unknown,False,False,0.0,0.5432968784417431,nan,nan,0.12541677851483723,0.23041713724478707,0.47576262217141385,x,y,z,0.12541677851483723,0.23041713724478707,0.47576262217141385,,,,,,,,1.3729180817594102,0.137155177253664,0.27344766574818813,"{""x"":0.12541677851483723,""y"":0.23041713724478707,""z"":0.47576262217141385,""dx"":null,""dy"":null,""mode5"":null,""Q"":null,""X"":null,""Y"":null,""Z"":null,""dX"":1.3729180817594102,""dY"":0.137155177253664,""dZ"":0.27344766574818813}","{""amplitude_uT"":1029.0728677226894,""contact_threshold_uT"":40.0,""contact_gate"":""shape-aware ridge classifier + amplitude floor"",""cosine_similarity"":0.9944667656567914,""anti_jump_policy"":""快速门控（阈值/形状）"",""calibration_depth_range_mm"":[0.2,0.8],""depth_extrapolated"":false,""relative_reference"":""first valid prediction since B0/no-contact"",""xy_semantics"":""continuous XY RBF refit on all 441 positions at 1 mm spacing"",""fit_model"":""441点1 mm连续XY/RBF＋跨深度连续Z＋接触/释放门控"",""fit_variant"":""dense441_1mm_continuous_development"",""evidence_tier"":""development_dense441_single_repeat_random_validation_pending"",""continuous_xy_method"":""kernel_rbf"",""working_range_model"":false,""working_range_mm"":null,""outside_declared_working_range"":false,""calibration_domain_mm"":{""x"":[-10.0,10.0],""y"":[-10.0,10.0],""depth"":[0.2,0.8]},""xy_outside_calibration_domain"":false,""excluded_calibration_samples"":0,""uncorrected_static_xyz_mm"":[0.12541677851483723,0.23041713724478707,0.47576262217141385],""unaligned_xyz_mm"":[-1.2523773481926108,0.6790190070686326,0.47576262217141385],""xy_rotation_deg"":-4.580684956890044,""xy_translation_mm"":[1.3195654319610284,-0.5464514666381837],""xy_translation_source"":""five_point_reassembly"",""xy_translation_details"":{""preset"":""5×5｜441点1mm连续"",""calibration_points"":5,""calibration_strategy"":""rigid_rotation_translation_v1"",""calibration_rms_mm"":0.507358956567797,""check_rms_mm"":null},""dynamic_model_enabled"":false,""dynamic_history_ready"":false,""dynamic_gate"":0.0,""contact_score"":1.0005123122092479,""contact_score_threshold"":0.49492851692021117,""status"":""有效"",""preset"":""5×5｜441点1mm连续"",""needs_baseline"":false,""display.contact"":true,""display.contact_reason"":""拟合响应/相似度接触门控"",""display.contact_segment"":615,""display.contact_age_ms"":2509.3459,""display.contact_last_end_ns"":1240509495697500}"
S20260919_A,000134,262,1240512067539600,1240512099543300,NormalizedFit,1,1,True,unknown,False,False,0.0,0.6149614927612956,nan,nan,0.2526815759264891,0.3012376115489446,0.4728483479455058,x,y,z,0.2526815759264891,0.3012376115489446,0.4728483479455058,,,,,,,,1.500182879171062,0.2079756515578215,0.27053339152228006,"{""x"":0.2526815759264891,""y"":0.3012376115489446,""z"":0.4728483479455058,""dx"":null,""dy"":null,""mode5"":null,""Q"":null,""X"":null,""Y"":null,""Z"":null,""dX"":1.500182879171062,""dY"":0.2079756515578215,""dZ"":0.27053339152228006}","{""amplitude_uT"":1027.933825750471,""contact_threshold_uT"":40.0,""contact_gate"":""shape-aware ridge classifier + amplitude floor"",""cosine_similarity"":0.9947916023250232,""anti_jump_policy"":""快速门控（阈值/形状）"",""calibration_depth_range_mm"":[0.2,0.8],""depth_extrapolated"":false,""relative_reference"":""first valid prediction since B0/no-contact"",""xy_semantics"":""continuous XY RBF refit on all 441 positions at 1 mm spacing"",""fit_model"":""441点1 mm连续XY/RBF＋跨深度连续Z＋接触/释放门控"",""fit_variant"":""dense441_1mm_continuous_development"",""evidence_tier"":""development_dense441_single_repeat_random_validation_pending"",""continuous_xy_method"":""kernel_rbf"",""working_range_model"":false,""working_range_mm"":null,""outside_declared_working_range"":false,""calibration_domain_mm"":{""x"":[-10.0,10.0],""y"":[-10.0,10.0],""depth"":[0.2,0.8]},""xy_outside_calibration_domain"":false,""excluded_calibration_samples"":0,""uncorrected_static_xyz_mm"":[0.2526815759264891,0.3012376115489446,0.4728483479455058],""unaligned_xyz_mm"":[-1.1311749807172982,0.7597770058011042,0.4728483479455058],""xy_rotation_deg"":-4.580684956890044,""xy_translation_mm"":[1.3195654319610284,-0.5464514666381837],""xy_translation_source"":""five_point_reassembly"",""xy_translation_details"":{""preset"":""5×5｜441点1mm连续"",""calibration_points"":5,""calibration_strategy"":""rigid_rotation_translation_v1"",""calibration_rms_mm"":0.507358956567797,""check_rms_mm"":null},""dynamic_model_enabled"":false,""dynamic_history_ready"":false,""dynamic_gate"":0.0,""contact_score"":1.0005620451927126,""contact_score_threshold"":0.49492851692021117,""status"":""有效"",""preset"":""5×5｜441点1mm连续"",""needs_baseline"":false,""display.contact"":true,""display.contact_reason"":""拟合响应/相似度接触门控"",""display.contact_segment"":615,""display.contact_age_ms"":2535.3477,""display.contact_last_end_ns"":1240509495697500}"
S20260919_A,000134,263,1240512078501300,1240512102322000,NormalizedFit,1,1,True,unknown,False,False,0.0,0.5849506874499498,nan,nan,0.2525797541738104,0.23495807015275394,0.47240393711289064,x,y,z,0.2525797541738104,0.23495807015275394,0.47240393711289064,,,,,,,,1.5000810574183834,0.14169611016163086,0.2700889806896649,"{""x"":0.2525797541738104,""y"":0.23495807015275394,""z"":0.47240393711289064,""dx"":null,""dy"":null,""mode5"":null,""Q"":null,""X"":null,""Y"":null,""Z"":null,""dX"":1.5000810574183834,""dY"":0.14169611016163086,""dZ"":0.2700889806896649}","{""amplitude_uT"":1029.1488468670361,""contact_threshold_uT"":40.0,""contact_gate"":""shape-aware ridge classifier + amplitude floor"",""cosine_similarity"":0.9948632669857271,""anti_jump_policy"":""快速门控（阈值/形状）"",""calibration_depth_range_mm"":[0.2,0.8],""depth_extrapolated"":false,""relative_reference"":""first valid prediction since B0/no-contact"",""xy_semantics"":""continuous XY RBF refit on all 441 positions at 1 mm spacing"",""fit_model"":""441点1 mm连续XY/RBF＋跨深度连续Z＋接触/释放门控"",""fit_variant"":""dense441_1mm_continuous_development"",""evidence_tier"":""development_dense441_single_repeat_random_validation_pending"",""continuous_xy_method"":""kernel_rbf"",""working_range_model"":false,""working_range_mm"":null,""outside_declared_working_range"":false,""calibration_domain_mm"":{""x"":[-10.0,10.0],""y"":[-10.0,10.0],""depth"":[0.2,0.8]},""xy_outside_calibration_domain"":false,""excluded_calibration_samples"":0,""uncorrected_static_xyz_mm"":[0.2525797541738104,0.23495807015275394,0.47240393711289064],""unaligned_xyz_mm"":[-1.1259832012110356,0.693701038907558,0.47240393711289064],""xy_rotation_deg"":-4.580684956890044,""xy_translation_mm"":[1.3195654319610284,-0.5464514666381837],""xy_translation_source"":""five_point_reassembly"",""xy_translation_details"":{""preset"":""5×5｜441点1mm连续"",""calibration_points"":5,""calibration_strategy"":""rigid_rotation_translation_v1"",""calibration_rms_mm"":0.507358956567797,""check_rms_mm"":null},""dynamic_model_enabled"":false,""dynamic_history_ready"":false,""dynamic_gate"":0.0,""contact_score"":1.0005586258181067,""contact_score_threshold"":0.49492851692021117,""status"":""有效"",""preset"":""5×5｜441点1mm连续"",""needs_baseline"":false,""display.contact"":true,""display.contact_reason"":""拟合响应/相似度接触门控"",""display.contact_segment"":615,""display.contact_age_ms"":2546.3094,""display.contact_last_end_ns"":1240509495697500}"
S20260919_A,000134,264,1240512105351800,1240512137560600,NormalizedFit,1,1,True,unknown,False,False,0.0,0.5494631259212981,nan,nan,0.27487559202122247,0.06626867480394794,0.4711280063824643,x,y,z,0.27487559202122247,0.06626867480394794,0.4711280063824643,,,,,,,,1.5223768952657954,-0.026993285187175142,0.2688130499592386,"{""x"":0.27487559202122247,""y"":0.06626867480394794,""z"":0.4711280063824643,""dx"":null,""dy"":null,""mode5"":null,""Q"":null,""X"":null,""Y"":null,""Z"":null,""dX"":1.5223768952657954,""dY"":-0.026993285187175142,""dZ"":0.2688130499592386}","{""amplitude_uT"":1031.8243972047767,""contact_threshold_uT"":40.0,""contact_gate"":""shape-aware ridge classifier + amplitude floor"",""cosine_similarity"":0.9949470394603596,""anti_jump_policy"":""快速门控（阈值/形状）"",""calibration_depth_range_mm"":[0.2,0.8],""depth_extrapolated"":false,""relative_reference"":""first valid prediction since B0/no-contact"",""xy_semantics"":""continuous XY RBF refit on all 441 positions at 1 mm spacing"",""fit_model"":""441点1 mm连续XY/RBF＋跨深度连续Z＋接触/释放门控"",""fit_variant"":""dense441_1mm_continuous_development"",""evidence_tier"":""development_dense441_single_repeat_random_validation_pending"",""continuous_xy_method"":""kernel_rbf"",""working_range_model"":false,""working_range_mm"":null,""outside_declared_working_range"":false,""calibration_domain_mm"":{""x"":[-10.0,10.0],""y"":[-10.0,10.0],""depth"":[0.2,0.8]},""xy_outside_calibration_domain"":false,""excluded_calibration_samples"":0,""uncorrected_static_xyz_mm"":[0.27487559202122247,0.06626867480394794,0.4711280063824643],""unaligned_xyz_mm"":[-1.0902865560474244,0.5273310716282227,0.4711280063824643],""xy_rotation_deg"":-4.580684956890044,""xy_translation_mm"":[1.3195654319610284,-0.5464514666381837],""xy_translation_source"":""five_point_reassembly"",""xy_translation_details"":{""preset"":""5×5｜441点1mm连续"",""calibration_points"":5,""calibration_strategy"":""rigid_rotation_translation_v1"",""calibration_rms_mm"":0.507358956567797,""check_rms_mm"":null},""dynamic_model_enabled"":false,""dynamic_history_ready"":false,""dynamic_gate"":0.0,""contact_score"":1.0005655442230041,""contact_score_threshold"":0.49492851692021117,""status"":""有效"",""preset"":""5×5｜441点1mm连续"",""needs_baseline"":false,""display.contact"":true,""display.contact_reason"":""拟合响应/相似度接触门控"",""display.contact_segment"":615,""display.contact_age_ms"":2573.1599,""display.contact_last_end_ns"":1240509495697500}"
S20260919_A,000134,265,1240512131343000,1240512140643700,NormalizedFit,1,1,True,unknown,False,False,0.0,0.6016188353728211,nan,nan,0.2876209282895197,0.2456578203394002,0.4678372152697129,x,y,z,0.2876209282895197,0.2456578203394002,0.4678372152697129,,,,,,,,1.5351222315340927,0.15239586034827712,0.26552225884648717,"{""x"":0.2876209282895197,""y"":0.2456578203394002,""z"":0.4678372152697129,""dx"":null,""dy"":null,""mode5"":null,""Q"":null,""X"":null,""Y"":null,""Z"":null,""dX"":1.5351222315340927,""dY"":0.15239586034827712,""dZ"":0.26552225884648717}","{""amplitude_uT"":1033.8686341097698,""contact_threshold_uT"":40.0,""contact_gate"":""shape-aware ridge classifier + amplitude floor"",""cosine_similarity"":0.9948724145187937,""anti_jump_policy"":""快速门控（阈值/形状）"",""calibration_depth_range_mm"":[0.2,0.8],""depth_extrapolated"":false,""relative_reference"":""first valid prediction since B0/no-contact"",""xy_semantics"":""continuous XY RBF refit on all 441 positions at 1 mm spacing"",""fit_model"":""441点1 mm连续XY/RBF＋跨深度连续Z＋接触/释放门控"",""fit_variant"":""dense441_1mm_continuous_development"",""evidence_tier"":""development_dense441_single_repeat_random_validation_pending"",""continuous_xy_method"":""kernel_rbf"",""working_range_model"":false,""working_range_mm"":null,""outside_declared_working_range"":false,""calibration_domain_mm"":{""x"":[-10.0,10.0],""y"":[-10.0,10.0],""depth"":[0.2,0.8]},""xy_outside_calibration_domain"":false,""excluded_calibration_samples"":0,""uncorrected_static_xyz_mm"":[0.2876209282895197,0.2456578203394002,0.4678372152697129],""unaligned_xyz_mm"":[-1.0919084666104983,0.7071651021637613,0.4678372152697129],""xy_rotation_deg"":-4.580684956890044,""xy_translation_mm"":[1.3195654319610284,-0.5464514666381837],""xy_translation_source"":""five_point_reassembly"",""xy_translation_details"":{""preset"":""5×5｜441点1mm连续"",""calibration_points"":5,""calibration_strategy"":""rigid_rotation_translation_v1"",""calibration_rms_mm"":0.507358956567797,""check_rms_mm"":null},""dynamic_model_enabled"":false,""dynamic_history_ready"":false,""dynamic_gate"":0.0,""contact_score"":1.0006348215835352,""contact_score_threshold"":0.49492851692021117,""status"":""有效"",""preset"":""5×5｜441点1mm连续"",""needs_baseline"":false,""display.contact"":true,""display.contact_reason"":""拟合响应/相似度接触门控"",""display.contact_segment"":615,""display.contact_age_ms"":2599.1511,""display.contact_last_end_ns"":1240509495697500}"
S20260919_A,000134,266,1240512142973900,1240512188413600,NormalizedFit,1,1,True,unknown,False,False,0.0,0.5616597629472115,nan,nan,0.2956897707757973,0.08598338616473022,0.4697191778883647,x,y,z,0.2956897707757973,0.08598338616473022,0.4697191778883647,,,,,,,,1.5431910740203703,-0.0072785738263928534,0.267404221465139,"{""x"":0.2956897707757973,""y"":0.08598338616473022,""z"":0.4697191778883647,""dx"":null,""dy"":null,""mode5"":null,""Q"":null,""X"":null,""Y"":null,""Z"":null,""dX"":1.5431910740203703,""dY"":-0.0072785738263928534,""dZ"":0.267404221465139}","{""amplitude_uT"":1034.8165614117315,""contact_threshold_uT"":40.0,""contact_gate"":""shape-aware ridge classifier + amplitude floor"",""cosine_similarity"":0.995048970644484,""anti_jump_policy"":""快速门控（阈值/形状）"",""calibration_depth_range_mm"":[0.2,0.8],""depth_extrapolated"":false,""relative_reference"":""first valid prediction since B0/no-contact"",""xy_semantics"":""continuous XY RBF refit on all 441 positions at 1 mm spacing"",""fit_model"":""441点1 mm连续XY/RBF＋跨深度连续Z＋接触/释放门控"",""fit_variant"":""dense441_1mm_continuous_development"",""evidence_tier"":""development_dense441_single_repeat_random_validation_pending"",""continuous_xy_method"":""kernel_rbf"",""working_range_model"":false,""working_range_mm"":null,""outside_declared_working_range"":false,""calibration_domain_mm"":{""x"":[-10.0,10.0],""y"":[-10.0,10.0],""depth"":[0.2,0.8]},""xy_outside_calibration_domain"":false,""excluded_calibration_samples"":0,""uncorrected_static_xyz_mm"":[0.2956897707757973,0.08598338616473022,0.4697191778883647],""unaligned_xyz_mm"":[-1.0711133346549317,0.5486450919599388,0.4697191778883647],""xy_rotation_deg"":-4.580684956890044,""xy_translation_mm"":[1.3195654319610284,-0.5464514666381837],""xy_translation_source"":""five_point_reassembly"",""xy_translation_details"":{""preset"":""5×5｜441点1mm连续"",""calibration_points"":5,""calibration_strategy"":""rigid_rotation_translation_v1"",""calibration_rms_mm"":0.507358956567797,""check_rms_mm"":null},""dynamic_model_enabled"":false,""dynamic_history_ready"":false,""dynamic_gate"":0.0,""contact_score"":1.000575345787809,""contact_score_threshold"":0.49492851692021117,""status"":""有效"",""preset"":""5×5｜441点1mm连续"",""needs_baseline"":false,""display.contact"":true,""display.contact_reason"":""拟合响应/相似度接触门控"",""display.contact_segment"":615,""display.contact_age_ms"":2610.782,""display.contact_last_end_ns"":1240509495697500}"
S20260919_A,000134,267,1240512169196700,1240512191565100,NormalizedFit,1,1,True,unknown,False,False,0.0,0.5060036321702504,nan,nan,0.18227845921522223,0.07083578762464515,0.4666867581871236,x,y,z,0.18227845921522223,0.07083578762464515,0.4666867581871236,,,,,,,,1.4297797624597952,-0.022426172366477926,0.26437180176389785,"{""x"":0.18227845921522223,""y"":0.07083578762464515,""z"":0.4666867581871236,""dx"":null,""dy"":null,""mode5"":null,""Q"":null,""X"":null,""Y"":null,""Z"":null,""dX"":1.4297797624597952,""dY"":-0.022426172366477926,""dZ"":0.26437180176389785}","{""amplitude_uT"":1034.843048160928,""contact_threshold_uT"":40.0,""contact_gate"":""shape-aware ridge classifier + amplitude floor"",""cosine_similarity"":0.9949787585474664,""anti_jump_policy"":""快速门控（阈值/形状）"",""calibration_depth_range_mm"":[0.2,0.8],""depth_extrapolated"":false,""relative_reference"":""first valid prediction since B0/no-contact"",""xy_semantics"":""continuous XY RBF refit on all 441 positions at 1 mm spacing"",""fit_model"":""441点1 mm连续XY/RBF＋跨深度连续Z＋接触/释放门控"",""fit_variant"":""dense441_1mm_continuous_development"",""evidence_tier"":""development_dense441_single_repeat_random_validation_pending"",""continuous_xy_method"":""kernel_rbf"",""working_range_model"":false,""working_range_mm"":null,""outside_declared_working_range"":false,""calibration_domain_mm"":{""x"":[-10.0,10.0],""y"":[-10.0,10.0],""depth"":[0.2,0.8]},""xy_outside_calibration_domain"":false,""excluded_calibration_samples"":0,""uncorrected_static_xyz_mm"":[0.18227845921522223,0.07083578762464515,0.4666867581871236],""unaligned_xyz_mm"":[-1.1829526632902434,0.5244885213874393,0.4666867581871236],""xy_rotation_deg"":-4.580684956890044,""xy_translation_mm"":[1.3195654319610284,-0.5464514666381837],""xy_translation_source"":""five_point_reassembly"",""xy_translation_details"":{""preset"":""5×5｜441点1mm连续"",""calibration_points"":5,""calibration_strategy"":""rigid_rotation_translation_v1"",""calibration_rms_mm"":0.507358956567797,""check_rms_mm"":null},""dynamic_model_enabled"":false,""dynamic_history_ready"":false,""dynamic_gate"":0.0,""contact_score"":1.000576625032048,""contact_score_threshold"":0.49492851692021117,""status"":""有效"",""preset"":""5×5｜441点1mm连续"",""needs_baseline"":false,""display.contact"":true,""display.contact_reason"":""拟合响应/相似度接触门控"",""display.contact_segment"":615,""display.contact_age_ms"":2637.0048,""display.contact_last_end_ns"":1240509495697500}"
S20260919_A,000134,268,1240512196116400,1240512223601900,NormalizedFit,1,1,True,unknown,False,False,0.0,0.5276917029725595,nan,nan,0.16381146946532632,0.16499825302230875,0.47370867878610434,x,y,z,0.16381146946532632,0.16499825302230875,0.47370867878610434,,,,,,,,1.4113127727098993,0.07173629303118567,0.2713937223628786,"{""x"":0.16381146946532632,""y"":0.16499825302230875,""z"":0.47370867878610434,""dx"":null,""dy"":null,""mode5"":null,""Q"":null,""X"":null,""Y"":null,""Z"":null,""dX"":1.4113127727098993,""dY"":0.07173629303118567,""dZ"":0.2713937223628786}","{""amplitude_uT"":1033.2128089953208,""contact_threshold_uT"":40.0,""contact_gate"":""shape-aware ridge classifier + amplitude floor"",""cosine_similarity"":0.9949041797843707,""anti_jump_policy"":""快速门控（阈值/形状）"",""calibration_depth_range_mm"":[0.2,0.8],""depth_extrapolated"":false,""relative_reference"":""first valid prediction since B0/no-contact"",""xy_semantics"":""continuous XY RBF refit on all 441 positions at 1 mm spacing"",""fit_model"":""441点1 mm连续XY/RBF＋跨深度连续Z＋接触/释放门控"",""fit_variant"":""dense441_1mm_continuous_development"",""evidence_tier"":""development_dense441_single_repeat_random_validation_pending"",""continuous_xy_method"":""kernel_rbf"",""working_range_model"":false,""working_range_mm"":null,""outside_declared_working_range"":false,""calibration_domain_mm"":{""x"":[-10.0,10.0],""y"":[-10.0,10.0],""depth"":[0.2,0.8]},""xy_outside_calibration_domain"":false,""excluded_calibration_samples"":0,""uncorrected_static_xyz_mm"":[0.16381146946532632,0.16499825302230875,0.47370867878610434],""unaligned_xyz_mm"":[-1.2088807538934496,0.6168753912221776,0.47370867878610434],""xy_rotation_deg"":-4.580684956890044,""xy_translation_mm"":[1.3195654319610284,-0.5464514666381837],""xy_translation_source"":""five_point_reassembly"",""xy_translation_details"":{""preset"":""5×5｜441点1mm连续"",""calibration_points"":5,""calibration_strategy"":""rigid_rotation_translation_v1"",""calibration_rms_mm"":0.507358956567797,""check_rms_mm"":null},""dynamic_model_enabled"":false,""dynamic_history_ready"":false,""dynamic_gate"":0.0,""contact_score"":1.0005460739183545,""contact_score_threshold"":0.49492851692021117,""status"":""有效"",""preset"":""5×5｜441点1mm连续"",""needs_baseline"":false,""display.contact"":true,""display.contact_reason"":""拟合响应/相似度接触门控"",""display.contact_segment"":615,""display.contact_age_ms"":2663.9245,""display.contact_last_end_ns"":1240509495697500}"
S20260919_A,000134,269,1240512207033700,1240512226587600,NormalizedFit,1,1,True,unknown,False,False,0.0,0.5739429829614081,nan,nan,0.307990208599052,0.11385685521670963,0.4707326158424896,x,y,z,0.307990208599052,0.11385685521670963,0.4707326158424896,,,,,,,,1.555491511843625,0.02059489522558655,0.2684176594192639,"{""x"":0.307990208599052,""y"":0.11385685521670963,""z"":0.4707326158424896,""dx"":null,""dy"":null,""mode5"":null,""Q"":null,""X"":null,""Y"":null,""Z"":null,""dX"":1.555491511843625,""dY"":0.02059489522558655,""dZ"":0.2684176594192639}","{""amplitude_uT"":1032.8343361231757,""contact_threshold_uT"":40.0,""contact_gate"":""shape-aware ridge classifier + amplitude floor"",""cosine_similarity"":0.9948183309002938,""anti_jump_policy"":""快速门控（阈值/形状）"",""calibration_depth_range_mm"":[0.2,0.8],""depth_extrapolated"":false,""relative_reference"":""first valid prediction since B0/no-contact"",""xy_semantics"":""continuous XY RBF refit on all 441 positions at 1 mm spacing"",""fit_model"":""441点1 mm连续XY/RBF＋跨深度连续Z＋接触/释放门控"",""fit_variant"":""dense441_1mm_continuous_development"",""evidence_tier"":""development_dense441_single_repeat_random_validation_pending"",""continuous_xy_method"":""kernel_rbf"",""working_range_model"":false,""working_range_mm"":null,""outside_declared_working_range"":false,""calibration_domain_mm"":{""x"":[-10.0,10.0],""y"":[-10.0,10.0],""depth"":[0.2,0.8]},""xy_outside_calibration_domain"":false,""excluded_calibration_samples"":0,""uncorrected_static_xyz_mm"":[0.307990208599052,0.11385685521670963,0.4707326158424896],""unaligned_xyz_mm"":[-1.0610782420994704,0.5774118777560395,0.4707326158424896],""xy_rotation_deg"":-4.580684956890044,""xy_translation_mm"":[1.3195654319610284,-0.5464514666381837],""xy_translation_source"":""five_point_reassembly"",""xy_translation_details"":{""preset"":""5×5｜441点1mm连续"",""calibration_points"":5,""calibration_strategy"":""rigid_rotation_translation_v1"",""calibration_rms_mm"":0.507358956567797,""check_rms_mm"":null},""dynamic_model_enabled"":false,""dynamic_history_ready"":false,""dynamic_gate"":0.0,""contact_score"":1.0005344450067684,""contact_score_threshold"":0.49492851692021117,""status"":""有效"",""preset"":""5×5｜441点1mm连续"",""needs_baseline"":false,""display.contact"":true,""display.contact_reason"":""拟合响应/相似度接触门控"",""display.contact_segment"":615,""display.contact_age_ms"":2674.8418,""display.contact_last_end_ns"":1240509495697500}"
S20260919_A,000134,270,1240512231932600,1240512284069700,NormalizedFit,1,1,True,unknown,False,False,0.0,0.657189141950196,nan,nan,0.44406167902906,0.09897866306080705,0.47424678994572245,x,y,z,0.44406167902906,0.09897866306080705,0.47424678994572245,,,,,,,,1.6915629822736329,0.0057167030696839705,0.2719318335224967,"{""x"":0.44406167902906,""y"":0.09897866306080705,""z"":0.47424678994572245,""dx"":null,""dy"":null,""mode5"":null,""Q"":null,""X"":null,""Y"":null,""Z"":null,""dX"":1.6915629822736329,""dY"":0.0057167030696839705,""dZ"":0.2719318335224967}","{""amplitude_uT"":1039.1832782267043,""contact_threshold_uT"":40.0,""contact_gate"":""shape-aware ridge classifier + amplitude floor"",""cosine_similarity"":0.9944473514351073,""anti_jump_policy"":""快速门控（阈值/形状）"",""calibration_depth_range_mm"":[0.2,0.8],""depth_extrapolated"":false,""relative_reference"":""first valid prediction since B0/no-contact"",""xy_semantics"":""continuous XY RBF refit on all 441 positions at 1 mm spacing"",""fit_model"":""441点1 mm连续XY/RBF＋跨深度连续Z＋接触/释放门控"",""fit_variant"":""dense441_1mm_continuous_development"",""evidence_tier"":""development_dense441_single_repeat_random_validation_pending"",""continuous_xy_method"":""kernel_rbf"",""working_range_model"":false,""working_range_mm"":null,""outside_declared_working_range"":false,""calibration_domain_mm"":{""x"":[-10.0,10.0],""y"":[-10.0,10.0],""depth"":[0.2,0.8]},""xy_outside_calibration_domain"":false,""excluded_calibration_samples"":0,""uncorrected_static_xyz_mm"":[0.44406167902906,0.09897866306080705,0.47424678994572245],""unaligned_xyz_mm"":[-0.9242531878089095,0.5734482701572006,0.47424678994572245],""xy_rotation_deg"":-4.580684956890044,""xy_translation_mm"":[1.3195654319610284,-0.5464514666381837],""xy_translation_source"":""five_point_reassembly"",""xy_translation_details"":{""preset"":""5×5｜441点1mm连续"",""calibration_points"":5,""calibration_strategy"":""rigid_rotation_translation_v1"",""calibration_rms_mm"":0.507358956567797,""check_rms_mm"":null},""dynamic_model_enabled"":false,""dynamic_history_ready"":false,""dynamic_gate"":0.0,""contact_score"":1.0005975581589142,""contact_score_threshold"":0.49492851692021117,""status"":""有效"",""preset"":""5×5｜441点1mm连续"",""needs_baseline"":false,""display.contact"":true,""display.contact_reason"":""拟合响应/相似度接触门控"",""display.contact_segment"":615,""display.contact_age_ms"":2699.7407,""display.contact_last_end_ns"":1240509495697500}"
S20260919_A,000134,271,1240512258010500,1240512286912900,NormalizedFit,1,1,True,unknown,False,False,0.0,0.6593702434125146,nan,nan,0.39646740712795614,0.24061504403806833,0.46870791924787514,x,y,z,0.39646740712795614,0.24061504403806833,0.46870791924787514,,,,,,,,1.6439687103725291,0.14735308404694525,0.2663929628246494,"{""x"":0.39646740712795614,""y"":0.24061504403806833,""z"":0.46870791924787514,""dx"":null,""dy"":null,""mode5"":null,""Q"":null,""X"":null,""Y"":null,""Z"":null,""dX"":1.6439687103725291,""dY"":0.14735308404694525,""dZ"":0.2663929628246494}","{""amplitude_uT"":1029.8127415574154,""contact_threshold_uT"":40.0,""contact_gate"":""shape-aware ridge classifier + amplitude floor"",""cosine_similarity"":0.9948947689728773,""anti_jump_policy"":""快速门控（阈值/形状）"",""calibration_depth_range_mm"":[0.2,0.8],""depth_extrapolated"":false,""relative_reference"":""first valid prediction since B0/no-contact"",""xy_semantics"":""continuous XY RBF refit on all 441 positions at 1 mm spacing"",""fit_model"":""441点1 mm连续XY/RBF＋跨深度连续Z＋接触/释放门控"",""fit_variant"":""dense441_1mm_continuous_development"",""evidence_tier"":""development_dense441_single_repeat_random_validation_pending"",""continuous_xy_method"":""kernel_rbf"",""working_range_model"":false,""working_range_mm"":null,""outside_declared_working_range"":false,""calibration_domain_mm"":{""x"":[-10.0,10.0],""y"":[-10.0,10.0],""depth"":[0.2,0.8]},""xy_outside_calibration_domain"":false,""excluded_calibration_samples"":0,""uncorrected_static_xyz_mm"":[0.39646740712795614,0.24061504403806833,0.46870791924787514],""unaligned_xyz_mm"":[-0.9830069281953109,0.7108312280695248,0.46870791924787514],""xy_rotation_deg"":-4.580684956890044,""xy_translation_mm"":[1.3195654319610284,-0.5464514666381837],""xy_translation_source"":""five_point_reassembly"",""xy_translation_details"":{""preset"":""5×5｜441点1mm连续"",""calibration_points"":5,""calibration_strategy"":""rigid_rotation_translation_v1"",""calibration_rms_mm"":0.507358956567797,""check_rms_mm"":null},""dynamic_model_enabled"":false,""dynamic_history_ready"":false,""dynamic_gate"":0.0,""contact_score"":1.0006187508497777,""contact_score_threshold"":0.49492851692021117,""status"":""有效"",""preset"":""5×5｜441点1mm连续"",""needs_baseline"":false,""display.contact"":true,""display.contact_reason"":""拟合响应/相似度接触门控"",""display.contact_segment"":615,""display.contact_age_ms"":2725.8186,""display.contact_last_end_ns"":1240509495697500}"
S20260919_A,000134,272,1240512269813700,1240512289701100,NormalizedFit,1,1,True,unknown,False,False,0.0,0.6784482041204353,nan,nan,0.4843037033899238,0.017765467399429302,0.4747907715248143,x,y,z,0.4843037033899238,0.017765467399429302,0.4747907715248143,,,,,,,,1.7318050066344968,-0.07549649259169378,0.2724758151015886,"{""x"":0.4843037033899238,""y"":0.017765467399429302,""z"":0.4747907715248143,""dx"":null,""dy"":null,""mode5"":null,""Q"":null,""X"":null,""Y"":null,""Z"":null,""dX"":1.7318050066344968,""dY"":-0.07549649259169378,""dZ"":0.2724758151015886}","{""amplitude_uT"":1027.4611409639783,""contact_threshold_uT"":40.0,""contact_gate"":""shape-aware ridge classifier + amplitude floor"",""cosine_similarity"":0.9944574523765538,""anti_jump_policy"":""快速门控（阈值/形状）"",""calibration_depth_range_mm"":[0.2,0.8],""depth_extrapolated"":false,""relative_reference"":""first valid prediction since B0/no-contact"",""xy_semantics"":""continuous XY RBF refit on all 441 positions at 1 mm spacing"",""fit_model"":""441点1 mm连续XY/RBF＋跨深度连续Z＋接触/释放门控"",""fit_variant"":""dense441_1mm_continuous_development"",""evidence_tier"":""development_dense441_single_repeat_random_validation_pending"",""continuous_xy_method"":""kernel_rbf"",""working_range_model"":false,""working_range_mm"":null,""outside_declared_working_range"":false,""calibration_domain_mm"":{""x"":[-10.0,10.0],""y"":[-10.0,10.0],""depth"":[0.2,0.8]},""xy_outside_calibration_domain"":false,""excluded_calibration_samples"":0,""uncorrected_static_xyz_mm"":[0.4843037033899238,0.017765467399429302,0.4747907715248143],""unaligned_xyz_mm"":[-0.8776537813160052,0.4957083255424619,0.4747907715248143],""xy_rotation_deg"":-4.580684956890044,""xy_translation_mm"":[1.3195654319610284,-0.5464514666381837],""xy_translation_source"":""five_point_reassembly"",""xy_translation_details"":{""preset"":""5×5｜441点1mm连续"",""calibration_points"":5,""calibration_strategy"":""rigid_rotation_translation_v1"",""calibration_rms_mm"":0.507358956567797,""check_rms_mm"":null},""dynamic_model_enabled"":false,""dynamic_history_ready"":false,""dynamic_gate"":0.0,""contact_score"":1.000529633724961,""contact_score_threshold"":0.49492851692021117,""status"":""有效"",""preset"":""5×5｜441点1mm连续"",""needs_baseline"":false,""display.contact"":true,""display.contact_reason"":""拟合响应/相似度接触门控"",""display.contact_segment"":615,""display.contact_age_ms"":2737.6218,""display.contact_last_end_ns"":1240509495697500}"
S20260919_A,000134,273,1240512295720900,1240512326474700,NormalizedFit,1,1,True,unknown,False,False,0.0,0.7298721265531336,nan,nan,0.5558670585877472,0.014782428845330209,0.47276486131440876,x,y,z,0.5558670585877472,0.014782428845330209,0.47276486131440876,,,,,,,,1.8033683618323202,-0.07847953114579287,0.27044990489118304,"{""x"":0.5558670585877472,""y"":0.014782428845330209,""z"":0.47276486131440876,""dx"":null,""dy"":null,""mode5"":null,""Q"":null,""X"":null,""Y"":null,""Z"":null,""dX"":1.8033683618323202,""dY"":-0.07847953114579287,""dZ"":0.27044990489118304}","{""amplitude_uT"":1029.7555665441926,""contact_threshold_uT"":40.0,""contact_gate"":""shape-aware ridge classifier + amplitude floor"",""cosine_similarity"":0.9947148010806139,""anti_jump_policy"":""快速门控（阈值/形状）"",""calibration_depth_range_mm"":[0.2,0.8],""depth_extrapolated"":false,""relative_reference"":""first valid prediction since B0/no-contact"",""xy_semantics"":""continuous XY RBF refit on all 441 positions at 1 mm spacing"",""fit_model"":""441点1 mm连续XY/RBF＋跨深度连续Z＋接触/释放门控"",""fit_variant"":""dense441_1mm_continuous_development"",""evidence_tier"":""development_dense441_single_repeat_random_validation_pending"",""continuous_xy_method"":""kernel_rbf"",""working_range_model"":false,""working_range_mm"":null,""outside_declared_working_range"":false,""calibration_domain_mm"":{""x"":[-10.0,10.0],""y"":[-10.0,10.0],""depth"":[0.2,0.8]},""xy_outside_calibration_domain"":false,""excluded_calibration_samples"":0,""uncorrected_static_xyz_mm"":[0.5558670585877472,0.014782428845330209,0.47276486131440876],""unaligned_xyz_mm"":[-0.8060807755600496,0.498450071928076,0.47276486131440876],""xy_rotation_deg"":-4.580684956890044,""xy_translation_mm"":[1.3195654319610284,-0.5464514666381837],""xy_translation_source"":""five_point_reassembly"",""xy_translation_details"":{""preset"":""5×5｜441点1mm连续"",""calibration_points"":5,""calibration_strategy"":""rigid_rotation_translation_v1"",""calibration_rms_mm"":0.507358956567797,""check_rms_mm"":null},""dynamic_model_enabled"":false,""dynamic_history_ready"":false,""dynamic_gate"":0.0,""contact_score"":1.0005275765214638,""contact_score_threshold"":0.49492851692021117,""status"":""有效"",""preset"":""5×5｜441点1mm连续"",""needs_baseline"":false,""display.contact"":true,""display.contact_reason"":""拟合响应/相似度接触门控"",""display.contact_segment"":615,""display.contact_age_ms"":2763.529,""display.contact_last_end_ns"":1240509495697500}"
S20260919_A,000134,274,1240512320763700,1240512329390200,NormalizedFit,1,1,True,unknown,False,False,0.0,0.6444364100411374,nan,nan,0.4065919061074693,0.1784867442389615,0.4670372475569581,x,y,z,0.4065919061074693,0.1784867442389615,0.4670372475569581,,,,,,,,1.6540932093520424,0.08522478424783841,0.26472229113373236,"{""x"":0.4065919061074693,""y"":0.1784867442389615,""z"":0.4670372475569581,""dx"":null,""dy"":null,""mode5"":null,""Q"":null,""X"":null,""Y"":null,""Z"":null,""dX"":1.6540932093520424,""dY"":0.08522478424783841,""dZ"":0.26472229113373236}","{""amplitude_uT"":1036.3149836362497,""contact_threshold_uT"":40.0,""contact_gate"":""shape-aware ridge classifier + amplitude floor"",""cosine_similarity"":0.9951923577883297,""anti_jump_policy"":""快速门控（阈值/形状）"",""calibration_depth_range_mm"":[0.2,0.8],""depth_extrapolated"":false,""relative_reference"":""first valid prediction since B0/no-contact"",""xy_semantics"":""continuous XY RBF refit on all 441 positions at 1 mm spacing"",""fit_model"":""441点1 mm连续XY/RBF＋跨深度连续Z＋接触/释放门控"",""fit_variant"":""dense441_1mm_continuous_development"",""evidence_tier"":""development_dense441_single_repeat_random_validation_pending"",""continuous_xy_method"":""kernel_rbf"",""working_range_model"":false,""working_range_mm"":null,""outside_declared_working_range"":false,""calibration_domain_mm"":{""x"":[-10.0,10.0],""y"":[-10.0,10.0],""depth"":[0.2,0.8]},""xy_outside_calibration_domain"":false,""excluded_calibration_samples"":0,""uncorrected_static_xyz_mm"":[0.4065919061074693,0.1784867442389615,0.4670372475569581],""unaligned_xyz_mm"":[-0.9679530224497706,0.6497099466912828,0.4670372475569581],""xy_rotation_deg"":-4.580684956890044,""xy_translation_mm"":[1.3195654319610284,-0.5464514666381837],""xy_translation_source"":""five_point_reassembly"",""xy_translation_details"":{""preset"":""5×5｜441点1mm连续"",""calibration_points"":5,""calibration_strategy"":""rigid_rotation_translation_v1"",""calibration_rms_mm"":0.507358956567797,""check_rms_mm"":null},""dynamic_model_enabled"":false,""dynamic_history_ready"":false,""dynamic_gate"":0.0,""contact_score"":1.0005991778823398,""contact_score_threshold"":0.49492851692021117,""status"":""有效"",""preset"":""5×5｜441点1mm连续"",""needs_baseline"":false,""display.contact"":true,""display.contact_reason"":""拟合响应/相似度接触门控"",""display.contact_segment"":615,""display.contact_age_ms"":2788.5718,""display.contact_last_end_ns"":1240509495697500}"
S20260919_A,000134,275,1240512332635100,1240512389220400,NormalizedFit,1,1,True,unknown,False,False,0.0,0.6166500549968791,nan,nan,0.3748162774829964,0.14181821858746102,0.4686764783281987,x,y,z,0.3748162774829964,0.14181821858746102,0.4686764783281987,,,,,,,,1.6223175807275694,0.04855625859633794,0.266361521904973,"{""x"":0.3748162774829964,""y"":0.14181821858746102,""z"":0.4686764783281987,""dx"":null,""dy"":null,""mode5"":null,""Q"":null,""X"":null,""Y"":null,""Z"":null,""dX"":1.6223175807275694,""dY"":0.04855625859633794,""dZ"":0.266361521904973}","{""amplitude_uT"":1035.557879196523,""contact_threshold_uT"":40.0,""contact_gate"":""shape-aware ridge classifier + amplitude floor"",""cosine_similarity"":0.995255305881396,""anti_jump_policy"":""快速门控（阈值/形状）"",""calibration_depth_range_mm"":[0.2,0.8],""depth_extrapolated"":false,""relative_reference"":""first valid prediction since B0/no-contact"",""xy_semantics"":""continuous XY RBF refit on all 441 positions at 1 mm spacing"",""fit_model"":""441点1 mm连续XY/RBF＋跨深度连续Z＋接触/释放门控"",""fit_variant"":""dense441_1mm_continuous_development"",""evidence_tier"":""development_dense441_single_repeat_random_validation_pending"",""continuous_xy_method"":""kernel_rbf"",""working_range_model"":false,""working_range_mm"":null,""outside_declared_working_range"":false,""calibration_domain_mm"":{""x"":[-10.0,10.0],""y"":[-10.0,10.0],""depth"":[0.2,0.8]},""xy_outside_calibration_domain"":false,""excluded_calibration_samples"":0,""uncorrected_static_xyz_mm"":[0.3748162774829964,0.14181821858746102,0.4686764783281987],""unaligned_xyz_mm"":[-0.9966987005991355,0.6106208518479854,0.4686764783281987],""xy_rotation_deg"":-4.580684956890044,""xy_translation_mm"":[1.3195654319610284,-0.5464514666381837],""xy_translation_source"":""five_point_reassembly"",""xy_translation_details"":{""preset"":""5×5｜441点1mm连续"",""calibration_points"":5,""calibration_strategy"":""rigid_rotation_translation_v1"",""calibration_rms_mm"":0.507358956567797,""check_rms_mm"":null},""dynamic_model_enabled"":false,""dynamic_history_ready"":false,""dynamic_gate"":0.0,""contact_score"":1.000586971486993,""contact_score_threshold"":0.49492851692021117,""status"":""有效"",""preset"":""5×5｜441点1mm连续"",""needs_baseline"":false,""display.contact"":true,""display.contact_reason"":""拟合响应/相似度接触门控"",""display.contact_segment"":615,""display.contact_age_ms"":2800.4432,""display.contact_last_end_ns"":1240509495697500}"
S20260919_A,000134,276,1240512344574600,1240512391826900,NormalizedFit,1,1,True,unknown,False,False,0.0,0.5967411420802238,nan,nan,0.3538848547912834,0.0876953568906953,0.47241403935570714,x,y,z,0.3538848547912834,0.0876953568906953,0.47241403935570714,,,,,,,,1.6013861580358564,-0.0055666031004277805,0.2700990829324814,"{""x"":0.3538848547912834,""y"":0.0876953568906953,""z"":0.47241403935570714,""dx"":null,""dy"":null,""mode5"":null,""Q"":null,""X"":null,""Y"":null,""Z"":null,""dX"":1.6013861580358564,""dY"":-0.0055666031004277805,""dZ"":0.2700990829324814}","{""amplitude_uT"":1033.9402901871317,""contact_threshold_uT"":40.0,""contact_gate"":""shape-aware ridge classifier + amplitude floor"",""cosine_similarity"":0.9952069429048214,""anti_jump_policy"":""快速门控（阈值/形状）"",""calibration_depth_range_mm"":[0.2,0.8],""depth_extrapolated"":false,""relative_reference"":""first valid prediction since B0/no-contact"",""xy_semantics"":""continuous XY RBF refit on all 441 positions at 1 mm spacing"",""fit_model"":""441点1 mm连续XY/RBF＋跨深度连续Z＋接触/释放门控"",""fit_variant"":""dense441_1mm_continuous_development"",""evidence_tier"":""development_dense441_single_repeat_random_validation_pending"",""continuous_xy_method"":""kernel_rbf"",""working_range_model"":false,""working_range_mm"":null,""outside_declared_working_range"":false,""calibration_domain_mm"":{""x"":[-10.0,10.0],""y"":[-10.0,10.0],""depth"":[0.2,0.8]},""xy_outside_calibration_domain"":false,""excluded_calibration_samples"":0,""uncorrected_static_xyz_mm"":[0.3538848547912834,0.0876953568906953,0.47241403935570714],""unaligned_xyz_mm"":[-1.0132408569527862,0.55499922226634,0.47241403935570714],""xy_rotation_deg"":-4.580684956890044,""xy_translation_mm"":[1.3195654319610284,-0.5464514666381837],""xy_translation_source"":""five_point_reassembly"",""xy_translation_details"":{""preset"":""5×5｜441点1mm连续"",""calibration_points"":5,""calibration_strategy"":""rigid_rotation_translation_v1"",""calibration_rms_mm"":0.507358956567797,""check_rms_mm"":null},""dynamic_model_enabled"":false,""dynamic_history_ready"":false,""dynamic_gate"":0.0,""contact_score"":1.0005288497504932,""contact_score_threshold"":0.49492851692021117,""status"":""有效"",""preset"":""5×5｜441点1mm连续"",""needs_baseline"":false,""display.contact"":true,""display.contact_reason"":""拟合响应/相似度接触门控"",""display.contact_segment"":615,""display.contact_age_ms"":2812.3827,""display.contact_last_end_ns"":1240509495697500}"
S20260919_A,000134,277,1240512370436300,1240512394281400,NormalizedFit,1,1,True,unknown,False,False,0.0,0.5521600725938658,nan,nan,0.2815893328974872,0.06674798736664356,0.47024770020459816,x,y,z,0.2815893328974872,0.06674798736664356,0.47024770020459816,,,,,,,,1.5290906361420602,-0.02651397262447952,0.26793274378137244,"{""x"":0.2815893328974872,""y"":0.06674798736664356,""z"":0.47024770020459816,""dx"":null,""dy"":null,""mode5"":null,""Q"":null,""X"":null,""Y"":null,""Z"":null,""dX"":1.5290906361420602,""dY"":-0.02651397262447952,""dZ"":0.26793274378137244}","{""amplitude_uT"":1022.0526316795041,""contact_threshold_uT"":40.0,""contact_gate"":""shape-aware ridge classifier + amplitude floor"",""cosine_similarity"":0.9948178158924548,""anti_jump_policy"":""快速门控（阈值/形状）"",""calibration_depth_range_mm"":[0.2,0.8],""depth_extrapolated"":false,""relative_reference"":""first valid prediction since B0/no-contact"",""xy_semantics"":""continuous XY RBF refit on all 441 positions at 1 mm spacing"",""fit_model"":""441点1 mm连续XY/RBF＋跨深度连续Z＋接触/释放门控"",""fit_variant"":""dense441_1mm_continuous_development"",""evidence_tier"":""development_dense441_single_repeat_random_validation_pending"",""continuous_xy_method"":""kernel_rbf"",""working_range_model"":false,""working_range_mm"":null,""outside_declared_working_range"":false,""calibration_domain_mm"":{""x"":[-10.0,10.0],""y"":[-10.0,10.0],""depth"":[0.2,0.8]},""xy_outside_calibration_domain"":false,""excluded_calibration_samples"":0,""uncorrected_static_xyz_mm"":[0.2815893328974872,0.06674798736664356,0.47024770020459816],""unaligned_xyz_mm"":[-1.0836325391031068,0.5283450319780987,0.47024770020459816],""xy_rotation_deg"":-4.580684956890044,""xy_translation_mm"":[1.3195654319610284,-0.5464514666381837],""xy_translation_source"":""five_point_reassembly"",""xy_translation_details"":{""preset"":""5×5｜441点1mm连续"",""calibration_points"":5,""calibration_strategy"":""rigid_rotation_translation_v1"",""calibration_rms_mm"":0.507358956567797,""check_rms_mm"":null},""dynamic_model_enabled"":false,""dynamic_history_ready"":false,""dynamic_gate"":0.0,""contact_score"":1.0004839104872847,""contact_score_threshold"":0.49492851692021117,""status"":""有效"",""preset"":""5×5｜441点1mm连续"",""needs_baseline"":false,""display.contact"":true,""display.contact_reason"":""拟合响应/相似度接触门控"",""display.contact_segment"":615,""display.contact_age_ms"":2838.2444,""display.contact_last_end_ns"":1240509495697500}"
S20260919_A,000134,278,1240512396380600,1240512431569900,NormalizedFit,1,1,True,unknown,False,False,0.0,0.5617108154052534,nan,nan,0.17329167585252803,0.23513467186998938,0.4797923731240935,x,y,z,0.17329167585252803,0.23513467186998938,0.4797923731240935,,,,,,,,1.420792979097101,0.1418727118788663,0.2774774167008678,"{""x"":0.17329167585252803,""y"":0.23513467186998938,""z"":0.4797923731240935,""dx"":null,""dy"":null,""mode5"":null,""Q"":null,""X"":null,""Y"":null,""Z"":null,""dX"":1.420792979097101,""dY"":0.1418727118788663,""dZ"":0.2774774167008678}","{""amplitude_uT"":1027.3980983951642,""contact_threshold_uT"":40.0,""contact_gate"":""shape-aware ridge classifier + amplitude floor"",""cosine_similarity"":0.9951206508314094,""anti_jump_policy"":""快速门控（阈值/形状）"",""calibration_depth_range_mm"":[0.2,0.8],""depth_extrapolated"":false,""relative_reference"":""first valid prediction since B0/no-contact"",""xy_semantics"":""continuous XY RBF refit on all 441 positions at 1 mm spacing"",""fit_model"":""441点1 mm连续XY/RBF＋跨深度连续Z＋接触/释放门控"",""fit_variant"":""dense441_1mm_continuous_development"",""evidence_tier"":""development_dense441_single_repeat_random_validation_pending"",""continuous_xy_method"":""kernel_rbf"",""working_range_model"":false,""working_range_mm"":null,""outside_declared_working_range"":false,""calibration_domain_mm"":{""x"":[-10.0,10.0],""y"":[-10.0,10.0],""depth"":[0.2,0.8]},""xy_outside_calibration_domain"":false,""excluded_calibration_samples"":0,""uncorrected_static_xyz_mm"":[0.17329167585252803,0.23513467186998938,0.4797923731240935],""unaligned_xyz_mm"":[-1.2050321260568797,0.6875449010952255,0.4797923731240935],""xy_rotation_deg"":-4.580684956890044,""xy_translation_mm"":[1.3195654319610284,-0.5464514666381837],""xy_translation_source"":""five_point_reassembly"",""xy_translation_details"":{""preset"":""5×5｜441点1mm连续"",""calibration_points"":5,""calibration_strategy"":""rigid_rotation_translation_v1"",""calibration_rms_mm"":0.507358956567797,""check_rms_mm"":null},""dynamic_model_enabled"":false,""dynamic_history_ready"":false,""dynamic_gate"":0.0,""contact_score"":1.0004639324572366,""contact_score_threshold"":0.49492851692021117,""status"":""有效"",""preset"":""5×5｜441点1mm连续"",""needs_baseline"":false,""display.contact"":true,""display.contact_reason"":""拟合响应/相似度接触门控"",""display.contact_segment"":615,""display.contact_age_ms"":2864.1887,""display.contact_last_end_ns"":1240509495697500}"
S20260919_A,000134,279,1240512406637100,1240512434649800,NormalizedFit,1,1,True,unknown,False,False,0.0,0.5222922908489873,nan,nan,0.1910628000895589,0.0947973218450171,0.47675749734349504,x,y,z,0.1910628000895589,0.0947973218450171,0.47675749734349504,,,,,,,,1.4385641033341319,0.001535361853894024,0.2744425409202693,"{""x"":0.1910628000895589,""y"":0.0947973218450171,""z"":0.47675749734349504,""dx"":null,""dy"":null,""mode5"":null,""Q"":null,""X"":null,""Y"":null,""Z"":null,""dX"":1.4385641033341319,""dY"":0.001535361853894024,""dZ"":0.2744425409202693}","{""amplitude_uT"":1030.8802599772441,""contact_threshold_uT"":40.0,""contact_gate"":""shape-aware ridge classifier + amplitude floor"",""cosine_similarity"":0.9951843048639336,""anti_jump_policy"":""快速门控（阈值/形状）"",""calibration_depth_range_mm"":[0.2,0.8],""depth_extrapolated"":false,""relative_reference"":""first valid prediction since B0/no-contact"",""xy_semantics"":""continuous XY RBF refit on all 441 positions at 1 mm spacing"",""fit_model"":""441点1 mm连续XY/RBF＋跨深度连续Z＋接触/释放门控"",""fit_variant"":""dense441_1mm_continuous_development"",""evidence_tier"":""development_dense441_single_repeat_random_validation_pending"",""continuous_xy_method"":""kernel_rbf"",""working_range_model"":false,""working_range_mm"":null,""outside_declared_working_range"":false,""calibration_domain_mm"":{""x"":[-10.0,10.0],""y"":[-10.0,10.0],""depth"":[0.2,0.8]},""xy_outside_calibration_domain"":false,""excluded_calibration_samples"":0,""uncorrected_static_xyz_mm"":[0.1910628000895589,0.0947973218450171,0.47675749734349504],""unaligned_xyz_mm"":[-1.1761100183309616,0.5490750619483196,0.47675749734349504],""xy_rotation_deg"":-4.580684956890044,""xy_translation_mm"":[1.3195654319610284,-0.5464514666381837],""xy_translation_source"":""five_point_reassembly"",""xy_translation_details"":{""preset"":""5×5｜441点1mm连续"",""calibration_points"":5,""calibration_strategy"":""rigid_rotation_translation_v1"",""calibration_rms_mm"":0.507358956567797,""check_rms_mm"":null},""dynamic_model_enabled"":false,""dynamic_history_ready"":false,""dynamic_gate"":0.0,""contact_score"":1.0004658678982763,""contact_score_threshold"":0.49492851692021117,""status"":""有效"",""preset"":""5×5｜441点1mm连续"",""needs_baseline"":false,""display.contact"":true,""display.contact_reason"":""拟合响应/相似度接触门控"",""display.contact_segment"":615,""display.contact_age_ms"":2874.4452,""display.contact_last_end_ns"":1240509495697500}"
S20260919_A,000134,280,1240512433250800,1240512489318300,NormalizedFit,1,1,True,unknown,False,False,0.0,0.5319993771323667,nan,nan,0.16618026678821285,0.10637068791406357,0.4940574186793609,x,y,z,0.16618026678821285,0.10637068791406357,0.4940574186793609,,,,,,,,1.4136815700327858,0.013108727922940488,0.2917424622561352,"{""x"":0.16618026678821285,""y"":0.10637068791406357,""z"":0.4940574186793609,""dx"":null,""dy"":null,""mode5"":null,""Q"":null,""X"":null,""Y"":null,""Z"":null,""dX"":1.4136815700327858,""dY"":0.013108727922940488,""dZ"":0.2917424622561352}","{""amplitude_uT"":1028.6601230187748,""contact_threshold_uT"":40.0,""contact_gate"":""shape-aware ridge classifier + amplitude floor"",""cosine_similarity"":0.9952954974870167,""anti_jump_policy"":""快速门控（阈值/形状）"",""calibration_depth_range_mm"":[0.2,0.8],""depth_extrapolated"":false,""relative_reference"":""first valid prediction since B0/no-contact"",""xy_semantics"":""continuous XY RBF refit on all 441 positions at 1 mm spacing"",""fit_model"":""441点1 mm连续XY/RBF＋跨深度连续Z＋接触/释放门控"",""fit_variant"":""dense441_1mm_continuous_development"",""evidence_tier"":""development_dense441_single_repeat_random_validation_pending"",""continuous_xy_method"":""kernel_rbf"",""working_range_model"":false,""working_range_mm"":null,""outside_declared_working_range"":false,""calibration_domain_mm"":{""x"":[-10.0,10.0],""y"":[-10.0,10.0],""depth"":[0.2,0.8]},""xy_outside_calibration_domain"":false,""excluded_calibration_samples"":0,""uncorrected_static_xyz_mm"":[0.16618026678821285,0.10637068791406357,0.4940574186793609],""unaligned_xyz_mm"":[-1.201837355795793,0.5586242699066495,0.4940574186793609],""xy_rotation_deg"":-4.580684956890044,""xy_translation_mm"":[1.3195654319610284,-0.5464514666381837],""xy_translation_source"":""five_point_reassembly"",""xy_translation_details"":{""preset"":""5×5｜441点1mm连续"",""calibration_points"":5,""calibration_strategy"":""rigid_rotation_translation_v1"",""calibration_rms_mm"":0.507358956567797,""check_rms_mm"":null},""dynamic_model_enabled"":false,""dynamic_history_ready"":false,""dynamic_gate"":0.0,""contact_score"":1.0003412401654364,""contact_score_threshold"":0.49492851692021117,""status"":""有效"",""preset"":""5×5｜441点1mm连续"",""needs_baseline"":false,""display.contact"":true,""display.contact_reason"":""拟合响应/相似度接触门控"",""display.contact_segment"":615,""display.contact_age_ms"":2901.0589,""display.contact_last_end_ns"":1240509495697500}"
S20260919_A,000134,281,1240512460178700,1240512492205300,NormalizedFit,1,1,True,unknown,False,False,0.0,0.5431468389663975,nan,nan,0.09720055750867451,0.21435618228233833,0.4895017542527641,x,y,z,0.09720055750867451,0.21435618228233833,0.4895017542527641,,,,,,,,1.3447018607532475,0.12109422229121525,0.2871867978295384,"{""x"":0.09720055750867451,""y"":0.21435618228233833,""z"":0.4895017542527641,""dx"":null,""dy"":null,""mode5"":null,""Q"":null,""X"":null,""Y"":null,""Z"":null,""dX"":1.3447018607532475,""dY"":0.12109422229121525,""dZ"":0.2871867978295384}","{""amplitude_uT"":1040.1010235304066,""contact_threshold_uT"":40.0,""contact_gate"":""shape-aware ridge classifier + amplitude floor"",""cosine_similarity"":0.9950390222333416,""anti_jump_policy"":""快速门控（阈值/形状）"",""calibration_depth_range_mm"":[0.2,0.8],""depth_extrapolated"":false,""relative_reference"":""first valid prediction since B0/no-contact"",""xy_semantics"":""continuous XY RBF refit on all 441 positions at 1 mm spacing"",""fit_model"":""441点1 mm连续XY/RBF＋跨深度连续Z＋接触/释放门控"",""fit_variant"":""dense441_1mm_continuous_development"",""evidence_tier"":""development_dense441_single_repeat_random_validation_pending"",""continuous_xy_method"":""kernel_rbf"",""working_range_model"":false,""working_range_mm"":null,""outside_declared_working_range"":false,""calibration_domain_mm"":{""x"":[-10.0,10.0],""y"":[-10.0,10.0],""depth"":[0.2,0.8]},""xy_outside_calibration_domain"":false,""excluded_calibration_samples"":0,""uncorrected_static_xyz_mm"":[0.09720055750867451,0.21435618228233833,0.4895017542527641],""unaligned_xyz_mm"":[-1.27922076822288,0.6607559239977769,0.4895017542527641],""xy_rotation_deg"":-4.580684956890044,""xy_translation_mm"":[1.3195654319610284,-0.5464514666381837],""xy_translation_source"":""five_point_reassembly"",""xy_translation_details"":{""preset"":""5×5｜441点1mm连续"",""calibration_points"":5,""calibration_strategy"":""rigid_rotation_translation_v1"",""calibration_rms_mm"":0.507358956567797,""check_rms_mm"":null},""dynamic_model_enabled"":false,""dynamic_history_ready"":false,""dynamic_gate"":0.0,""contact_score"":1.000489201354117,""contact_score_threshold"":0.49492851692021117,""status"":""有效"",""preset"":""5×5｜441点1mm连续"",""needs_baseline"":false,""display.contact"":true,""display.contact_reason"":""拟合响应/相似度接触门控"",""display.contact_segment"":615,""display.contact_age_ms"":2927.9868,""display.contact_last_end_ns"":1240509495697500}"
S20260919_A,000134,282,1240512471092200,1240512494798500,NormalizedFit,1,1,True,unknown,False,False,0.0,0.48992049663118653,nan,nan,0.04525330822803908,0.05247445080875046,0.48499552897535725,x,y,z,0.04525330822803908,0.05247445080875046,0.48499552897535725,,,,,,,,1.292754611472612,-0.04078750918237262,0.2826805725521315,"{""x"":0.04525330822803908,""y"":0.05247445080875046,""z"":0.48499552897535725,""dx"":null,""dy"":null,""mode5"":null,""Q"":null,""X"":null,""Y"":null,""Z"":null,""dX"":1.292754611472612,""dY"":-0.04078750918237262,""dZ"":0.2826805725521315}","{""amplitude_uT"":1049.5239964550597,""contact_threshold_uT"":40.0,""contact_gate"":""shape-aware ridge classifier + amplitude floor"",""cosine_similarity"":0.9950427489632437,""anti_jump_policy"":""快速门控（阈值/形状）"",""calibration_depth_range_mm"":[0.2,0.8],""depth_extrapolated"":false,""relative_reference"":""first valid prediction since B0/no-contact"",""xy_semantics"":""continuous XY RBF refit on all 441 positions at 1 mm spacing"",""fit_model"":""441点1 mm连续XY/RBF＋跨深度连续Z＋接触/释放门控"",""fit_variant"":""dense441_1mm_continuous_development"",""evidence_tier"":""development_dense441_single_repeat_random_validation_pending"",""continuous_xy_method"":""kernel_rbf"",""working_range_model"":false,""working_range_mm"":null,""outside_declared_working_range"":false,""calibration_domain_mm"":{""x"":[-10.0,10.0],""y"":[-10.0,10.0],""depth"":[0.2,0.8]},""xy_outside_calibration_domain"":false,""excluded_calibration_samples"":0,""uncorrected_static_xyz_mm"":[0.04525330822803908,0.05247445080875046,0.48499552897535725],""unaligned_xyz_mm"":[-1.3180737469492483,0.49524260810808896,0.48499552897535725],""xy_rotation_deg"":-4.580684956890044,""xy_translation_mm"":[1.3195654319610284,-0.5464514666381837],""xy_translation_source"":""five_point_reassembly"",""xy_translation_details"":{""preset"":""5×5｜441点1mm连续"",""calibration_points"":5,""calibration_strategy"":""rigid_rotation_translation_v1"",""calibration_rms_mm"":0.507358956567797,""check_rms_mm"":null},""dynamic_model_enabled"":false,""dynamic_history_ready"":false,""dynamic_gate"":0.0,""contact_score"":1.0005505003784165,""contact_score_threshold"":0.49492851692021117,""status"":""有效"",""preset"":""5×5｜441点1mm连续"",""needs_baseline"":false,""display.contact"":true,""display.contact_reason"":""拟合响应/相似度接触门控"",""display.contact_segment"":615,""display.contact_age_ms"":2938.9003,""display.contact_last_end_ns"":1240509495697500}"
S20260919_A,000134,283,1240512496310100,1240512530885100,NormalizedFit,1,1,True,unknown,False,False,0.0,0.5348651952058586,nan,nan,0.15003001606192545,0.11804219311575537,0.4996376806922015,x,y,z,0.15003001606192545,0.11804219311575537,0.4996376806922015,,,,,,,,1.3975313193064984,0.02478023312463229,0.29732272426897577,"{""x"":0.15003001606192545,""y"":0.11804219311575537,""z"":0.4996376806922015,""dx"":null,""dy"":null,""mode5"":null,""Q"":null,""X"":null,""Y"":null,""Z"":null,""dX"":1.3975313193064984,""dY"":0.02478023312463229,""dZ"":0.29732272426897577}","{""amplitude_uT"":1083.4730737877155,""contact_threshold_uT"":40.0,""contact_gate"":""shape-aware ridge classifier + amplitude floor"",""cosine_similarity"":0.9940319961170292,""anti_jump_policy"":""快速门控（阈值/形状）"",""calibration_depth_range_mm"":[0.2,0.8],""depth_extrapolated"":false,""relative_reference"":""first valid prediction since B0/no-contact"",""xy_semantics"":""continuous XY RBF refit on all 441 positions at 1 mm spacing"",""fit_model"":""441点1 mm连续XY/RBF＋跨深度连续Z＋接触/释放门控"",""fit_variant"":""dense441_1mm_continuous_development"",""evidence_tier"":""development_dense441_single_repeat_random_validation_pending"",""continuous_xy_method"":""kernel_rbf"",""working_range_model"":false,""working_range_mm"":null,""outside_declared_working_range"":false,""calibration_domain_mm"":{""x"":[-10.0,10.0],""y"":[-10.0,10.0],""depth"":[0.2,0.8]},""xy_outside_calibration_domain"":false,""excluded_calibration_samples"":0,""uncorrected_static_xyz_mm"":[0.15003001606192545,0.11804219311575537,0.4996376806922015],""unaligned_xyz_mm"":[-1.2188681405133561,0.568968688889806,0.4996376806922015],""xy_rotation_deg"":-4.580684956890044,""xy_translation_mm"":[1.3195654319610284,-0.5464514666381837],""xy_translation_source"":""five_point_reassembly"",""xy_translation_details"":{""preset"":""5×5｜441点1mm连续"",""calibration_points"":5,""calibration_strategy"":""rigid_rotation_translation_v1"",""calibration_rms_mm"":0.507358956567797,""check_rms_mm"":null},""dynamic_model_enabled"":false,""dynamic_history_ready"":false,""dynamic_gate"":0.0,""contact_score"":1.0006011698103283,""contact_score_threshold"":0.49492851692021117,""status"":""有效"",""preset"":""5×5｜441点1mm连续"",""needs_baseline"":false,""display.contact"":true,""display.contact_reason"":""拟合响应/相似度接触门控"",""display.contact_segment"":615,""display.contact_age_ms"":2964.1182,""display.contact_last_end_ns"":1240509495697500}"
S20260919_A,000134,284,1240512523049500,1240512535960900,NormalizedFit,1,1,True,unknown,False,False,0.0,0.6081908725355039,nan,nan,0.1302288685853088,0.2425492483749363,0.5423158132815614,x,y,z,0.1302288685853088,0.2425492483749363,0.5423158132815614,,,,,,,,1.3777301718298818,0.14928728838381322,0.3400008568583357,"{""x"":0.1302288685853088,""y"":0.2425492483749363,""z"":0.5423158132815614,""dx"":null,""dy"":null,""mode5"":null,""Q"":null,""X"":null,""Y"":null,""Z"":null,""dX"":1.3777301718298818,""dY"":0.14928728838381322,""dZ"":0.3400008568583357}","{""amplitude_uT"":1193.636407170123,""contact_threshold_uT"":40.0,""contact_gate"":""shape-aware ridge classifier + amplitude floor"",""cosine_similarity"":0.9921043631255173,""anti_jump_policy"":""快速门控（阈值/形状）"",""calibration_depth_range_mm"":[0.2,0.8],""depth_extrapolated"":false,""relative_reference"":""first valid prediction since B0/no-contact"",""xy_semantics"":""continuous XY RBF refit on all 441 positions at 1 mm spacing"",""fit_model"":""441点1 mm连续XY/RBF＋跨深度连续Z＋接触/释放门控"",""fit_variant"":""dense441_1mm_continuous_development"",""evidence_tier"":""development_dense441_single_repeat_random_validation_pending"",""continuous_xy_method"":""kernel_rbf"",""working_range_model"":false,""working_range_mm"":null,""outside_declared_working_range"":false,""calibration_domain_mm"":{""x"":[-10.0,10.0],""y"":[-10.0,10.0],""depth"":[0.2,0.8]},""xy_outside_calibration_domain"":false,""excluded_calibration_samples"":0,""uncorrected_static_xyz_mm"":[0.1302288685853088,0.2425492483749363,0.5423158132815614],""unaligned_xyz_mm"":[-1.2485495341342112,0.6914966739521065,0.5423158132815614],""xy_rotation_deg"":-4.580684956890044,""xy_translation_mm"":[1.3195654319610284,-0.5464514666381837],""xy_translation_source"":""five_point_reassembly"",""xy_translation_details"":{""preset"":""5×5｜441点1mm连续"",""calibration_points"":5,""calibration_strategy"":""rigid_rotation_translation_v1"",""calibration_rms_mm"":0.507358956567797,""check_rms_mm"":null},""dynamic_model_enabled"":false,""dynamic_history_ready"":false,""dynamic_gate"":0.0,""contact_score"":1.0007312570356286,""contact_score_threshold"":0.49492851692021117,""status"":""有效"",""preset"":""5×5｜441点1mm连续"",""needs_baseline"":false,""display.contact"":true,""display.contact_reason"":""拟合响应/相似度接触门控"",""display.contact_segment"":615,""display.contact_age_ms"":2990.8576,""display.contact_last_end_ns"":1240509495697500}"
S20260919_A,000134,285,1240512534006200,1240512592983200,NormalizedFit,1,1,True,unknown,False,False,0.0,1.0268163695141412,nan,nan,0.02478466708482907,0.8104035065103576,0.6300664517456965,x,y,z,0.02478466708482907,0.8104035065103576,0.6300664517456965,,,,,,,,1.272285970329402,0.7171415465192346,0.4277514953224708,"{""x"":0.02478466708482907,""y"":0.8104035065103576,""z"":0.6300664517456965,""dx"":null,""dy"":null,""mode5"":null,""Q"":null,""X"":null,""Y"":null,""Z"":null,""dX"":1.272285970329402,""dY"":0.7171415465192346,""dZ"":0.4277514953224708}","{""amplitude_uT"":1453.3329776603161,""contact_threshold_uT"":40.0,""contact_gate"":""shape-aware ridge classifier + amplitude floor"",""cosine_similarity"":0.9904774669596774,""anti_jump_policy"":""快速门控（阈值/形状）"",""calibration_depth_range_mm"":[0.2,0.8],""depth_extrapolated"":false,""relative_reference"":""first valid prediction since B0/no-contact"",""xy_semantics"":""continuous XY RBF refit on all 441 positions at 1 mm spacing"",""fit_model"":""441点1 mm连续XY/RBF＋跨深度连续Z＋接触/释放门控"",""fit_variant"":""dense441_1mm_continuous_development"",""evidence_tier"":""development_dense441_single_repeat_random_validation_pending"",""continuous_xy_method"":""kernel_rbf"",""working_range_model"":false,""working_range_mm"":null,""outside_declared_working_range"":false,""calibration_domain_mm"":{""x"":[-10.0,10.0],""y"":[-10.0,10.0],""depth"":[0.2,0.8]},""xy_outside_calibration_domain"":false,""excluded_calibration_samples"":0,""uncorrected_static_xyz_mm"":[0.02478466708482907,0.8104035065103576,0.6300664517456965],""unaligned_xyz_mm"":[-1.3990074165981163,1.2491160456718138,0.6300664517456965],""xy_rotation_deg"":-4.580684956890044,""xy_translation_mm"":[1.3195654319610284,-0.5464514666381837],""xy_translation_source"":""five_point_reassembly"",""xy_translation_details"":{""preset"":""5×5｜441点1mm连续"",""calibration_points"":5,""calibration_strategy"":""rigid_rotation_translation_v1"",""calibration_rms_mm"":0.507358956567797,""check_rms_mm"":null},""dynamic_model_enabled"":false,""dynamic_history_ready"":false,""dynamic_gate"":0.0,""contact_score"":1.0010060868975403,""contact_score_threshold"":0.49492851692021117,""status"":""有效"",""preset"":""5×5｜441点1mm连续"",""needs_baseline"":false,""display.contact"":true,""display.contact_reason"":""拟合响应/相似度接触门控"",""display.contact_segment"":615,""display.contact_age_ms"":3001.8143,""display.contact_last_end_ns"":1240509495697500}"
S20260919_A,000134,286,1240512560799000,1240512596290000,NormalizedFit,1,1,True,unknown,False,False,0.0,0.88177463587067,nan,nan,0.2916842096708421,0.4210464972675888,0.7177511249954563,x,y,z,0.2916842096708421,0.4210464972675888,0.7177511249954563,,,,,,,,1.539185512915415,0.3277845372764657,0.5154361685722306,"{""x"":0.2916842096708421,""y"":0.4210464972675888,""z"":0.7177511249954563,""dx"":null,""dy"":null,""mode5"":null,""Q"":null,""X"":null,""Y"":null,""Z"":null,""dX"":1.539185512915415,""dY"":0.3277845372764657,""dZ"":0.5154361685722306}","{""amplitude_uT"":1672.8548292000714,""contact_threshold_uT"":40.0,""contact_gate"":""shape-aware ridge classifier + amplitude floor"",""cosine_similarity"":0.990649442252163,""anti_jump_policy"":""快速门控（阈值/形状）"",""calibration_depth_range_mm"":[0.2,0.8],""depth_extrapolated"":false,""relative_reference"":""first valid prediction since B0/no-contact"",""xy_semantics"":""continuous XY RBF refit on all 441 positions at 1 mm spacing"",""fit_model"":""441点1 mm连续XY/RBF＋跨深度连续Z＋接触/释放门控"",""fit_variant"":""dense441_1mm_continuous_development"",""evidence_tier"":""development_dense441_single_repeat_random_validation_pending"",""continuous_xy_method"":""kernel_rbf"",""working_range_model"":false,""working_range_mm"":null,""outside_declared_working_range"":false,""calibration_domain_mm"":{""x"":[-10.0,10.0],""y"":[-10.0,10.0],""depth"":[0.2,0.8]},""xy_outside_calibration_domain"":false,""excluded_calibration_samples"":0,""uncorrected_static_xyz_mm"":[0.2916842096708421,0.4210464972675888,0.7177511249954563],""unaligned_xyz_mm"":[-1.1018652113397807,0.882318068123805,0.7177511249954563],""xy_rotation_deg"":-4.580684956890044,""xy_translation_mm"":[1.3195654319610284,-0.5464514666381837],""xy_translation_source"":""five_point_reassembly"",""xy_translation_details"":{""preset"":""5×5｜441点1mm连续"",""calibration_points"":5,""calibration_strategy"":""rigid_rotation_translation_v1"",""calibration_rms_mm"":0.507358956567797,""check_rms_mm"":null},""dynamic_model_enabled"":false,""dynamic_history_ready"":false,""dynamic_gate"":0.0,""contact_score"":1.0007035212867976,""contact_score_threshold"":0.49492851692021117,""status"":""有效"",""preset"":""5×5｜441点1mm连续"",""needs_baseline"":false,""display.contact"":true,""display.contact_reason"":""拟合响应/相似度接触门控"",""display.contact_segment"":615,""display.contact_age_ms"":3028.6071,""display.contact_last_end_ns"":1240509495697500}"
S20260919_A,000134,287,1240512587768200,1240512599186200,NormalizedFit,1,1,True,unknown,False,False,0.0,0.8990771488524179,nan,nan,0.38870286550443756,0.347093762164017,0.7326497950617749,x,y,z,0.38870286550443756,0.347093762164017,0.7326497950617749,,,,,,,,1.6362041687490105,0.2538318021728939,0.5303348386385491,"{""x"":0.38870286550443756,""y"":0.347093762164017,""z"":0.7326497950617749,""dx"":null,""dy"":null,""mode5"":null,""Q"":null,""X"":null,""Y"":null,""Z"":null,""dX"":1.6362041687490105,""dY"":0.2538318021728939,""dZ"":0.5303348386385491}","{""amplitude_uT"":1737.3864423463774,""contact_threshold_uT"":40.0,""contact_gate"":""shape-aware ridge classifier + amplitude floor"",""cosine_similarity"":0.9909471873544322,""anti_jump_policy"":""快速门控（阈值/形状）"",""calibration_depth_range_mm"":[0.2,0.8],""depth_extrapolated"":false,""relative_reference"":""first valid prediction since B0/no-contact"",""xy_semantics"":""continuous XY RBF refit on all 441 positions at 1 mm spacing"",""fit_model"":""441点1 mm连续XY/RBF＋跨深度连续Z＋接触/释放门控"",""fit_variant"":""dense441_1mm_continuous_development"",""evidence_tier"":""development_dense441_single_repeat_random_validation_pending"",""continuous_xy_method"":""kernel_rbf"",""working_range_model"":false,""working_range_mm"":null,""outside_declared_working_range"":false,""calibration_domain_mm"":{""x"":[-10.0,10.0],""y"":[-10.0,10.0],""depth"":[0.2,0.8]},""xy_outside_calibration_domain"":false,""excluded_calibration_samples"":0,""uncorrected_static_xyz_mm"":[0.38870286550443756,0.347093762164017,0.7326497950617749],""unaligned_xyz_mm"":[-0.9992503674066975,0.816349739255736,0.7326497950617749],""xy_rotation_deg"":-4.580684956890044,""xy_translation_mm"":[1.3195654319610284,-0.5464514666381837],""xy_translation_source"":""five_point_reassembly"",""xy_translation_details"":{""preset"":""5×5｜441点1mm连续"",""calibration_points"":5,""calibration_strategy"":""rigid_rotation_translation_v1"",""calibration_rms_mm"":0.507358956567797,""check_rms_mm"":null},""dynamic_model_enabled"":false,""dynamic_history_ready"":false,""dynamic_gate"":0.0,""contact_score"":1.0005487857987925,""contact_score_threshold"":0.49492851692021117,""status"":""有效"",""preset"":""5×5｜441点1mm连续"",""needs_baseline"":false,""display.contact"":true,""display.contact_reason"":""拟合响应/相似度接触门控"",""display.contact_segment"":615,""display.contact_age_ms"":3055.5763,""display.contact_last_end_ns"":1240509495697500}"
S20260919_A,000134,288,1240512613774000,1240512631845000,NormalizedFit,1,1,True,unknown,False,False,0.0,0.9547164483337334,nan,nan,0.4557914887381356,0.3855764883677866,0.7450291183106995,x,y,z,0.4557914887381356,0.3855764883677866,0.7450291183106995,,,,,,,,1.7032927919827086,0.2923145283766635,0.5427141618874738,"{""x"":0.4557914887381356,""y"":0.3855764883677866,""z"":0.7450291183106995,""dx"":null,""dy"":null,""mode5"":null,""Q"":null,""X"":null,""Y"":null,""Z"":null,""dX"":1.7032927919827086,""dY"":0.2923145283766635,""dZ"":0.5427141618874738}","{""amplitude_uT"":1763.5218856158265,""contact_threshold_uT"":40.0,""contact_gate"":""shape-aware ridge classifier + amplitude floor"",""cosine_similarity"":0.9924123795635018,""anti_jump_policy"":""快速门控（阈值/形状）"",""calibration_depth_range_mm"":[0.2,0.8],""depth_extrapolated"":false,""relative_reference"":""first valid prediction since B0/no-contact"",""xy_semantics"":""continuous XY RBF refit on all 441 positions at 1 mm spacing"",""fit_model"":""441点1 mm连续XY/RBF＋跨深度连续Z＋接触/释放门控"",""fit_variant"":""dense441_1mm_continuous_development"",""evidence_tier"":""development_dense441_single_repeat_random_validation_pending"",""continuous_xy_method"":""kernel_rbf"",""working_range_model"":false,""working_range_mm"":null,""outside_declared_working_range"":false,""calibration_domain_mm"":{""x"":[-10.0,10.0],""y"":[-10.0,10.0],""depth"":[0.2,0.8]},""xy_outside_calibration_domain"":false,""excluded_calibration_samples"":0,""uncorrected_static_xyz_mm"":[0.4557914887381356,0.3855764883677866,0.7450291183106995],""unaligned_xyz_mm"":[-0.9354493766830712,0.8600674378016469,0.7450291183106995],""xy_rotation_deg"":-4.580684956890044,""xy_translation_mm"":[1.3195654319610284,-0.5464514666381837],""xy_translation_source"":""five_point_reassembly"",""xy_translation_details"":{""preset"":""5×5｜441点1mm连续"",""calibration_points"":5,""calibration_strategy"":""rigid_rotation_translation_v1"",""calibration_rms_mm"":0.507358956567797,""check_rms_mm"":null},""dynamic_model_enabled"":false,""dynamic_history_ready"":false,""dynamic_gate"":0.0,""contact_score"":1.0003880827647442,""contact_score_threshold"":0.49492851692021117,""status"":""有效"",""preset"":""5×5｜441点1mm连续"",""needs_baseline"":false,""display.contact"":true,""display.contact_reason"":""拟合响应/相似度接触门控"",""display.contact_segment"":615,""display.contact_age_ms"":3081.5821,""display.contact_last_end_ns"":1240509495697500}"
S20260919_A,000134,289,1240512625633900,1240512634586700,NormalizedFit,1,1,True,unknown,False,False,0.0,0.9860732302001324,nan,nan,0.3960899841587717,0.4981568640820304,0.7531884747753278,x,y,z,0.3960899841587717,0.4981568640820304,0.7531884747753278,,,,,,,,1.6435912874033447,0.40489490409090734,0.5508735183521021,"{""x"":0.3960899841587717,""y"":0.4981568640820304,""z"":0.7531884747753278,""dx"":null,""dy"":null,""mode5"":null,""Q"":null,""X"":null,""Y"":null,""Z"":null,""dX"":1.6435912874033447,""dY"":0.40489490409090734,""dZ"":0.5508735183521021}","{""amplitude_uT"":1787.5955915125217,""contact_threshold_uT"":40.0,""contact_gate"":""shape-aware ridge classifier + amplitude floor"",""cosine_similarity"":0.993337818849164,""anti_jump_policy"":""快速门控（阈值/形状）"",""calibration_depth_range_mm"":[0.2,0.8],""depth_extrapolated"":false,""relative_reference"":""first valid prediction since B0/no-contact"",""xy_semantics"":""continuous XY RBF refit on all 441 positions at 1 mm spacing"",""fit_model"":""441点1 mm连续XY/RBF＋跨深度连续Z＋接触/释放门控"",""fit_variant"":""dense441_1mm_continuous_development"",""evidence_tier"":""development_dense441_single_repeat_random_validation_pending"",""continuous_xy_method"":""kernel_rbf"",""working_range_model"":false,""working_range_mm"":null,""outside_declared_working_range"":false,""calibration_domain_mm"":{""x"":[-10.0,10.0],""y"":[-10.0,10.0],""depth"":[0.2,0.8]},""xy_outside_calibration_domain"":false,""excluded_calibration_samples"":0,""uncorrected_static_xyz_mm"":[0.3960899841587717,0.4981568640820304,0.7531884747753278],""unaligned_xyz_mm"":[-1.0039511808399215,0.967520280817812,0.7531884747753278],""xy_rotation_deg"":-4.580684956890044,""xy_translation_mm"":[1.3195654319610284,-0.5464514666381837],""xy_translation_source"":""five_point_reassembly"",""xy_translation_details"":{""preset"":""5×5｜441点1mm连续"",""calibration_points"":5,""calibration_strategy"":""rigid_rotation_translation_v1"",""calibration_rms_mm"":0.507358956567797,""check_rms_mm"":null},""dynamic_model_enabled"":false,""dynamic_history_ready"":false,""dynamic_gate"":0.0,""contact_score"":1.000317636139017,""contact_score_threshold"":0.49492851692021117,""status"":""有效"",""preset"":""5×5｜441点1mm连续"",""needs_baseline"":false,""display.contact"":true,""display.contact_reason"":""拟合响应/相似度接触门控"",""display.contact_segment"":615,""display.contact_age_ms"":3093.442,""display.contact_last_end_ns"":1240509495697500}"
S20260919_A,000134,290,1240512652670100,1240512687319100,NormalizedFit,1,1,True,unknown,False,False,0.0,1.0195034477074718,nan,nan,0.4660064391665877,0.49379468803664595,0.7605209297642573,x,y,z,0.4660064391665877,0.49379468803664595,0.7605209297642573,,,,,,,,1.7135077424111607,0.40053272804552287,0.5582059733410316,"{""x"":0.4660064391665877,""y"":0.49379468803664595,""z"":0.7605209297642573,""dx"":null,""dy"":null,""mode5"":null,""Q"":null,""X"":null,""Y"":null,""Z"":null,""dX"":1.7135077424111607,""dY"":0.40053272804552287,""dZ"":0.5582059733410316}","{""amplitude_uT"":1802.5624602570645,""contact_threshold_uT"":40.0,""contact_gate"":""shape-aware ridge classifier + amplitude floor"",""cosine_similarity"":0.9932682570677949,""anti_jump_policy"":""快速门控（阈值/形状）"",""calibration_depth_range_mm"":[0.2,0.8],""depth_extrapolated"":false,""relative_reference"":""first valid prediction since B0/no-contact"",""xy_semantics"":""continuous XY RBF refit on all 441 positions at 1 mm spacing"",""fit_model"":""441点1 mm连续XY/RBF＋跨深度连续Z＋接触/释放门控"",""fit_variant"":""dense441_1mm_continuous_development"",""evidence_tier"":""development_dense441_single_repeat_random_validation_pending"",""continuous_xy_method"":""kernel_rbf"",""working_range_model"":false,""working_range_mm"":null,""outside_declared_working_range"":false,""calibration_domain_mm"":{""x"":[-10.0,10.0],""y"":[-10.0,10.0],""depth"":[0.2,0.8]},""xy_outside_calibration_domain"":false,""excluded_calibration_samples"":0,""uncorrected_static_xyz_mm"":[0.4660064391665877,0.49379468803664595,0.7605209297642573],""unaligned_xyz_mm"":[-0.9339096729284728,0.968755768657231,0.7605209297642573],""xy_rotation_deg"":-4.580684956890044,""xy_translation_mm"":[1.3195654319610284,-0.5464514666381837],""xy_translation_source"":""five_point_reassembly"",""xy_translation_details"":{""preset"":""5×5｜441点1mm连续"",""calibration_points"":5,""calibration_strategy"":""rigid_rotation_translation_v1"",""calibration_rms_mm"":0.507358956567797,""check_rms_mm"":null},""dynamic_model_enabled"":false,""dynamic_history_ready"":false,""dynamic_gate"":0.0,""contact_score"":1.0002503984402251,""contact_score_threshold"":0.49492851692021117,""status"":""有效"",""preset"":""5×5｜441点1mm连续"",""needs_baseline"":false,""display.contact"":true,""display.contact_reason"":""拟合响应/相似度接触门控"",""display.contact_segment"":615,""display.contact_age_ms"":3120.4782,""display.contact_last_end_ns"":1240509495697500}"
S20260919_A,000134,291,1240512678448700,1240512691121900,NormalizedFit,1,1,True,unknown,False,False,0.0,1.0481133985225815,nan,nan,0.49414862784903435,0.5056364351314742,0.7737510098377945,x,y,z,0.49414862784903435,0.5056364351314742,0.7737510098377945,,,,,,,,1.7416499310936073,0.4123744751403511,0.5714360534145688,"{""x"":0.49414862784903435,""y"":0.5056364351314742,""z"":0.7737510098377945,""dx"":null,""dy"":null,""mode5"":null,""Q"":null,""X"":null,""Y"":null,""Z"":null,""dX"":1.7416499310936073,""dY"":0.4123744751403511,""dZ"":0.5714360534145688}","{""amplitude_uT"":1809.7790720347607,""contact_threshold_uT"":40.0,""contact_gate"":""shape-aware ridge classifier + amplitude floor"",""cosine_similarity"":0.993454805698933,""anti_jump_policy"":""快速门控（阈值/形状）"",""calibration_depth_range_mm"":[0.2,0.8],""depth_extrapolated"":false,""relative_reference"":""first valid prediction since B0/no-contact"",""xy_semantics"":""continuous XY RBF refit on all 441 positions at 1 mm spacing"",""fit_model"":""441点1 mm连续XY/RBF＋跨深度连续Z＋接触/释放门控"",""fit_variant"":""dense441_1mm_continuous_development"",""evidence_tier"":""development_dense441_single_repeat_random_validation_pending"",""continuous_xy_method"":""kernel_rbf"",""working_range_model"":false,""working_range_mm"":null,""outside_declared_working_range"":false,""calibration_domain_mm"":{""x"":[-10.0,10.0],""y"":[-10.0,10.0],""depth"":[0.2,0.8]},""xy_outside_calibration_domain"":false,""excluded_calibration_samples"":0,""uncorrected_static_xyz_mm"":[0.49414862784903435,0.5056364351314742,0.7737510098377945],""unaligned_xyz_mm"":[-0.9068030905991038,0.9828072081748549,0.7737510098377945],""xy_rotation_deg"":-4.580684956890044,""xy_translation_mm"":[1.3195654319610284,-0.5464514666381837],""xy_translation_source"":""five_point_reassembly"",""xy_translation_details"":{""preset"":""5×5｜441点1mm连续"",""calibration_points"":5,""calibration_strategy"":""rigid_rotation_translation_v1"",""calibration_rms_mm"":0.507358956567797,""check_rms_mm"":null},""dynamic_model_enabled"":false,""dynamic_history_ready"":false,""dynamic_gate"":0.0,""contact_score"":1.0001163068055225,""contact_score_threshold"":0.49492851692021117,""status"":""有效"",""preset"":""5×5｜441点1mm连续"",""needs_baseline"":false,""display.contact"":true,""display.contact_reason"":""拟合响应/相似度接触门控"",""display.contact_segment"":615,""display.contact_age_ms"":3146.2568,""display.contact_last_end_ns"":1240509495697500}"
S20260919_A,000134,292,1240512689408500,1240512724192700,NormalizedFit,1,1,True,unknown,False,False,0.0,0.9893248380268316,nan,nan,0.420711615059962,0.4405410999351991,0.7795440406791266,x,y,z,0.420711615059962,0.4405410999351991,0.7795440406791266,,,,,,,,1.668212918304535,0.347279139944076,0.5772290842559009,"{""x"":0.420711615059962,""y"":0.4405410999351991,""z"":0.7795440406791266,""dx"":null,""dy"":null,""mode5"":null,""Q"":null,""X"":null,""Y"":null,""Z"":null,""dX"":1.668212918304535,""dY"":0.347279139944076,""dZ"":0.5772290842559009}","{""amplitude_uT"":1816.0937410274285,""contact_threshold_uT"":40.0,""contact_gate"":""shape-aware ridge classifier + amplitude floor"",""cosine_similarity"":0.9935990469734644,""anti_jump_policy"":""快速门控（阈值/形状）"",""calibration_depth_range_mm"":[0.2,0.8],""depth_extrapolated"":false,""relative_reference"":""first valid prediction since B0/no-contact"",""xy_semantics"":""continuous XY RBF refit on all 441 positions at 1 mm spacing"",""fit_model"":""441点1 mm连续XY/RBF＋跨深度连续Z＋接触/释放门控"",""fit_variant"":""dense441_1mm_continuous_development"",""evidence_tier"":""development_dense441_single_repeat_random_validation_pending"",""continuous_xy_method"":""kernel_rbf"",""working_range_model"":false,""working_range_mm"":null,""outside_declared_working_range"":false,""calibration_domain_mm"":{""x"":[-10.0,10.0],""y"":[-10.0,10.0],""depth"":[0.2,0.8]},""xy_outside_calibration_domain"":false,""excluded_calibration_samples"":0,""uncorrected_static_xyz_mm"":[0.420711615059962,0.4405410999351991,0.7795440406791266],""unaligned_xyz_mm"":[-0.9748068332330533,0.9120549043291613,0.7795440406791266],""xy_rotation_deg"":-4.580684956890044,""xy_translation_mm"":[1.3195654319610284,-0.5464514666381837],""xy_translation_source"":""five_point_reassembly"",""xy_translation_details"":{""preset"":""5×5｜441点1mm连续"",""calibration_points"":5,""calibration_strategy"":""rigid_rotation_translation_v1"",""calibration_rms_mm"":0.507358956567797,""check_rms_mm"":null},""dynamic_model_enabled"":false,""dynamic_history_ready"":false,""dynamic_gate"":0.0,""contact_score"":1.0000735665146667,""contact_score_threshold"":0.49492851692021117,""status"":""有效"",""preset"":""5×5｜441点1mm连续"",""needs_baseline"":false,""display.contact"":true,""display.contact_reason"":""拟合响应/相似度接触门控"",""display.contact_segment"":615,""display.contact_age_ms"":3157.2166,""display.contact_last_end_ns"":1240509495697500}"
S20260919_A,000134,293,1240512716326400,1240512726967000,NormalizedFit,1,1,True,unknown,False,False,0.0,0.9629136490465616,nan,nan,0.3744345236467925,0.42101461977369226,0.780863735205047,x,y,z,0.3744345236467925,0.42101461977369226,0.780863735205047,,,,,,,,1.6219358268913655,0.3277526597825692,0.5785487787818213,"{""x"":0.3744345236467925,""y"":0.42101461977369226,""z"":0.780863735205047,""dx"":null,""dy"":null,""mode5"":null,""Q"":null,""X"":null,""Y"":null,""Z"":null,""dX"":1.6219358268913655,""dY"":0.3277526597825692,""dZ"":0.5785487787818213}","{""amplitude_uT"":1820.6099377867852,""contact_threshold_uT"":40.0,""contact_gate"":""shape-aware ridge classifier + amplitude floor"",""cosine_similarity"":0.9937460911791607,""anti_jump_policy"":""快速门控（阈值/形状）"",""calibration_depth_range_mm"":[0.2,0.8],""depth_extrapolated"":false,""relative_reference"":""first valid prediction since B0/no-contact"",""xy_semantics"":""continuous XY RBF refit on all 441 positions at 1 mm spacing"",""fit_model"":""441点1 mm连续XY/RBF＋跨深度连续Z＋接触/释放门控"",""fit_variant"":""dense441_1mm_continuous_development"",""evidence_tier"":""development_dense441_single_repeat_random_validation_pending"",""continuous_xy_method"":""kernel_rbf"",""working_range_model"":false,""working_range_mm"":null,""outside_declared_working_range"":false,""calibration_domain_mm"":{""x"":[-10.0,10.0],""y"":[-10.0,10.0],""depth"":[0.2,0.8]},""xy_outside_calibration_domain"":false,""excluded_calibration_samples"":0,""uncorrected_static_xyz_mm"":[0.3744345236467925,0.42101461977369226,0.780863735205047],""unaligned_xyz_mm"":[-1.0193766678077916,0.8888949720507409,0.780863735205047],""xy_rotation_deg"":-4.580684956890044,""xy_translation_mm"":[1.3195654319610284,-0.5464514666381837],""xy_translation_source"":""five_point_reassembly"",""xy_translation_details"":{""preset"":""5×5｜441点1mm连续"",""calibration_points"":5,""calibration_strategy"":""rigid_rotation_translation_v1"",""calibration_rms_mm"":0.507358956567797,""check_rms_mm"":null},""dynamic_model_enabled"":false,""dynamic_history_ready"":false,""dynamic_gate"":0.0,""contact_score"":1.0000548108562444,""contact_score_threshold"":0.49492851692021117,""status"":""有效"",""preset"":""5×5｜441点1mm连续"",""needs_baseline"":false,""display.contact"":true,""display.contact_reason"":""拟合响应/相似度接触门控"",""display.contact_segment"":615,""display.contact_age_ms"":3184.1345,""display.contact_last_end_ns"":1240509495697500}"
S20260919_A,000134,294,1240512742455700,1240512778249100,NormalizedFit,1,1,True,unknown,False,False,0.0,0.9858574660574698,nan,nan,0.40214178008513746,0.4451734593378215,0.782315488273375,x,y,z,0.40214178008513746,0.4451734593378215,0.782315488273375,,,,,,,,1.6496430833297104,0.3519114993466984,0.5800005318501493,"{""x"":0.40214178008513746,""y"":0.4451734593378215,""z"":0.782315488273375,""dx"":null,""dy"":null,""mode5"":null,""Q"":null,""X"":null,""Y"":null,""Z"":null,""dX"":1.6496430833297104,""dY"":0.3519114993466984,""dZ"":0.5800005318501493}","{""amplitude_uT"":1819.166706641258,""contact_threshold_uT"":40.0,""contact_gate"":""shape-aware ridge classifier + amplitude floor"",""cosine_similarity"":0.9935768687742175,""anti_jump_policy"":""快速门控（阈值/形状）"",""calibration_depth_range_mm"":[0.2,0.8],""depth_extrapolated"":false,""relative_reference"":""first valid prediction since B0/no-contact"",""xy_semantics"":""continuous XY RBF refit on all 441 positions at 1 mm spacing"",""fit_model"":""441点1 mm连续XY/RBF＋跨深度连续Z＋接触/释放门控"",""fit_variant"":""dense441_1mm_continuous_development"",""evidence_tier"":""development_dense441_single_repeat_random_validation_pending"",""continuous_xy_method"":""kernel_rbf"",""working_range_model"":false,""working_range_mm"":null,""outside_declared_working_range"":false,""calibration_domain_mm"":{""x"":[-10.0,10.0],""y"":[-10.0,10.0],""depth"":[0.2,0.8]},""xy_outside_calibration_domain"":false,""excluded_calibration_samples"":0,""uncorrected_static_xyz_mm"":[0.40214178008513746,0.4451734593378215,0.782315488273375],""unaligned_xyz_mm"":[-0.9936873071441927,0.9151894265444374,0.782315488273375],""xy_rotation_deg"":-4.580684956890044,""xy_translation_mm"":[1.3195654319610284,-0.5464514666381837],""xy_translation_source"":""five_point_reassembly"",""xy_translation_details"":{""preset"":""5×5｜441点1mm连续"",""calibration_points"":5,""calibration_strategy"":""rigid_rotation_translation_v1"",""calibration_rms_mm"":0.507358956567797,""check_rms_mm"":null},""dynamic_model_enabled"":false,""dynamic_history_ready"":false,""dynamic_gate"":0.0,""contact_score"":1.0000517519842655,""contact_score_threshold"":0.49492851692021117,""status"":""有效"",""preset"":""5×5｜441点1mm连续"",""needs_baseline"":false,""display.contact"":true,""display.contact_reason"":""拟合响应/相似度接触门控"",""display.contact_segment"":615,""display.contact_age_ms"":3210.2638,""display.contact_last_end_ns"":1240509495697500}"
S20260919_A,000134,295,1240512754257000,1240512782270000,NormalizedFit,1,1,True,unknown,False,False,0.0,1.0002929326143524,nan,nan,0.4051302282883624,0.4828007554169309,0.7767617908561683,x,y,z,0.4051302282883624,0.4828007554169309,0.7767617908561683,,,,,,,,1.6526315315329354,0.3895387954258078,0.5744468344329425,"{""x"":0.4051302282883624,""y"":0.4828007554169309,""z"":0.7767617908561683,""dx"":null,""dy"":null,""mode5"":null,""Q"":null,""X"":null,""Y"":null,""Z"":null,""dX"":1.6526315315329354,""dY"":0.3895387954258078,""dZ"":0.5744468344329425}","{""amplitude_uT"":1819.8186747673521,""contact_threshold_uT"":40.0,""contact_gate"":""shape-aware ridge classifier + amplitude floor"",""cosine_similarity"":0.9934042424223841,""anti_jump_policy"":""快速门控（阈值/形状）"",""calibration_depth_range_mm"":[0.2,0.8],""depth_extrapolated"":false,""relative_reference"":""first valid prediction since B0/no-contact"",""xy_semantics"":""continuous XY RBF refit on all 441 positions at 1 mm spacing"",""fit_model"":""441点1 mm连续XY/RBF＋跨深度连续Z＋接触/释放门控"",""fit_variant"":""dense441_1mm_continuous_development"",""evidence_tier"":""development_dense441_single_repeat_random_validation_pending"",""continuous_xy_method"":""kernel_rbf"",""working_range_model"":false,""working_range_mm"":null,""outside_declared_working_range"":false,""calibration_domain_mm"":{""x"":[-10.0,10.0],""y"":[-10.0,10.0],""depth"":[0.2,0.8]},""xy_outside_calibration_domain"":false,""excluded_calibration_samples"":0,""uncorrected_static_xyz_mm"":[0.4051302282883624,0.4828007554169309,0.7767617908561683],""unaligned_xyz_mm"":[-0.9937134292488072,0.9529352018116639,0.7767617908561683],""xy_rotation_deg"":-4.580684956890044,""xy_translation_mm"":[1.3195654319610284,-0.5464514666381837],""xy_translation_source"":""five_point_reassembly"",""xy_translation_details"":{""preset"":""5×5｜441点1mm连续"",""calibration_points"":5,""calibration_strategy"":""rigid_rotation_translation_v1"",""calibration_rms_mm"":0.507358956567797,""check_rms_mm"":null},""dynamic_model_enabled"":false,""dynamic_history_ready"":false,""dynamic_gate"":0.0,""contact_score"":1.0001079508163577,""contact_score_threshold"":0.49492851692021117,""status"":""有效"",""preset"":""5×5｜441点1mm连续"",""needs_baseline"":false,""display.contact"":true,""display.contact_reason"":""拟合响应/相似度接触门控"",""display.contact_segment"":615,""display.contact_age_ms"":3222.0651,""display.contact_last_end_ns"":1240509495697500}"
S20260919_A,000134,296,1240512766167200,1240512785083700,NormalizedFit,1,1,True,unknown,False,False,0.0,0.9842142806700124,nan,nan,0.39964301108428757,0.449770956033401,0.7788897875021051,x,y,z,0.39964301108428757,0.449770956033401,0.7788897875021051,,,,,,,,1.6471443143288607,0.3565089960422779,0.5765748310788794,"{""x"":0.39964301108428757,""y"":0.449770956033401,""z"":0.7788897875021051,""dx"":null,""dy"":null,""mode5"":null,""Q"":null,""X"":null,""Y"":null,""Z"":null,""dX"":1.6471443143288607,""dY"":0.3565089960422779,""dZ"":0.5765748310788794}","{""amplitude_uT"":1819.0759890658092,""contact_threshold_uT"":40.0,""contact_gate"":""shape-aware ridge classifier + amplitude floor"",""cosine_similarity"":0.9934373555613623,""anti_jump_policy"":""快速门控（阈值/形状）"",""calibration_depth_range_mm"":[0.2,0.8],""depth_extrapolated"":false,""relative_reference"":""first valid prediction since B0/no-contact"",""xy_semantics"":""continuous XY RBF refit on all 441 positions at 1 mm spacing"",""fit_model"":""441点1 mm连续XY/RBF＋跨深度连续Z＋接触/释放门控"",""fit_variant"":""dense441_1mm_continuous_development"",""evidence_tier"":""development_dense441_single_repeat_random_validation_pending"",""continuous_xy_method"":""kernel_rbf"",""working_range_model"":false,""working_range_mm"":null,""outside_declared_working_range"":false,""calibration_domain_mm"":{""x"":[-10.0,10.0],""y"":[-10.0,10.0],""depth"":[0.2,0.8]},""xy_outside_calibration_domain"":false,""excluded_calibration_samples"":0,""uncorrected_static_xyz_mm"":[0.39964301108428757,0.449770956033401,0.7788897875021051],""unaligned_xyz_mm"":[-0.9965452641152628,0.9195726792564067,0.7788897875021051],""xy_rotation_deg"":-4.580684956890044,""xy_translation_mm"":[1.3195654319610284,-0.5464514666381837],""xy_translation_source"":""five_point_reassembly"",""xy_translation_details"":{""preset"":""5×5｜441点1mm连续"",""calibration_points"":5,""calibration_strategy"":""rigid_rotation_translation_v1"",""calibration_rms_mm"":0.507358956567797,""check_rms_mm"":null},""dynamic_model_enabled"":false,""dynamic_history_ready"":false,""dynamic_gate"":0.0,""contact_score"":1.0000781960959981,""contact_score_threshold"":0.49492851692021117,""status"":""有效"",""preset"":""5×5｜441点1mm连续"",""needs_baseline"":false,""display.contact"":true,""display.contact_reason"":""拟合响应/相似度接触门控"",""display.contact_segment"":615,""display.contact_age_ms"":3233.9753,""display.contact_last_end_ns"":1240509495697500}"
S20260919_A,000134,297,1240512793012000,1240512817231400,NormalizedFit,1,1,True,unknown,False,False,0.0,0.97700077365391,nan,nan,0.37725405374600895,0.45955665928067946,0.7752532280250909,x,y,z,0.37725405374600895,0.45955665928067946,0.7752532280250909,,,,,,,,1.624755356990582,0.3662946992895564,0.5729382716018652,"{""x"":0.37725405374600895,""y"":0.45955665928067946,""z"":0.7752532280250909,""dx"":null,""dy"":null,""mode5"":null,""Q"":null,""X"":null,""Y"":null,""Z"":null,""dX"":1.624755356990582,""dY"":0.3662946992895564,""dZ"":0.5729382716018652}","{""amplitude_uT"":1823.8696142644083,""contact_threshold_uT"":40.0,""contact_gate"":""shape-aware ridge classifier + amplitude floor"",""cosine_similarity"":0.9935833760597103,""anti_jump_policy"":""快速门控（阈值/形状）"",""calibration_depth_range_mm"":[0.2,0.8],""depth_extrapolated"":false,""relative_reference"":""first valid prediction since B0/no-contact"",""xy_semantics"":""continuous XY RBF refit on all 441 positions at 1 mm spacing"",""fit_model"":""441点1 mm连续XY/RBF＋跨深度连续Z＋接触/释放门控"",""fit_variant"":""dense441_1mm_continuous_development"",""evidence_tier"":""development_dense441_single_repeat_random_validation_pending"",""continuous_xy_method"":""kernel_rbf"",""working_range_model"":false,""working_range_mm"":null,""outside_declared_working_range"":false,""calibration_domain_mm"":{""x"":[-10.0,10.0],""y"":[-10.0,10.0],""depth"":[0.2,0.8]},""xy_outside_calibration_domain"":false,""excluded_calibration_samples"":0,""uncorrected_static_xyz_mm"":[0.37725405374600895,0.45955665928067946,0.7752532280250909],""unaligned_xyz_mm"":[-1.019644222525891,0.9275390786364981,0.7752532280250909],""xy_rotation_deg"":-4.580684956890044,""xy_translation_mm"":[1.3195654319610284,-0.5464514666381837],""xy_translation_source"":""five_point_reassembly"",""xy_translation_details"":{""preset"":""5×5｜441点1mm连续"",""calibration_points"":5,""calibration_strategy"":""rigid_rotation_translation_v1"",""calibration_rms_mm"":0.507358956567797,""check_rms_mm"":null},""dynamic_model_enabled"":false,""dynamic_history_ready"":false,""dynamic_gate"":0.0,""contact_score"":1.0000242540986668,""contact_score_threshold"":0.49492851692021117,""status"":""有效"",""preset"":""5×5｜441点1mm连续"",""needs_baseline"":false,""display.contact"":true,""display.contact_reason"":""拟合响应/相似度接触门控"",""display.contact_segment"":615,""display.contact_age_ms"":3260.8201,""display.contact_last_end_ns"":1240509495697500}"
S20260919_A,000134,298,1240512818482700,1240512868384000,NormalizedFit,1,1,True,unknown,False,False,0.0,1.0014089609061894,nan,nan,0.47584850028195547,0.41801714423267045,0.7756608659009364,x,y,z,0.47584850028195547,0.41801714423267045,0.7756608659009364,,,,,,,,1.7233498035265284,0.32475518424154737,0.5733459094777107,"{""x"":0.47584850028195547,""y"":0.41801714423267045,""z"":0.7756608659009364,""dx"":null,""dy"":null,""mode5"":null,""Q"":null,""X"":null,""Y"":null,""Z"":null,""dX"":1.7233498035265284,""dY"":0.32475518424154737,""dZ"":0.5733459094777107}","{""amplitude_uT"":1819.2234072089666,""contact_threshold_uT"":40.0,""contact_gate"":""shape-aware ridge classifier + amplitude floor"",""cosine_similarity"":0.9931684462885326,""anti_jump_policy"":""快速门控（阈值/形状）"",""calibration_depth_range_mm"":[0.2,0.8],""depth_extrapolated"":false,""relative_reference"":""first valid prediction since B0/no-contact"",""xy_semantics"":""continuous XY RBF refit on all 441 positions at 1 mm spacing"",""fit_model"":""441点1 mm连续XY/RBF＋跨深度连续Z＋接触/释放门控"",""fit_variant"":""dense441_1mm_continuous_development"",""evidence_tier"":""development_dense441_single_repeat_random_validation_pending"",""continuous_xy_method"":""kernel_rbf"",""working_range_model"":false,""working_range_mm"":null,""outside_declared_working_range"":false,""calibration_domain_mm"":{""x"":[-10.0,10.0],""y"":[-10.0,10.0],""depth"":[0.2,0.8]},""xy_outside_calibration_domain"":false,""excluded_calibration_samples"":0,""uncorrected_static_xyz_mm"":[0.47584850028195547,0.41801714423267045,0.7756608659009364],""unaligned_xyz_mm"":[-0.9180472347656297,0.8940062845955197,0.7756608659009364],""xy_rotation_deg"":-4.580684956890044,""xy_translation_mm"":[1.3195654319610284,-0.5464514666381837],""xy_translation_source"":""five_point_reassembly"",""xy_translation_details"":{""preset"":""5×5｜441点1mm连续"",""calibration_points"":5,""calibration_strategy"":""rigid_rotation_translation_v1"",""calibration_rms_mm"":0.507358956567797,""check_rms_mm"":null},""dynamic_model_enabled"":false,""dynamic_history_ready"":false,""dynamic_gate"":0.0,""contact_score"":1.0000131239722032,""contact_score_threshold"":0.49492851692021117,""status"":""有效"",""preset"":""5×5｜441点1mm连续"",""needs_baseline"":false,""display.contact"":true,""display.contact_reason"":""拟合响应/相似度接触门控"",""display.contact_segment"":615,""display.contact_age_ms"":3286.2908,""display.contact_last_end_ns"":1240509495697500}"
S20260919_A,000134,299,1240512830407500,1240512872079700,NormalizedFit,1,1,True,unknown,False,False,0.0,1.0098936967004122,nan,nan,0.4328533733261908,0.47998957294487,0.7759724516370169,x,y,z,0.4328533733261908,0.47998957294487,0.7759724516370169,,,,,,,,1.6803546765707638,0.3867276129537469,0.5736574952137912,"{""x"":0.4328533733261908,""y"":0.47998957294487,""z"":0.7759724516370169,""dx"":null,""dy"":null,""mode5"":null,""Q"":null,""X"":null,""Y"":null,""Z"":null,""dX"":1.6803546765707638,""dY"":0.3867276129537469,""dZ"":0.5736574952137912}","{""amplitude_uT"":1819.5697780199303,""contact_threshold_uT"":40.0,""contact_gate"":""shape-aware ridge classifier + amplitude floor"",""cosine_similarity"":0.9934276363242043,""anti_jump_policy"":""快速门控（阈值/形状）"",""calibration_depth_range_mm"":[0.2,0.8],""depth_extrapolated"":false,""relative_reference"":""first valid prediction since B0/no-contact"",""xy_semantics"":""continuous XY RBF refit on all 441 positions at 1 mm spacing"",""fit_model"":""441点1 mm连续XY/RBF＋跨深度连续Z＋接触/释放门控"",""fit_variant"":""dense441_1mm_continuous_development"",""evidence_tier"":""development_dense441_single_repeat_random_validation_pending"",""continuous_xy_method"":""kernel_rbf"",""working_range_model"":false,""working_range_mm"":null,""outside_declared_working_range"":false,""calibration_domain_mm"":{""x"":[-10.0,10.0],""y"":[-10.0,10.0],""depth"":[0.2,0.8]},""xy_outside_calibration_domain"":false,""excluded_calibration_samples"":0,""uncorrected_static_xyz_mm"":[0.4328533733261908,0.47998957294487,0.7759724516370169],""unaligned_xyz_mm"":[-0.9658543267101076,0.9523470492652018,0.7759724516370169],""xy_rotation_deg"":-4.580684956890044,""xy_translation_mm"":[1.3195654319610284,-0.5464514666381837],""xy_translation_source"":""five_point_reassembly"",""xy_translation_details"":{""preset"":""5×5｜441点1mm连续"",""calibration_points"":5,""calibration_strategy"":""rigid_rotation_translation_v1"",""calibration_rms_mm"":0.507358956567797,""check_rms_mm"":null},""dynamic_model_enabled"":false,""dynamic_history_ready"":false,""dynamic_gate"":0.0,""contact_score"":1.0000154832982422,""contact_score_threshold"":0.49492851692021117,""status"":""有效"",""preset"":""5×5｜441点1mm连续"",""needs_baseline"":false,""display.contact"":true,""display.contact_reason"":""拟合响应/相似度接触门控"",""display.contact_segment"":615,""display.contact_age_ms"":3298.2156,""display.contact_last_end_ns"":1240509495697500}"
S20260919_A,000134,300,1240512855465700,1240512875787100,NormalizedFit,1,1,True,unknown,False,False,0.0,1.0138443537633204,nan,nan,0.46882034270622197,0.45478737075759845,0.7754071880773198,x,y,z,0.46882034270622197,0.45478737075759845,0.7754071880773198,,,,,,,,1.7163216459507948,0.3615254107664754,0.5730922316540941,"{""x"":0.46882034270622197,""y"":0.45478737075759845,""z"":0.7754071880773198,""dx"":null,""dy"":null,""mode5"":null,""Q"":null,""X"":null,""Y"":null,""Z"":null,""dX"":1.7163216459507948,""dY"":0.3615254107664754,""dZ"":0.5730922316540941}","{""amplitude_uT"":1818.6277627546547,""contact_threshold_uT"":40.0,""contact_gate"":""shape-aware ridge classifier + amplitude floor"",""cosine_similarity"":0.9932713891141125,""anti_jump_policy"":""快速门控（阈值/形状）"",""calibration_depth_range_mm"":[0.2,0.8],""depth_extrapolated"":false,""relative_reference"":""first valid prediction since B0/no-contact"",""xy_semantics"":""continuous XY RBF refit on all 441 positions at 1 mm spacing"",""fit_model"":""441点1 mm连续XY/RBF＋跨深度连续Z＋接触/释放门控"",""fit_variant"":""dense441_1mm_continuous_development"",""evidence_tier"":""development_dense441_single_repeat_random_validation_pending"",""continuous_xy_method"":""kernel_rbf"",""working_range_model"":false,""working_range_mm"":null,""outside_declared_working_range"":false,""calibration_domain_mm"":{""x"":[-10.0,10.0],""y"":[-10.0,10.0],""depth"":[0.2,0.8]},""xy_outside_calibration_domain"":false,""excluded_calibration_samples"":0,""uncorrected_static_xyz_mm"":[0.46882034270622197,0.45478737075759845,0.7754071880773198],""unaligned_xyz_mm"":[-0.9279895201301915,0.9300977727794875,0.7754071880773198],""xy_rotation_deg"":-4.580684956890044,""xy_translation_mm"":[1.3195654319610284,-0.5464514666381837],""xy_translation_source"":""five_point_reassembly"",""xy_translation_details"":{""preset"":""5×5｜441点1mm连续"",""calibration_points"":5,""calibration_strategy"":""rigid_rotation_translation_v1"",""calibration_rms_mm"":0.507358956567797,""check_rms_mm"":null},""dynamic_model_enabled"":false,""dynamic_history_ready"":false,""dynamic_gate"":0.0,""contact_score"":1.0000076703374075,""contact_score_threshold"":0.49492851692021117,""status"":""有效"",""preset"":""5×5｜441点1mm连续"",""needs_baseline"":false,""display.contact"":true,""display.contact_reason"":""拟合响应/相似度接触门控"",""display.contact_segment"":615,""display.contact_age_ms"":3323.2738,""display.contact_last_end_ns"":1240509495697500}"
S20260919_A,000134,301,1240512882344900,1240512924500600,NormalizedFit,1,1,True,unknown,False,False,0.0,1.0078927591162183,nan,nan,0.44827242452616656,0.4629054864678266,0.7749955857205383,x,y,z,0.44827242452616656,0.4629054864678266,0.7749955857205383,,,,,,,,1.6957737277707396,0.3696435264767035,0.5726806292973126,"{""x"":0.44827242452616656,""y"":0.4629054864678266,""z"":0.7749955857205383,""dx"":null,""dy"":null,""mode5"":null,""Q"":null,""X"":null,""Y"":null,""Z"":null,""dX"":1.6957737277707396,""dY"":0.3696435264767035,""dZ"":0.5726806292973126}","{""amplitude_uT"":1817.6039741632387,""contact_threshold_uT"":40.0,""contact_gate"":""shape-aware ridge classifier + amplitude floor"",""cosine_similarity"":0.9935734667236452,""anti_jump_policy"":""快速门控（阈值/形状）"",""calibration_depth_range_mm"":[0.2,0.8],""depth_extrapolated"":false,""relative_reference"":""first valid prediction since B0/no-contact"",""xy_semantics"":""continuous XY RBF refit on all 441 positions at 1 mm spacing"",""fit_model"":""441点1 mm连续XY/RBF＋跨深度连续Z＋接触/释放门控"",""fit_variant"":""dense441_1mm_continuous_development"",""evidence_tier"":""development_dense441_single_repeat_random_validation_pending"",""continuous_xy_method"":""kernel_rbf"",""working_range_model"":false,""working_range_mm"":null,""outside_declared_working_range"":false,""calibration_domain_mm"":{""x"":[-10.0,10.0],""y"":[-10.0,10.0],""depth"":[0.2,0.8]},""xy_outside_calibration_domain"":false,""excluded_calibration_samples"":0,""uncorrected_static_xyz_mm"":[0.44827242452616656,0.4629054864678266,0.7749955857205383],""unaligned_xyz_mm"":[-0.9491201415558943,0.93654894185048,0.7749955857205383],""xy_rotation_deg"":-4.580684956890044,""xy_translation_mm"":[1.3195654319610284,-0.5464514666381837],""xy_translation_source"":""five_point_reassembly"",""xy_translation_details"":{""preset"":""5×5｜441点1mm连续"",""calibration_points"":5,""calibration_strategy"":""rigid_rotation_translation_v1"",""calibration_rms_mm"":0.507358956567797,""check_rms_mm"":null},""dynamic_model_enabled"":false,""dynamic_history_ready"":false,""dynamic_gate"":0.0,""contact_score"":1.0000074865728572,""contact_score_threshold"":0.49492851692021117,""status"":""有效"",""preset"":""5×5｜441点1mm连续"",""needs_baseline"":false,""display.contact"":true,""display.contact_reason"":""拟合响应/相似度接触门控"",""display.contact_segment"":615,""display.contact_age_ms"":3350.153,""display.contact_last_end_ns"":1240509495697500}"
S20260919_A,000134,302,1240512892372800,1240512928075600,NormalizedFit,1,1,True,unknown,False,False,0.0,1.0337082423511574,nan,nan,0.4399824704856947,0.5213936192966178,0.7766059810011753,x,y,z,0.4399824704856947,0.5213936192966178,0.7766059810011753,,,,,,,,1.6874837737302677,0.4281316593054947,0.5742910245779496,"{""x"":0.4399824704856947,""y"":0.5213936192966178,""z"":0.7766059810011753,""dx"":null,""dy"":null,""mode5"":null,""Q"":null,""X"":null,""Y"":null,""Z"":null,""dX"":1.6874837737302677,""dY"":0.4281316593054947,""dZ"":0.5742910245779496}","{""amplitude_uT"":1820.3123310570222,""contact_threshold_uT"":40.0,""contact_gate"":""shape-aware ridge classifier + amplitude floor"",""cosine_similarity"":0.9934498085081181,""anti_jump_policy"":""快速门控（阈值/形状）"",""calibration_depth_range_mm"":[0.2,0.8],""depth_extrapolated"":false,""relative_reference"":""first valid prediction since B0/no-contact"",""xy_semantics"":""continuous XY RBF refit on all 441 positions at 1 mm spacing"",""fit_model"":""441点1 mm连续XY/RBF＋跨深度连续Z＋接触/释放门控"",""fit_variant"":""dense441_1mm_continuous_development"",""evidence_tier"":""development_dense441_single_repeat_random_validation_pending"",""continuous_xy_method"":""kernel_rbf"",""working_range_model"":false,""working_range_mm"":null,""outside_declared_working_range"":false,""calibration_domain_mm"":{""x"":[-10.0,10.0],""y"":[-10.0,10.0],""depth"":[0.2,0.8]},""xy_outside_calibration_domain"":false,""excluded_calibration_samples"":0,""uncorrected_static_xyz_mm"":[0.4399824704856947,0.5213936192966178,0.7766059810011753],""unaligned_xyz_mm"":[-0.962054647888948,0.9941881955384977,0.7766059810011753],""xy_rotation_deg"":-4.580684956890044,""xy_translation_mm"":[1.3195654319610284,-0.5464514666381837],""xy_translation_source"":""five_point_reassembly"",""xy_translation_details"":{""preset"":""5×5｜441点1mm连续"",""calibration_points"":5,""calibration_strategy"":""rigid_rotation_translation_v1"",""calibration_rms_mm"":0.507358956567797,""check_rms_mm"":null},""dynamic_model_enabled"":false,""dynamic_history_ready"":false,""dynamic_gate"":0.0,""contact_score"":1.0000700244458347,""contact_score_threshold"":0.49492851692021117,""status"":""有效"",""preset"":""5×5｜441点1mm连续"",""needs_baseline"":false,""display.contact"":true,""display.contact_reason"":""拟合响应/相似度接触门控"",""display.contact_segment"":615,""display.contact_age_ms"":3360.1809,""display.contact_last_end_ns"":1240509495697500}"
S20260919_A,000134,303,1240512918814700,1240512930866800,NormalizedFit,1,1,True,unknown,False,False,0.0,1.0009553730151293,nan,nan,0.36896366429287974,0.4983199686840081,0.785782846599617,x,y,z,0.36896366429287974,0.4983199686840081,0.785782846599617,,,,,,,,1.6164649675374527,0.405058008692885,0.5834678901763912,"{""x"":0.36896366429287974,""y"":0.4983199686840081,""z"":0.785782846599617,""dx"":null,""dy"":null,""mode5"":null,""Q"":null,""X"":null,""Y"":null,""Z"":null,""dX"":1.6164649675374527,""dY"":0.405058008692885,""dZ"":0.5834678901763912}","{""amplitude_uT"":1822.587628385807,""contact_threshold_uT"":40.0,""contact_gate"":""shape-aware ridge classifier + amplitude floor"",""cosine_similarity"":0.993324148577859,""anti_jump_policy"":""快速门控（阈值/形状）"",""calibration_depth_range_mm"":[0.2,0.8],""depth_extrapolated"":false,""relative_reference"":""first valid prediction since B0/no-contact"",""xy_semantics"":""continuous XY RBF refit on all 441 positions at 1 mm spacing"",""fit_model"":""441点1 mm连续XY/RBF＋跨深度连续Z＋接触/释放门控"",""fit_variant"":""dense441_1mm_continuous_development"",""evidence_tier"":""development_dense441_single_repeat_random_validation_pending"",""continuous_xy_method"":""kernel_rbf"",""working_range_model"":false,""working_range_mm"":null,""outside_declared_working_range"":false,""calibration_domain_mm"":{""x"":[-10.0,10.0],""y"":[-10.0,10.0],""depth"":[0.2,0.8]},""xy_outside_calibration_domain"":false,""excluded_calibration_samples"":0,""uncorrected_static_xyz_mm"":[0.36896366429287974,0.4983199686840081,0.785782846599617],""unaligned_xyz_mm"":[-1.0310038813874578,0.9655164780173346,0.785782846599617],""xy_rotation_deg"":-4.580684956890044,""xy_translation_mm"":[1.3195654319610284,-0.5464514666381837],""xy_translation_source"":""five_point_reassembly"",""xy_translation_details"":{""preset"":""5×5｜441点1mm连续"",""calibration_points"":5,""calibration_strategy"":""rigid_rotation_translation_v1"",""calibration_rms_mm"":0.507358956567797,""check_rms_mm"":null},""dynamic_model_enabled"":false,""dynamic_history_ready"":false,""dynamic_gate"":0.0,""contact_score"":1.000055052238347,""contact_score_threshold"":0.49492851692021117,""status"":""有效"",""preset"":""5×5｜441点1mm连续"",""needs_baseline"":false,""display.contact"":true,""display.contact_reason"":""拟合响应/相似度接触门控"",""display.contact_segment"":615,""display.contact_age_ms"":3386.6228,""display.contact_last_end_ns"":1240509495697500}"
S20260919_A,000134,304,1240512946786800,1240512982283400,NormalizedFit,1,1,True,unknown,False,False,0.0,0.9914277042213466,nan,nan,0.38260187106201704,0.4763077927525905,0.780817256162163,x,y,z,0.38260187106201704,0.4763077927525905,0.780817256162163,,,,,,,,1.6301031743065901,0.3830458327614674,0.5785022997389373,"{""x"":0.38260187106201704,""y"":0.4763077927525905,""z"":0.780817256162163,""dx"":null,""dy"":null,""mode5"":null,""Q"":null,""X"":null,""Y"":null,""Z"":null,""dX"":1.6301031743065901,""dY"":0.3830458327614674,""dZ"":0.5785022997389373}","{""amplitude_uT"":1822.4044441347262,""contact_threshold_uT"":40.0,""contact_gate"":""shape-aware ridge classifier + amplitude floor"",""cosine_similarity"":0.9933269066071423,""anti_jump_policy"":""快速门控（阈值/形状）"",""calibration_depth_range_mm"":[0.2,0.8],""depth_extrapolated"":false,""relative_reference"":""first valid prediction since B0/no-contact"",""xy_semantics"":""continuous XY RBF refit on all 441 positions at 1 mm spacing"",""fit_model"":""441点1 mm连续XY/RBF＋跨深度连续Z＋接触/释放门控"",""fit_variant"":""dense441_1mm_continuous_development"",""evidence_tier"":""development_dense441_single_repeat_random_validation_pending"",""continuous_xy_method"":""kernel_rbf"",""working_range_model"":false,""working_range_mm"":null,""outside_declared_working_range"":false,""calibration_domain_mm"":{""x"":[-10.0,10.0],""y"":[-10.0,10.0],""depth"":[0.2,0.8]},""xy_outside_calibration_domain"":false,""excluded_calibration_samples"":0,""uncorrected_static_xyz_mm"":[0.38260187106201704,0.4763077927525905,0.780817256162163],""unaligned_xyz_mm"":[-1.0156512809052112,0.9446637987759052,0.780817256162163],""xy_rotation_deg"":-4.580684956890044,""xy_translation_mm"":[1.3195654319610284,-0.5464514666381837],""xy_translation_source"":""five_point_reassembly"",""xy_translation_details"":{""preset"":""5×5｜441点1mm连续"",""calibration_points"":5,""calibration_strategy"":""rigid_rotation_translation_v1"",""calibration_rms_mm"":0.507358956567797,""check_rms_mm"":null},""dynamic_model_enabled"":false,""dynamic_history_ready"":false,""dynamic_gate"":0.0,""contact_score"":1.000031378315488,""contact_score_threshold"":0.49492851692021117,""status"":""有效"",""preset"":""5×5｜441点1mm连续"",""needs_baseline"":false,""display.contact"":true,""display.contact_reason"":""拟合响应/相似度接触门控"",""display.contact_segment"":615,""display.contact_age_ms"":3414.5949,""display.contact_last_end_ns"":1240509495697500}"
S20260919_A,000134,305,1240512972734300,1240512986329200,NormalizedFit,1,1,True,unknown,False,False,0.0,0.9932027633688926,nan,nan,0.46324191672565784,0.41658300732066755,0.7735096985582092,x,y,z,0.46324191672565784,0.41658300732066755,0.7735096985582092,,,,,,,,1.7107432199702308,0.3233210473295445,0.5711947421349834,"{""x"":0.46324191672565784,""y"":0.41658300732066755,""z"":0.7735096985582092,""dx"":null,""dy"":null,""mode5"":null,""Q"":null,""X"":null,""Y"":null,""Z"":null,""dX"":1.7107432199702308,""dY"":0.3233210473295445,""dZ"":0.5711947421349834}","{""amplitude_uT"":1822.640670415867,""contact_threshold_uT"":40.0,""contact_gate"":""shape-aware ridge classifier + amplitude floor"",""cosine_similarity"":0.9936008790936985,""anti_jump_policy"":""快速门控（阈值/形状）"",""calibration_depth_range_mm"":[0.2,0.8],""depth_extrapolated"":false,""relative_reference"":""first valid prediction since B0/no-contact"",""xy_semantics"":""continuous XY RBF refit on all 441 positions at 1 mm spacing"",""fit_model"":""441点1 mm连续XY/RBF＋跨深度连续Z＋接触/释放门控"",""fit_variant"":""dense441_1mm_continuous_development"",""evidence_tier"":""development_dense441_single_repeat_random_validation_pending"",""continuous_xy_method"":""kernel_rbf"",""working_range_model"":false,""working_range_mm"":null,""outside_declared_working_range"":false,""calibration_domain_mm"":{""x"":[-10.0,10.0],""y"":[-10.0,10.0],""depth"":[0.2,0.8]},""xy_outside_calibration_domain"":false,""excluded_calibration_samples"":0,""uncorrected_static_xyz_mm"":[0.46324191672565784,0.41658300732066755,0.7735096985582092],""unaligned_xyz_mm"":[-0.9304990167759581,0.8915699302675244,0.7735096985582092],""xy_rotation_deg"":-4.580684956890044,""xy_translation_mm"":[1.3195654319610284,-0.5464514666381837],""xy_translation_source"":""five_point_reassembly"",""xy_translation_details"":{""preset"":""5×5｜441点1mm连续"",""calibration_points"":5,""calibration_strategy"":""rigid_rotation_translation_v1"",""calibration_rms_mm"":0.507358956567797,""check_rms_mm"":null},""dynamic_model_enabled"":false,""dynamic_history_ready"":false,""dynamic_gate"":0.0,""contact_score"":0.999983784857708,""contact_score_threshold"":0.49492851692021117,""status"":""有效"",""preset"":""5×5｜441点1mm连续"",""needs_baseline"":false,""display.contact"":true,""display.contact_reason"":""拟合响应/相似度接触门控"",""display.contact_segment"":615,""display.contact_age_ms"":3440.5424,""display.contact_last_end_ns"":1240509495697500}"
S20260919_A,000134,306,1240512983049000,1240513018444800,NormalizedFit,1,1,True,unknown,False,False,0.0,0.9849701735251916,nan,nan,0.48770340177848526,0.36535466811054274,0.7738395189687423,x,y,z,0.48770340177848526,0.36535466811054274,0.7738395189687423,,,,,,,,1.7352047050230581,0.27209270811941966,0.5715245625455165,"{""x"":0.48770340177848526,""y"":0.36535466811054274,""z"":0.7738395189687423,""dx"":null,""dy"":null,""mode5"":null,""Q"":null,""X"":null,""Y"":null,""Z"":null,""dX"":1.7352047050230581,""dY"":0.27209270811941966,""dZ"":0.5715245625455165}","{""amplitude_uT"":1820.731622099479,""contact_threshold_uT"":40.0,""contact_gate"":""shape-aware ridge classifier + amplitude floor"",""cosine_similarity"":0.9935484829556922,""anti_jump_policy"":""快速门控（阈值/形状）"",""calibration_depth_range_mm"":[0.2,0.8],""depth_extrapolated"":false,""relative_reference"":""first valid prediction since B0/no-contact"",""xy_semantics"":""continuous XY RBF refit on all 441 positions at 1 mm spacing"",""fit_model"":""441点1 mm连续XY/RBF＋跨深度连续Z＋接触/释放门控"",""fit_variant"":""dense441_1mm_continuous_development"",""evidence_tier"":""development_dense441_single_repeat_random_validation_pending"",""continuous_xy_method"":""kernel_rbf"",""working_range_model"":false,""working_range_mm"":null,""outside_declared_working_range"":false,""calibration_domain_mm"":{""x"":[-10.0,10.0],""y"":[-10.0,10.0],""depth"":[0.2,0.8]},""xy_outside_calibration_domain"":false,""excluded_calibration_samples"":0,""uncorrected_static_xyz_mm"":[0.48770340177848526,0.36535466811054274,0.7738395189687423],""unaligned_xyz_mm"":[-0.9020244217330426,0.8424587866608104,0.7738395189687423],""xy_rotation_deg"":-4.580684956890044,""xy_translation_mm"":[1.3195654319610284,-0.5464514666381837],""xy_translation_source"":""five_point_reassembly"",""xy_translation_details"":{""preset"":""5×5｜441点1mm连续"",""calibration_points"":5,""calibration_strategy"":""rigid_rotation_translation_v1"",""calibration_rms_mm"":0.507358956567797,""check_rms_mm"":null},""dynamic_model_enabled"":false,""dynamic_history_ready"":false,""dynamic_gate"":0.0,""contact_score"":0.9999319479536595,""contact_score_threshold"":0.49492851692021117,""status"":""有效"",""preset"":""5×5｜441点1mm连续"",""needs_baseline"":false,""display.contact"":true,""display.contact_reason"":""拟合响应/相似度接触门控"",""display.contact_segment"":615,""display.contact_age_ms"":3450.8571,""display.contact_last_end_ns"":1240509495697500}"
S20260919_A,000134,307,1240513009649200,1240513021852900,NormalizedFit,1,1,True,unknown,False,False,0.0,0.9886542493363752,nan,nan,0.4788639745502308,0.3795238492620233,0.7772310894773603,x,y,z,0.4788639745502308,0.3795238492620233,0.7772310894773603,,,,,,,,1.7263652777948038,0.28626188927090024,0.5749161330541346,"{""x"":0.4788639745502308,""y"":0.3795238492620233,""z"":0.7772310894773603,""dx"":null,""dy"":null,""mode5"":null,""Q"":null,""X"":null,""Y"":null,""Z"":null,""dX"":1.7263652777948038,""dY"":0.28626188927090024,""dZ"":0.5749161330541346}","{""amplitude_uT"":1819.5219668300242,""contact_threshold_uT"":40.0,""contact_gate"":""shape-aware ridge classifier + amplitude floor"",""cosine_similarity"":0.9933810683991522,""anti_jump_policy"":""快速门控（阈值/形状）"",""calibration_depth_range_mm"":[0.2,0.8],""depth_extrapolated"":false,""relative_reference"":""first valid prediction since B0/no-contact"",""xy_semantics"":""continuous XY RBF refit on all 441 positions at 1 mm spacing"",""fit_model"":""441点1 mm连续XY/RBF＋跨深度连续Z＋接触/释放门控"",""fit_variant"":""dense441_1mm_continuous_development"",""evidence_tier"":""development_dense441_single_repeat_random_validation_pending"",""continuous_xy_method"":""kernel_rbf"",""working_range_model"":false,""working_range_mm"":null,""outside_declared_working_range"":false,""calibration_domain_mm"":{""x"":[-10.0,10.0],""y"":[-10.0,10.0],""depth"":[0.2,0.8]},""xy_outside_calibration_domain"":false,""excluded_calibration_samples"":0,""uncorrected_static_xyz_mm"":[0.4788639745502308,0.3795238492620233,0.7772310894773603],""unaligned_xyz_mm"":[-0.9119672063937005,0.8558767671876581,0.7772310894773603],""xy_rotation_deg"":-4.580684956890044,""xy_translation_mm"":[1.3195654319610284,-0.5464514666381837],""xy_translation_source"":""five_point_reassembly"",""xy_translation_details"":{""preset"":""5×5｜441点1mm连续"",""calibration_points"":5,""calibration_strategy"":""rigid_rotation_translation_v1"",""calibration_rms_mm"":0.507358956567797,""check_rms_mm"":null},""dynamic_model_enabled"":false,""dynamic_history_ready"":false,""dynamic_gate"":0.0,""contact_score"":0.9998738535070514,""contact_score_threshold"":0.49492851692021117,""status"":""有效"",""preset"":""5×5｜441点1mm连续"",""needs_baseline"":false,""display.contact"":true,""display.contact_reason"":""拟合响应/相似度接触门控"",""display.contact_segment"":615,""display.contact_age_ms"":3477.4573,""display.contact_last_end_ns"":1240509495697500}"
S20260919_A,000134,308,1240513036429700,1240513076153300,NormalizedFit,1,1,True,unknown,False,False,0.0,0.9883321875806075,nan,nan,0.5412546941890768,0.2967037040440288,0.7718878033967834,x,y,z,0.5412546941890768,0.2967037040440288,0.7718878033967834,,,,,,,,1.7887559974336498,0.20344174405290572,0.5695728469735577,"{""x"":0.5412546941890768,""y"":0.2967037040440288,""z"":0.7718878033967834,""dx"":null,""dy"":null,""mode5"":null,""Q"":null,""X"":null,""Y"":null,""Z"":null,""dX"":1.7887559974336498,""dY"":0.20344174405290572,""dZ"":0.5695728469735577}","{""amplitude_uT"":1820.6781922714954,""contact_threshold_uT"":40.0,""contact_gate"":""shape-aware ridge classifier + amplitude floor"",""cosine_similarity"":0.9935669841759893,""anti_jump_policy"":""快速门控（阈值/形状）"",""calibration_depth_range_mm"":[0.2,0.8],""depth_extrapolated"":false,""relative_reference"":""first valid prediction since B0/no-contact"",""xy_semantics"":""continuous XY RBF refit on all 441 positions at 1 mm spacing"",""fit_model"":""441点1 mm连续XY/RBF＋跨深度连续Z＋接触/释放门控"",""fit_variant"":""dense441_1mm_continuous_development"",""evidence_tier"":""development_dense441_single_repeat_random_validation_pending"",""continuous_xy_method"":""kernel_rbf"",""working_range_model"":false,""working_range_mm"":null,""outside_declared_working_range"":false,""calibration_domain_mm"":{""x"":[-10.0,10.0],""y"":[-10.0,10.0],""depth"":[0.2,0.8]},""xy_outside_calibration_domain"":false,""excluded_calibration_samples"":0,""uncorrected_static_xyz_mm"":[0.5412546941890768,0.2967037040440288,0.7718878033967834],""unaligned_xyz_mm"":[-0.8431615150628713,0.7783038647573028,0.7718878033967834],""xy_rotation_deg"":-4.580684956890044,""xy_translation_mm"":[1.3195654319610284,-0.5464514666381837],""xy_translation_source"":""five_point_reassembly"",""xy_translation_details"":{""preset"":""5×5｜441点1mm连续"",""calibration_points"":5,""calibration_strategy"":""rigid_rotation_translation_v1"",""calibration_rms_mm"":0.507358956567797,""check_rms_mm"":null},""dynamic_model_enabled"":false,""dynamic_history_ready"":false,""dynamic_gate"":0.0,""contact_score"":0.9999411682484326,""contact_score_threshold"":0.49492851692021117,""status"":""有效"",""preset"":""5×5｜441点1mm连续"",""needs_baseline"":false,""display.contact"":true,""display.contact_reason"":""拟合响应/相似度接触门控"",""display.contact_segment"":615,""display.contact_age_ms"":3504.2378,""display.contact_last_end_ns"":1240509495697500}"
S20260919_A,000134,309,1240513049340300,1240513079271600,NormalizedFit,1,1,True,unknown,False,False,0.0,0.9652589232642517,nan,nan,0.457976665528376,0.34893295430840543,0.774743800343301,x,y,z,0.457976665528376,0.34893295430840543,0.774743800343301,,,,,,,,1.705477968772949,0.25567099431728235,0.5724288439200753,"{""x"":0.457976665528376,""y"":0.34893295430840543,""z"":0.774743800343301,""dx"":null,""dy"":null,""mode5"":null,""Q"":null,""X"":null,""Y"":null,""Z"":null,""dX"":1.705477968772949,""dY"":0.25567099431728235,""dZ"":0.5724288439200753}","{""amplitude_uT"":1819.376894313545,""contact_threshold_uT"":40.0,""contact_gate"":""shape-aware ridge classifier + amplitude floor"",""cosine_similarity"":0.9936398010060052,""anti_jump_policy"":""快速门控（阈值/形状）"",""calibration_depth_range_mm"":[0.2,0.8],""depth_extrapolated"":false,""relative_reference"":""first valid prediction since B0/no-contact"",""xy_semantics"":""continuous XY RBF refit on all 441 positions at 1 mm spacing"",""fit_model"":""441点1 mm连续XY/RBF＋跨深度连续Z＋接触/释放门控"",""fit_variant"":""dense441_1mm_continuous_development"",""evidence_tier"":""development_dense441_single_repeat_random_validation_pending"",""continuous_xy_method"":""kernel_rbf"",""working_range_model"":false,""working_range_mm"":null,""outside_declared_working_range"":false,""calibration_domain_mm"":{""x"":[-10.0,10.0],""y"":[-10.0,10.0],""depth"":[0.2,0.8]},""xy_outside_calibration_domain"":false,""excluded_calibration_samples"":0,""uncorrected_static_xyz_mm"":[0.457976665528376,0.34893295430840543,0.774743800343301],""unaligned_xyz_mm"":[-0.9303447209615454,0.8237154629456596,0.774743800343301],""xy_rotation_deg"":-4.580684956890044,""xy_translation_mm"":[1.3195654319610284,-0.5464514666381837],""xy_translation_source"":""five_point_reassembly"",""xy_translation_details"":{""preset"":""5×5｜441点1mm连续"",""calibration_points"":5,""calibration_strategy"":""rigid_rotation_translation_v1"",""calibration_rms_mm"":0.507358956567797,""check_rms_mm"":null},""dynamic_model_enabled"":false,""dynamic_history_ready"":false,""dynamic_gate"":0.0,""contact_score"":0.9999243413746071,""contact_score_threshold"":0.49492851692021117,""status"":""有效"",""preset"":""5×5｜441点1mm连续"",""needs_baseline"":false,""display.contact"":true,""display.contact_reason"":""拟合响应/相似度接触门控"",""display.contact_segment"":615,""display.contact_age_ms"":3517.1484,""display.contact_last_end_ns"":1240509495697500}"
S20260919_A,000134,310,1240513075343800,1240513111920400,NormalizedFit,1,1,True,unknown,False,False,0.0,0.9862795269925017,nan,nan,0.45773405120435295,0.3905668306596255,0.7814629834618522,x,y,z,0.45773405120435295,0.3905668306596255,0.7814629834618522,,,,,,,,1.7052353544489258,0.2973048706685024,0.5791480270386264,"{""x"":0.45773405120435295,""y"":0.3905668306596255,""z"":0.7814629834618522,""dx"":null,""dy"":null,""mode5"":null,""Q"":null,""X"":null,""Y"":null,""Z"":null,""dX"":1.7052353544489258,""dY"":0.2973048706685024,""dZ"":0.5791480270386264}","{""amplitude_uT"":1822.8695012644214,""contact_threshold_uT"":40.0,""contact_gate"":""shape-aware ridge classifier + amplitude floor"",""cosine_similarity"":0.9936323126500906,""anti_jump_policy"":""快速门控（阈值/形状）"",""calibration_depth_range_mm"":[0.2,0.8],""depth_extrapolated"":false,""relative_reference"":""first valid prediction since B0/no-contact"",""xy_semantics"":""continuous XY RBF refit on all 441 positions at 1 mm spacing"",""fit_model"":""441点1 mm连续XY/RBF＋跨深度连续Z＋接触/释放门控"",""fit_variant"":""dense441_1mm_continuous_development"",""evidence_tier"":""development_dense441_single_repeat_random_validation_pending"",""continuous_xy_method"":""kernel_rbf"",""working_range_model"":false,""working_range_mm"":null,""outside_declared_working_range"":false,""calibration_domain_mm"":{""x"":[-10.0,10.0],""y"":[-10.0,10.0],""depth"":[0.2,0.8]},""xy_outside_calibration_domain"":false,""excluded_calibration_samples"":0,""uncorrected_static_xyz_mm"":[0.45773405120435295,0.3905668306596255,0.7814629834618522],""unaligned_xyz_mm"":[-0.933911562217927,0.8651969788918095,0.7814629834618522],""xy_rotation_deg"":-4.580684956890044,""xy_translation_mm"":[1.3195654319610284,-0.5464514666381837],""xy_translation_source"":""five_point_reassembly"",""xy_translation_details"":{""preset"":""5×5｜441点1mm连续"",""calibration_points"":5,""calibration_strategy"":""rigid_rotation_translation_v1"",""calibration_rms_mm"":0.507358956567797,""check_rms_mm"":null},""dynamic_model_enabled"":false,""dynamic_history_ready"":false,""dynamic_gate"":0.0,""contact_score"":0.9998779776575344,""contact_score_threshold"":0.49492851692021117,""status"":""有效"",""preset"":""5×5｜441点1mm连续"",""needs_baseline"":false,""display.contact"":true,""display.contact_reason"":""拟合响应/相似度接触门控"",""display.contact_segment"":615,""display.contact_age_ms"":3543.1519,""display.contact_last_end_ns"":1240509495697500}"
S20260919_A,000134,311,1240513102226600,1240513115932400,NormalizedFit,1,1,True,unknown,False,False,0.0,0.976464743527778,nan,nan,0.4320763357745425,0.3937380924766919,0.7821532777846233,x,y,z,0.4320763357745425,0.3937380924766919,0.7821532777846233,,,,,,,,1.6795776390191155,0.3004761324855688,0.5798383213613976,"{""x"":0.4320763357745425,""y"":0.3937380924766919,""z"":0.7821532777846233,""dx"":null,""dy"":null,""mode5"":null,""Q"":null,""X"":null,""Y"":null,""Z"":null,""dX"":1.6795776390191155,""dY"":0.3004761324855688,""dZ"":0.5798383213613976}","{""amplitude_uT"":1824.0030776300791,""contact_threshold_uT"":40.0,""contact_gate"":""shape-aware ridge classifier + amplitude floor"",""cosine_similarity"":0.9936948010669374,""anti_jump_policy"":""快速门控（阈值/形状）"",""calibration_depth_range_mm"":[0.2,0.8],""depth_extrapolated"":false,""relative_reference"":""first valid prediction since B0/no-contact"",""xy_semantics"":""continuous XY RBF refit on all 441 positions at 1 mm spacing"",""fit_model"":""441点1 mm连续XY/RBF＋跨深度连续Z＋接触/释放门控"",""fit_variant"":""dense441_1mm_continuous_development"",""evidence_tier"":""development_dense441_single_repeat_random_validation_pending"",""continuous_xy_method"":""kernel_rbf"",""working_range_model"":false,""working_range_mm"":null,""outside_declared_working_range"":false,""calibration_domain_mm"":{""x"":[-10.0,10.0],""y"":[-10.0,10.0],""depth"":[0.2,0.8]},""xy_outside_calibration_domain"":false,""excluded_calibration_samples"":0,""uncorrected_static_xyz_mm"":[0.4320763357745425,0.3937380924766919,0.7821532777846233],""unaligned_xyz_mm"":[-0.9597405894033169,0.8663090118256322,0.7821532777846233],""xy_rotation_deg"":-4.580684956890044,""xy_translation_mm"":[1.3195654319610284,-0.5464514666381837],""xy_translation_source"":""five_point_reassembly"",""xy_translation_details"":{""preset"":""5×5｜441点1mm连续"",""calibration_points"":5,""calibration_strategy"":""rigid_rotation_translation_v1"",""calibration_rms_mm"":0.507358956567797,""check_rms_mm"":null},""dynamic_model_enabled"":false,""dynamic_history_ready"":false,""dynamic_gate"":0.0,""contact_score"":0.999873616430851,""contact_score_threshold"":0.49492851692021117,""status"":""有效"",""preset"":""5×5｜441点1mm连续"",""needs_baseline"":false,""display.contact"":true,""display.contact_reason"":""拟合响应/相似度接触门控"",""display.contact_segment"":615,""display.contact_age_ms"":3570.0347,""display.contact_last_end_ns"":1240509495697500}"
S20260919_A,000134,312,1240513113199200,1240513168411600,NormalizedFit,1,1,True,unknown,False,False,0.0,0.9606087771708564,nan,nan,0.4652497630856711,0.3108430272791306,0.7808255202786091,x,y,z,0.4652497630856711,0.3108430272791306,0.7808255202786091,,,,,,,,1.712751066330244,0.21758106728800752,0.5785105638553834,"{""x"":0.4652497630856711,""y"":0.3108430272791306,""z"":0.7808255202786091,""dx"":null,""dy"":null,""mode5"":null,""Q"":null,""X"":null,""Y"":null,""Z"":null,""dX"":1.712751066330244,""dY"":0.21758106728800752,""dZ"":0.5785105638553834}","{""amplitude_uT"":1823.0724794053035,""contact_threshold_uT"":40.0,""contact_gate"":""shape-aware ridge classifier + amplitude floor"",""cosine_similarity"":0.9938761567624781,""anti_jump_policy"":""快速门控（阈值/形状）"",""calibration_depth_range_mm"":[0.2,0.8],""depth_extrapolated"":false,""relative_reference"":""first valid prediction since B0/no-contact"",""xy_semantics"":""continuous XY RBF refit on all 441 positions at 1 mm spacing"",""fit_model"":""441点1 mm连续XY/RBF＋跨深度连续Z＋接触/释放门控"",""fit_variant"":""dense441_1mm_continuous_development"",""evidence_tier"":""development_dense441_single_repeat_random_validation_pending"",""continuous_xy_method"":""kernel_rbf"",""working_range_model"":false,""working_range_mm"":null,""outside_declared_working_range"":false,""calibration_domain_mm"":{""x"":[-10.0,10.0],""y"":[-10.0,10.0],""depth"":[0.2,0.8]},""xy_outside_calibration_domain"":false,""excluded_calibration_samples"":0,""uncorrected_static_xyz_mm"":[0.4652497630856711,0.3108430272791306,0.7808255202786091],""unaligned_xyz_mm"":[-0.9200528828863375,0.7863280511843849,0.7808255202786091],""xy_rotation_deg"":-4.580684956890044,""xy_translation_mm"":[1.3195654319610284,-0.5464514666381837],""xy_translation_source"":""five_point_reassembly"",""xy_translation_details"":{""preset"":""5×5｜441点1mm连续"",""calibration_points"":5,""calibration_strategy"":""rigid_rotation_translation_v1"",""calibration_rms_mm"":0.507358956567797,""check_rms_mm"":null},""dynamic_model_enabled"":false,""dynamic_history_ready"":false,""dynamic_gate"":0.0,""contact_score"":0.9999060712540606,""contact_score_threshold"":0.49492851692021117,""status"":""有效"",""preset"":""5×5｜441点1mm连续"",""needs_baseline"":false,""display.contact"":true,""display.contact_reason"":""拟合响应/相似度接触门控"",""display.contact_segment"":615,""display.contact_age_ms"":3581.0073,""display.contact_last_end_ns"":1240509495697500}"
S20260919_A,000134,313,1240513125136300,1240513172377300,NormalizedFit,1,1,True,unknown,False,False,0.0,0.9744346967853187,nan,nan,0.4656803313611114,0.3507525832639312,0.7807928231075004,x,y,z,0.4656803313611114,0.3507525832639312,0.7807928231075004,,,,,,,,1.7131816346056845,0.25749062327280814,0.5784778666842747,"{""x"":0.4656803313611114,""y"":0.3507525832639312,""z"":0.7807928231075004,""dx"":null,""dy"":null,""mode5"":null,""Q"":null,""X"":null,""Y"":null,""Z"":null,""dX"":1.7131816346056845,""dY"":0.25749062327280814,""dZ"":0.5784778666842747}","{""amplitude_uT"":1825.8112641608118,""contact_threshold_uT"":40.0,""contact_gate"":""shape-aware ridge classifier + amplitude floor"",""cosine_similarity"":0.9936972999703008,""anti_jump_policy"":""快速门控（阈值/形状）"",""calibration_depth_range_mm"":[0.2,0.8],""depth_extrapolated"":false,""relative_reference"":""first valid prediction since B0/no-contact"",""xy_semantics"":""continuous XY RBF refit on all 441 positions at 1 mm spacing"",""fit_model"":""441点1 mm连续XY/RBF＋跨深度连续Z＋接触/释放门控"",""fit_variant"":""dense441_1mm_continuous_development"",""evidence_tier"":""development_dense441_single_repeat_random_validation_pending"",""continuous_xy_method"":""kernel_rbf"",""working_range_model"":false,""working_range_mm"":null,""outside_declared_working_range"":false,""calibration_domain_mm"":{""x"":[-10.0,10.0],""y"":[-10.0,10.0],""depth"":[0.2,0.8]},""xy_outside_calibration_domain"":false,""excluded_calibration_samples"":0,""uncorrected_static_xyz_mm"":[0.4656803313611114,0.3507525832639312,0.7807928231075004],""unaligned_xyz_mm"":[-0.9228109825686239,0.8261445167995838,0.7807928231075004],""xy_rotation_deg"":-4.580684956890044,""xy_translation_mm"":[1.3195654319610284,-0.5464514666381837],""xy_translation_source"":""five_point_reassembly"",""xy_translation_details"":{""preset"":""5×5｜441点1mm连续"",""calibration_points"":5,""calibration_strategy"":""rigid_rotation_translation_v1"",""calibration_rms_mm"":0.507358956567797,""check_rms_mm"":null},""dynamic_model_enabled"":false,""dynamic_history_ready"":false,""dynamic_gate"":0.0,""contact_score"":0.9999337734972349,""contact_score_threshold"":0.49492851692021117,""status"":""有效"",""preset"":""5×5｜441点1mm连续"",""needs_baseline"":false,""display.contact"":true,""display.contact_reason"":""拟合响应/相似度接触门控"",""display.contact_segment"":615,""display.contact_age_ms"":3592.9444,""display.contact_last_end_ns"":1240509495697500}"
S20260919_A,000134,314,1240513152053100,1240513175049200,NormalizedFit,1,1,True,unknown,False,False,0.0,0.9497952787421213,nan,nan,0.40316417643786684,0.3596355559916855,0.7811734667950211,x,y,z,0.40316417643786684,0.3596355559916855,0.7811734667950211,,,,,,,,1.6506654796824398,0.26637359600056243,0.5788585103717954,"{""x"":0.40316417643786684,""y"":0.3596355559916855,""z"":0.7811734667950211,""dx"":null,""dy"":null,""mode5"":null,""Q"":null,""X"":null,""Y"":null,""Z"":null,""dX"":1.6506654796824398,""dY"":0.26637359600056243,""dZ"":0.5788585103717954}","{""amplitude_uT"":1826.8817132222878,""contact_threshold_uT"":40.0,""contact_gate"":""shape-aware ridge classifier + amplitude floor"",""cosine_similarity"":0.9935575642376193,""anti_jump_policy"":""快速门控（阈值/形状）"",""calibration_depth_range_mm"":[0.2,0.8],""depth_extrapolated"":false,""relative_reference"":""first valid prediction since B0/no-contact"",""xy_semantics"":""continuous XY RBF refit on all 441 positions at 1 mm spacing"",""fit_model"":""441点1 mm连续XY/RBF＋跨深度连续Z＋接触/释放门控"",""fit_variant"":""dense441_1mm_continuous_development"",""evidence_tier"":""development_dense441_single_repeat_random_validation_pending"",""continuous_xy_method"":""kernel_rbf"",""working_range_model"":false,""working_range_mm"":null,""outside_declared_working_range"":false,""calibration_domain_mm"":{""x"":[-10.0,10.0],""y"":[-10.0,10.0],""depth"":[0.2,0.8]},""xy_outside_calibration_domain"":false,""excluded_calibration_samples"":0,""uncorrected_static_xyz_mm"":[0.40316417643786684,0.3596355559916855,0.7811734667950211],""unaligned_xyz_mm"":[-0.9858368719153145,0.830006394960253,0.7811734667950211],""xy_rotation_deg"":-4.580684956890044,""xy_translation_mm"":[1.3195654319610284,-0.5464514666381837],""xy_translation_source"":""five_point_reassembly"",""xy_translation_details"":{""preset"":""5×5｜441点1mm连续"",""calibration_points"":5,""calibration_strategy"":""rigid_rotation_translation_v1"",""calibration_rms_mm"":0.507358956567797,""check_rms_mm"":null},""dynamic_model_enabled"":false,""dynamic_history_ready"":false,""dynamic_gate"":0.0,""contact_score"":0.9998979316050947,""contact_score_threshold"":0.49492851692021117,""status"":""有效"",""preset"":""5×5｜441点1mm连续"",""needs_baseline"":false,""display.contact"":true,""display.contact_reason"":""拟合响应/相似度接触门控"",""display.contact_segment"":615,""display.contact_age_ms"":3619.8612,""display.contact_last_end_ns"":1240509495697500}"
S20260919_A,000134,315,1240513178959200,1240513207586300,NormalizedFit,1,1,True,unknown,False,False,0.0,0.9479227105849823,nan,nan,0.4717581841533377,0.267982802563305,0.7772946021023447,x,y,z,0.4717581841533377,0.267982802563305,0.7772946021023447,,,,,,,,1.7192594873979106,0.1747208425721819,0.574979645679119,"{""x"":0.4717581841533377,""y"":0.267982802563305,""z"":0.7772946021023447,""dx"":null,""dy"":null,""mode5"":null,""Q"":null,""X"":null,""Y"":null,""Z"":null,""dX"":1.7192594873979106,""dY"":0.1747208425721819,""dZ"":0.574979645679119}","{""amplitude_uT"":1823.6105130389003,""contact_threshold_uT"":40.0,""contact_gate"":""shape-aware ridge classifier + amplitude floor"",""cosine_similarity"":0.9933387980956588,""anti_jump_policy"":""快速门控（阈值/形状）"",""calibration_depth_range_mm"":[0.2,0.8],""depth_extrapolated"":false,""relative_reference"":""first valid prediction since B0/no-contact"",""xy_semantics"":""continuous XY RBF refit on all 441 positions at 1 mm spacing"",""fit_model"":""441点1 mm连续XY/RBF＋跨深度连续Z＋接触/释放门控"",""fit_variant"":""dense441_1mm_continuous_development"",""evidence_tier"":""development_dense441_single_repeat_random_validation_pending"",""continuous_xy_method"":""kernel_rbf"",""working_range_model"":false,""working_range_mm"":null,""outside_declared_working_range"":false,""calibration_domain_mm"":{""x"":[-10.0,10.0],""y"":[-10.0,10.0],""depth"":[0.2,0.8]},""xy_outside_calibration_domain"":false,""excluded_calibration_samples"":0,""uncorrected_static_xyz_mm"":[0.4717581841533377,0.267982802563305,0.7772946021023447],""unaligned_xyz_mm"":[-0.9101423090341414,0.744124509468016,0.7772946021023447],""xy_rotation_deg"":-4.580684956890044,""xy_translation_mm"":[1.3195654319610284,-0.5464514666381837],""xy_translation_source"":""five_point_reassembly"",""xy_translation_details"":{""preset"":""5×5｜441点1mm连续"",""calibration_points"":5,""calibration_strategy"":""rigid_rotation_translation_v1"",""calibration_rms_mm"":0.507358956567797,""check_rms_mm"":null},""dynamic_model_enabled"":false,""dynamic_history_ready"":false,""dynamic_gate"":0.0,""contact_score"":0.9999492304381568,""contact_score_threshold"":0.49492851692021117,""status"":""有效"",""preset"":""5×5｜441点1mm连续"",""needs_baseline"":false,""display.contact"":true,""display.contact_reason"":""拟合响应/相似度接触门控"",""display.contact_segment"":615,""display.contact_age_ms"":3646.7673,""display.contact_last_end_ns"":1240509495697500}"
S20260919_A,000134,316,1240513189172600,1240513210455900,NormalizedFit,1,1,True,unknown,False,False,0.0,0.9651036472812902,nan,nan,0.47999081742045124,0.31827139646539704,0.7744270032609025,x,y,z,0.47999081742045124,0.31827139646539704,0.7744270032609025,,,,,,,,1.7274921206650242,0.22500943647427396,0.5721120468376768,"{""x"":0.47999081742045124,""y"":0.31827139646539704,""z"":0.7744270032609025,""dx"":null,""dy"":null,""mode5"":null,""Q"":null,""X"":null,""Y"":null,""Z"":null,""dX"":1.7274921206650242,""dY"":0.22500943647427396,""dZ"":0.5721120468376768}","{""amplitude_uT"":1823.8664536932931,""contact_threshold_uT"":40.0,""contact_gate"":""shape-aware ridge classifier + amplitude floor"",""cosine_similarity"":0.9934442634925548,""anti_jump_policy"":""快速门控（阈值/形状）"",""calibration_depth_range_mm"":[0.2,0.8],""depth_extrapolated"":false,""relative_reference"":""first valid prediction since B0/no-contact"",""xy_semantics"":""continuous XY RBF refit on all 441 positions at 1 mm spacing"",""fit_model"":""441点1 mm连续XY/RBF＋跨深度连续Z＋接触/释放门控"",""fit_variant"":""dense441_1mm_continuous_development"",""evidence_tier"":""development_dense441_single_repeat_random_validation_pending"",""continuous_xy_method"":""kernel_rbf"",""working_range_model"":false,""working_range_mm"":null,""outside_declared_working_range"":false,""calibration_domain_mm"":{""x"":[-10.0,10.0],""y"":[-10.0,10.0],""depth"":[0.2,0.8]},""xy_outside_calibration_domain"":false,""excluded_calibration_samples"":0,""uncorrected_static_xyz_mm"":[0.47999081742045124,0.31827139646539704,0.7744270032609025],""unaligned_xyz_mm"":[-0.9059521646408579,0.7949099563708812,0.7744270032609025],""xy_rotation_deg"":-4.580684956890044,""xy_translation_mm"":[1.3195654319610284,-0.5464514666381837],""xy_translation_source"":""five_point_reassembly"",""xy_translation_details"":{""preset"":""5×5｜441点1mm连续"",""calibration_points"":5,""calibration_strategy"":""rigid_rotation_translation_v1"",""calibration_rms_mm"":0.507358956567797,""check_rms_mm"":null},""dynamic_model_enabled"":false,""dynamic_history_ready"":false,""dynamic_gate"":0.0,""contact_score"":0.999954513222024,""contact_score_threshold"":0.49492851692021117,""status"":""有效"",""preset"":""5×5｜441点1mm连续"",""needs_baseline"":false,""display.contact"":true,""display.contact_reason"":""拟合响应/相似度接触门控"",""display.contact_segment"":615,""display.contact_age_ms"":3656.9807,""display.contact_last_end_ns"":1240509495697500}"
S20260919_A,000134,317,1240513215788100,1240513262457200,NormalizedFit,1,1,True,unknown,False,False,0.0,0.9980521598874709,nan,nan,0.5031038035244455,0.39704256770940805,0.7650829211020215,x,y,z,0.5031038035244455,0.39704256770940805,0.7650829211020215,,,,,,,,1.7506051067690185,0.30378060771828497,0.5627679646787958,"{""x"":0.5031038035244455,""y"":0.39704256770940805,""z"":0.7650829211020215,""dx"":null,""dy"":null,""mode5"":null,""Q"":null,""X"":null,""Y"":null,""Z"":null,""dX"":1.7506051067690185,""dY"":0.30378060771828497,""dZ"":0.5627679646787958}","{""amplitude_uT"":1824.3687335856753,""contact_threshold_uT"":40.0,""contact_gate"":""shape-aware ridge classifier + amplitude floor"",""cosine_similarity"":0.9932438824372647,""anti_jump_policy"":""快速门控（阈值/形状）"",""calibration_depth_range_mm"":[0.2,0.8],""depth_extrapolated"":false,""relative_reference"":""first valid prediction since B0/no-contact"",""xy_semantics"":""continuous XY RBF refit on all 441 positions at 1 mm spacing"",""fit_model"":""441点1 mm连续XY/RBF＋跨深度连续Z＋接触/释放门控"",""fit_variant"":""dense441_1mm_continuous_development"",""evidence_tier"":""development_dense441_single_repeat_random_validation_pending"",""continuous_xy_method"":""kernel_rbf"",""working_range_model"":false,""working_range_mm"":null,""outside_declared_working_range"":false,""calibration_domain_mm"":{""x"":[-10.0,10.0],""y"":[-10.0,10.0],""depth"":[0.2,0.8]},""xy_outside_calibration_domain"":false,""excluded_calibration_samples"":0,""uncorrected_static_xyz_mm"":[0.5031038035244455,0.39704256770940805,0.7650829211020215],""unaligned_xyz_mm"":[-0.88920389844513,0.8752753912619697,0.7650829211020215],""xy_rotation_deg"":-4.580684956890044,""xy_translation_mm"":[1.3195654319610284,-0.5464514666381837],""xy_translation_source"":""five_point_reassembly"",""xy_translation_details"":{""preset"":""5×5｜441点1mm连续"",""calibration_points"":5,""calibration_strategy"":""rigid_rotation_translation_v1"",""calibration_rms_mm"":0.507358956567797,""check_rms_mm"":null},""dynamic_model_enabled"":false,""dynamic_history_ready"":false,""dynamic_gate"":0.0,""contact_score"":1.0000417858035915,""contact_score_threshold"":0.49492851692021117,""status"":""有效"",""preset"":""5×5｜441点1mm连续"",""needs_baseline"":false,""display.contact"":true,""display.contact_reason"":""拟合响应/相似度接触门控"",""display.contact_segment"":615,""display.contact_age_ms"":3683.5962,""display.contact_last_end_ns"":1240509495697500}"
S20260919_A,000134,318,1240513242780800,1240513266529700,NormalizedFit,1,1,True,unknown,False,False,0.0,0.9938583090552997,nan,nan,0.3683832396269071,0.5185792479979134,0.7636253602298465,x,y,z,0.3683832396269071,0.5185792479979134,0.7636253602298465,,,,,,,,1.61588454287148,0.42531728800679036,0.5613104038066208,"{""x"":0.3683832396269071,""y"":0.5185792479979134,""z"":0.7636253602298465,""dx"":null,""dy"":null,""mode5"":null,""Q"":null,""X"":null,""Y"":null,""Z"":null,""dX"":1.61588454287148,""dY"":0.42531728800679036,""dZ"":0.5613104038066208}","{""amplitude_uT"":1828.2165569300046,""contact_threshold_uT"":40.0,""contact_gate"":""shape-aware ridge classifier + amplitude floor"",""cosine_similarity"":0.9933050201363196,""anti_jump_policy"":""快速门控（阈值/形状）"",""calibration_depth_range_mm"":[0.2,0.8],""depth_extrapolated"":false,""relative_reference"":""first valid prediction since B0/no-contact"",""xy_semantics"":""continuous XY RBF refit on all 441 positions at 1 mm spacing"",""fit_model"":""441点1 mm连续XY/RBF＋跨深度连续Z＋接触/释放门控"",""fit_variant"":""dense441_1mm_continuous_development"",""evidence_tier"":""development_dense441_single_repeat_random_validation_pending"",""continuous_xy_method"":""kernel_rbf"",""working_range_model"":false,""working_range_mm"":null,""outside_declared_working_range"":false,""calibration_domain_mm"":{""x"":[-10.0,10.0],""y"":[-10.0,10.0],""depth"":[0.2,0.8]},""xy_outside_calibration_domain"":false,""excluded_calibration_samples"":0,""uncorrected_static_xyz_mm"":[0.3683832396269071,0.5185792479979134,0.7636253602298465],""unaligned_xyz_mm"":[-1.0332004167821283,0.9856646919176204,0.7636253602298465],""xy_rotation_deg"":-4.580684956890044,""xy_translation_mm"":[1.3195654319610284,-0.5464514666381837],""xy_translation_source"":""five_point_reassembly"",""xy_translation_details"":{""preset"":""5×5｜441点1mm连续"",""calibration_points"":5,""calibration_strategy"":""rigid_rotation_translation_v1"",""calibration_rms_mm"":0.507358956567797,""check_rms_mm"":null},""dynamic_model_enabled"":false,""dynamic_history_ready"":false,""dynamic_gate"":0.0,""contact_score"":1.0000251599119432,""contact_score_threshold"":0.49492851692021117,""status"":""有效"",""preset"":""5×5｜441点1mm连续"",""needs_baseline"":false,""display.contact"":true,""display.contact_reason"":""拟合响应/相似度接触门控"",""display.contact_segment"":615,""display.contact_age_ms"":3710.5889,""display.contact_last_end_ns"":1240509495697500}"
S20260919_A,000134,319,1240513253760100,1240513269128000,NormalizedFit,1,1,True,unknown,False,False,0.0,1.0697363960018371,nan,nan,0.3959079290931916,0.6258224501123488,0.7719709382791015,x,y,z,0.3959079290931916,0.6258224501123488,0.7719709382791015,,,,,,,,1.6434092323377647,0.5325604901212257,0.5696559818558757,"{""x"":0.3959079290931916,""y"":0.6258224501123488,""z"":0.7719709382791015,""dx"":null,""dy"":null,""mode5"":null,""Q"":null,""X"":null,""Y"":null,""Z"":null,""dX"":1.6434092323377647,""dY"":0.5325604901212257,""dZ"":0.5696559818558757}","{""amplitude_uT"":1858.641888648268,""contact_threshold_uT"":40.0,""contact_gate"":""shape-aware ridge classifier + amplitude floor"",""cosine_similarity"":0.9930917765897556,""anti_jump_policy"":""快速门控（阈值/形状）"",""calibration_depth_range_mm"":[0.2,0.8],""depth_extrapolated"":false,""relative_reference"":""first valid prediction since B0/no-contact"",""xy_semantics"":""continuous XY RBF refit on all 441 positions at 1 mm spacing"",""fit_model"":""441点1 mm连续XY/RBF＋跨深度连续Z＋接触/释放门控"",""fit_variant"":""dense441_1mm_continuous_development"",""evidence_tier"":""development_dense441_single_repeat_random_validation_pending"",""continuous_xy_method"":""kernel_rbf"",""working_range_model"":false,""working_range_mm"":null,""outside_declared_working_range"":false,""calibration_domain_mm"":{""x"":[-10.0,10.0],""y"":[-10.0,10.0],""depth"":[0.2,0.8]},""xy_outside_calibration_domain"":false,""excluded_calibration_samples"":0,""uncorrected_static_xyz_mm"":[0.3959079290931916,0.6258224501123488,0.7719709382791015],""unaligned_xyz_mm"":[-1.0143283976313668,1.0947635453632287,0.7719709382791015],""xy_rotation_deg"":-4.580684956890044,""xy_translation_mm"":[1.3195654319610284,-0.5464514666381837],""xy_translation_source"":""five_point_reassembly"",""xy_translation_details"":{""preset"":""5×5｜441点1mm连续"",""calibration_points"":5,""calibration_strategy"":""rigid_rotation_translation_v1"",""calibration_rms_mm"":0.507358956567797,""check_rms_mm"":null},""dynamic_model_enabled"":false,""dynamic_history_ready"":false,""dynamic_gate"":0.0,""contact_score"":1.0001723268067302,""contact_score_threshold"":0.49492851692021117,""status"":""有效"",""preset"":""5×5｜441点1mm连续"",""needs_baseline"":false,""display.contact"":true,""display.contact_reason"":""拟合响应/相似度接触门控"",""display.contact_segment"":615,""display.contact_age_ms"":3721.5682,""display.contact_last_end_ns"":1240509495697500}"
S20260919_A,000134,320,1240513279597000,1240513301646400,NormalizedFit,1,1,True,unknown,False,False,0.0,1.1343031446448308,nan,nan,0.4596671586188934,0.6463715655109046,0.8108967422165213,x,y,z,0.4596671586188934,0.6463715655109046,0.8108967422165213,,,,,,,,1.7071684618634664,0.5531096055197815,0.6085817857932956,"{""x"":0.4596671586188934,""y"":0.6463715655109046,""z"":0.8108967422165213,""dx"":null,""dy"":null,""mode5"":null,""Q"":null,""X"":null,""Y"":null,""Z"":null,""dX"":1.7071684618634664,""dY"":0.5531096055197815,""dZ"":0.6085817857932956}","{""amplitude_uT"":1950.3703626006527,""contact_threshold_uT"":40.0,""contact_gate"":""shape-aware ridge classifier + amplitude floor"",""cosine_similarity"":0.992030187723493,""anti_jump_policy"":""快速门控（阈值/形状）"",""calibration_depth_range_mm"":[0.2,0.8],""depth_extrapolated"":true,""relative_reference"":""first valid prediction since B0/no-contact"",""xy_semantics"":""continuous XY RBF refit on all 441 positions at 1 mm spacing"",""fit_model"":""441点1 mm连续XY/RBF＋跨深度连续Z＋接触/释放门控"",""fit_variant"":""dense441_1mm_continuous_development"",""evidence_tier"":""development_dense441_single_repeat_random_validation_pending"",""continuous_xy_method"":""kernel_rbf"",""working_range_model"":false,""working_range_mm"":null,""outside_declared_working_range"":false,""calibration_domain_mm"":{""x"":[-10.0,10.0],""y"":[-10.0,10.0],""depth"":[0.2,0.8]},""xy_outside_calibration_domain"":false,""excluded_calibration_samples"":0,""uncorrected_static_xyz_mm"":[0.4596671586188934,0.6463715655109046,0.8108967422165213],""unaligned_xyz_mm"":[-0.9524139359899195,1.1203390205889998,0.8108967422165213],""xy_rotation_deg"":-4.580684956890044,""xy_translation_mm"":[1.3195654319610284,-0.5464514666381837],""xy_translation_source"":""five_point_reassembly"",""xy_translation_details"":{""preset"":""5×5｜441点1mm连续"",""calibration_points"":5,""calibration_strategy"":""rigid_rotation_translation_v1"",""calibration_rms_mm"":0.507358956567797,""check_rms_mm"":null},""dynamic_model_enabled"":false,""dynamic_history_ready"":false,""dynamic_gate"":0.0,""contact_score"":1.000224719719116,""contact_score_threshold"":0.49492851692021117,""status"":""有效"",""preset"":""5×5｜441点1mm连续"",""needs_baseline"":false,""display.contact"":true,""display.contact_reason"":""拟合响应/相似度接触门控"",""display.contact_segment"":615,""display.contact_age_ms"":3747.4051,""display.contact_last_end_ns"":1240509495697500}"
S20260919_A,000134,321,1240513306572200,1240513334332200,NormalizedFit,1,1,True,unknown,False,False,0.0,1.0791599544982218,nan,nan,0.3922254853769652,0.5266808516533459,0.8563601208108153,x,y,z,0.3922254853769652,0.5266808516533459,0.8563601208108153,,,,,,,,1.6397267886215383,0.4334188916622228,0.6540451643875895,"{""x"":0.3922254853769652,""y"":0.5266808516533459,""z"":0.8563601208108153,""dx"":null,""dy"":null,""mode5"":null,""Q"":null,""X"":null,""Y"":null,""Z"":null,""dX"":1.6397267886215383,""dY"":0.4334188916622228,""dZ"":0.6540451643875895}","{""amplitude_uT"":2094.7223364154975,""contact_threshold_uT"":40.0,""contact_gate"":""shape-aware ridge classifier + amplitude floor"",""cosine_similarity"":0.991425235314681,""anti_jump_policy"":""快速门控（阈值/形状）"",""calibration_depth_range_mm"":[0.2,0.8],""depth_extrapolated"":true,""relative_reference"":""first valid prediction since B0/no-contact"",""xy_semantics"":""continuous XY RBF refit on all 441 positions at 1 mm spacing"",""fit_model"":""441点1 mm连续XY/RBF＋跨深度连续Z＋接触/释放门控"",""fit_variant"":""dense441_1mm_continuous_development"",""evidence_tier"":""development_dense441_single_repeat_random_validation_pending"",""continuous_xy_method"":""kernel_rbf"",""working_range_model"":false,""working_range_mm"":null,""outside_declared_working_range"":false,""calibration_domain_mm"":{""x"":[-10.0,10.0],""y"":[-10.0,10.0],""depth"":[0.2,0.8]},""xy_outside_calibration_domain"":false,""excluded_calibration_samples"":0,""uncorrected_static_xyz_mm"":[0.3922254853769652,0.5266808516533459,0.8563601208108153],""unaligned_xyz_mm"":[-1.0100813440746892,0.9956445286569675,0.8563601208108153],""xy_rotation_deg"":-4.580684956890044,""xy_translation_mm"":[1.3195654319610284,-0.5464514666381837],""xy_translation_source"":""five_point_reassembly"",""xy_translation_details"":{""preset"":""5×5｜441点1mm连续"",""calibration_points"":5,""calibration_strategy"":""rigid_rotation_translation_v1"",""calibration_rms_mm"":0.507358956567797,""check_rms_mm"":null},""dynamic_model_enabled"":false,""dynamic_history_ready"":false,""dynamic_gate"":0.0,""contact_score"":1.0002495934175983,""contact_score_threshold"":0.49492851692021117,""status"":""有效"",""preset"":""5×5｜441点1mm连续"",""needs_baseline"":false,""display.contact"":true,""display.contact_reason"":""拟合响应/相似度接触门控"",""display.contact_segment"":615,""display.contact_age_ms"":3774.3803,""display.contact_last_end_ns"":1240509495697500}"
S20260919_A,000134,322,1240513332451500,1240513384578300,NormalizedFit,1,1,True,unknown,False,False,0.0,1.1522333254559216,nan,nan,0.4862614705377363,0.492823879588671,0.9210407386586444,x,y,z,0.4862614705377363,0.492823879588671,0.9210407386586444,,,,,,,,1.7337627737823094,0.39956191959754794,0.7187257822354187,"{""x"":0.4862614705377363,""y"":0.492823879588671,""z"":0.9210407386586444,""dx"":null,""dy"":null,""mode5"":null,""Q"":null,""X"":null,""Y"":null,""Z"":null,""dX"":1.7337627737823094,""dY"":0.39956191959754794,""dZ"":0.7187257822354187}","{""amplitude_uT"":2311.1514691166394,""contact_threshold_uT"":40.0,""contact_gate"":""shape-aware ridge classifier + amplitude floor"",""cosine_similarity"":0.9897193028494895,""anti_jump_policy"":""快速门控（阈值/形状）"",""calibration_depth_range_mm"":[0.2,0.8],""depth_extrapolated"":true,""relative_reference"":""first valid prediction since B0/no-contact"",""xy_semantics"":""continuous XY RBF refit on all 441 positions at 1 mm spacing"",""fit_model"":""441点1 mm连续XY/RBF＋跨深度连续Z＋接触/释放门控"",""fit_variant"":""dense441_1mm_continuous_development"",""evidence_tier"":""development_dense441_single_repeat_random_validation_pending"",""continuous_xy_method"":""kernel_rbf"",""working_range_model"":false,""working_range_mm"":null,""outside_declared_working_range"":false,""calibration_domain_mm"":{""x"":[-10.0,10.0],""y"":[-10.0,10.0],""depth"":[0.2,0.8]},""xy_outside_calibration_domain"":false,""excluded_calibration_samples"":0,""uncorrected_static_xyz_mm"":[0.4862614705377363,0.492823879588671,0.9210407386586444],""unaligned_xyz_mm"":[-0.9136418074357988,0.9694056865441563,0.9210407386586444],""xy_rotation_deg"":-4.580684956890044,""xy_translation_mm"":[1.3195654319610284,-0.5464514666381837],""xy_translation_source"":""five_point_reassembly"",""xy_translation_details"":{""preset"":""5×5｜441点1mm连续"",""calibration_points"":5,""calibration_strategy"":""rigid_rotation_translation_v1"",""calibration_rms_mm"":0.507358956567797,""check_rms_mm"":null},""dynamic_model_enabled"":false,""dynamic_history_ready"":false,""dynamic_gate"":0.0,""contact_score"":1.0001207252877888,""contact_score_threshold"":0.49492851692021117,""status"":""有效"",""preset"":""5×5｜441点1mm连续"",""needs_baseline"":false,""display.contact"":true,""display.contact_reason"":""拟合响应/相似度接触门控"",""display.contact_segment"":615,""display.contact_age_ms"":3800.2596,""display.contact_last_end_ns"":1240509495697500}"
S20260919_A,000134,323,1240513343399700,1240513387450800,NormalizedFit,1,1,True,unknown,False,False,0.0,1.2459064118114782,nan,nan,0.5713057369040252,0.5912136299521777,0.936140473290345,x,y,z,0.5713057369040252,0.5912136299521777,0.936140473290345,,,,,,,,1.8188070401485983,0.49795166996105467,0.7338255168671193,"{""x"":0.5713057369040252,""y"":0.5912136299521777,""z"":0.936140473290345,""dx"":null,""dy"":null,""mode5"":null,""Q"":null,""X"":null,""Y"":null,""Z"":null,""dX"":1.8188070401485983,""dY"":0.49795166996105467,""dZ"":0.7338255168671193}","{""amplitude_uT"":2389.848593374694,""contact_threshold_uT"":40.0,""contact_gate"":""shape-aware ridge classifier + amplitude floor"",""cosine_similarity"":0.9905351141653309,""anti_jump_policy"":""快速门控（阈值/形状）"",""calibration_depth_range_mm"":[0.2,0.8],""depth_extrapolated"":true,""relative_reference"":""first valid prediction since B0/no-contact"",""xy_semantics"":""continuous XY RBF refit on all 441 positions at 1 mm spacing"",""fit_model"":""441点1 mm连续XY/RBF＋跨深度连续Z＋接触/释放门控"",""fit_variant"":""dense441_1mm_continuous_development"",""evidence_tier"":""development_dense441_single_repeat_random_validation_pending"",""continuous_xy_method"":""kernel_rbf"",""working_range_model"":false,""working_range_mm"":null,""outside_declared_working_range"":false,""calibration_domain_mm"":{""x"":[-10.0,10.0],""y"":[-10.0,10.0],""depth"":[0.2,0.8]},""xy_outside_calibration_domain"":false,""excluded_calibration_samples"":0,""uncorrected_static_xyz_mm"":[0.5713057369040252,0.5912136299521777,0.936140473290345],""unaligned_xyz_mm"":[-0.8367268748113479,1.0742730473279085,0.936140473290345],""xy_rotation_deg"":-4.580684956890044,""xy_translation_mm"":[1.3195654319610284,-0.5464514666381837],""xy_translation_source"":""five_point_reassembly"",""xy_translation_details"":{""preset"":""5×5｜441点1mm连续"",""calibration_points"":5,""calibration_strategy"":""rigid_rotation_translation_v1"",""calibration_rms_mm"":0.507358956567797,""check_rms_mm"":null},""dynamic_model_enabled"":false,""dynamic_history_ready"":false,""dynamic_gate"":0.0,""contact_score"":0.9999165401655756,""contact_score_threshold"":0.49492851692021117,""status"":""有效"",""preset"":""5×5｜441点1mm连续"",""needs_baseline"":false,""display.contact"":true,""display.contact_reason"":""拟合响应/相似度接触门控"",""display.contact_segment"":615,""display.contact_age_ms"":3811.2078,""display.contact_last_end_ns"":1240509495697500}"
S20260919_A,000134,324,1240513368383500,1240513391223000,NormalizedFit,1,1,True,unknown,False,False,0.0,1.2058253598389084,nan,nan,0.4723471719633223,0.568812541928807,0.9525519616868013,x,y,z,0.4723471719633223,0.568812541928807,0.9525519616868013,,,,,,,,1.7198484752078953,0.47555058193768396,0.7502370052635756,"{""x"":0.4723471719633223,""y"":0.568812541928807,""z"":0.9525519616868013,""dx"":null,""dy"":null,""mode5"":null,""Q"":null,""X"":null,""Y"":null,""Z"":null,""dX"":1.7198484752078953,""dY"":0.47555058193768396,""dZ"":0.7502370052635756}","{""amplitude_uT"":2402.6317894313315,""contact_threshold_uT"":40.0,""contact_gate"":""shape-aware ridge classifier + amplitude floor"",""cosine_similarity"":0.9913690360818248,""anti_jump_policy"":""快速门控（阈值/形状）"",""calibration_depth_range_mm"":[0.2,0.8],""depth_extrapolated"":true,""relative_reference"":""first valid prediction since B0/no-contact"",""xy_semantics"":""continuous XY RBF refit on all 441 positions at 1 mm spacing"",""fit_model"":""441点1 mm连续XY/RBF＋跨深度连续Z＋接触/释放门控"",""fit_variant"":""dense441_1mm_continuous_development"",""evidence_tier"":""development_dense441_single_repeat_random_validation_pending"",""continuous_xy_method"":""kernel_rbf"",""working_range_model"":false,""working_range_mm"":null,""outside_declared_working_range"":false,""calibration_domain_mm"":{""x"":[-10.0,10.0],""y"":[-10.0,10.0],""depth"":[0.2,0.8]},""xy_outside_calibration_domain"":false,""excluded_calibration_samples"":0,""uncorrected_static_xyz_mm"":[0.4723471719633223,0.568812541928807,0.9525519616868013],""unaligned_xyz_mm"":[-0.9335803362894184,1.044040394128594,0.9525519616868013],""xy_rotation_deg"":-4.580684956890044,""xy_translation_mm"":[1.3195654319610284,-0.5464514666381837],""xy_translation_source"":""five_point_reassembly"",""xy_translation_details"":{""preset"":""5×5｜441点1mm连续"",""calibration_points"":5,""calibration_strategy"":""rigid_rotation_translation_v1"",""calibration_rms_mm"":0.507358956567797,""check_rms_mm"":null},""dynamic_model_enabled"":false,""dynamic_history_ready"":false,""dynamic_gate"":0.0,""contact_score"":0.9997081867180695,""contact_score_threshold"":0.49492851692021117,""status"":""有效"",""preset"":""5×5｜441点1mm连续"",""needs_baseline"":false,""display.contact"":true,""display.contact_reason"":""拟合响应/相似度接触门控"",""display.contact_segment"":615,""display.contact_age_ms"":3836.1916,""display.contact_last_end_ns"":1240509495697500}"
S20260919_A,000134,325,1240513380320400,1240513393928200,NormalizedFit,1,1,True,unknown,False,False,0.0,1.228167887239612,nan,nan,0.4597632023806626,0.6235242903339218,0.9530118657954211,x,y,z,0.4597632023806626,0.6235242903339218,0.9530118657954211,,,,,,,,1.7072645056252356,0.5302623303427987,0.7506969093721954,"{""x"":0.4597632023806626,""y"":0.6235242903339218,""z"":0.9530118657954211,""dx"":null,""dy"":null,""mode5"":null,""Q"":null,""X"":null,""Y"":null,""Z"":null,""dX"":1.7072645056252356,""dY"":0.5302623303427987,""dZ"":0.7506969093721954}","{""amplitude_uT"":2409.031887874879,""contact_threshold_uT"":40.0,""contact_gate"":""shape-aware ridge classifier + amplitude floor"",""cosine_similarity"":0.9919711283076124,""anti_jump_policy"":""快速门控（阈值/形状）"",""calibration_depth_range_mm"":[0.2,0.8],""depth_extrapolated"":true,""relative_reference"":""first valid prediction since B0/no-contact"",""xy_semantics"":""continuous XY RBF refit on all 441 positions at 1 mm spacing"",""fit_model"":""441点1 mm连续XY/RBF＋跨深度连续Z＋接触/释放门控"",""fit_variant"":""dense441_1mm_continuous_development"",""evidence_tier"":""development_dense441_single_repeat_random_validation_pending"",""continuous_xy_method"":""kernel_rbf"",""working_range_model"":false,""working_range_mm"":null,""outside_declared_working_range"":false,""calibration_domain_mm"":{""x"":[-10.0,10.0],""y"":[-10.0,10.0],""depth"":[0.2,0.8]},""xy_outside_calibration_domain"":false,""excluded_calibration_samples"":0,""uncorrected_static_xyz_mm"":[0.4597632023806626,0.6235242903339218,0.9530118657954211],""unaligned_xyz_mm"":[-0.9504935494772224,1.0975723931914514,0.9530118657954211],""xy_rotation_deg"":-4.580684956890044,""xy_translation_mm"":[1.3195654319610284,-0.5464514666381837],""xy_translation_source"":""five_point_reassembly"",""xy_translation_details"":{""preset"":""5×5｜441点1mm连续"",""calibration_points"":5,""calibration_strategy"":""rigid_rotation_translation_v1"",""calibration_rms_mm"":0.507358956567797,""check_rms_mm"":null},""dynamic_model_enabled"":false,""dynamic_history_ready"":false,""dynamic_gate"":0.0,""contact_score"":0.9996391613803827,""contact_score_threshold"":0.49492851692021117,""status"":""有效"",""preset"":""5×5｜441点1mm连续"",""needs_baseline"":false,""display.contact"":true,""display.contact_reason"":""拟合响应/相似度接触门控"",""display.contact_segment"":615,""display.contact_age_ms"":3848.1285,""display.contact_last_end_ns"":1240509495697500}"
S20260919_A,000134,326,1240513391380900,1240513429242200,NormalizedFit,1,1,True,unknown,False,False,0.0,1.2285956067936368,nan,nan,0.4937514104761688,0.5947109154065662,0.9549741550333718,x,y,z,0.4937514104761688,0.5947109154065662,0.9549741550333718,,,,,,,,1.7412527137207419,0.5014489554154431,0.7526591986101461,"{""x"":0.4937514104761688,""y"":0.5947109154065662,""z"":0.9549741550333718,""dx"":null,""dy"":null,""mode5"":null,""Q"":null,""X"":null,""Y"":null,""Z"":null,""dX"":1.7412527137207419,""dY"":0.5014489554154431,""dZ"":0.7526591986101461}","{""amplitude_uT"":2412.301816931083,""contact_threshold_uT"":40.0,""contact_gate"":""shape-aware ridge classifier + amplitude floor"",""cosine_similarity"":0.991861315023161,""anti_jump_policy"":""快速门控（阈值/形状）"",""calibration_depth_range_mm"":[0.2,0.8],""depth_extrapolated"":true,""relative_reference"":""first valid prediction since B0/no-contact"",""xy_semantics"":""continuous XY RBF refit on all 441 positions at 1 mm spacing"",""fit_model"":""441点1 mm连续XY/RBF＋跨深度连续Z＋接触/释放门控"",""fit_variant"":""dense441_1mm_continuous_development"",""evidence_tier"":""development_dense441_single_repeat_random_validation_pending"",""continuous_xy_method"":""kernel_rbf"",""working_range_model"":false,""working_range_mm"":null,""outside_declared_working_range"":false,""calibration_domain_mm"":{""x"":[-10.0,10.0],""y"":[-10.0,10.0],""depth"":[0.2,0.8]},""xy_outside_calibration_domain"":false,""excluded_calibration_samples"":0,""uncorrected_static_xyz_mm"":[0.4937514104761688,0.5947109154065662,0.9549741550333718],""unaligned_xyz_mm"":[-0.9143127850290711,1.0715654489612043,0.9549741550333718],""xy_rotation_deg"":-4.580684956890044,""xy_translation_mm"":[1.3195654319610284,-0.5464514666381837],""xy_translation_source"":""five_point_reassembly"",""xy_translation_details"":{""preset"":""5×5｜441点1mm连续"",""calibration_points"":5,""calibration_strategy"":""rigid_rotation_translation_v1"",""calibration_rms_mm"":0.507358956567797,""check_rms_mm"":null},""dynamic_model_enabled"":false,""dynamic_history_ready"":false,""dynamic_gate"":0.0,""contact_score"":0.9996504936675865,""contact_score_threshold"":0.49492851692021117,""status"":""有效"",""preset"":""5×5｜441点1mm连续"",""needs_baseline"":false,""display.contact"":true,""display.contact_reason"":""拟合响应/相似度接触门控"",""display.contact_segment"":615,""display.contact_age_ms"":3859.189,""display.contact_last_end_ns"":1240509495697500}"
S20260919_A,000134,327,1240513418252000,1240513431921600,NormalizedFit,1,1,True,unknown,False,False,0.0,1.2217755998544773,nan,nan,0.5019564051704891,0.5764789224483642,0.9531250892096276,x,y,z,0.5019564051704891,0.5764789224483642,0.9531250892096276,,,,,,,,1.7494577084150622,0.4832169624572411,0.7508101327864019,"{""x"":0.5019564051704891,""y"":0.5764789224483642,""z"":0.9531250892096276,""dx"":null,""dy"":null,""mode5"":null,""Q"":null,""X"":null,""Y"":null,""Z"":null,""dX"":1.7494577084150622,""dY"":0.4832169624572411,""dZ"":0.7508101327864019}","{""amplitude_uT"":2413.413588269218,""contact_threshold_uT"":40.0,""contact_gate"":""shape-aware ridge classifier + amplitude floor"",""cosine_similarity"":0.9920104988005319,""anti_jump_policy"":""快速门控（阈值/形状）"",""calibration_depth_range_mm"":[0.2,0.8],""depth_extrapolated"":true,""relative_reference"":""first valid prediction since B0/no-contact"",""xy_semantics"":""continuous XY RBF refit on all 441 positions at 1 mm spacing"",""fit_model"":""441点1 mm连续XY/RBF＋跨深度连续Z＋接触/释放门控"",""fit_variant"":""dense441_1mm_continuous_development"",""evidence_tier"":""development_dense441_single_repeat_random_validation_pending"",""continuous_xy_method"":""kernel_rbf"",""working_range_model"":false,""working_range_mm"":null,""outside_declared_working_range"":false,""calibration_domain_mm"":{""x"":[-10.0,10.0],""y"":[-10.0,10.0],""depth"":[0.2,0.8]},""xy_outside_calibration_domain"":false,""excluded_calibration_samples"":0,""uncorrected_static_xyz_mm"":[0.5019564051704891,0.5764789224483642,0.9531250892096276],""unaligned_xyz_mm"":[-0.9046779385236716,1.0540469662078622,0.9531250892096276],""xy_rotation_deg"":-4.580684956890044,""xy_translation_mm"":[1.3195654319610284,-0.5464514666381837],""xy_translation_source"":""five_point_reassembly"",""xy_translation_details"":{""preset"":""5×5｜441点1mm连续"",""calibration_points"":5,""calibration_strategy"":""rigid_rotation_translation_v1"",""calibration_rms_mm"":0.507358956567797,""check_rms_mm"":null},""dynamic_model_enabled"":false,""dynamic_history_ready"":false,""dynamic_gate"":0.0,""contact_score"":0.9996435356996616,""contact_score_threshold"":0.49492851692021117,""status"":""有效"",""preset"":""5×5｜441点1mm连续"",""needs_baseline"":false,""display.contact"":true,""display.contact_reason"":""拟合响应/相似度接触门控"",""display.contact_segment"":615,""display.contact_age_ms"":3886.0601,""display.contact_last_end_ns"":1240509495697500}"
S20260919_A,000134,328,1240513444601500,1240513483996900,NormalizedFit,1,1,True,unknown,False,False,0.0,1.2232786377533924,nan,nan,0.49535101857753916,0.5904312018716242,0.9499626254934553,x,y,z,0.49535101857753916,0.5904312018716242,0.9499626254934553,,,,,,,,1.7428523218221121,0.49716924188050116,0.7476476690702296,"{""x"":0.49535101857753916,""y"":0.5904312018716242,""z"":0.9499626254934553,""dx"":null,""dy"":null,""mode5"":null,""Q"":null,""X"":null,""Y"":null,""Z"":null,""dX"":1.7428523218221121,""dY"":0.49716924188050116,""dZ"":0.7476476690702296}","{""amplitude_uT"":2410.1307927633306,""contact_threshold_uT"":40.0,""contact_gate"":""shape-aware ridge classifier + amplitude floor"",""cosine_similarity"":0.9922311239847543,""anti_jump_policy"":""快速门控（阈值/形状）"",""calibration_depth_range_mm"":[0.2,0.8],""depth_extrapolated"":true,""relative_reference"":""first valid prediction since B0/no-contact"",""xy_semantics"":""continuous XY RBF refit on all 441 positions at 1 mm spacing"",""fit_model"":""441点1 mm连续XY/RBF＋跨深度连续Z＋接触/释放门控"",""fit_variant"":""dense441_1mm_continuous_development"",""evidence_tier"":""development_dense441_single_repeat_random_validation_pending"",""continuous_xy_method"":""kernel_rbf"",""working_range_model"":false,""working_range_mm"":null,""outside_declared_working_range"":false,""calibration_domain_mm"":{""x"":[-10.0,10.0],""y"":[-10.0,10.0],""depth"":[0.2,0.8]},""xy_outside_calibration_domain"":false,""excluded_calibration_samples"":0,""uncorrected_static_xyz_mm"":[0.49535101857753916,0.5904312018716242,0.9499626254934553],""unaligned_xyz_mm"":[-0.9123764959927247,1.0674271547731529,0.9499626254934553],""xy_rotation_deg"":-4.580684956890044,""xy_translation_mm"":[1.3195654319610284,-0.5464514666381837],""xy_translation_source"":""five_point_reassembly"",""xy_translation_details"":{""preset"":""5×5｜441点1mm连续"",""calibration_points"":5,""calibration_strategy"":""rigid_rotation_translation_v1"",""calibration_rms_mm"":0.507358956567797,""check_rms_mm"":null},""dynamic_model_enabled"":false,""dynamic_history_ready"":false,""dynamic_gate"":0.0,""contact_score"":0.9996322172337171,""contact_score_threshold"":0.49492851692021117,""status"":""有效"",""preset"":""5×5｜441点1mm连续"",""needs_baseline"":false,""display.contact"":true,""display.contact_reason"":""拟合响应/相似度接触门控"",""display.contact_segment"":615,""display.contact_age_ms"":3912.4096,""display.contact_last_end_ns"":1240509495697500}"
S20260919_A,000134,329,1240513456087300,1240513486820900,NormalizedFit,1,1,True,unknown,False,False,0.0,1.23308007114213,nan,nan,0.5497804575412347,0.5641660115915221,0.9486541106844716,x,y,z,0.5497804575412347,0.5641660115915221,0.9486541106844716,,,,,,,,1.7972817607858076,0.47090405160039905,0.7463391542612459,"{""x"":0.5497804575412347,""y"":0.5641660115915221,""z"":0.9486541106844716,""dx"":null,""dy"":null,""mode5"":null,""Q"":null,""X"":null,""Y"":null,""Z"":null,""dX"":1.7972817607858076,""dY"":0.47090405160039905,""dZ"":0.7463391542612459}","{""amplitude_uT"":2414.17111859547,""contact_threshold_uT"":40.0,""contact_gate"":""shape-aware ridge classifier + amplitude floor"",""cosine_similarity"":0.9921514342996178,""anti_jump_policy"":""快速门控（阈值/形状）"",""calibration_depth_range_mm"":[0.2,0.8],""depth_extrapolated"":true,""relative_reference"":""first valid prediction since B0/no-contact"",""xy_semantics"":""continuous XY RBF refit on all 441 positions at 1 mm spacing"",""fit_model"":""441点1 mm连续XY/RBF＋跨深度连续Z＋接触/释放门控"",""fit_variant"":""dense441_1mm_continuous_development"",""evidence_tier"":""development_dense441_single_repeat_random_validation_pending"",""continuous_xy_method"":""kernel_rbf"",""working_range_model"":false,""working_range_mm"":null,""outside_declared_working_range"":false,""calibration_domain_mm"":{""x"":[-10.0,10.0],""y"":[-10.0,10.0],""depth"":[0.2,0.8]},""xy_outside_calibration_domain"":false,""excluded_calibration_samples"":0,""uncorrected_static_xyz_mm"":[0.5497804575412347,0.5641660115915221,0.9486541106844716],""unaligned_xyz_mm"":[-0.8560232982770457,1.0455927517913852,0.9486541106844716],""xy_rotation_deg"":-4.580684956890044,""xy_translation_mm"":[1.3195654319610284,-0.5464514666381837],""xy_translation_source"":""five_point_reassembly"",""xy_translation_details"":{""preset"":""5×5｜441点1mm连续"",""calibration_points"":5,""calibration_strategy"":""rigid_rotation_translation_v1"",""calibration_rms_mm"":0.507358956567797,""check_rms_mm"":null},""dynamic_model_enabled"":false,""dynamic_history_ready"":false,""dynamic_gate"":0.0,""contact_score"":0.9996673621436021,""contact_score_threshold"":0.49492851692021117,""status"":""有效"",""preset"":""5×5｜441点1mm连续"",""needs_baseline"":false,""display.contact"":true,""display.contact_reason"":""拟合响应/相似度接触门控"",""display.contact_segment"":615,""display.contact_age_ms"":3923.8954,""display.contact_last_end_ns"":1240509495697500}"
S20260919_A,000134,330,1240513483030500,1240513518781500,NormalizedFit,1,1,True,unknown,False,False,0.0,1.2546843429437793,nan,nan,0.5895923863153879,0.570449781784327,0.9493158930985003,x,y,z,0.5895923863153879,0.570449781784327,0.9493158930985003,,,,,,,,1.837093689559961,0.47718782179320396,0.7470009366752746,"{""x"":0.5895923863153879,""y"":0.570449781784327,""z"":0.9493158930985003,""dx"":null,""dy"":null,""mode5"":null,""Q"":null,""X"":null,""Y"":null,""Z"":null,""dX"":1.837093689559961,""dY"":0.47718782179320396,""dZ"":0.7470009366752746}","{""amplitude_uT"":2417.6198497396153,""contact_threshold_uT"":40.0,""contact_gate"":""shape-aware ridge classifier + amplitude floor"",""cosine_similarity"":0.991948154585653,""anti_jump_policy"":""快速门控（阈值/形状）"",""calibration_depth_range_mm"":[0.2,0.8],""depth_extrapolated"":true,""relative_reference"":""first valid prediction since B0/no-contact"",""xy_semantics"":""continuous XY RBF refit on all 441 positions at 1 mm spacing"",""fit_model"":""441点1 mm连续XY/RBF＋跨深度连续Z＋接触/释放门控"",""fit_variant"":""dense441_1mm_continuous_development"",""evidence_tier"":""development_dense441_single_repeat_random_validation_pending"",""continuous_xy_method"":""kernel_rbf"",""working_range_model"":false,""working_range_mm"":null,""outside_declared_working_range"":false,""calibration_domain_mm"":{""x"":[-10.0,10.0],""y"":[-10.0,10.0],""depth"":[0.2,0.8]},""xy_outside_calibration_domain"":false,""excluded_calibration_samples"":0,""uncorrected_static_xyz_mm"":[0.5895923863153879,0.570449781784327,0.9493158930985003],""unaligned_xyz_mm"":[-0.8168403745424038,1.0550359465982004,0.9493158930985003],""xy_rotation_deg"":-4.580684956890044,""xy_translation_mm"":[1.3195654319610284,-0.5464514666381837],""xy_translation_source"":""five_point_reassembly"",""xy_translation_details"":{""preset"":""5×5｜441点1mm连续"",""calibration_points"":5,""calibration_strategy"":""rigid_rotation_translation_v1"",""calibration_rms_mm"":0.507358956567797,""check_rms_mm"":null},""dynamic_model_enabled"":false,""dynamic_history_ready"":false,""dynamic_gate"":0.0,""contact_score"":0.9996844997610796,""contact_score_threshold"":0.49492851692021117,""status"":""有效"",""preset"":""5×5｜441点1mm连续"",""needs_baseline"":false,""display.contact"":true,""display.contact_reason"":""拟合响应/相似度接触门控"",""display.contact_segment"":615,""display.contact_age_ms"":3950.8386,""display.contact_last_end_ns"":1240509495697500}"
S20260919_A,000134,331,1240513510889900,1240513521657500,NormalizedFit,1,1,True,unknown,False,False,0.0,1.2388508654303,nan,nan,0.5131700342985867,0.5960350567108914,0.9571573506205943,x,y,z,0.5131700342985867,0.5960350567108914,0.9571573506205943,,,,,,,,1.7606713375431595,0.5027730967197683,0.7548423941973685,"{""x"":0.5131700342985867,""y"":0.5960350567108914,""z"":0.9571573506205943,""dx"":null,""dy"":null,""mode5"":null,""Q"":null,""X"":null,""Y"":null,""Z"":null,""dX"":1.7606713375431595,""dY"":0.5027730967197683,""dZ"":0.7548423941973685}","{""amplitude_uT"":2423.406052808526,""contact_threshold_uT"":40.0,""contact_gate"":""shape-aware ridge classifier + amplitude floor"",""cosine_similarity"":0.9919226377583824,""anti_jump_policy"":""快速门控（阈值/形状）"",""calibration_depth_range_mm"":[0.2,0.8],""depth_extrapolated"":true,""relative_reference"":""first valid prediction since B0/no-contact"",""xy_semantics"":""continuous XY RBF refit on all 441 positions at 1 mm spacing"",""fit_model"":""441点1 mm连续XY/RBF＋跨深度连续Z＋接触/释放门控"",""fit_variant"":""dense441_1mm_continuous_development"",""evidence_tier"":""development_dense441_single_repeat_random_validation_pending"",""continuous_xy_method"":""kernel_rbf"",""working_range_model"":false,""working_range_mm"":null,""outside_declared_working_range"":false,""calibration_domain_mm"":{""x"":[-10.0,10.0],""y"":[-10.0,10.0],""depth"":[0.2,0.8]},""xy_outside_calibration_domain"":false,""excluded_calibration_samples"":0,""uncorrected_static_xyz_mm"":[0.5131700342985867,0.5960350567108914,0.9571573506205943],""unaligned_xyz_mm"":[-0.8950619368105306,1.0744361882766262,0.9571573506205943],""xy_rotation_deg"":-4.580684956890044,""xy_translation_mm"":[1.3195654319610284,-0.5464514666381837],""xy_translation_source"":""five_point_reassembly"",""xy_translation_details"":{""preset"":""5×5｜441点1mm连续"",""calibration_points"":5,""calibration_strategy"":""rigid_rotation_translation_v1"",""calibration_rms_mm"":0.507358956567797,""check_rms_mm"":null},""dynamic_model_enabled"":false,""dynamic_history_ready"":false,""dynamic_gate"":0.0,""contact_score"":0.9996149351799068,""contact_score_threshold"":0.49492851692021117,""status"":""有效"",""preset"":""5×5｜441点1mm连续"",""needs_baseline"":false,""display.contact"":true,""display.contact_reason"":""拟合响应/相似度接触门控"",""display.contact_segment"":615,""display.contact_age_ms"":3978.698,""display.contact_last_end_ns"":1240509495697500}"
S20260919_A,000134,332,1240513537838000,1240513573308000,NormalizedFit,1,1,True,unknown,False,False,0.0,1.2488267349938258,nan,nan,0.5070364419500162,0.626921750033044,0.953651603000547,x,y,z,0.5070364419500162,0.626921750033044,0.953651603000547,,,,,,,,1.7545377451945892,0.5336597900419209,0.7513366465773212,"{""x"":0.5070364419500162,""y"":0.626921750033044,""z"":0.953651603000547,""dx"":null,""dy"":null,""mode5"":null,""Q"":null,""X"":null,""Y"":null,""Z"":null,""dX"":1.7545377451945892,""dY"":0.5336597900419209,""dZ"":0.7513366465773212}","{""amplitude_uT"":2426.050888892894,""contact_threshold_uT"":40.0,""contact_gate"":""shape-aware ridge classifier + amplitude floor"",""cosine_similarity"":0.9921403370229813,""anti_jump_policy"":""快速门控（阈值/形状）"",""calibration_depth_range_mm"":[0.2,0.8],""depth_extrapolated"":true,""relative_reference"":""first valid prediction since B0/no-contact"",""xy_semantics"":""continuous XY RBF refit on all 441 positions at 1 mm spacing"",""fit_model"":""441点1 mm连续XY/RBF＋跨深度连续Z＋接触/释放门控"",""fit_variant"":""dense441_1mm_continuous_development"",""evidence_tier"":""development_dense441_single_repeat_random_validation_pending"",""continuous_xy_method"":""kernel_rbf"",""working_range_model"":false,""working_range_mm"":null,""outside_declared_working_range"":false,""calibration_domain_mm"":{""x"":[-10.0,10.0],""y"":[-10.0,10.0],""depth"":[0.2,0.8]},""xy_outside_calibration_domain"":false,""excluded_calibration_samples"":0,""uncorrected_static_xyz_mm"":[0.5070364419500162,0.626921750033044,0.953651603000547],""unaligned_xyz_mm"":[-0.9036426383247109,1.104734378668128,0.953651603000547],""xy_rotation_deg"":-4.580684956890044,""xy_translation_mm"":[1.3195654319610284,-0.5464514666381837],""xy_translation_source"":""five_point_reassembly"",""xy_translation_details"":{""preset"":""5×5｜441点1mm连续"",""calibration_points"":5,""calibration_strategy"":""rigid_rotation_translation_v1"",""calibration_rms_mm"":0.507358956567797,""check_rms_mm"":null},""dynamic_model_enabled"":false,""dynamic_history_ready"":false,""dynamic_gate"":0.0,""contact_score"":0.9996529159750666,""contact_score_threshold"":0.49492851692021117,""status"":""有效"",""preset"":""5×5｜441点1mm连续"",""needs_baseline"":false,""display.contact"":true,""display.contact_reason"":""拟合响应/相似度接触门控"",""display.contact_segment"":615,""display.contact_age_ms"":4005.6461,""display.contact_last_end_ns"":1240509495697500}"
S20260919_A,000134,333,1240513549734200,1240513576461200,NormalizedFit,1,1,True,unknown,False,False,0.0,1.2236690567849384,nan,nan,0.4617774158711282,0.6065709045561616,0.9571830109598917,x,y,z,0.4617774158711282,0.6065709045561616,0.9571830109598917,,,,,,,,1.709278719115701,0.5133089445650385,0.7548680545366659,"{""x"":0.4617774158711282,""y"":0.6065709045561616,""z"":0.9571830109598917,""dx"":null,""dy"":null,""mode5"":null,""Q"":null,""X"":null,""Y"":null,""Z"":null,""dX"":1.709278719115701,""dY"":0.5133089445650385,""dZ"":0.7548680545366659}","{""amplitude_uT"":2431.1054246414324,""contact_threshold_uT"":40.0,""contact_gate"":""shape-aware ridge classifier + amplitude floor"",""cosine_similarity"":0.9923783852455161,""anti_jump_policy"":""快速门控（阈值/形状）"",""calibration_depth_range_mm"":[0.2,0.8],""depth_extrapolated"":true,""relative_reference"":""first valid prediction since B0/no-contact"",""xy_semantics"":""continuous XY RBF refit on all 441 positions at 1 mm spacing"",""fit_model"":""441点1 mm连续XY/RBF＋跨深度连续Z＋接触/释放门控"",""fit_variant"":""dense441_1mm_continuous_development"",""evidence_tier"":""development_dense441_single_repeat_random_validation_pending"",""continuous_xy_method"":""kernel_rbf"",""working_range_model"":false,""working_range_mm"":null,""outside_declared_working_range"":false,""calibration_domain_mm"":{""x"":[-10.0,10.0],""y"":[-10.0,10.0],""depth"":[0.2,0.8]},""xy_outside_calibration_domain"":false,""excluded_calibration_samples"":0,""uncorrected_static_xyz_mm"":[0.4617774158711282,0.6065709045561616,0.9571830109598917],""unaligned_xyz_mm"":[-0.9471318232103929,1.0808340198588469,0.9571830109598917],""xy_rotation_deg"":-4.580684956890044,""xy_translation_mm"":[1.3195654319610284,-0.5464514666381837],""xy_translation_source"":""five_point_reassembly"",""xy_translation_details"":{""preset"":""5×5｜441点1mm连续"",""calibration_points"":5,""calibration_strategy"":""rigid_rotation_translation_v1"",""calibration_rms_mm"":0.507358956567797,""check_rms_mm"":null},""dynamic_model_enabled"":false,""dynamic_history_ready"":false,""dynamic_gate"":0.0,""contact_score"":0.9995909028748363,""contact_score_threshold"":0.49492851692021117,""status"":""有效"",""preset"":""5×5｜441点1mm连续"",""needs_baseline"":false,""display.contact"":true,""display.contact_reason"":""拟合响应/相似度接触门控"",""display.contact_segment"":615,""display.contact_age_ms"":4017.5423,""display.contact_last_end_ns"":1240509495697500}"
S20260919_A,000134,334,1240513576751600,1240513610956000,NormalizedFit,1,1,True,unknown,False,False,0.0,1.2226339703755773,nan,nan,0.428741342787604,0.6200888126302029,0.96255106407499,x,y,z,0.428741342787604,0.6200888126302029,0.96255106407499,,,,,,,,1.6762426460321769,0.5268268526390798,0.7602361076517643,"{""x"":0.428741342787604,""y"":0.6200888126302029,""z"":0.96255106407499,""dx"":null,""dy"":null,""mode5"":null,""Q"":null,""X"":null,""Y"":null,""Z"":null,""dX"":1.6762426460321769,""dY"":0.5268268526390798,""dZ"":0.7602361076517643}","{""amplitude_uT"":2431.7360918313075,""contact_threshold_uT"":40.0,""contact_gate"":""shape-aware ridge classifier + amplitude floor"",""cosine_similarity"":0.9923830379761396,""anti_jump_policy"":""快速门控（阈值/形状）"",""calibration_depth_range_mm"":[0.2,0.8],""depth_extrapolated"":true,""relative_reference"":""first valid prediction since B0/no-contact"",""xy_semantics"":""continuous XY RBF refit on all 441 positions at 1 mm spacing"",""fit_model"":""441点1 mm连续XY/RBF＋跨深度连续Z＋接触/释放门控"",""fit_variant"":""dense441_1mm_continuous_development"",""evidence_tier"":""development_dense441_single_repeat_random_validation_pending"",""continuous_xy_method"":""kernel_rbf"",""working_range_model"":false,""working_range_mm"":null,""outside_declared_working_range"":false,""calibration_domain_mm"":{""x"":[-10.0,10.0],""y"":[-10.0,10.0],""depth"":[0.2,0.8]},""xy_outside_calibration_domain"":false,""excluded_calibration_samples"":0,""uncorrected_static_xyz_mm"":[0.428741342787604,0.6200888126302029,0.96255106407499],""unaligned_xyz_mm"":[-0.9811419536447188,1.0916703933905376,0.96255106407499],""xy_rotation_deg"":-4.580684956890044,""xy_translation_mm"":[1.3195654319610284,-0.5464514666381837],""xy_translation_source"":""five_point_reassembly"",""xy_translation_details"":{""preset"":""5×5｜441点1mm连续"",""calibration_points"":5,""calibration_strategy"":""rigid_rotation_translation_v1"",""calibration_rms_mm"":0.507358956567797,""check_rms_mm"":null},""dynamic_model_enabled"":false,""dynamic_history_ready"":false,""dynamic_gate"":0.0,""contact_score"":0.9995566491243928,""contact_score_threshold"":0.49492851692021117,""status"":""有效"",""preset"":""5×5｜441点1mm连续"",""needs_baseline"":false,""display.contact"":true,""display.contact_reason"":""拟合响应/相似度接触门控"",""display.contact_segment"":615,""display.contact_age_ms"":4044.5597,""display.contact_last_end_ns"":1240509495697500}"
S20260919_A,000134,335,1240513603652300,1240513614607300,NormalizedFit,1,1,True,unknown,False,False,0.0,1.2015322814610079,nan,nan,0.4654442811125432,0.5481460644552665,0.9625888720501216,x,y,z,0.4654442811125432,0.5481460644552665,0.9625888720501216,,,,,,,,1.7129455843571162,0.4548841044641434,0.7602739156268958,"{""x"":0.4654442811125432,""y"":0.5481460644552665,""z"":0.9625888720501216,""dx"":null,""dy"":null,""mode5"":null,""Q"":null,""X"":null,""Y"":null,""Z"":null,""dX"":1.7129455843571162,""dY"":0.4548841044641434,""dZ"":0.7602739156268958}","{""amplitude_uT"":2427.565713568842,""contact_threshold_uT"":40.0,""contact_gate"":""shape-aware ridge classifier + amplitude floor"",""cosine_similarity"":0.9924416576520623,""anti_jump_policy"":""快速门控（阈值/形状）"",""calibration_depth_range_mm"":[0.2,0.8],""depth_extrapolated"":true,""relative_reference"":""first valid prediction since B0/no-contact"",""xy_semantics"":""continuous XY RBF refit on all 441 positions at 1 mm spacing"",""fit_model"":""441点1 mm连续XY/RBF＋跨深度连续Z＋接触/释放门控"",""fit_variant"":""dense441_1mm_continuous_development"",""evidence_tier"":""development_dense441_single_repeat_random_validation_pending"",""continuous_xy_method"":""kernel_rbf"",""working_range_model"":false,""working_range_mm"":null,""outside_declared_working_range"":false,""calibration_domain_mm"":{""x"":[-10.0,10.0],""y"":[-10.0,10.0],""depth"":[0.2,0.8]},""xy_outside_calibration_domain"":false,""excluded_calibration_samples"":0,""uncorrected_static_xyz_mm"":[0.4654442811125432,0.5481460644552665,0.9625888720501216],""unaligned_xyz_mm"":[-0.9388106936136573,1.0228886434794653,0.9625888720501216],""xy_rotation_deg"":-4.580684956890044,""xy_translation_mm"":[1.3195654319610284,-0.5464514666381837],""xy_translation_source"":""five_point_reassembly"",""xy_translation_details"":{""preset"":""5×5｜441点1mm连续"",""calibration_points"":5,""calibration_strategy"":""rigid_rotation_translation_v1"",""calibration_rms_mm"":0.507358956567797,""check_rms_mm"":null},""dynamic_model_enabled"":false,""dynamic_history_ready"":false,""dynamic_gate"":0.0,""contact_score"":0.999566171868643,""contact_score_threshold"":0.49492851692021117,""status"":""有效"",""preset"":""5×5｜441点1mm连续"",""needs_baseline"":false,""display.contact"":true,""display.contact_reason"":""拟合响应/相似度接触门控"",""display.contact_segment"":615,""display.contact_age_ms"":4071.4604,""display.contact_last_end_ns"":1240509495697500}"
S20260919_A,000134,336,1240513630523900,1240513666754400,NormalizedFit,1,1,True,unknown,False,False,0.0,1.2221726437748401,nan,nan,0.5157693774077681,0.549689961268645,0.9620441086563866,x,y,z,0.5157693774077681,0.549689961268645,0.9620441086563866,,,,,,,,1.763270680652341,0.4564280012775219,0.7597291522331608,"{""x"":0.5157693774077681,""y"":0.549689961268645,""z"":0.9620441086563866,""dx"":null,""dy"":null,""mode5"":null,""Q"":null,""X"":null,""Y"":null,""Z"":null,""dX"":1.763270680652341,""dY"":0.4564280012775219,""dZ"":0.7597291522331608}","{""amplitude_uT"":2433.8638958117604,""contact_threshold_uT"":40.0,""contact_gate"":""shape-aware ridge classifier + amplitude floor"",""cosine_similarity"":0.9922035378766688,""anti_jump_policy"":""快速门控（阈值/形状）"",""calibration_depth_range_mm"":[0.2,0.8],""depth_extrapolated"":true,""relative_reference"":""first valid prediction since B0/no-contact"",""xy_semantics"":""continuous XY RBF refit on all 441 positions at 1 mm spacing"",""fit_model"":""441点1 mm连续XY/RBF＋跨深度连续Z＋接触/释放门控"",""fit_variant"":""dense441_1mm_continuous_development"",""evidence_tier"":""development_dense441_single_repeat_random_validation_pending"",""continuous_xy_method"":""kernel_rbf"",""working_range_model"":false,""working_range_mm"":null,""outside_declared_working_range"":false,""calibration_domain_mm"":{""x"":[-10.0,10.0],""y"":[-10.0,10.0],""depth"":[0.2,0.8]},""xy_outside_calibration_domain"":false,""excluded_calibration_samples"":0,""uncorrected_static_xyz_mm"":[0.5157693774077681,0.549689961268645,0.9620441086563866],""unaligned_xyz_mm"":[-0.8887696429024421,1.0284467167257985,0.9620441086563866],""xy_rotation_deg"":-4.580684956890044,""xy_translation_mm"":[1.3195654319610284,-0.5464514666381837],""xy_translation_source"":""five_point_reassembly"",""xy_translation_details"":{""preset"":""5×5｜441点1mm连续"",""calibration_points"":5,""calibration_strategy"":""rigid_rotation_translation_v1"",""calibration_rms_mm"":0.507358956567797,""check_rms_mm"":null},""dynamic_model_enabled"":false,""dynamic_history_ready"":false,""dynamic_gate"":0.0,""contact_score"":0.9995954533322848,""contact_score_threshold"":0.49492851692021117,""status"":""有效"",""preset"":""5×5｜441点1mm连续"",""needs_baseline"":false,""display.contact"":true,""display.contact_reason"":""拟合响应/相似度接触门控"",""display.contact_segment"":615,""display.contact_age_ms"":4098.332,""display.contact_last_end_ns"":1240509495697500}"
S20260919_A,000134,337,1240513641165100,1240513670378200,NormalizedFit,1,1,True,unknown,False,False,0.0,1.2586937534758968,nan,nan,0.5232545368494717,0.6068194512071647,0.9707135562782269,x,y,z,0.5232545368494717,0.6068194512071647,0.9707135562782269,,,,,,,,1.7707558400940446,0.5135574912160417,0.7683985998550011,"{""x"":0.5232545368494717,""y"":0.6068194512071647,""z"":0.9707135562782269,""dx"":null,""dy"":null,""mode5"":null,""Q"":null,""X"":null,""Y"":null,""Z"":null,""dX"":1.7707558400940446,""dY"":0.5135574912160417,""dZ"":0.7683985998550011}","{""amplitude_uT"":2439.2510519017924,""contact_threshold_uT"":40.0,""contact_gate"":""shape-aware ridge classifier + amplitude floor"",""cosine_similarity"":0.9922646468414585,""anti_jump_policy"":""快速门控（阈值/形状）"",""calibration_depth_range_mm"":[0.2,0.8],""depth_extrapolated"":true,""relative_reference"":""first valid prediction since B0/no-contact"",""xy_semantics"":""continuous XY RBF refit on all 441 positions at 1 mm spacing"",""fit_model"":""441点1 mm连续XY/RBF＋跨深度连续Z＋接触/释放门控"",""fit_variant"":""dense441_1mm_continuous_development"",""evidence_tier"":""development_dense441_single_repeat_random_validation_pending"",""continuous_xy_method"":""kernel_rbf"",""working_range_model"":false,""working_range_mm"":null,""outside_declared_working_range"":false,""calibration_domain_mm"":{""x"":[-10.0,10.0],""y"":[-10.0,10.0],""depth"":[0.2,0.8]},""xy_outside_calibration_domain"":false,""excluded_calibration_samples"":0,""uncorrected_static_xyz_mm"":[0.5232545368494717,0.6068194512071647,0.9707135562782269],""unaligned_xyz_mm"":[-0.8858709185556823,1.085991513446828,0.9707135562782269],""xy_rotation_deg"":-4.580684956890044,""xy_translation_mm"":[1.3195654319610284,-0.5464514666381837],""xy_translation_source"":""five_point_reassembly"",""xy_translation_details"":{""preset"":""5×5｜441点1mm连续"",""calibration_points"":5,""calibration_strategy"":""rigid_rotation_translation_v1"",""calibration_rms_mm"":0.507358956567797,""check_rms_mm"":null},""dynamic_model_enabled"":false,""dynamic_history_ready"":false,""dynamic_gate"":0.0,""contact_score"":0.9994720209565571,""contact_score_threshold"":0.49492851692021117,""status"":""有效"",""preset"":""5×5｜441点1mm连续"",""needs_baseline"":false,""display.contact"":true,""display.contact_reason"":""拟合响应/相似度接触门控"",""display.contact_segment"":615,""display.contact_age_ms"":4108.9732,""display.contact_last_end_ns"":1240509495697500}"
S20260919_A,000134,338,1240513668054400,1240513703531800,NormalizedFit,1,1,True,unknown,False,False,0.0,1.2553639549906301,nan,nan,0.5367204324340336,0.588012264718154,0.9706242390536971,x,y,z,0.5367204324340336,0.588012264718154,0.9706242390536971,,,,,,,,1.7842217356786065,0.49475030472703097,0.7683092826304714,"{""x"":0.5367204324340336,""y"":0.588012264718154,""z"":0.9706242390536971,""dx"":null,""dy"":null,""mode5"":null,""Q"":null,""X"":null,""Y"":null,""Z"":null,""dX"":1.7842217356786065,""dY"":0.49475030472703097,""dZ"":0.7683092826304714}","{""amplitude_uT"":2442.157316732073,""contact_threshold_uT"":40.0,""contact_gate"":""shape-aware ridge classifier + amplitude floor"",""cosine_similarity"":0.9923066654169621,""anti_jump_policy"":""快速门控（阈值/形状）"",""calibration_depth_range_mm"":[0.2,0.8],""depth_extrapolated"":true,""relative_reference"":""first valid prediction since B0/no-contact"",""xy_semantics"":""continuous XY RBF refit on all 441 positions at 1 mm spacing"",""fit_model"":""441点1 mm连续XY/RBF＋跨深度连续Z＋接触/释放门控"",""fit_variant"":""dense441_1mm_continuous_development"",""evidence_tier"":""development_dense441_single_repeat_random_validation_pending"",""continuous_xy_method"":""kernel_rbf"",""working_range_model"":false,""working_range_mm"":null,""outside_declared_working_range"":false,""calibration_domain_mm"":{""x"":[-10.0,10.0],""y"":[-10.0,10.0],""depth"":[0.2,0.8]},""xy_outside_calibration_domain"":false,""excluded_calibration_samples"":0,""uncorrected_static_xyz_mm"":[0.5367204324340336,0.588012264718154,0.9706242390536971],""unaligned_xyz_mm"":[-0.8709460386054726,1.0683198251856978,0.9706242390536971],""xy_rotation_deg"":-4.580684956890044,""xy_translation_mm"":[1.3195654319610284,-0.5464514666381837],""xy_translation_source"":""five_point_reassembly"",""xy_translation_details"":{""preset"":""5×5｜441点1mm连续"",""calibration_points"":5,""calibration_strategy"":""rigid_rotation_translation_v1"",""calibration_rms_mm"":0.507358956567797,""check_rms_mm"":null},""dynamic_model_enabled"":false,""dynamic_history_ready"":false,""dynamic_gate"":0.0,""contact_score"":0.9994850012613581,""contact_score_threshold"":0.49492851692021117,""status"":""有效"",""preset"":""5×5｜441点1mm连续"",""needs_baseline"":false,""display.contact"":true,""display.contact_reason"":""拟合响应/相似度接触门控"",""display.contact_segment"":615,""display.contact_age_ms"":4135.8625,""display.contact_last_end_ns"":1240509495697500}"
S20260919_A,000134,339,1240513695019100,1240513706268000,NormalizedFit,1,1,True,unknown,False,False,0.0,1.2054630409058669,nan,nan,0.5132250660395008,0.5082327871983072,0.9651117078325234,x,y,z,0.5132250660395008,0.5082327871983072,0.9651117078325234,,,,,,,,1.7607263692840738,0.41497082720718415,0.7627967514092977,"{""x"":0.5132250660395008,""y"":0.5082327871983072,""z"":0.9651117078325234,""dx"":null,""dy"":null,""mode5"":null,""Q"":null,""X"":null,""Y"":null,""Z"":null,""dX"":1.7607263692840738,""dY"":0.41497082720718415,""dZ"":0.7627967514092977}","{""amplitude_uT"":2443.177576154259,""contact_threshold_uT"":40.0,""contact_gate"":""shape-aware ridge classifier + amplitude floor"",""cosine_similarity"":0.9923972802257965,""anti_jump_policy"":""快速门控（阈值/形状）"",""calibration_depth_range_mm"":[0.2,0.8],""depth_extrapolated"":true,""relative_reference"":""first valid prediction since B0/no-contact"",""xy_semantics"":""continuous XY RBF refit on all 441 positions at 1 mm spacing"",""fit_model"":""441点1 mm连续XY/RBF＋跨深度连续Z＋接触/释放门控"",""fit_variant"":""dense441_1mm_continuous_development"",""evidence_tier"":""development_dense441_single_repeat_random_validation_pending"",""continuous_xy_method"":""kernel_rbf"",""working_range_model"":false,""working_range_mm"":null,""outside_declared_working_range"":false,""calibration_domain_mm"":{""x"":[-10.0,10.0],""y"":[-10.0,10.0],""depth"":[0.2,0.8]},""xy_outside_calibration_domain"":false,""excluded_calibration_samples"":0,""uncorrected_static_xyz_mm"":[0.5132250660395008,0.5082327871983072,0.9651117078325234],""unaligned_xyz_mm"":[-0.8879949374569152,0.9869187666956121,0.9651117078325234],""xy_rotation_deg"":-4.580684956890044,""xy_translation_mm"":[1.3195654319610284,-0.5464514666381837],""xy_translation_source"":""five_point_reassembly"",""xy_translation_details"":{""preset"":""5×5｜441点1mm连续"",""calibration_points"":5,""calibration_strategy"":""rigid_rotation_translation_v1"",""calibration_rms_mm"":0.507358956567797,""check_rms_mm"":null},""dynamic_model_enabled"":false,""dynamic_history_ready"":false,""dynamic_gate"":0.0,""contact_score"":0.9995215560708459,""contact_score_threshold"":0.49492851692021117,""status"":""有效"",""preset"":""5×5｜441点1mm连续"",""needs_baseline"":false,""display.contact"":true,""display.contact_reason"":""拟合响应/相似度接触门控"",""display.contact_segment"":615,""display.contact_age_ms"":4162.8272,""display.contact_last_end_ns"":1240509495697500}"
S20260919_A,000134,340,1240513707067300,1240513738694900,NormalizedFit,1,1,True,unknown,False,False,0.0,1.1973215430276598,nan,nan,0.5157707008898121,0.486058967234021,0.9650420415055322,x,y,z,0.5157707008898121,0.486058967234021,0.9650420415055322,,,,,,,,1.763272004134385,0.3927970072428979,0.7627270850823065,"{""x"":0.5157707008898121,""y"":0.486058967234021,""z"":0.9650420415055322,""dx"":null,""dy"":null,""mode5"":null,""Q"":null,""X"":null,""Y"":null,""Z"":null,""dX"":1.763272004134385,""dY"":0.3927970072428979,""dZ"":0.7627270850823065}","{""amplitude_uT"":2445.2766251651365,""contact_threshold_uT"":40.0,""contact_gate"":""shape-aware ridge classifier + amplitude floor"",""cosine_similarity"":0.9923187183728008,""anti_jump_policy"":""快速门控（阈值/形状）"",""calibration_depth_range_mm"":[0.2,0.8],""depth_extrapolated"":true,""relative_reference"":""first valid prediction since B0/no-contact"",""xy_semantics"":""continuous XY RBF refit on all 441 positions at 1 mm spacing"",""fit_model"":""441点1 mm连续XY/RBF＋跨深度连续Z＋接触/释放门控"",""fit_variant"":""dense441_1mm_continuous_development"",""evidence_tier"":""development_dense441_single_repeat_random_validation_pending"",""continuous_xy_method"":""kernel_rbf"",""working_range_model"":false,""working_range_mm"":null,""outside_declared_working_range"":false,""calibration_domain_mm"":{""x"":[-10.0,10.0],""y"":[-10.0,10.0],""depth"":[0.2,0.8]},""xy_outside_calibration_domain"":false,""excluded_calibration_samples"":0,""uncorrected_static_xyz_mm"":[0.5157707008898121,0.486058967234021,0.9650420415055322],""unaligned_xyz_mm"":[-0.8836865682806723,0.9650190748338323,0.9650420415055322],""xy_rotation_deg"":-4.580684956890044,""xy_translation_mm"":[1.3195654319610284,-0.5464514666381837],""xy_translation_source"":""five_point_reassembly"",""xy_translation_details"":{""preset"":""5×5｜441点1mm连续"",""calibration_points"":5,""calibration_strategy"":""rigid_rotation_translation_v1"",""calibration_rms_mm"":0.507358956567797,""check_rms_mm"":null},""dynamic_model_enabled"":false,""dynamic_history_ready"":false,""dynamic_gate"":0.0,""contact_score"":0.999559489372078,""contact_score_threshold"":0.49492851692021117,""status"":""有效"",""preset"":""5×5｜441点1mm连续"",""needs_baseline"":false,""display.contact"":true,""display.contact_reason"":""拟合响应/相似度接触门控"",""display.contact_segment"":615,""display.contact_age_ms"":4174.8754,""display.contact_last_end_ns"":1240509495697500}"
S20260919_A,000134,341,1240513718902800,1240513741530800,NormalizedFit,1,1,True,unknown,False,False,0.0,1.199974802143514,nan,nan,0.5189033617021933,0.4989458772658997,0.9600686634574059,x,y,z,0.5189033617021933,0.4989458772658997,0.9600686634574059,,,,,,,,1.7664046649467662,0.4056839172747766,0.7577537070341802,"{""x"":0.5189033617021933,""y"":0.4989458772658997,""z"":0.9600686634574059,""dx"":null,""dy"":null,""mode5"":null,""Q"":null,""X"":null,""Y"":null,""Z"":null,""dX"":1.7664046649467662,""dY"":0.4056839172747766,""dZ"":0.7577537070341802}","{""amplitude_uT"":2439.454322145067,""contact_threshold_uT"":40.0,""contact_gate"":""shape-aware ridge classifier + amplitude floor"",""cosine_similarity"":0.9924505824166056,""anti_jump_policy"":""快速门控（阈值/形状）"",""calibration_depth_range_mm"":[0.2,0.8],""depth_extrapolated"":true,""relative_reference"":""first valid prediction since B0/no-contact"",""xy_semantics"":""continuous XY RBF refit on all 441 positions at 1 mm spacing"",""fit_model"":""441点1 mm连续XY/RBF＋跨深度连续Z＋接触/释放门控"",""fit_variant"":""dense441_1mm_continuous_development"",""evidence_tier"":""development_dense441_single_repeat_random_validation_pending"",""continuous_xy_method"":""kernel_rbf"",""working_range_model"":false,""working_range_mm"":null,""outside_declared_working_range"":false,""calibration_domain_mm"":{""x"":[-10.0,10.0],""y"":[-10.0,10.0],""depth"":[0.2,0.8]},""xy_outside_calibration_domain"":false,""excluded_calibration_samples"":0,""uncorrected_static_xyz_mm"":[0.5189033617021933,0.4989458772658997,0.9600686634574059],""unaligned_xyz_mm"":[-0.881593099569538,0.9781150056022301,0.9600686634574059],""xy_rotation_deg"":-4.580684956890044,""xy_translation_mm"":[1.3195654319610284,-0.5464514666381837],""xy_translation_source"":""five_point_reassembly"",""xy_translation_details"":{""preset"":""5×5｜441点1mm连续"",""calibration_points"":5,""calibration_strategy"":""rigid_rotation_translation_v1"",""calibration_rms_mm"":0.507358956567797,""check_rms_mm"":null},""dynamic_model_enabled"":false,""dynamic_history_ready"":false,""dynamic_gate"":0.0,""contact_score"":0.9995848586991382,""contact_score_threshold"":0.49492851692021117,""status"":""有效"",""preset"":""5×5｜441点1mm连续"",""needs_baseline"":false,""display.contact"":true,""display.contact_reason"":""拟合响应/相似度接触门控"",""display.contact_segment"":615,""display.contact_age_ms"":4186.7109,""display.contact_last_end_ns"":1240509495697500}"
S20260919_A,000134,342,1240513745700900,1240513795766300,NormalizedFit,1,1,True,unknown,False,False,0.0,1.221357573210545,nan,nan,0.5585059554409745,0.5109826708460736,0.958479070961244,x,y,z,0.5585059554409745,0.5109826708460736,0.958479070961244,,,,,,,,1.8060072586855473,0.41772071085495055,0.7561641145380182,"{""x"":0.5585059554409745,""y"":0.5109826708460736,""z"":0.958479070961244,""dx"":null,""dy"":null,""mode5"":null,""Q"":null,""X"":null,""Y"":null,""Z"":null,""dX"":1.8060072586855473,""dY"":0.41772071085495055,""dZ"":0.7561641145380182}","{""amplitude_uT"":2442.557594984815,""contact_threshold_uT"":40.0,""contact_gate"":""shape-aware ridge classifier + amplitude floor"",""cosine_similarity"":0.992427236402837,""anti_jump_policy"":""快速门控（阈值/形状）"",""calibration_depth_range_mm"":[0.2,0.8],""depth_extrapolated"":true,""relative_reference"":""first valid prediction since B0/no-contact"",""xy_semantics"":""continuous XY RBF refit on all 441 positions at 1 mm spacing"",""fit_model"":""441点1 mm连续XY/RBF＋跨深度连续Z＋接触/释放门控"",""fit_variant"":""dense441_1mm_continuous_development"",""evidence_tier"":""development_dense441_single_repeat_random_validation_pending"",""continuous_xy_method"":""kernel_rbf"",""working_range_model"":false,""working_range_mm"":null,""outside_declared_working_range"":false,""calibration_domain_mm"":{""x"":[-10.0,10.0],""y"":[-10.0,10.0],""depth"":[0.2,0.8]},""xy_outside_calibration_domain"":false,""excluded_calibration_samples"":0,""uncorrected_static_xyz_mm"":[0.5585059554409745,0.5109826708460736,0.958479070961244],""unaligned_xyz_mm"":[-0.843078295324557,0.9932761297195722,0.958479070961244],""xy_rotation_deg"":-4.580684956890044,""xy_translation_mm"":[1.3195654319610284,-0.5464514666381837],""xy_translation_source"":""five_point_reassembly"",""xy_translation_details"":{""preset"":""5×5｜441点1mm连续"",""calibration_points"":5,""calibration_strategy"":""rigid_rotation_translation_v1"",""calibration_rms_mm"":0.507358956567797,""check_rms_mm"":null},""dynamic_model_enabled"":false,""dynamic_history_ready"":false,""dynamic_gate"":0.0,""contact_score"":0.999583259810905,""contact_score_threshold"":0.49492851692021117,""status"":""有效"",""preset"":""5×5｜441点1mm连续"",""needs_baseline"":false,""display.contact"":true,""display.contact_reason"":""拟合响应/相似度接触门控"",""display.contact_segment"":615,""display.contact_age_ms"":4213.509,""display.contact_last_end_ns"":1240509495697500}"
S20260919_A,000134,343,1240513772785600,1240513799712100,NormalizedFit,1,1,True,unknown,False,False,0.0,1.2202422682667842,nan,nan,0.5452630945792277,0.5179093628423903,0.9609626646415251,x,y,z,0.5452630945792277,0.5179093628423903,0.9609626646415251,,,,,,,,1.7927643978238006,0.42464740285126723,0.7586477082182994,"{""x"":0.5452630945792277,""y"":0.5179093628423903,""z"":0.9609626646415251,""dx"":null,""dy"":null,""mode5"":null,""Q"":null,""X"":null,""Y"":null,""Z"":null,""dX"":1.7927643978238006,""dY"":0.42464740285126723,""dZ"":0.7586477082182994}","{""amplitude_uT"":2432.6837870004806,""contact_threshold_uT"":40.0,""contact_gate"":""shape-aware ridge classifier + amplitude floor"",""cosine_similarity"":0.9921202362223763,""anti_jump_policy"":""快速门控（阈值/形状）"",""calibration_depth_range_mm"":[0.2,0.8],""depth_extrapolated"":true,""relative_reference"":""first valid prediction since B0/no-contact"",""xy_semantics"":""continuous XY RBF refit on all 441 positions at 1 mm spacing"",""fit_model"":""441点1 mm连续XY/RBF＋跨深度连续Z＋接触/释放门控"",""fit_variant"":""dense441_1mm_continuous_development"",""evidence_tier"":""development_dense441_single_repeat_random_validation_pending"",""continuous_xy_method"":""kernel_rbf"",""working_range_model"":false,""working_range_mm"":null,""outside_declared_working_range"":false,""calibration_domain_mm"":{""x"":[-10.0,10.0],""y"":[-10.0,10.0],""depth"":[0.2,0.8]},""xy_outside_calibration_domain"":false,""excluded_calibration_samples"":0,""uncorrected_static_xyz_mm"":[0.5452630945792277,0.5179093628423903,0.9609626646415251],""unaligned_xyz_mm"":[-0.8568320422776301,0.9991230836758005,0.9609626646415251],""xy_rotation_deg"":-4.580684956890044,""xy_translation_mm"":[1.3195654319610284,-0.5464514666381837],""xy_translation_source"":""five_point_reassembly"",""xy_translation_details"":{""preset"":""5×5｜441点1mm连续"",""calibration_points"":5,""calibration_strategy"":""rigid_rotation_translation_v1"",""calibration_rms_mm"":0.507358956567797,""check_rms_mm"":null},""dynamic_model_enabled"":false,""dynamic_history_ready"":false,""dynamic_gate"":0.0,""contact_score"":0.9995837460535311,""contact_score_threshold"":0.49492851692021117,""status"":""有效"",""preset"":""5×5｜441点1mm连续"",""needs_baseline"":false,""display.contact"":true,""display.contact_reason"":""拟合响应/相似度接触门控"",""display.contact_segment"":615,""display.contact_age_ms"":4240.5937,""display.contact_last_end_ns"":1240509495697500}"
S20260919_A,000134,344,1240513783634300,1240513802436200,NormalizedFit,1,1,True,unknown,False,False,0.0,1.2301238689124292,nan,nan,0.576456715012742,0.5186077020091857,0.9549599153899359,x,y,z,0.576456715012742,0.5186077020091857,0.9549599153899359,,,,,,,,1.823958018257315,0.42534574201806263,0.7526449589667101,"{""x"":0.576456715012742,""y"":0.5186077020091857,""z"":0.9549599153899359,""dx"":null,""dy"":null,""mode5"":null,""Q"":null,""X"":null,""Y"":null,""Z"":null,""dX"":1.823958018257315,""dY"":0.42534574201806263,""dZ"":0.7526449589667101}","{""amplitude_uT"":2427.668226569119,""contact_threshold_uT"":40.0,""contact_gate"":""shape-aware ridge classifier + amplitude floor"",""cosine_similarity"":0.9922685714500799,""anti_jump_policy"":""快速门控（阈值/形状）"",""calibration_depth_range_mm"":[0.2,0.8],""depth_extrapolated"":true,""relative_reference"":""first valid prediction since B0/no-contact"",""xy_semantics"":""continuous XY RBF refit on all 441 positions at 1 mm spacing"",""fit_model"":""441点1 mm连续XY/RBF＋跨深度连续Z＋接触/释放门控"",""fit_variant"":""dense441_1mm_continuous_development"",""evidence_tier"":""development_dense441_single_repeat_random_validation_pending"",""continuous_xy_method"":""kernel_rbf"",""working_range_model"":false,""working_range_mm"":null,""outside_declared_working_range"":false,""calibration_domain_mm"":{""x"":[-10.0,10.0],""y"":[-10.0,10.0],""depth"":[0.2,0.8]},""xy_outside_calibration_domain"":false,""excluded_calibration_samples"":0,""uncorrected_static_xyz_mm"":[0.576456715012742,0.5186077020091857,0.9549599153899359],""unaligned_xyz_mm"":[-0.8257938300918721,1.0023104050674871,0.9549599153899359],""xy_rotation_deg"":-4.580684956890044,""xy_translation_mm"":[1.3195654319610284,-0.5464514666381837],""xy_translation_source"":""five_point_reassembly"",""xy_translation_details"":{""preset"":""5×5｜441点1mm连续"",""calibration_points"":5,""calibration_strategy"":""rigid_rotation_translation_v1"",""calibration_rms_mm"":0.507358956567797,""check_rms_mm"":null},""dynamic_model_enabled"":false,""dynamic_history_ready"":false,""dynamic_gate"":0.0,""contact_score"":0.999631493786914,""contact_score_threshold"":0.49492851692021117,""status"":""有效"",""preset"":""5×5｜441点1mm连续"",""needs_baseline"":false,""display.contact"":true,""display.contact_reason"":""拟合响应/相似度接触门控"",""display.contact_segment"":615,""display.contact_age_ms"":4251.4424,""display.contact_last_end_ns"":1240509495697500}"
S20260919_A,000134,345,1240513809492600,1240513835732400,NormalizedFit,1,1,True,unknown,False,False,0.0,1.2317799399589073,nan,nan,0.5746978493022463,0.5279941650779187,0.9530091102063051,x,y,z,0.5746978493022463,0.5279941650779187,0.9530091102063051,,,,,,,,1.8221991525468193,0.43473220508679566,0.7506941537830794,"{""x"":0.5746978493022463,""y"":0.5279941650779187,""z"":0.9530091102063051,""dx"":null,""dy"":null,""mode5"":null,""Q"":null,""X"":null,""Y"":null,""Z"":null,""dX"":1.8221991525468193,""dY"":0.43473220508679566,""dZ"":0.7506941537830794}","{""amplitude_uT"":2424.07321415897,""contact_threshold_uT"":40.0,""contact_gate"":""shape-aware ridge classifier + amplitude floor"",""cosine_similarity"":0.9924757168642051,""anti_jump_policy"":""快速门控（阈值/形状）"",""calibration_depth_range_mm"":[0.2,0.8],""depth_extrapolated"":true,""relative_reference"":""first valid prediction since B0/no-contact"",""xy_semantics"":""continuous XY RBF refit on all 441 positions at 1 mm spacing"",""fit_model"":""441点1 mm连续XY/RBF＋跨深度连续Z＋接触/释放门控"",""fit_variant"":""dense441_1mm_continuous_development"",""evidence_tier"":""development_dense441_single_repeat_random_validation_pending"",""continuous_xy_method"":""kernel_rbf"",""working_range_model"":false,""working_range_mm"":null,""outside_declared_working_range"":false,""calibration_domain_mm"":{""x"":[-10.0,10.0],""y"":[-10.0,10.0],""depth"":[0.2,0.8]},""xy_outside_calibration_domain"":false,""excluded_calibration_samples"":0,""uncorrected_static_xyz_mm"":[0.5746978493022463,0.5279941650779187,0.9530091102063051],""unaligned_xyz_mm"":[-0.828296707845432,1.0115264183313113,0.9530091102063051],""xy_rotation_deg"":-4.580684956890044,""xy_translation_mm"":[1.3195654319610284,-0.5464514666381837],""xy_translation_source"":""five_point_reassembly"",""xy_translation_details"":{""preset"":""5×5｜441点1mm连续"",""calibration_points"":5,""calibration_strategy"":""rigid_rotation_translation_v1"",""calibration_rms_mm"":0.507358956567797,""check_rms_mm"":null},""dynamic_model_enabled"":false,""dynamic_history_ready"":false,""dynamic_gate"":0.0,""contact_score"":0.9996502402631167,""contact_score_threshold"":0.49492851692021117,""status"":""有效"",""preset"":""5×5｜441点1mm连续"",""needs_baseline"":false,""display.contact"":true,""display.contact_reason"":""拟合响应/相似度接触门控"",""display.contact_segment"":615,""display.contact_age_ms"":4277.3007,""display.contact_last_end_ns"":1240509495697500}"
S20260919_A,000134,346,1240513835866000,1240513888821100,NormalizedFit,1,1,True,unknown,False,False,0.0,1.2175638939031177,nan,nan,0.5384579553803135,0.52155493832975,0.9594296807624961,x,y,z,0.5384579553803135,0.52155493832975,0.9594296807624961,,,,,,,,1.7859592586248865,0.4282929783386269,0.7571147243392704,"{""x"":0.5384579553803135,""y"":0.52155493832975,""z"":0.9594296807624961,""dx"":null,""dy"":null,""mode5"":null,""Q"":null,""X"":null,""Y"":null,""Z"":null,""dX"":1.7859592586248865,""dY"":0.4282929783386269,""dZ"":0.7571147243392704}","{""amplitude_uT"":2430.941526527736,""contact_threshold_uT"":40.0,""contact_gate"":""shape-aware ridge classifier + amplitude floor"",""cosine_similarity"":0.9920404265626843,""anti_jump_policy"":""快速门控（阈值/形状）"",""calibration_depth_range_mm"":[0.2,0.8],""depth_extrapolated"":true,""relative_reference"":""first valid prediction since B0/no-contact"",""xy_semantics"":""continuous XY RBF refit on all 441 positions at 1 mm spacing"",""fit_model"":""441点1 mm连续XY/RBF＋跨深度连续Z＋接触/释放门控"",""fit_variant"":""dense441_1mm_continuous_development"",""evidence_tier"":""development_dense441_single_repeat_random_validation_pending"",""continuous_xy_method"":""kernel_rbf"",""working_range_model"":false,""working_range_mm"":null,""outside_declared_working_range"":false,""calibration_domain_mm"":{""x"":[-10.0,10.0],""y"":[-10.0,10.0],""depth"":[0.2,0.8]},""xy_outside_calibration_domain"":false,""excluded_calibration_samples"":0,""uncorrected_static_xyz_mm"":[0.5384579553803135,0.52155493832975,0.9594296807624961],""unaligned_xyz_mm"":[-0.8639065911047537,1.0022135365622367,0.9594296807624961],""xy_rotation_deg"":-4.580684956890044,""xy_translation_mm"":[1.3195654319610284,-0.5464514666381837],""xy_translation_source"":""five_point_reassembly"",""xy_translation_details"":{""preset"":""5×5｜441点1mm连续"",""calibration_points"":5,""calibration_strategy"":""rigid_rotation_translation_v1"",""calibration_rms_mm"":0.507358956567797,""check_rms_mm"":null},""dynamic_model_enabled"":false,""dynamic_history_ready"":false,""dynamic_gate"":0.0,""contact_score"":0.9995270413080526,""contact_score_threshold"":0.49492851692021117,""status"":""有效"",""preset"":""5×5｜441点1mm连续"",""needs_baseline"":false,""display.contact"":true,""display.contact_reason"":""拟合响应/相似度接触门控"",""display.contact_segment"":615,""display.contact_age_ms"":4303.6741,""display.contact_last_end_ns"":1240509495697500}"
S20260919_A,000134,347,1240513848426700,1240513892750600,NormalizedFit,1,1,True,unknown,False,False,0.0,1.1997212619287994,nan,nan,0.545829955643496,0.477423209868713,0.9557551174463595,x,y,z,0.545829955643496,0.477423209868713,0.9557551174463595,,,,,,,,1.793331258888069,0.3841612498775899,0.7534401610231338,"{""x"":0.545829955643496,""y"":0.477423209868713,""z"":0.9557551174463595,""dx"":null,""dy"":null,""mode5"":null,""Q"":null,""X"":null,""Y"":null,""Z"":null,""dX"":1.793331258888069,""dY"":0.3841612498775899,""dZ"":0.7534401610231338}","{""amplitude_uT"":2424.2566677251816,""contact_threshold_uT"":40.0,""contact_gate"":""shape-aware ridge classifier + amplitude floor"",""cosine_similarity"":0.9924952036045975,""anti_jump_policy"":""快速门控（阈值/形状）"",""calibration_depth_range_mm"":[0.2,0.8],""depth_extrapolated"":true,""relative_reference"":""first valid prediction since B0/no-contact"",""xy_semantics"":""continuous XY RBF refit on all 441 positions at 1 mm spacing"",""fit_model"":""441点1 mm连续XY/RBF＋跨深度连续Z＋接触/释放门控"",""fit_variant"":""dense441_1mm_continuous_development"",""evidence_tier"":""development_dense441_single_repeat_random_validation_pending"",""continuous_xy_method"":""kernel_rbf"",""working_range_model"":false,""working_range_mm"":null,""outside_declared_working_range"":false,""calibration_domain_mm"":{""x"":[-10.0,10.0],""y"":[-10.0,10.0],""depth"":[0.2,0.8]},""xy_outside_calibration_domain"":false,""excluded_calibration_samples"":0,""uncorrected_static_xyz_mm"":[0.545829955643496,0.477423209868713,0.9557551174463595],""unaligned_xyz_mm"":[-0.853033650482292,0.9588115203987049,0.9557551174463595],""xy_rotation_deg"":-4.580684956890044,""xy_translation_mm"":[1.3195654319610284,-0.5464514666381837],""xy_translation_source"":""five_point_reassembly"",""xy_translation_details"":{""preset"":""5×5｜441点1mm连续"",""calibration_points"":5,""calibration_strategy"":""rigid_rotation_translation_v1"",""calibration_rms_mm"":0.507358956567797,""check_rms_mm"":null},""dynamic_model_enabled"":false,""dynamic_history_ready"":false,""dynamic_gate"":0.0,""contact_score"":0.9995872188311257,""contact_score_threshold"":0.49492851692021117,""status"":""有效"",""preset"":""5×5｜441点1mm连续"",""needs_baseline"":false,""display.contact"":true,""display.contact_reason"":""拟合响应/相似度接触门控"",""display.contact_segment"":615,""display.contact_age_ms"":4316.2348,""display.contact_last_end_ns"":1240509495697500}"
S20260919_A,000134,348,1240513859320000,1240513895409300,NormalizedFit,1,1,True,unknown,False,False,0.0,1.2259021697169088,nan,nan,0.5673768254083514,0.5175809367164286,0.9555258456231889,x,y,z,0.5673768254083514,0.5175809367164286,0.9555258456231889,,,,,,,,1.8148781286529245,0.4243189767253055,0.7532108891999632,"{""x"":0.5673768254083514,""y"":0.5175809367164286,""z"":0.9555258456231889,""dx"":null,""dy"":null,""mode5"":null,""Q"":null,""X"":null,""Y"":null,""Z"":null,""dX"":1.8148781286529245,""dY"":0.4243189767253055,""dZ"":0.7532108891999632}","{""amplitude_uT"":2428.0364911850584,""contact_threshold_uT"":40.0,""contact_gate"":""shape-aware ridge classifier + amplitude floor"",""cosine_similarity"":0.9924139217949663,""anti_jump_policy"":""快速门控（阈值/形状）"",""calibration_depth_range_mm"":[0.2,0.8],""depth_extrapolated"":true,""relative_reference"":""first valid prediction since B0/no-contact"",""xy_semantics"":""continuous XY RBF refit on all 441 positions at 1 mm spacing"",""fit_model"":""441点1 mm连续XY/RBF＋跨深度连续Z＋接触/释放门控"",""fit_variant"":""dense441_1mm_continuous_development"",""evidence_tier"":""development_dense441_single_repeat_random_validation_pending"",""continuous_xy_method"":""kernel_rbf"",""working_range_model"":false,""working_range_mm"":null,""outside_declared_working_range"":false,""calibration_domain_mm"":{""x"":[-10.0,10.0],""y"":[-10.0,10.0],""depth"":[0.2,0.8]},""xy_outside_calibration_domain"":false,""excluded_calibration_samples"":0,""uncorrected_static_xyz_mm"":[0.5673768254083514,0.5175809367164286,0.9555258456231889],""unaligned_xyz_mm"":[-0.8347627167890712,1.0005617731430574,0.9555258456231889],""xy_rotation_deg"":-4.580684956890044,""xy_translation_mm"":[1.3195654319610284,-0.5464514666381837],""xy_translation_source"":""five_point_reassembly"",""xy_translation_details"":{""preset"":""5×5｜441点1mm连续"",""calibration_points"":5,""calibration_strategy"":""rigid_rotation_translation_v1"",""calibration_rms_mm"":0.507358956567797,""check_rms_mm"":null},""dynamic_model_enabled"":false,""dynamic_history_ready"":false,""dynamic_gate"":0.0,""contact_score"":0.9996221327242063,""contact_score_threshold"":0.49492851692021117,""status"":""有效"",""preset"":""5×5｜441点1mm连续"",""needs_baseline"":false,""display.contact"":true,""display.contact_reason"":""拟合响应/相似度接触门控"",""display.contact_segment"":615,""display.contact_age_ms"":4327.1281,""display.contact_last_end_ns"":1240509495697500}"
S20260919_A,000134,349,1240513885586000,1240513898203500,NormalizedFit,1,1,True,unknown,False,False,0.0,1.1880172950448433,nan,nan,0.46898308599727223,0.5035025613119768,0.9684653474061012,x,y,z,0.46898308599727223,0.5035025613119768,0.9684653474061012,,,,,,,,1.7164843892418453,0.4102406013208537,0.7661503909828755,"{""x"":0.46898308599727223,""y"":0.5035025613119768,""z"":0.9684653474061012,""dx"":null,""dy"":null,""mode5"":null,""Q"":null,""X"":null,""Y"":null,""Z"":null,""dX"":1.7164843892418453,""dY"":0.4102406013208537,""dZ"":0.7661503909828755}","{""amplitude_uT"":2436.51658696242,""contact_threshold_uT"":40.0,""contact_gate"":""shape-aware ridge classifier + amplitude floor"",""cosine_similarity"":0.9928206951928367,""anti_jump_policy"":""快速门控（阈值/形状）"",""calibration_depth_range_mm"":[0.2,0.8],""depth_extrapolated"":true,""relative_reference"":""first valid prediction since B0/no-contact"",""xy_semantics"":""continuous XY RBF refit on all 441 positions at 1 mm spacing"",""fit_model"":""441点1 mm连续XY/RBF＋跨深度连续Z＋接触/释放门控"",""fit_variant"":""dense441_1mm_continuous_development"",""evidence_tier"":""development_dense441_single_repeat_random_validation_pending"",""continuous_xy_method"":""kernel_rbf"",""working_range_model"":false,""working_range_mm"":null,""outside_declared_working_range"":false,""calibration_domain_mm"":{""x"":[-10.0,10.0],""y"":[-10.0,10.0],""depth"":[0.2,0.8]},""xy_outside_calibration_domain"":false,""excluded_calibration_samples"":0,""uncorrected_static_xyz_mm"":[0.46898308599727223,0.5035025613119768,0.9684653474061012],""unaligned_xyz_mm"":[-0.9317178327909073,0.9786703572364845,0.9684653474061012],""xy_rotation_deg"":-4.580684956890044,""xy_translation_mm"":[1.3195654319610284,-0.5464514666381837],""xy_translation_source"":""five_point_reassembly"",""xy_translation_details"":{""preset"":""5×5｜441点1mm连续"",""calibration_points"":5,""calibration_strategy"":""rigid_rotation_translation_v1"",""calibration_rms_mm"":0.507358956567797,""check_rms_mm"":null},""dynamic_model_enabled"":false,""dynamic_history_ready"":false,""dynamic_gate"":0.0,""contact_score"":0.9994266352760881,""contact_score_threshold"":0.49492851692021117,""status"":""有效"",""preset"":""5×5｜441点1mm连续"",""needs_baseline"":false,""display.contact"":true,""display.contact_reason"":""拟合响应/相似度接触门控"",""display.contact_segment"":615,""display.contact_age_ms"":4353.3941,""display.contact_last_end_ns"":1240509495697500}"
S20260919_A,000134,350,1240513912249600,1240513934097700,NormalizedFit,1,1,True,unknown,False,False,0.0,1.211021024797929,nan,nan,0.5426343449565971,0.48665474096530437,0.96710240061337,x,y,z,0.5426343449565971,0.48665474096530437,0.96710240061337,,,,,,,,1.79013564820117,0.3933927809741813,0.7647874441901443,"{""x"":0.5426343449565971,""y"":0.48665474096530437,""z"":0.96710240061337,""dx"":null,""dy"":null,""mode5"":null,""Q"":null,""X"":null,""Y"":null,""Z"":null,""dX"":1.79013564820117,""dY"":0.3933927809741813,""dZ"":0.7647874441901443}","{""amplitude_uT"":2438.787900400115,""contact_threshold_uT"":40.0,""contact_gate"":""shape-aware ridge classifier + amplitude floor"",""cosine_similarity"":0.9925925401591716,""anti_jump_policy"":""快速门控（阈值/形状）"",""calibration_depth_range_mm"":[0.2,0.8],""depth_extrapolated"":true,""relative_reference"":""first valid prediction since B0/no-contact"",""xy_semantics"":""continuous XY RBF refit on all 441 positions at 1 mm spacing"",""fit_model"":""441点1 mm连续XY/RBF＋跨深度连续Z＋接触/释放门控"",""fit_variant"":""dense441_1mm_continuous_development"",""evidence_tier"":""development_dense441_single_repeat_random_validation_pending"",""continuous_xy_method"":""kernel_rbf"",""working_range_model"":false,""working_range_mm"":null,""outside_declared_working_range"":false,""calibration_domain_mm"":{""x"":[-10.0,10.0],""y"":[-10.0,10.0],""depth"":[0.2,0.8]},""xy_outside_calibration_domain"":false,""excluded_calibration_samples"":0,""uncorrected_static_xyz_mm"":[0.5426343449565971,0.48665474096530437,0.96710240061337],""unaligned_xyz_mm"":[-0.8569563107286893,0.967758353952588,0.96710240061337],""xy_rotation_deg"":-4.580684956890044,""xy_translation_mm"":[1.3195654319610284,-0.5464514666381837],""xy_translation_source"":""five_point_reassembly"",""xy_translation_details"":{""preset"":""5×5｜441点1mm连续"",""calibration_points"":5,""calibration_strategy"":""rigid_rotation_translation_v1"",""calibration_rms_mm"":0.507358956567797,""check_rms_mm"":null},""dynamic_model_enabled"":false,""dynamic_history_ready"":false,""dynamic_gate"":0.0,""contact_score"":0.9994722454298606,""contact_score_threshold"":0.49492851692021117,""status"":""有效"",""preset"":""5×5｜441点1mm连续"",""needs_baseline"":false,""display.contact"":true,""display.contact_reason"":""拟合响应/相似度接触门控"",""display.contact_segment"":615,""display.contact_age_ms"":4380.0577,""display.contact_last_end_ns"":1240509495697500}"
S20260919_A,000134,351,1240513925207600,1240513938066600,NormalizedFit,1,1,True,unknown,False,False,0.0,1.2352192754807334,nan,nan,0.5751305383765135,0.5135678763827438,0.9650075433350812,x,y,z,0.5751305383765135,0.5135678763827438,0.9650075433350812,,,,,,,,1.8226318416210865,0.42030591639162074,0.7626925869118555,"{""x"":0.5751305383765135,""y"":0.5135678763827438,""z"":0.9650075433350812,""dx"":null,""dy"":null,""mode5"":null,""Q"":null,""X"":null,""Y"":null,""Z"":null,""dX"":1.8226318416210865,""dY"":0.42030591639162074,""dZ"":0.7626925869118555}","{""amplitude_uT"":2441.0641095711217,""contact_threshold_uT"":40.0,""contact_gate"":""shape-aware ridge classifier + amplitude floor"",""cosine_similarity"":0.9926911539021219,""anti_jump_policy"":""快速门控（阈值/形状）"",""calibration_depth_range_mm"":[0.2,0.8],""depth_extrapolated"":true,""relative_reference"":""first valid prediction since B0/no-contact"",""xy_semantics"":""continuous XY RBF refit on all 441 positions at 1 mm spacing"",""fit_model"":""441点1 mm连续XY/RBF＋跨深度连续Z＋接触/释放门控"",""fit_variant"":""dense441_1mm_continuous_development"",""evidence_tier"":""development_dense441_single_repeat_random_validation_pending"",""continuous_xy_method"":""kernel_rbf"",""working_range_model"":false,""working_range_mm"":null,""outside_declared_working_range"":false,""calibration_domain_mm"":{""x"":[-10.0,10.0],""y"":[-10.0,10.0],""depth"":[0.2,0.8]},""xy_outside_calibration_domain"":false,""excluded_calibration_samples"":0,""uncorrected_static_xyz_mm"":[0.5751305383765135,0.5135678763827438,0.9650075433350812],""unaligned_xyz_mm"":[-0.8267132756687068,0.9971807650560773,0.9650075433350812],""xy_rotation_deg"":-4.580684956890044,""xy_translation_mm"":[1.3195654319610284,-0.5464514666381837],""xy_translation_source"":""five_point_reassembly"",""xy_translation_details"":{""preset"":""5×5｜441点1mm连续"",""calibration_points"":5,""calibration_strategy"":""rigid_rotation_translation_v1"",""calibration_rms_mm"":0.507358956567797,""check_rms_mm"":null},""dynamic_model_enabled"":false,""dynamic_history_ready"":false,""dynamic_gate"":0.0,""contact_score"":0.9994912347858398,""contact_score_threshold"":0.49492851692021117,""status"":""有效"",""preset"":""5×5｜441点1mm连续"",""needs_baseline"":false,""display.contact"":true,""display.contact_reason"":""拟合响应/相似度接触门控"",""display.contact_segment"":615,""display.contact_age_ms"":4393.0157,""display.contact_last_end_ns"":1240509495697500}"
S20260919_A,000134,352,1240513951077100,1240513991137800,NormalizedFit,1,1,True,unknown,False,False,0.0,1.251772822566619,nan,nan,0.5548136850575612,0.5707246047182559,0.9661213173087736,x,y,z,0.5548136850575612,0.5707246047182559,0.9661213173087736,,,,,,,,1.8023149883021343,0.47746264472713285,0.7638063608855479,"{""x"":0.5548136850575612,""y"":0.5707246047182559,""z"":0.9661213173087736,""dx"":null,""dy"":null,""mode5"":null,""Q"":null,""X"":null,""Y"":null,""Z"":null,""dX"":1.8023149883021343,""dY"":0.47746264472713285,""dZ"":0.7638063608855479}","{""amplitude_uT"":2440.569153031932,""contact_threshold_uT"":40.0,""contact_gate"":""shape-aware ridge classifier + amplitude floor"",""cosine_similarity"":0.992814473010015,""anti_jump_policy"":""快速门控（阈值/形状）"",""calibration_depth_range_mm"":[0.2,0.8],""depth_extrapolated"":true,""relative_reference"":""first valid prediction since B0/no-contact"",""xy_semantics"":""continuous XY RBF refit on all 441 positions at 1 mm spacing"",""fit_model"":""441点1 mm连续XY/RBF＋跨深度连续Z＋接触/释放门控"",""fit_variant"":""dense441_1mm_continuous_development"",""evidence_tier"":""development_dense441_single_repeat_random_validation_pending"",""continuous_xy_method"":""kernel_rbf"",""working_range_model"":false,""working_range_mm"":null,""outside_declared_working_range"":false,""calibration_domain_mm"":{""x"":[-10.0,10.0],""y"":[-10.0,10.0],""depth"":[0.2,0.8]},""xy_outside_calibration_domain"":false,""excluded_calibration_samples"":0,""uncorrected_static_xyz_mm"":[0.5548136850575612,0.5707246047182559,0.9661213173087736],""unaligned_xyz_mm"":[-0.8515299358366311,1.052532363957221,0.9661213173087736],""xy_rotation_deg"":-4.580684956890044,""xy_translation_mm"":[1.3195654319610284,-0.5464514666381837],""xy_translation_source"":""five_point_reassembly"",""xy_translation_details"":{""preset"":""5×5｜441点1mm连续"",""calibration_points"":5,""calibration_strategy"":""rigid_rotation_translation_v1"",""calibration_rms_mm"":0.507358956567797,""check_rms_mm"":null},""dynamic_model_enabled"":false,""dynamic_history_ready"":false,""dynamic_gate"":0.0,""contact_score"":0.999530492027159,""contact_score_threshold"":0.49492851692021117,""status"":""有效"",""preset"":""5×5｜441点1mm连续"",""needs_baseline"":false,""display.contact"":true,""display.contact_reason"":""拟合响应/相似度接触门控"",""display.contact_segment"":615,""display.contact_age_ms"":4418.8852,""display.contact_last_end_ns"":1240509495697500}"
S20260919_A,000134,353,1240513978103900,1240513993876300,NormalizedFit,1,1,True,unknown,False,False,0.0,1.2332851864630696,nan,nan,0.5503592459349957,0.5288524523131615,0.9687167466527388,x,y,z,0.5503592459349957,0.5288524523131615,0.9687167466527388,,,,,,,,1.7978605491795687,0.4355904923220384,0.766401790229513,"{""x"":0.5503592459349957,""y"":0.5288524523131615,""z"":0.9687167466527388,""dx"":null,""dy"":null,""mode5"":null,""Q"":null,""X"":null,""Y"":null,""Z"":null,""dX"":1.7978605491795687,""dY"":0.4355904923220384,""dZ"":0.766401790229513}","{""amplitude_uT"":2432.2535092870153,""contact_threshold_uT"":40.0,""contact_gate"":""shape-aware ridge classifier + amplitude floor"",""cosine_similarity"":0.9926436940415437,""anti_jump_policy"":""快速门控（阈值/形状）"",""calibration_depth_range_mm"":[0.2,0.8],""depth_extrapolated"":true,""relative_reference"":""first valid prediction since B0/no-contact"",""xy_semantics"":""continuous XY RBF refit on all 441 positions at 1 mm spacing"",""fit_model"":""441点1 mm连续XY/RBF＋跨深度连续Z＋接触/释放门控"",""fit_variant"":""dense441_1mm_continuous_development"",""evidence_tier"":""development_dense441_single_repeat_random_validation_pending"",""continuous_xy_method"":""kernel_rbf"",""working_range_model"":false,""working_range_mm"":null,""outside_declared_working_range"":false,""calibration_domain_mm"":{""x"":[-10.0,10.0],""y"":[-10.0,10.0],""depth"":[0.2,0.8]},""xy_outside_calibration_domain"":false,""excluded_calibration_samples"":0,""uncorrected_static_xyz_mm"":[0.5503592459349957,0.5288524523131615,0.9687167466527388],""unaligned_xyz_mm"":[-0.8526261155546746,1.0104382127606732,0.9687167466527388],""xy_rotation_deg"":-4.580684956890044,""xy_translation_mm"":[1.3195654319610284,-0.5464514666381837],""xy_translation_source"":""five_point_reassembly"",""xy_translation_details"":{""preset"":""5×5｜441点1mm连续"",""calibration_points"":5,""calibration_strategy"":""rigid_rotation_translation_v1"",""calibration_rms_mm"":0.507358956567797,""check_rms_mm"":null},""dynamic_model_enabled"":false,""dynamic_history_ready"":false,""dynamic_gate"":0.0,""contact_score"":0.9994710671883603,""contact_score_threshold"":0.49492851692021117,""status"":""有效"",""preset"":""5×5｜441点1mm连续"",""needs_baseline"":false,""display.contact"":true,""display.contact_reason"":""拟合响应/相似度接触门控"",""display.contact_segment"":615,""display.contact_age_ms"":4445.912,""display.contact_last_end_ns"":1240509495697500}"
S20260919_A,000134,354,1240514005028300,1240514030261600,NormalizedFit,1,1,True,unknown,False,False,0.0,1.2449756479180698,nan,nan,0.6161439330631993,0.49576636830955834,0.9615335281265968,x,y,z,0.6161439330631993,0.49576636830955834,0.9615335281265968,,,,,,,,1.8636452363077722,0.40250440831843526,0.759218571703371,"{""x"":0.6161439330631993,""y"":0.49576636830955834,""z"":0.9615335281265968,""dx"":null,""dy"":null,""mode5"":null,""Q"":null,""X"":null,""Y"":null,""Z"":null,""dX"":1.8636452363077722,""dY"":0.40250440831843526,""dZ"":0.759218571703371}","{""amplitude_uT"":2429.3117690306863,""contact_threshold_uT"":40.0,""contact_gate"":""shape-aware ridge classifier + amplitude floor"",""cosine_similarity"":0.9924498363731493,""anti_jump_policy"":""快速门控（阈值/形状）"",""calibration_depth_range_mm"":[0.2,0.8],""depth_extrapolated"":true,""relative_reference"":""first valid prediction since B0/no-contact"",""xy_semantics"":""continuous XY RBF refit on all 441 positions at 1 mm spacing"",""fit_model"":""441点1 mm连续XY/RBF＋跨深度连续Z＋接触/释放门控"",""fit_variant"":""dense441_1mm_continuous_development"",""evidence_tier"":""development_dense441_single_repeat_random_validation_pending"",""continuous_xy_method"":""kernel_rbf"",""working_range_model"":false,""working_range_mm"":null,""outside_declared_working_range"":false,""calibration_domain_mm"":{""x"":[-10.0,10.0],""y"":[-10.0,10.0],""depth"":[0.2,0.8]},""xy_outside_calibration_domain"":false,""excluded_calibration_samples"":0,""uncorrected_static_xyz_mm"":[0.6161439330631993,0.49576636830955834,0.9615335281265968],""unaligned_xyz_mm"":[-0.7844092036360264,0.9827115659469579,0.9615335281265968],""xy_rotation_deg"":-4.580684956890044,""xy_translation_mm"":[1.3195654319610284,-0.5464514666381837],""xy_translation_source"":""five_point_reassembly"",""xy_translation_details"":{""preset"":""5×5｜441点1mm连续"",""calibration_points"":5,""calibration_strategy"":""rigid_rotation_translation_v1"",""calibration_rms_mm"":0.507358956567797,""check_rms_mm"":null},""dynamic_model_enabled"":false,""dynamic_history_ready"":false,""dynamic_gate"":0.0,""contact_score"":0.9995513161239485,""contact_score_threshold"":0.49492851692021117,""status"":""有效"",""preset"":""5×5｜441点1mm连续"",""needs_baseline"":false,""display.contact"":true,""display.contact_reason"":""拟合响应/相似度接触门控"",""display.contact_segment"":615,""display.contact_age_ms"":4472.8364,""display.contact_last_end_ns"":1240509495697500}"
S20260919_A,000134,355,1240514016908500,1240514034542300,NormalizedFit,1,1,True,unknown,False,False,0.0,1.2549738063118563,nan,nan,0.6202430432306404,0.520892061405267,0.9586079919434399,x,y,z,0.6202430432306404,0.520892061405267,0.9586079919434399,,,,,,,,1.8677443464752135,0.4276301014141439,0.7562930355202142,"{""x"":0.6202430432306404,""y"":0.520892061405267,""z"":0.9586079919434399,""dx"":null,""dy"":null,""mode5"":null,""Q"":null,""X"":null,""Y"":null,""Z"":null,""dX"":1.8677443464752135,""dY"":0.4276301014141439,""dZ"":0.7562930355202142}","{""amplitude_uT"":2418.0688100587627,""contact_threshold_uT"":40.0,""contact_gate"":""shape-aware ridge classifier + amplitude floor"",""cosine_similarity"":0.9924128037958488,""anti_jump_policy"":""快速门控（阈值/形状）"",""calibration_depth_range_mm"":[0.2,0.8],""depth_extrapolated"":true,""relative_reference"":""first valid prediction since B0/no-contact"",""xy_semantics"":""continuous XY RBF refit on all 441 positions at 1 mm spacing"",""fit_model"":""441点1 mm连续XY/RBF＋跨深度连续Z＋接触/释放门控"",""fit_variant"":""dense441_1mm_continuous_development"",""evidence_tier"":""development_dense441_single_repeat_random_validation_pending"",""continuous_xy_method"":""kernel_rbf"",""working_range_model"":false,""working_range_mm"":null,""outside_declared_working_range"":false,""calibration_domain_mm"":{""x"":[-10.0,10.0],""y"":[-10.0,10.0],""depth"":[0.2,0.8]},""xy_outside_calibration_domain"":false,""excluded_calibration_samples"":0,""uncorrected_static_xyz_mm"":[0.6202430432306404,0.520892061405267,0.9586079919434399],""unaligned_xyz_mm"":[-0.7823297971878631,1.0080843708082243,0.9586079919434399],""xy_rotation_deg"":-4.580684956890044,""xy_translation_mm"":[1.3195654319610284,-0.5464514666381837],""xy_translation_source"":""five_point_reassembly"",""xy_translation_details"":{""preset"":""5×5｜441点1mm连续"",""calibration_points"":5,""calibration_strategy"":""rigid_rotation_translation_v1"",""calibration_rms_mm"":0.507358956567797,""check_rms_mm"":null},""dynamic_model_enabled"":false,""dynamic_history_ready"":false,""dynamic_gate"":0.0,""contact_score"":0.9995937008010611,""contact_score_threshold"":0.49492851692021117,""status"":""有效"",""preset"":""5×5｜441点1mm连续"",""needs_baseline"":false,""display.contact"":true,""display.contact_reason"":""拟合响应/相似度接触门控"",""display.contact_segment"":615,""display.contact_age_ms"":4484.7166,""display.contact_last_end_ns"":1240509495697500}"
S20260919_A,000134,356,1240514041815700,1240514091210400,NormalizedFit,1,1,True,unknown,False,False,0.0,1.1991037951137922,nan,nan,0.5634177257076354,0.5108214685413732,0.9270770222004047,x,y,z,0.5634177257076354,0.5108214685413732,0.9270770222004047,,,,,,,,1.8109190289522084,0.41755950855025015,0.7247620657771789,"{""x"":0.5634177257076354,""y"":0.5108214685413732,""z"":0.9270770222004047,""dx"":null,""dy"":null,""mode5"":null,""Q"":null,""X"":null,""Y"":null,""Z"":null,""dX"":1.8109190289522084,""dY"":0.41755950855025015,""dZ"":0.7247620657771789}","{""amplitude_uT"":2315.8648333097944,""contact_threshold_uT"":40.0,""contact_gate"":""shape-aware ridge classifier + amplitude floor"",""cosine_similarity"":0.9938862456399014,""anti_jump_policy"":""快速门控（阈值/形状）"",""calibration_depth_range_mm"":[0.2,0.8],""depth_extrapolated"":true,""relative_reference"":""first valid prediction since B0/no-contact"",""xy_semantics"":""continuous XY RBF refit on all 441 positions at 1 mm spacing"",""fit_model"":""441点1 mm连续XY/RBF＋跨深度连续Z＋接触/释放门控"",""fit_variant"":""dense441_1mm_continuous_development"",""evidence_tier"":""development_dense441_single_repeat_random_validation_pending"",""continuous_xy_method"":""kernel_rbf"",""working_range_model"":false,""working_range_mm"":null,""outside_declared_working_range"":false,""calibration_domain_mm"":{""x"":[-10.0,10.0],""y"":[-10.0,10.0],""depth"":[0.2,0.8]},""xy_outside_calibration_domain"":false,""excluded_calibration_samples"":0,""uncorrected_static_xyz_mm"":[0.5634177257076354,0.5108214685413732,0.9270770222004047],""unaligned_xyz_mm"":[-0.8381693398680947,0.9935077105088541,0.9270770222004047],""xy_rotation_deg"":-4.580684956890044,""xy_translation_mm"":[1.3195654319610284,-0.5464514666381837],""xy_translation_source"":""five_point_reassembly"",""xy_translation_details"":{""preset"":""5×5｜441点1mm连续"",""calibration_points"":5,""calibration_strategy"":""rigid_rotation_translation_v1"",""calibration_rms_mm"":0.507358956567797,""check_rms_mm"":null},""dynamic_model_enabled"":false,""dynamic_history_ready"":false,""dynamic_gate"":0.0,""contact_score"":0.9994577076214466,""contact_score_threshold"":0.49492851692021117,""status"":""有效"",""preset"":""5×5｜441点1mm连续"",""needs_baseline"":false,""display.contact"":true,""display.contact_reason"":""拟合响应/相似度接触门控"",""display.contact_segment"":615,""display.contact_age_ms"":4509.6238,""display.contact_last_end_ns"":1240509495697500}"
S20260919_A,000134,357,1240514068730400,1240514094687200,NormalizedFit,1,1,True,unknown,False,False,0.0,1.1643801986440214,nan,nan,0.686418905240015,0.2880927486698742,0.8953283764559384,x,y,z,0.686418905240015,0.2880927486698742,0.8953283764559384,,,,,,,,1.933920208484588,0.19483078867875114,0.6930134200327127,"{""x"":0.686418905240015,""y"":0.2880927486698742,""z"":0.8953283764559384,""dx"":null,""dy"":null,""mode5"":null,""Q"":null,""X"":null,""Y"":null,""Z"":null,""dX"":1.933920208484588,""dY"":0.19483078867875114,""dZ"":0.6930134200327127}","{""amplitude_uT"":2194.9161280297253,""contact_threshold_uT"":40.0,""contact_gate"":""shape-aware ridge classifier + amplitude floor"",""cosine_similarity"":0.9942272689478953,""anti_jump_policy"":""快速门控（阈值/形状）"",""calibration_depth_range_mm"":[0.2,0.8],""depth_extrapolated"":true,""relative_reference"":""first valid prediction since B0/no-contact"",""xy_semantics"":""continuous XY RBF refit on all 441 positions at 1 mm spacing"",""fit_model"":""441点1 mm连续XY/RBF＋跨深度连续Z＋接触/释放门控"",""fit_variant"":""dense441_1mm_continuous_development"",""evidence_tier"":""development_dense441_single_repeat_random_validation_pending"",""continuous_xy_method"":""kernel_rbf"",""working_range_model"":false,""working_range_mm"":null,""outside_declared_working_range"":false,""calibration_domain_mm"":{""x"":[-10.0,10.0],""y"":[-10.0,10.0],""depth"":[0.2,0.8]},""xy_outside_calibration_domain"":false,""excluded_calibration_samples"":0,""uncorrected_static_xyz_mm"":[0.686418905240015,0.2880927486698742,0.8953283764559384],""unaligned_xyz_mm"":[-0.6977732833284982,0.7813136480799452,0.8953283764559384],""xy_rotation_deg"":-4.580684956890044,""xy_translation_mm"":[1.3195654319610284,-0.5464514666381837],""xy_translation_source"":""five_point_reassembly"",""xy_translation_details"":{""preset"":""5×5｜441点1mm连续"",""calibration_points"":5,""calibration_strategy"":""rigid_rotation_translation_v1"",""calibration_rms_mm"":0.507358956567797,""check_rms_mm"":null},""dynamic_model_enabled"":false,""dynamic_history_ready"":false,""dynamic_gate"":0.0,""contact_score"":0.9993435069015582,""contact_score_threshold"":0.49492851692021117,""status"":""有效"",""preset"":""5×5｜441点1mm连续"",""needs_baseline"":false,""display.contact"":true,""display.contact_reason"":""拟合响应/相似度接触门控"",""display.contact_segment"":615,""display.contact_age_ms"":4536.5385,""display.contact_last_end_ns"":1240509495697500}"
S20260919_A,000134,358,1240514079629500,1240514097402600,NormalizedFit,1,1,True,unknown,False,False,0.0,1.1922231912435517,nan,nan,0.8911795110257301,0.0720165828812106,0.7886753632877171,x,y,z,0.8911795110257301,0.0720165828812106,0.7886753632877171,,,,,,,,2.138680814270303,-0.021245377109912478,0.5863604068644914,"{""x"":0.8911795110257301,""y"":0.0720165828812106,""z"":0.7886753632877171,""dx"":null,""dy"":null,""mode5"":null,""Q"":null,""X"":null,""Y"":null,""Z"":null,""dX"":2.138680814270303,""dY"":-0.021245377109912478,""dZ"":0.5863604068644914}","{""amplitude_uT"":1860.1958770992374,""contact_threshold_uT"":40.0,""contact_gate"":""shape-aware ridge classifier + amplitude floor"",""cosine_similarity"":0.9961204668921335,""anti_jump_policy"":""快速门控（阈值/形状）"",""calibration_depth_range_mm"":[0.2,0.8],""depth_extrapolated"":false,""relative_reference"":""first valid prediction since B0/no-contact"",""xy_semantics"":""continuous XY RBF refit on all 441 positions at 1 mm spacing"",""fit_model"":""441点1 mm连续XY/RBF＋跨深度连续Z＋接触/释放门控"",""fit_variant"":""dense441_1mm_continuous_development"",""evidence_tier"":""development_dense441_single_repeat_random_validation_pending"",""continuous_xy_method"":""kernel_rbf"",""working_range_model"":false,""working_range_mm"":null,""outside_declared_working_range"":false,""calibration_domain_mm"":{""x"":[-10.0,10.0],""y"":[-10.0,10.0],""depth"":[0.2,0.8]},""xy_outside_calibration_domain"":false,""excluded_calibration_samples"":0,""uncorrected_static_xyz_mm"":[0.8911795110257301,0.0720165828812106,0.7886753632877171],""unaligned_xyz_mm"":[-0.47641024399738496,0.5822804349677737,0.7886753632877171],""xy_rotation_deg"":-4.580684956890044,""xy_translation_mm"":[1.3195654319610284,-0.5464514666381837],""xy_translation_source"":""five_point_reassembly"",""xy_translation_details"":{""preset"":""5×5｜441点1mm连续"",""calibration_points"":5,""calibration_strategy"":""rigid_rotation_translation_v1"",""calibration_rms_mm"":0.507358956567797,""check_rms_mm"":null},""dynamic_model_enabled"":false,""dynamic_history_ready"":false,""dynamic_gate"":0.0,""contact_score"":0.9994267317871679,""contact_score_threshold"":0.49492851692021117,""status"":""有效"",""preset"":""5×5｜441点1mm连续"",""needs_baseline"":false,""display.contact"":true,""display.contact_reason"":""拟合响应/相似度接触门控"",""display.contact_segment"":615,""display.contact_age_ms"":4547.4376,""display.contact_last_end_ns"":1240509495697500}"
S20260919_A,000134,359,1240514106537300,1240514131065900,NormalizedFit,1,1,True,unknown,False,False,0.0,1.4611498973939994,nan,nan,1.2588817271650128,-0.329474711902153,0.6645466378528463,x,y,z,1.2588817271650128,-0.329474711902153,0.6645466378528463,,,,,,,,2.5063830304095855,-0.4227366718932761,0.46223168142962057,"{""x"":1.2588817271650128,""y"":-0.329474711902153,""z"":0.6645466378528463,""dx"":null,""dy"":null,""mode5"":null,""Q"":null,""X"":null,""Y"":null,""Z"":null,""dX"":2.5063830304095855,""dY"":-0.4227366718932761,""dZ"":0.46223168142962057}","{""amplitude_uT"":1367.7520337890196,""contact_threshold_uT"":40.0,""contact_gate"":""shape-aware ridge classifier + amplitude floor"",""cosine_similarity"":0.995236652320893,""anti_jump_policy"":""快速门控（阈值/形状）"",""calibration_depth_range_mm"":[0.2,0.8],""depth_extrapolated"":false,""relative_reference"":""first valid prediction since B0/no-contact"",""xy_semantics"":""continuous XY RBF refit on all 441 positions at 1 mm spacing"",""fit_model"":""441点1 mm连续XY/RBF＋跨深度连续Z＋接触/释放门控"",""fit_variant"":""dense441_1mm_continuous_development"",""evidence_tier"":""development_dense441_single_repeat_random_validation_pending"",""continuous_xy_method"":""kernel_rbf"",""working_range_model"":false,""working_range_mm"":null,""outside_declared_working_range"":false,""calibration_domain_mm"":{""x"":[-10.0,10.0],""y"":[-10.0,10.0],""depth"":[0.2,0.8]},""xy_outside_calibration_domain"":false,""excluded_calibration_samples"":0,""uncorrected_static_xyz_mm"":[1.2588817271650128,-0.329474711902153,0.6645466378528463],""unaligned_xyz_mm"":[-0.07781826409620862,0.21143732380211944,0.6645466378528463],""xy_rotation_deg"":-4.580684956890044,""xy_translation_mm"":[1.3195654319610284,-0.5464514666381837],""xy_translation_source"":""five_point_reassembly"",""xy_translation_details"":{""preset"":""5×5｜441点1mm连续"",""calibration_points"":5,""calibration_strategy"":""rigid_rotation_translation_v1"",""calibration_rms_mm"":0.507358956567797,""check_rms_mm"":null},""dynamic_model_enabled"":false,""dynamic_history_ready"":false,""dynamic_gate"":0.0,""contact_score"":0.9990705549043075,""contact_score_threshold"":0.49492851692021117,""status"":""有效"",""preset"":""5×5｜441点1mm连续"",""needs_baseline"":false,""display.contact"":true,""display.contact_reason"":""拟合响应/相似度接触门控"",""display.contact_segment"":615,""display.contact_age_ms"":4574.3454,""display.contact_last_end_ns"":1240509495697500}"
S20260919_A,000134,360,1240514132466000,1240514186264600,NormalizedFit,1,1,True,unknown,False,False,0.0,1.8867901585267022,nan,nan,1.4389988128531461,-1.0535020936697408,0.6159487458822579,x,y,z,1.4389988128531461,-1.0535020936697408,0.6159487458822579,,,,,,,,2.686500116097719,-1.1467640536608639,0.4136337894590322,"{""x"":1.4389988128531461,""y"":-1.0535020936697408,""z"":0.6159487458822579,""dx"":null,""dy"":null,""mode5"":null,""Q"":null,""X"":null,""Y"":null,""Z"":null,""dX"":2.686500116097719,""dY"":-1.1467640536608639,""dZ"":0.4136337894590322}","{""amplitude_uT"":1147.1780905317187,""contact_threshold_uT"":40.0,""contact_gate"":""shape-aware ridge classifier + amplitude floor"",""cosine_similarity"":0.9956754165081794,""anti_jump_policy"":""快速门控（阈值/形状）"",""calibration_depth_range_mm"":[0.2,0.8],""depth_extrapolated"":false,""relative_reference"":""first valid prediction since B0/no-contact"",""xy_semantics"":""continuous XY RBF refit on all 441 positions at 1 mm spacing"",""fit_model"":""441点1 mm连续XY/RBF＋跨深度连续Z＋接触/释放门控"",""fit_variant"":""dense441_1mm_continuous_development"",""evidence_tier"":""development_dense441_single_repeat_random_validation_pending"",""continuous_xy_method"":""kernel_rbf"",""working_range_model"":false,""working_range_mm"":null,""outside_declared_working_range"":false,""calibration_domain_mm"":{""x"":[-10.0,10.0],""y"":[-10.0,10.0],""depth"":[0.2,0.8]},""xy_outside_calibration_domain"":false,""excluded_calibration_samples"":0,""uncorrected_static_xyz_mm"":[1.4389988128531461,-1.0535020936697408,0.6159487458822579],""unaligned_xyz_mm"":[0.15954642444730105,-0.4958927397033541,0.6159487458822579],""xy_rotation_deg"":-4.580684956890044,""xy_translation_mm"":[1.3195654319610284,-0.5464514666381837],""xy_translation_source"":""five_point_reassembly"",""xy_translation_details"":{""preset"":""5×5｜441点1mm连续"",""calibration_points"":5,""calibration_strategy"":""rigid_rotation_translation_v1"",""calibration_rms_mm"":0.507358956567797,""check_rms_mm"":null},""dynamic_model_enabled"":false,""dynamic_history_ready"":false,""dynamic_gate"":0.0,""contact_score"":0.9987275770368691,""contact_score_threshold"":0.49492851692021117,""status"":""有效"",""preset"":""5×5｜441点1mm连续"",""needs_baseline"":false,""display.contact"":true,""display.contact_reason"":""拟合响应/相似度接触门控"",""display.contact_segment"":615,""display.contact_age_ms"":4600.2741,""display.contact_last_end_ns"":1240509495697500}"
S20260919_A,000134,361,1240514144484500,1240514190204700,NormalizedFit,1,1,True,unknown,False,False,0.0,3.182799115485828,nan,nan,2.5370717033174794,-1.8792403001723863,0.40240933882194396,x,y,z,2.5370717033174794,-1.8792403001723863,0.40240933882194396,,,,,,,,3.784573006562052,-1.9725022601635094,0.20009438239871824,"{""x"":2.5370717033174794,""y"":-1.8792403001723863,""z"":0.40240933882194396,""dx"":null,""dy"":null,""mode5"":null,""Q"":null,""X"":null,""Y"":null,""Z"":null,""dX"":3.784573006562052,""dY"":-1.9725022601635094,""dZ"":0.20009438239871824}","{""amplitude_uT"":720.7213018435074,""contact_threshold_uT"":40.0,""contact_gate"":""shape-aware ridge classifier + amplitude floor"",""cosine_similarity"":0.9935026639574277,""anti_jump_policy"":""快速门控（阈值/形状）"",""calibration_depth_range_mm"":[0.2,0.8],""depth_extrapolated"":false,""relative_reference"":""first valid prediction since B0/no-contact"",""xy_semantics"":""continuous XY RBF refit on all 441 positions at 1 mm spacing"",""fit_model"":""441点1 mm连续XY/RBF＋跨深度连续Z＋接触/释放门控"",""fit_variant"":""dense441_1mm_continuous_development"",""evidence_tier"":""development_dense441_single_repeat_random_validation_pending"",""continuous_xy_method"":""kernel_rbf"",""working_range_model"":false,""working_range_mm"":null,""outside_declared_working_range"":false,""calibration_domain_mm"":{""x"":[-10.0,10.0],""y"":[-10.0,10.0],""depth"":[0.2,0.8]},""xy_outside_calibration_domain"":false,""excluded_calibration_samples"":0,""uncorrected_static_xyz_mm"":[2.5370717033174794,-1.8792403001723863,0.40240933882194396],""unaligned_xyz_mm"":[1.3200577572314653,-1.231298141458348,0.40240933882194396],""xy_rotation_deg"":-4.580684956890044,""xy_translation_mm"":[1.3195654319610284,-0.5464514666381837],""xy_translation_source"":""five_point_reassembly"",""xy_translation_details"":{""preset"":""5×5｜441点1mm连续"",""calibration_points"":5,""calibration_strategy"":""rigid_rotation_translation_v1"",""calibration_rms_mm"":0.507358956567797,""check_rms_mm"":null},""dynamic_model_enabled"":false,""dynamic_history_ready"":false,""dynamic_gate"":0.0,""contact_score"":0.9995274846939374,""contact_score_threshold"":0.49492851692021117,""status"":""有效"",""preset"":""5×5｜441点1mm连续"",""needs_baseline"":false,""display.contact"":true,""display.contact_reason"":""拟合响应/相似度接触门控"",""display.contact_segment"":615,""display.contact_age_ms"":4612.2926,""display.contact_last_end_ns"":1240509495697500}"
S20260919_A,000134,362,1240514154471200,1240514193140000,NormalizedFit,1,1,True,unknown,False,False,0.0,3.616200752648745,nan,nan,2.7853166439611403,-2.2782212292585053,0.35864621409721587,x,y,z,2.7853166439611403,-2.2782212292585053,0.35864621409721587,,,,,,,,4.0328179472057135,-2.3714831892496284,0.15633125767399014,"{""x"":2.7853166439611403,""y"":-2.2782212292585053,""z"":0.35864621409721587,""dx"":null,""dy"":null,""mode5"":null,""Q"":null,""X"":null,""Y"":null,""Z"":null,""dX"":4.0328179472057135,""dY"":-2.3714831892496284,""dZ"":0.15633125767399014}","{""amplitude_uT"":603.4229489222298,""contact_threshold_uT"":40.0,""contact_gate"":""shape-aware ridge classifier + amplitude floor"",""cosine_similarity"":0.9917992068024135,""anti_jump_policy"":""快速门控（阈值/形状）"",""calibration_depth_range_mm"":[0.2,0.8],""depth_extrapolated"":false,""relative_reference"":""first valid prediction since B0/no-contact"",""xy_semantics"":""continuous XY RBF refit on all 441 positions at 1 mm spacing"",""fit_model"":""441点1 mm连续XY/RBF＋跨深度连续Z＋接触/释放门控"",""fit_variant"":""dense441_1mm_continuous_development"",""evidence_tier"":""development_dense441_single_repeat_random_validation_pending"",""continuous_xy_method"":""kernel_rbf"",""working_range_model"":false,""working_range_mm"":null,""outside_declared_working_range"":false,""calibration_domain_mm"":{""x"":[-10.0,10.0],""y"":[-10.0,10.0],""depth"":[0.2,0.8]},""xy_outside_calibration_domain"":false,""excluded_calibration_samples"":0,""uncorrected_static_xyz_mm"":[2.7853166439611403,-2.2782212292585053,0.35864621409721587],""unaligned_xyz_mm"":[1.5993735400950753,-1.6091791091887782,0.35864621409721587],""xy_rotation_deg"":-4.580684956890044,""xy_translation_mm"":[1.3195654319610284,-0.5464514666381837],""xy_translation_source"":""five_point_reassembly"",""xy_translation_details"":{""preset"":""5×5｜441点1mm连续"",""calibration_points"":5,""calibration_strategy"":""rigid_rotation_translation_v1"",""calibration_rms_mm"":0.507358956567797,""check_rms_mm"":null},""dynamic_model_enabled"":false,""dynamic_history_ready"":false,""dynamic_gate"":0.0,""contact_score"":0.9996606981043085,""contact_score_threshold"":0.49492851692021117,""status"":""有效"",""preset"":""5×5｜441点1mm连续"",""needs_baseline"":false,""display.contact"":true,""display.contact_reason"":""拟合响应/相似度接触门控"",""display.contact_segment"":615,""display.contact_age_ms"":4622.2793,""display.contact_last_end_ns"":1240509495697500}"
S20260919_A,000134,363,1240514180343300,1240514196082300,NormalizedFit,1,1,True,unknown,False,False,0.0,4.275017190953603,nan,nan,2.6865295412971535,-3.3144897078344986,0.2692377821661115,x,y,z,2.6865295412971535,-3.3144897078344986,0.2692377821661115,,,,,,,,3.9340308445417262,-3.4077516678256217,0.06692282574288577,"{""x"":2.6865295412971535,""y"":-3.3144897078344986,""z"":0.2692377821661115,""dx"":null,""dy"":null,""mode5"":null,""Q"":null,""X"":null,""Y"":null,""Z"":null,""dX"":3.9340308445417262,""dY"":-3.4077516678256217,""dZ"":0.06692282574288577}","{""amplitude_uT"":406.0532939479743,""contact_threshold_uT"":40.0,""contact_gate"":""shape-aware ridge classifier + amplitude floor"",""cosine_similarity"":0.988719831875457,""anti_jump_policy"":""快速门控（阈值/形状）"",""calibration_depth_range_mm"":[0.2,0.8],""depth_extrapolated"":false,""relative_reference"":""first valid prediction since B0/no-contact"",""xy_semantics"":""continuous XY RBF refit on all 441 positions at 1 mm spacing"",""fit_model"":""441点1 mm连续XY/RBF＋跨深度连续Z＋接触/释放门控"",""fit_variant"":""dense441_1mm_continuous_development"",""evidence_tier"":""development_dense441_single_repeat_random_validation_pending"",""continuous_xy_method"":""kernel_rbf"",""working_range_model"":false,""working_range_mm"":null,""outside_declared_working_range"":false,""calibration_domain_mm"":{""x"":[-10.0,10.0],""y"":[-10.0,10.0],""depth"":[0.2,0.8]},""xy_outside_calibration_domain"":false,""excluded_calibration_samples"":0,""uncorrected_static_xyz_mm"":[2.6865295412971535,-3.3144897078344986,0.2692377821661115],""unaligned_xyz_mm"":[1.583661377724849,-2.6500270228133385,0.2692377821661115],""xy_rotation_deg"":-4.580684956890044,""xy_translation_mm"":[1.3195654319610284,-0.5464514666381837],""xy_translation_source"":""five_point_reassembly"",""xy_translation_details"":{""preset"":""5×5｜441点1mm连续"",""calibration_points"":5,""calibration_strategy"":""rigid_rotation_translation_v1"",""calibration_rms_mm"":0.507358956567797,""check_rms_mm"":null},""dynamic_model_enabled"":false,""dynamic_history_ready"":false,""dynamic_gate"":0.0,""contact_score"":1.0001003885555129,""contact_score_threshold"":0.49492851692021117,""status"":""有效"",""preset"":""5×5｜441点1mm连续"",""needs_baseline"":false,""display.contact"":true,""display.contact_reason"":""拟合响应/相似度接触门控"",""display.contact_segment"":615,""display.contact_age_ms"":4648.1514,""display.contact_last_end_ns"":1240509495697500}"
S20260919_A,000134,364,1240514192268100,1240514231274800,NormalizedFit,1,1,True,unknown,False,False,0.0,4.133648103479788,nan,nan,2.8924955343312644,-2.9431596915389955,0.241510367015216,x,y,z,2.8924955343312644,-2.9431596915389955,0.241510367015216,,,,,,,,4.139996837575837,-3.0364216515301186,0.039195410591990276,"{""x"":2.8924955343312644,""y"":-2.9431596915389955,""z"":0.241510367015216,""dx"":null,""dy"":null,""mode5"":null,""Q"":null,""X"":null,""Y"":null,""Z"":null,""dX"":4.139996837575837,""dY"":-3.0364216515301186,""dZ"":0.039195410591990276}","{""amplitude_uT"":372.1201532307813,""contact_threshold_uT"":40.0,""contact_gate"":""shape-aware ridge classifier + amplitude floor"",""cosine_similarity"":0.989614702203615,""anti_jump_policy"":""快速门控（阈值/形状）"",""calibration_depth_range_mm"":[0.2,0.8],""depth_extrapolated"":false,""relative_reference"":""first valid prediction since B0/no-contact"",""xy_semantics"":""continuous XY RBF refit on all 441 positions at 1 mm spacing"",""fit_model"":""441点1 mm连续XY/RBF＋跨深度连续Z＋接触/释放门控"",""fit_variant"":""dense441_1mm_continuous_development"",""evidence_tier"":""development_dense441_single_repeat_random_validation_pending"",""continuous_xy_method"":""kernel_rbf"",""working_range_model"":false,""working_range_mm"":null,""outside_declared_working_range"":false,""calibration_domain_mm"":{""x"":[-10.0,10.0],""y"":[-10.0,10.0],""depth"":[0.2,0.8]},""xy_outside_calibration_domain"":false,""excluded_calibration_samples"":0,""uncorrected_static_xyz_mm"":[2.8924955343312644,-2.9431596915389955,0.241510367015216],""unaligned_xyz_mm"":[1.7593139961443844,-2.2634340470223826,0.241510367015216],""xy_rotation_deg"":-4.580684956890044,""xy_translation_mm"":[1.3195654319610284,-0.5464514666381837],""xy_translation_source"":""five_point_reassembly"",""xy_translation_details"":{""preset"":""5×5｜441点1mm连续"",""calibration_points"":5,""calibration_strategy"":""rigid_rotation_translation_v1"",""calibration_rms_mm"":0.507358956567797,""check_rms_mm"":null},""dynamic_model_enabled"":false,""dynamic_history_ready"":false,""dynamic_gate"":0.0,""contact_score"":1.0000002033477164,""contact_score_threshold"":0.49492851692021117,""status"":""有效"",""preset"":""5×5｜441点1mm连续"",""needs_baseline"":false,""display.contact"":true,""display.contact_reason"":""拟合响应/相似度接触门控"",""display.contact_segment"":615,""display.contact_age_ms"":4660.0762,""display.contact_last_end_ns"":1240509495697500}"
S20260919_A,000134,365,1240514204216900,1240514235589000,NormalizedFit,1,1,True,unknown,False,False,0.0,3.9661980856683874,nan,nan,3.1289425612835835,-2.427859408200951,0.2143464414396431,x,y,z,3.1289425612835835,-2.427859408200951,0.2143464414396431,,,,,,,,4.376443864528157,-2.521121368192074,0.012031485016417376,"{""x"":3.1289425612835835,""y"":-2.427859408200951,""z"":0.2143464414396431,""dx"":null,""dy"":null,""mode5"":null,""Q"":null,""X"":null,""Y"":null,""Z"":null,""dX"":4.376443864528157,""dY"":-2.521121368192074,""dZ"":0.012031485016417376}","{""amplitude_uT"":338.5663529561081,""contact_threshold_uT"":40.0,""contact_gate"":""shape-aware ridge classifier + amplitude floor"",""cosine_similarity"":0.989902119323247,""anti_jump_policy"":""快速门控（阈值/形状）"",""calibration_depth_range_mm"":[0.2,0.8],""depth_extrapolated"":false,""relative_reference"":""first valid prediction since B0/no-contact"",""xy_semantics"":""continuous XY RBF refit on all 441 positions at 1 mm spacing"",""fit_model"":""441点1 mm连续XY/RBF＋跨深度连续Z＋接触/释放门控"",""fit_variant"":""dense441_1mm_continuous_development"",""evidence_tier"":""development_dense441_single_repeat_random_validation_pending"",""continuous_xy_method"":""kernel_rbf"",""working_range_model"":false,""working_range_mm"":null,""outside_declared_working_range"":false,""calibration_domain_mm"":{""x"":[-10.0,10.0],""y"":[-10.0,10.0],""depth"":[0.2,0.8]},""xy_outside_calibration_domain"":false,""excluded_calibration_samples"":0,""uncorrected_static_xyz_mm"":[3.1289425612835835,-2.427859408200951,0.2143464414396431],""unaligned_xyz_mm"":[1.9538524054682025,-1.730896362101758,0.2143464414396431],""xy_rotation_deg"":-4.580684956890044,""xy_translation_mm"":[1.3195654319610284,-0.5464514666381837],""xy_translation_source"":""five_point_reassembly"",""xy_translation_details"":{""preset"":""5×5｜441点1mm连续"",""calibration_points"":5,""calibration_strategy"":""rigid_rotation_translation_v1"",""calibration_rms_mm"":0.507358956567797,""check_rms_mm"":null},""dynamic_model_enabled"":false,""dynamic_history_ready"":false,""dynamic_gate"":0.0,""contact_score"":0.999783595191438,""contact_score_threshold"":0.49492851692021117,""status"":""有效"",""preset"":""5×5｜441点1mm连续"",""needs_baseline"":false,""display.contact"":true,""display.contact_reason"":""拟合响应/相似度接触门控"",""display.contact_segment"":615,""display.contact_age_ms"":4672.025,""display.contact_last_end_ns"":1240509495697500}"
S20260919_A,000134,366,1240514230104400,1240514238508000,NormalizedFit,1,1,True,unknown,False,False,0.0,4.331408415056884,nan,nan,2.90355082509568,-3.2087930549659145,0.18476632408071303,x,y,z,2.90355082509568,-3.2087930549659145,0.18476632408071303,,,,,,,,4.151052128340253,-3.3020550149570376,-0.017548632342512693,"{""x"":2.90355082509568,""y"":-3.2087930549659145,""z"":0.18476632408071303,""dx"":null,""dy"":null,""mode5"":null,""Q"":null,""X"":null,""Y"":null,""Z"":null,""dX"":4.151052128340253,""dY"":-3.3020550149570376,""dZ"":-0.017548632342512693}","{""amplitude_uT"":261.4907879754086,""contact_threshold_uT"":40.0,""contact_gate"":""shape-aware ridge classifier + amplitude floor"",""cosine_similarity"":0.9894785054742226,""anti_jump_policy"":""快速门控（阈值/形状）"",""calibration_depth_range_mm"":[0.2,0.8],""depth_extrapolated"":true,""relative_reference"":""first valid prediction since B0/no-contact"",""xy_semantics"":""continuous XY RBF refit on all 441 positions at 1 mm spacing"",""fit_model"":""441点1 mm连续XY/RBF＋跨深度连续Z＋接触/释放门控"",""fit_variant"":""dense441_1mm_continuous_development"",""evidence_tier"":""development_dense441_single_repeat_random_validation_pending"",""continuous_xy_method"":""kernel_rbf"",""working_range_model"":false,""working_range_mm"":null,""outside_declared_working_range"":false,""calibration_domain_mm"":{""x"":[-10.0,10.0],""y"":[-10.0,10.0],""depth"":[0.2,0.8]},""xy_outside_calibration_domain"":false,""excluded_calibration_samples"":0,""uncorrected_static_xyz_mm"":[2.90355082509568,-3.2087930549659145,0.18476632408071303],""unaligned_xyz_mm"":[1.7915482240317058,-2.527336032183335,0.18476632408071303],""xy_rotation_deg"":-4.580684956890044,""xy_translation_mm"":[1.3195654319610284,-0.5464514666381837],""xy_translation_source"":""five_point_reassembly"",""xy_translation_details"":{""preset"":""5×5｜441点1mm连续"",""calibration_points"":5,""calibration_strategy"":""rigid_rotation_translation_v1"",""calibration_rms_mm"":0.507358956567797,""check_rms_mm"":null},""dynamic_model_enabled"":false,""dynamic_history_ready"":false,""dynamic_gate"":0.0,""contact_score"":0.9998879918433555,""contact_score_threshold"":0.49492851692021117,""status"":""有效"",""preset"":""5×5｜441点1mm连续"",""needs_baseline"":false,""display.contact"":true,""display.contact_reason"":""拟合响应/相似度接触门控"",""display.contact_segment"":615,""display.contact_age_ms"":4697.9125,""display.contact_last_end_ns"":1240509495697500}"
S20260919_A,000134,367,1240514257037800,1240514295274900,NormalizedFit,1,1,True,unknown,False,False,0.0,3.0998763826992466,nan,nan,1.1328136043247816,-2.8789080146354555,0.19456507687918545,x,y,z,1.1328136043247816,-2.8789080146354555,0.19456507687918545,,,,,,,,2.3803149075693546,-2.9721699746265786,-0.007749879544040272,"{""x"":1.1328136043247816,""y"":-2.8789080146354555,""z"":0.19456507687918545,""dx"":null,""dy"":null,""mode5"":null,""Q"":null,""X"":null,""Y"":null,""Z"":null,""dX"":2.3803149075693546,""dY"":-2.9721699746265786,""dZ"":-0.007749879544040272}","{""amplitude_uT"":234.4410705806475,""contact_threshold_uT"":40.0,""contact_gate"":""shape-aware ridge classifier + amplitude floor"",""cosine_similarity"":0.9855518878566427,""anti_jump_policy"":""快速门控（阈值/形状）"",""calibration_depth_range_mm"":[0.2,0.8],""depth_extrapolated"":true,""relative_reference"":""first valid prediction since B0/no-contact"",""xy_semantics"":""continuous XY RBF refit on all 441 positions at 1 mm spacing"",""fit_model"":""441点1 mm连续XY/RBF＋跨深度连续Z＋接触/释放门控"",""fit_variant"":""dense441_1mm_continuous_development"",""evidence_tier"":""development_dense441_single_repeat_random_validation_pending"",""continuous_xy_method"":""kernel_rbf"",""working_range_model"":false,""working_range_mm"":null,""outside_declared_working_range"":false,""calibration_domain_mm"":{""x"":[-10.0,10.0],""y"":[-10.0,10.0],""depth"":[0.2,0.8]},""xy_outside_calibration_domain"":false,""excluded_calibration_samples"":0,""uncorrected_static_xyz_mm"":[1.1328136043247816,-2.8789080146354555,0.19456507687918545],""unaligned_xyz_mm"":[0.00012141561445666582,-2.339920891542934,0.19456507687918545],""xy_rotation_deg"":-4.580684956890044,""xy_translation_mm"":[1.3195654319610284,-0.5464514666381837],""xy_translation_source"":""five_point_reassembly"",""xy_translation_details"":{""preset"":""5×5｜441点1mm连续"",""calibration_points"":5,""calibration_strategy"":""rigid_rotation_translation_v1"",""calibration_rms_mm"":0.507358956567797,""check_rms_mm"":null},""dynamic_model_enabled"":false,""dynamic_history_ready"":false,""dynamic_gate"":0.0,""contact_score"":0.9992599501974246,""contact_score_threshold"":0.49492851692021117,""status"":""有效"",""preset"":""5×5｜441点1mm连续"",""needs_baseline"":false,""display.contact"":true,""display.contact_reason"":""拟合响应/相似度接触门控"",""display.contact_segment"":615,""display.contact_age_ms"":4724.8459,""display.contact_last_end_ns"":1240509495697500}"
S20260919_A,000134,368,1240514269005800,1240514299866900,NormalizedFit,1,1,True,unknown,False,False,0.0,3.598687901771728,nan,nan,0.8955831872600921,-3.4798564023465,0.1976987306568504,x,y,z,0.8955831872600921,-3.4798564023465,0.1976987306568504,,,,,,,,2.1430844905046653,-3.573118362337623,-0.004616225766375326,"{""x"":0.8955831872600921,""y"":-3.4798564023465,""z"":0.1976987306568504,""dx"":null,""dy"":null,""mode5"":null,""Q"":null,""X"":null,""Y"":null,""Z"":null,""dX"":2.1430844905046653,""dY"":-3.573118362337623,""dZ"":-0.004616225766375326}","{""amplitude_uT"":220.55728591513378,""contact_threshold_uT"":40.0,""contact_gate"":""shape-aware ridge classifier + amplitude floor"",""cosine_similarity"":0.9900252149148713,""anti_jump_policy"":""快速门控（阈值/形状）"",""calibration_depth_range_mm"":[0.2,0.8],""depth_extrapolated"":true,""relative_reference"":""first valid prediction since B0/no-contact"",""xy_semantics"":""continuous XY RBF refit on all 441 positions at 1 mm spacing"",""fit_model"":""441点1 mm连续XY/RBF＋跨深度连续Z＋接触/释放门控"",""fit_variant"":""dense441_1mm_continuous_development"",""evidence_tier"":""development_dense441_single_repeat_random_validation_pending"",""continuous_xy_method"":""kernel_rbf"",""working_range_model"":false,""working_range_mm"":null,""outside_declared_working_range"":false,""calibration_domain_mm"":{""x"":[-10.0,10.0],""y"":[-10.0,10.0],""depth"":[0.2,0.8]},""xy_outside_calibration_domain"":false,""excluded_calibration_samples"":0,""uncorrected_static_xyz_mm"":[0.8955831872600921,-3.4798564023465,0.1976987306568504],""unaligned_xyz_mm"":[-0.18835777603377757,-2.9578956724109062,0.1976987306568504],""xy_rotation_deg"":-4.580684956890044,""xy_translation_mm"":[1.3195654319610284,-0.5464514666381837],""xy_translation_source"":""five_point_reassembly"",""xy_translation_details"":{""preset"":""5×5｜441点1mm连续"",""calibration_points"":5,""calibration_strategy"":""rigid_rotation_translation_v1"",""calibration_rms_mm"":0.507358956567797,""check_rms_mm"":null},""dynamic_model_enabled"":false,""dynamic_history_ready"":false,""dynamic_gate"":0.0,""contact_score"":0.998658642320047,""contact_score_threshold"":0.49492851692021117,""status"":""有效"",""preset"":""5×5｜441点1mm连续"",""needs_baseline"":false,""display.contact"":true,""display.contact_reason"":""拟合响应/相似度接触门控"",""display.contact_segment"":615,""display.contact_age_ms"":4736.8139,""display.contact_last_end_ns"":1240509495697500}"
S20260919_A,000134,369,1240514295419100,1240514302716400,NormalizedFit,1,1,True,unknown,False,False,0.0,2.9489409186296256,nan,nan,-0.21340499807888036,-2.93466263806281,0.1961276347721591,x,y,z,-0.21340499807888036,-2.93466263806281,0.1961276347721591,,,,,,,,1.0340963051656926,-3.027924598053933,-0.006187321651066613,"{""x"":-0.21340499807888036,""y"":-2.93466263806281,""z"":0.1961276347721591,""dx"":null,""dy"":null,""mode5"":null,""Q"":null,""X"":null,""Y"":null,""Z"":null,""dX"":1.0340963051656926,""dY"":-3.027924598053933,""dZ"":-0.006187321651066613}","{""amplitude_uT"":203.12515347194218,""contact_threshold_uT"":40.0,""contact_gate"":""shape-aware ridge classifier + amplitude floor"",""cosine_similarity"":0.9938537853989686,""anti_jump_policy"":""快速门控（阈值/形状）"",""calibration_depth_range_mm"":[0.2,0.8],""depth_extrapolated"":true,""relative_reference"":""first valid prediction since B0/no-contact"",""xy_semantics"":""continuous XY RBF refit on all 441 positions at 1 mm spacing"",""fit_model"":""441点1 mm连续XY/RBF＋跨深度连续Z＋接触/释放门控"",""fit_variant"":""dense441_1mm_continuous_development"",""evidence_tier"":""development_dense441_single_repeat_random_validation_pending"",""continuous_xy_method"":""kernel_rbf"",""working_range_model"":false,""working_range_mm"":null,""outside_declared_working_range"":false,""calibration_domain_mm"":{""x"":[-10.0,10.0],""y"":[-10.0,10.0],""depth"":[0.2,0.8]},""xy_outside_calibration_domain"":false,""excluded_calibration_samples"":0,""uncorrected_static_xyz_mm"":[-0.21340499807888036,-2.93466263806281,0.1961276347721591],""unaligned_xyz_mm"":[-1.3373444474808474,-2.503010341066588,0.1961276347721591],""xy_rotation_deg"":-4.580684956890044,""xy_translation_mm"":[1.3195654319610284,-0.5464514666381837],""xy_translation_source"":""five_point_reassembly"",""xy_translation_details"":{""preset"":""5×5｜441点1mm连续"",""calibration_points"":5,""calibration_strategy"":""rigid_rotation_translation_v1"",""calibration_rms_mm"":0.507358956567797,""check_rms_mm"":null},""dynamic_model_enabled"":false,""dynamic_history_ready"":false,""dynamic_gate"":0.0,""contact_score"":0.9976515601494871,""contact_score_threshold"":0.49492851692021117,""status"":""有效"",""preset"":""5×5｜441点1mm连续"",""needs_baseline"":false,""display.contact"":true,""display.contact_reason"":""拟合响应/相似度接触门控"",""display.contact_segment"":615,""display.contact_age_ms"":4763.2272,""display.contact_last_end_ns"":1240509495697500}"
S20260919_A,000134,370,1240514321790600,1240514341491100,NormalizedFit,1,1,True,unknown,False,False,0.0,2.9005459018846937,nan,nan,0.9204387401299237,-2.7438776257638926,0.1925996610600199,x,y,z,0.9204387401299237,-2.7438776257638926,0.1925996610600199,,,,,,,,2.1679400433744966,-2.8371395857550157,-0.009715295363205811,"{""x"":0.9204387401299237,""y"":-2.7438776257638926,""z"":0.1925996610600199,""dx"":null,""dy"":null,""mode5"":null,""Q"":null,""X"":null,""Y"":null,""Z"":null,""dX"":2.1679400433744966,""dY"":-2.8371395857550157,""dZ"":-0.009715295363205811}","{""amplitude_uT"":184.3622084620381,""contact_threshold_uT"":40.0,""contact_gate"":""shape-aware ridge classifier + amplitude floor"",""cosine_similarity"":0.9904448035093543,""anti_jump_policy"":""快速门控（阈值/形状）"",""calibration_depth_range_mm"":[0.2,0.8],""depth_extrapolated"":true,""relative_reference"":""first valid prediction since B0/no-contact"",""xy_semantics"":""continuous XY RBF refit on all 441 positions at 1 mm spacing"",""fit_model"":""441点1 mm连续XY/RBF＋跨深度连续Z＋接触/释放门控"",""fit_variant"":""dense441_1mm_continuous_development"",""evidence_tier"":""development_dense441_single_repeat_random_validation_pending"",""continuous_xy_method"":""kernel_rbf"",""working_range_model"":false,""working_range_mm"":null,""outside_declared_working_range"":false,""calibration_domain_mm"":{""x"":[-10.0,10.0],""y"":[-10.0,10.0],""depth"":[0.2,0.8]},""xy_outside_calibration_domain"":false,""excluded_calibration_samples"":0,""uncorrected_static_xyz_mm"":[0.9204387401299237,-2.7438776257638926,0.1925996610600199],""unaligned_xyz_mm"":[-0.22235901076523668,-2.222282680325235,0.1925996610600199],""xy_rotation_deg"":-4.580684956890044,""xy_translation_mm"":[1.3195654319610284,-0.5464514666381837],""xy_translation_source"":""five_point_reassembly"",""xy_translation_details"":{""preset"":""5×5｜441点1mm连续"",""calibration_points"":5,""calibration_strategy"":""rigid_rotation_translation_v1"",""calibration_rms_mm"":0.507358956567797,""check_rms_mm"":null},""dynamic_model_enabled"":false,""dynamic_history_ready"":false,""dynamic_gate"":0.0,""contact_score"":0.9969007942380403,""contact_score_threshold"":0.49492851692021117,""status"":""有效"",""preset"":""5×5｜441点1mm连续"",""needs_baseline"":false,""display.contact"":true,""display.contact_reason"":""拟合响应/相似度接触门控"",""display.contact_segment"":615,""display.contact_age_ms"":4789.5987,""display.contact_last_end_ns"":1240509495697500}"
S20260919_A,000134,371,1240514348701600,1240514393018300,NormalizedFit,1,1,True,unknown,False,False,0.0,3.1939792977918438,nan,nan,1.5025334729785218,-2.8124762283238995,0.18404994543588582,x,y,z,1.5025334729785218,-2.8124762283238995,0.18404994543588582,,,,,,,,2.750034776223095,-2.9057381883150226,-0.018265010987339902,"{""x"":1.5025334729785218,""y"":-2.8124762283238995,""z"":0.18404994543588582,""dx"":null,""dy"":null,""mode5"":null,""Q"":null,""X"":null,""Y"":null,""Z"":null,""dX"":2.750034776223095,""dY"":-2.9057381883150226,""dZ"":-0.018265010987339902}","{""amplitude_uT"":176.6457769888655,""contact_threshold_uT"":40.0,""contact_gate"":""shape-aware ridge classifier + amplitude floor"",""cosine_similarity"":0.9903681080828345,""anti_jump_policy"":""快速门控（阈值/形状）"",""calibration_depth_range_mm"":[0.2,0.8],""depth_extrapolated"":true,""relative_reference"":""first valid prediction since B0/no-contact"",""xy_semantics"":""continuous XY RBF refit on all 441 positions at 1 mm spacing"",""fit_model"":""441点1 mm连续XY/RBF＋跨深度连续Z＋接触/释放门控"",""fit_variant"":""dense441_1mm_continuous_development"",""evidence_tier"":""development_dense441_single_repeat_random_validation_pending"",""continuous_xy_method"":""kernel_rbf"",""working_range_model"":false,""working_range_mm"":null,""outside_declared_working_range"":false,""calibration_domain_mm"":{""x"":[-10.0,10.0],""y"":[-10.0,10.0],""depth"":[0.2,0.8]},""xy_outside_calibration_domain"":false,""excluded_calibration_samples"":0,""uncorrected_static_xyz_mm"":[1.5025334729785218,-2.8124762283238995,0.18404994543588582],""unaligned_xyz_mm"":[0.3633549116749175,-2.2441743989200784,0.18404994543588582],""xy_rotation_deg"":-4.580684956890044,""xy_translation_mm"":[1.3195654319610284,-0.5464514666381837],""xy_translation_source"":""five_point_reassembly"",""xy_translation_details"":{""preset"":""5×5｜441点1mm连续"",""calibration_points"":5,""calibration_strategy"":""rigid_rotation_translation_v1"",""calibration_rms_mm"":0.507358956567797,""check_rms_mm"":null},""dynamic_model_enabled"":false,""dynamic_history_ready"":false,""dynamic_gate"":0.0,""contact_score"":0.9968032782639176,""contact_score_threshold"":0.49492851692021117,""status"":""有效"",""preset"":""5×5｜441点1mm连续"",""needs_baseline"":false,""display.contact"":true,""display.contact_reason"":""拟合响应/相似度接触门控"",""display.contact_segment"":615,""display.contact_age_ms"":4816.5097,""display.contact_last_end_ns"":1240509495697500}"
S20260919_A,000134,372,1240514359707000,1240514395885800,NormalizedFit,1,1,True,unknown,False,False,0.0,3.3577539387255677,nan,nan,1.6643952055554434,-2.9101409190101215,0.1880955721276879,x,y,z,1.6643952055554434,-2.9101409190101215,0.1880955721276879,,,,,,,,2.9118965088000164,-3.0034028790012446,-0.014219384295537818,"{""x"":1.6643952055554434,""y"":-2.9101409190101215,""z"":0.1880955721276879,""dx"":null,""dy"":null,""mode5"":null,""Q"":null,""X"":null,""Y"":null,""Z"":null,""dX"":2.9118965088000164,""dY"":-3.0034028790012446,""dZ"":-0.014219384295537818}","{""amplitude_uT"":176.57601650280822,""contact_threshold_uT"":40.0,""contact_gate"":""shape-aware ridge classifier + amplitude floor"",""cosine_similarity"":0.9897120528060637,""anti_jump_policy"":""快速门控（阈值/形状）"",""calibration_depth_range_mm"":[0.2,0.8],""depth_extrapolated"":true,""relative_reference"":""first valid prediction since B0/no-contact"",""xy_semantics"":""continuous XY RBF refit on all 441 positions at 1 mm spacing"",""fit_model"":""441点1 mm连续XY/RBF＋跨深度连续Z＋接触/释放门控"",""fit_variant"":""dense441_1mm_continuous_development"",""evidence_tier"":""development_dense441_single_repeat_random_validation_pending"",""continuous_xy_method"":""kernel_rbf"",""working_range_model"":false,""working_range_mm"":null,""outside_declared_working_range"":false,""calibration_domain_mm"":{""x"":[-10.0,10.0],""y"":[-10.0,10.0],""depth"":[0.2,0.8]},""xy_outside_calibration_domain"":false,""excluded_calibration_samples"":0,""uncorrected_static_xyz_mm"":[1.6643952055554434,-2.9101409190101215,0.1880955721276879],""unaligned_xyz_mm"":[0.5324994197496293,-2.3286003882113038,0.1880955721276879],""xy_rotation_deg"":-4.580684956890044,""xy_translation_mm"":[1.3195654319610284,-0.5464514666381837],""xy_translation_source"":""five_point_reassembly"",""xy_translation_details"":{""preset"":""5×5｜441点1mm连续"",""calibration_points"":5,""calibration_strategy"":""rigid_rotation_translation_v1"",""calibration_rms_mm"":0.507358956567797,""check_rms_mm"":null},""dynamic_model_enabled"":false,""dynamic_history_ready"":false,""dynamic_gate"":0.0,""contact_score"":0.996992046283244,""contact_score_threshold"":0.49492851692021117,""status"":""有效"",""preset"":""5×5｜441点1mm连续"",""needs_baseline"":false,""display.contact"":true,""display.contact_reason"":""拟合响应/相似度接触门控"",""display.contact_segment"":615,""display.contact_age_ms"":4827.5151,""display.contact_last_end_ns"":1240509495697500}"
S20260919_A,000134,373,1240514385638800,1240514398525300,NormalizedFit,1,1,True,unknown,False,False,0.0,2.6649784116728155,nan,nan,2.1904897397300482,-1.5086246513920427,0.16708170465908567,x,y,z,2.1904897397300482,-1.5086246513920427,0.16708170465908567,,,,,,,,3.4379910429746214,-1.6018866113831658,-0.03523325176414005,"{""x"":2.1904897397300482,""y"":-1.5086246513920427,""z"":0.16708170465908567,""dx"":null,""dy"":null,""mode5"":null,""Q"":null,""X"":null,""Y"":null,""Z"":null,""dX"":3.4379910429746214,""dY"":-1.6018866113831658,""dZ"":-0.03523325176414005}","{""amplitude_uT"":172.1741215426988,""contact_threshold_uT"":40.0,""contact_gate"":""shape-aware ridge classifier + amplitude floor"",""cosine_similarity"":0.9904238060839218,""anti_jump_policy"":""快速门控（阈值/形状）"",""calibration_depth_range_mm"":[0.2,0.8],""depth_extrapolated"":true,""relative_reference"":""first valid prediction since B0/no-contact"",""xy_semantics"":""continuous XY RBF refit on all 441 positions at 1 mm spacing"",""fit_model"":""441点1 mm连续XY/RBF＋跨深度连续Z＋接触/释放门控"",""fit_variant"":""dense441_1mm_continuous_development"",""evidence_tier"":""development_dense441_single_repeat_random_validation_pending"",""continuous_xy_method"":""kernel_rbf"",""working_range_model"":false,""working_range_mm"":null,""outside_declared_working_range"":false,""calibration_domain_mm"":{""x"":[-10.0,10.0],""y"":[-10.0,10.0],""depth"":[0.2,0.8]},""xy_outside_calibration_domain"":false,""excluded_calibration_samples"":0,""uncorrected_static_xyz_mm"":[2.1904897397300482,-1.5086246513920427,0.16708170465908567],""unaligned_xyz_mm"":[0.9449843872525387,-0.8895453305882022,0.16708170465908567],""xy_rotation_deg"":-4.580684956890044,""xy_translation_mm"":[1.3195654319610284,-0.5464514666381837],""xy_translation_source"":""five_point_reassembly"",""xy_translation_details"":{""preset"":""5×5｜441点1mm连续"",""calibration_points"":5,""calibration_strategy"":""rigid_rotation_translation_v1"",""calibration_rms_mm"":0.507358956567797,""check_rms_mm"":null},""dynamic_model_enabled"":false,""dynamic_history_ready"":false,""dynamic_gate"":0.0,""contact_score"":0.9963055314506024,""contact_score_threshold"":0.49492851692021117,""status"":""有效"",""preset"":""5×5｜441点1mm连续"",""needs_baseline"":false,""display.contact"":true,""display.contact_reason"":""拟合响应/相似度接触门控"",""display.contact_segment"":615,""display.contact_age_ms"":4853.4469,""display.contact_last_end_ns"":1240509495697500}"
S20260919_A,000134,374,1240514412545800,1240514436876900,NormalizedFit,1,1,True,unknown,False,False,0.0,2.743317262815909,nan,nan,1.7405038129673578,-2.114384556099063,0.16066745295680585,x,y,z,1.7405038129673578,-2.114384556099063,0.16066745295680585,,,,,,,,2.988005116211931,-2.207646516090186,-0.04164750346641988,"{""x"":1.7405038129673578,""y"":-2.114384556099063,""z"":0.16066745295680585,""dx"":null,""dy"":null,""mode5"":null,""Q"":null,""X"":null,""Y"":null,""Z"":null,""dX"":2.988005116211931,""dY"":-2.207646516090186,""dZ"":-0.04164750346641988}","{""amplitude_uT"":165.14972694497575,""contact_threshold_uT"":40.0,""contact_gate"":""shape-aware ridge classifier + amplitude floor"",""cosine_similarity"":0.9894273112278426,""anti_jump_policy"":""快速门控（阈值/形状）"",""calibration_depth_range_mm"":[0.2,0.8],""depth_extrapolated"":true,""relative_reference"":""first valid prediction since B0/no-contact"",""xy_semantics"":""continuous XY RBF refit on all 441 positions at 1 mm spacing"",""fit_model"":""441点1 mm连续XY/RBF＋跨深度连续Z＋接触/释放门控"",""fit_variant"":""dense441_1mm_continuous_development"",""evidence_tier"":""development_dense441_single_repeat_random_validation_pending"",""continuous_xy_method"":""kernel_rbf"",""working_range_model"":false,""working_range_mm"":null,""outside_declared_working_range"":false,""calibration_domain_mm"":{""x"":[-10.0,10.0],""y"":[-10.0,10.0],""depth"":[0.2,0.8]},""xy_outside_calibration_domain"":false,""excluded_calibration_samples"":0,""uncorrected_static_xyz_mm"":[1.7405038129673578,-2.114384556099063,0.16066745295680585],""unaligned_xyz_mm"":[0.544813518940233,-1.5293075306198318,0.16066745295680585],""xy_rotation_deg"":-4.580684956890044,""xy_translation_mm"":[1.3195654319610284,-0.5464514666381837],""xy_translation_source"":""five_point_reassembly"",""xy_translation_details"":{""preset"":""5×5｜441点1mm连续"",""calibration_points"":5,""calibration_strategy"":""rigid_rotation_translation_v1"",""calibration_rms_mm"":0.507358956567797,""check_rms_mm"":null},""dynamic_model_enabled"":false,""dynamic_history_ready"":false,""dynamic_gate"":0.0,""contact_score"":0.99633917803222,""contact_score_threshold"":0.49492851692021117,""status"":""有效"",""preset"":""5×5｜441点1mm连续"",""needs_baseline"":false,""display.contact"":true,""display.contact_reason"":""拟合响应/相似度接触门控"",""display.contact_segment"":615,""display.contact_age_ms"":4880.3539,""display.contact_last_end_ns"":1240509495697500}"
S20260919_A,000134,375,1240514425464800,1240514439655500,NormalizedFit,1,1,True,unknown,False,False,0.0,3.2092632746602394,nan,nan,1.061444006922058,-3.02459017709904,0.15672155833900436,x,y,z,1.061444006922058,-3.02459017709904,0.15672155833900436,,,,,,,,2.308945310166631,-3.1178521370901633,-0.04559339808422136,"{""x"":1.061444006922058,""y"":-3.02459017709904,""z"":0.15672155833900436,""dx"":null,""dy"":null,""mode5"":null,""Q"":null,""X"":null,""Y"":null,""Z"":null,""dX"":2.308945310166631,""dY"":-3.1178521370901633,""dZ"":-0.04559339808422136}","{""amplitude_uT"":161.34744947782735,""contact_threshold_uT"":40.0,""contact_gate"":""shape-aware ridge classifier + amplitude floor"",""cosine_similarity"":0.9869551134831129,""anti_jump_policy"":""快速门控（阈值/形状）"",""calibration_depth_range_mm"":[0.2,0.8],""depth_extrapolated"":true,""relative_reference"":""first valid prediction since B0/no-contact"",""xy_semantics"":""continuous XY RBF refit on all 441 positions at 1 mm spacing"",""fit_model"":""441点1 mm连续XY/RBF＋跨深度连续Z＋接触/释放门控"",""fit_variant"":""dense441_1mm_continuous_development"",""evidence_tier"":""development_dense441_single_repeat_random_validation_pending"",""continuous_xy_method"":""kernel_rbf"",""working_range_model"":false,""working_range_mm"":null,""outside_declared_working_range"":false,""calibration_domain_mm"":{""x"":[-10.0,10.0],""y"":[-10.0,10.0],""depth"":[0.2,0.8]},""xy_outside_calibration_domain"":false,""excluded_calibration_samples"":0,""uncorrected_static_xyz_mm"":[1.061444006922058,-3.02459017709904,0.15672155833900436],""unaligned_xyz_mm"":[-0.05938561796325237,-2.4908375070903093,0.15672155833900436],""xy_rotation_deg"":-4.580684956890044,""xy_translation_mm"":[1.3195654319610284,-0.5464514666381837],""xy_translation_source"":""five_point_reassembly"",""xy_translation_details"":{""preset"":""5×5｜441点1mm连续"",""calibration_points"":5,""calibration_strategy"":""rigid_rotation_translation_v1"",""calibration_rms_mm"":0.507358956567797,""check_rms_mm"":null},""dynamic_model_enabled"":false,""dynamic_history_ready"":false,""dynamic_gate"":0.0,""contact_score"":0.9974479441175221,""contact_score_threshold"":0.49492851692021117,""status"":""有效"",""preset"":""5×5｜441点1mm连续"",""needs_baseline"":false,""display.contact"":true,""display.contact_reason"":""拟合响应/相似度接触门控"",""display.contact_segment"":615,""display.contact_age_ms"":4893.2729,""display.contact_last_end_ns"":1240509495697500}"
S20260919_A,000134,376,1240514436428800,1240514495797300,NormalizedFit,1,1,True,unknown,False,False,0.0,3.0341350747051874,nan,nan,1.1187743788326603,-2.815937623021517,0.15752728041763386,x,y,z,1.1187743788326603,-2.815937623021517,0.15752728041763386,,,,,,,,2.3662756820772333,-2.90919958301264,-0.04478767600559186,"{""x"":1.1187743788326603,""y"":-2.815937623021517,""z"":0.15752728041763386,""dx"":null,""dy"":null,""mode5"":null,""Q"":null,""X"":null,""Y"":null,""Z"":null,""dX"":2.3662756820772333,""dY"":-2.90919958301264,""dZ"":-0.04478767600559186}","{""amplitude_uT"":160.14415943923794,""contact_threshold_uT"":40.0,""contact_gate"":""shape-aware ridge classifier + amplitude floor"",""cosine_similarity"":0.987506978500374,""anti_jump_policy"":""快速门控（阈值/形状）"",""calibration_depth_range_mm"":[0.2,0.8],""depth_extrapolated"":true,""relative_reference"":""first valid prediction since B0/no-contact"",""xy_semantics"":""continuous XY RBF refit on all 441 positions at 1 mm spacing"",""fit_model"":""441点1 mm连续XY/RBF＋跨深度连续Z＋接触/释放门控"",""fit_variant"":""dense441_1mm_continuous_development"",""evidence_tier"":""development_dense441_single_repeat_random_validation_pending"",""continuous_xy_method"":""kernel_rbf"",""working_range_model"":false,""working_range_mm"":null,""outside_declared_working_range"":false,""calibration_domain_mm"":{""x"":[-10.0,10.0],""y"":[-10.0,10.0],""depth"":[0.2,0.8]},""xy_outside_calibration_domain"":false,""excluded_calibration_samples"":0,""uncorrected_static_xyz_mm"":[1.1187743788326603,-2.815937623021517,0.15752728041763386],""unaligned_xyz_mm"":[-0.018901964340211297,-2.278272849501586,0.15752728041763386],""xy_rotation_deg"":-4.580684956890044,""xy_translation_mm"":[1.3195654319610284,-0.5464514666381837],""xy_translation_source"":""five_point_reassembly"",""xy_translation_details"":{""preset"":""5×5｜441点1mm连续"",""calibration_points"":5,""calibration_strategy"":""rigid_rotation_translation_v1"",""calibration_rms_mm"":0.507358956567797,""check_rms_mm"":null},""dynamic_model_enabled"":false,""dynamic_history_ready"":false,""dynamic_gate"":0.0,""contact_score"":0.9969672529221274,""contact_score_threshold"":0.49492851692021117,""status"":""有效"",""preset"":""5×5｜441点1mm连续"",""needs_baseline"":false,""display.contact"":true,""display.contact_reason"":""拟合响应/相似度接触门控"",""display.contact_segment"":615,""display.contact_age_ms"":4904.2369,""display.contact_last_end_ns"":1240509495697500}"
S20260919_A,000134,377,1240514462963500,1240514500239500,NormalizedFit,1,1,True,unknown,False,False,0.0,2.966859568763974,nan,nan,1.6456394046244684,-2.4639571462993275,0.15179536196489252,x,y,z,1.6456394046244684,-2.4639571462993275,0.15179536196489252,,,,,,,,2.8931407078690414,-2.5572191062904506,-0.050519594458333206,"{""x"":1.6456394046244684,""y"":-2.4639571462993275,""z"":0.15179536196489252,""dx"":null,""dy"":null,""mode5"":null,""Q"":null,""X"":null,""Y"":null,""Z"":null,""dX"":2.8931407078690414,""dY"":-2.5572191062904506,""dZ"":-0.050519594458333206}","{""amplitude_uT"":159.5449670437775,""contact_threshold_uT"":40.0,""contact_gate"":""shape-aware ridge classifier + amplitude floor"",""cosine_similarity"":0.9855375375853004,""anti_jump_policy"":""快速门控（阈值/形状）"",""calibration_depth_range_mm"":[0.2,0.8],""depth_extrapolated"":true,""relative_reference"":""first valid prediction since B0/no-contact"",""xy_semantics"":""continuous XY RBF refit on all 441 positions at 1 mm spacing"",""fit_model"":""441点1 mm连续XY/RBF＋跨深度连续Z＋接触/释放门控"",""fit_variant"":""dense441_1mm_continuous_development"",""evidence_tier"":""development_dense441_single_repeat_random_validation_pending"",""continuous_xy_method"":""kernel_rbf"",""working_range_model"":false,""working_range_mm"":null,""outside_declared_working_range"":false,""calibration_domain_mm"":{""x"":[-10.0,10.0],""y"":[-10.0,10.0],""depth"":[0.2,0.8]},""xy_outside_calibration_domain"":false,""excluded_calibration_samples"":0,""uncorrected_static_xyz_mm"":[1.6456394046244684,-2.4639571462993275,0.15179536196489252],""unaligned_xyz_mm"":[0.4781699999217284,-1.885339682485922,0.15179536196489252],""xy_rotation_deg"":-4.580684956890044,""xy_translation_mm"":[1.3195654319610284,-0.5464514666381837],""xy_translation_source"":""five_point_reassembly"",""xy_translation_details"":{""preset"":""5×5｜441点1mm连续"",""calibration_points"":5,""calibration_strategy"":""rigid_rotation_translation_v1"",""calibration_rms_mm"":0.507358956567797,""check_rms_mm"":null},""dynamic_model_enabled"":false,""dynamic_history_ready"":false,""dynamic_gate"":0.0,""contact_score"":0.9973966607876386,""contact_score_threshold"":0.49492851692021117,""status"":""有效"",""preset"":""5×5｜441点1mm连续"",""needs_baseline"":false,""display.contact"":true,""display.contact_reason"":""拟合响应/相似度接触门控"",""display.contact_segment"":615,""display.contact_age_ms"":4930.7716,""display.contact_last_end_ns"":1240509495697500}"
S20260919_A,000134,378,1240514489320000,1240514503107500,NormalizedFit,1,1,True,unknown,False,False,0.0,2.1561088003500384,nan,nan,1.5294817381075136,-1.5133333049068307,0.13897150787938262,x,y,z,1.5294817381075136,-1.5133333049068307,0.13897150787938262,,,,,,,,2.7769830413520866,-1.6065952648979538,-0.0633434485438431,"{""x"":1.5294817381075136,""y"":-1.5133333049068307,""z"":0.13897150787938262,""dx"":null,""dy"":null,""mode5"":null,""Q"":null,""X"":null,""Y"":null,""Z"":null,""dX"":2.7769830413520866,""dY"":-1.6065952648979538,""dZ"":-0.0633434485438431}","{""amplitude_uT"":156.50572868428821,""contact_threshold_uT"":40.0,""contact_gate"":""shape-aware ridge classifier + amplitude floor"",""cosine_similarity"":0.9891934875898545,""anti_jump_policy"":""快速门控（阈值/形状）"",""calibration_depth_range_mm"":[0.2,0.8],""depth_extrapolated"":true,""relative_reference"":""first valid prediction since B0/no-contact"",""xy_semantics"":""continuous XY RBF refit on all 441 positions at 1 mm spacing"",""fit_model"":""441点1 mm连续XY/RBF＋跨深度连续Z＋接触/释放门控"",""fit_variant"":""dense441_1mm_continuous_development"",""evidence_tier"":""development_dense441_single_repeat_random_validation_pending"",""continuous_xy_method"":""kernel_rbf"",""working_range_model"":false,""working_range_mm"":null,""outside_declared_working_range"":false,""calibration_domain_mm"":{""x"":[-10.0,10.0],""y"":[-10.0,10.0],""depth"":[0.2,0.8]},""xy_outside_calibration_domain"":false,""excluded_calibration_samples"":0,""uncorrected_static_xyz_mm"":[1.5294817381075136,-1.5133333049068307,0.13897150787938262],""unaligned_xyz_mm"":[0.2864637859053345,-0.9470289563285412,0.13897150787938262],""xy_rotation_deg"":-4.580684956890044,""xy_translation_mm"":[1.3195654319610284,-0.5464514666381837],""xy_translation_source"":""five_point_reassembly"",""xy_translation_details"":{""preset"":""5×5｜441点1mm连续"",""calibration_points"":5,""calibration_strategy"":""rigid_rotation_translation_v1"",""calibration_rms_mm"":0.507358956567797,""check_rms_mm"":null},""dynamic_model_enabled"":false,""dynamic_history_ready"":false,""dynamic_gate"":0.0,""contact_score"":0.9963915105690018,""contact_score_threshold"":0.49492851692021117,""status"":""有效"",""preset"":""5×5｜441点1mm连续"",""needs_baseline"":false,""display.contact"":true,""display.contact_reason"":""拟合响应/相似度接触门控"",""display.contact_segment"":615,""display.contact_age_ms"":4957.1281,""display.contact_last_end_ns"":1240509495697500}"
S20260919_A,000134,379,1240514500358400,1240514558159700,NormalizedFit,1,1,True,unknown,False,False,0.0,2.204780247922381,nan,nan,1.552279312489932,-1.5589967827125641,0.14496175059763983,x,y,z,1.552279312489932,-1.5589967827125641,0.14496175059763983,,,,,,,,2.799780615734505,-1.6522587427036872,-0.057353205825585896,"{""x"":1.552279312489932,""y"":-1.5589967827125641,""z"":0.14496175059763983,""dx"":null,""dy"":null,""mode5"":null,""Q"":null,""X"":null,""Y"":null,""Z"":null,""dX"":2.799780615734505,""dY"":-1.6522587427036872,""dZ"":-0.057353205825585896}","{""amplitude_uT"":157.38903087572533,""contact_threshold_uT"":40.0,""contact_gate"":""shape-aware ridge classifier + amplitude floor"",""cosine_similarity"":0.9902099112738743,""anti_jump_policy"":""快速门控（阈值/形状）"",""calibration_depth_range_mm"":[0.2,0.8],""depth_extrapolated"":true,""relative_reference"":""first valid prediction since B0/no-contact"",""xy_semantics"":""continuous XY RBF refit on all 441 positions at 1 mm spacing"",""fit_model"":""441点1 mm连续XY/RBF＋跨深度连续Z＋接触/释放门控"",""fit_variant"":""dense441_1mm_continuous_development"",""evidence_tier"":""development_dense441_single_repeat_random_validation_pending"",""continuous_xy_method"":""kernel_rbf"",""working_range_model"":false,""working_range_mm"":null,""outside_declared_working_range"":false,""calibration_domain_mm"":{""x"":[-10.0,10.0],""y"":[-10.0,10.0],""depth"":[0.2,0.8]},""xy_outside_calibration_domain"":false,""excluded_calibration_samples"":0,""uncorrected_static_xyz_mm"":[1.552279312489932,-1.5589967827125641,0.14496175059763983],""unaligned_xyz_mm"":[0.312835359105629,-0.9907258982121343,0.14496175059763983],""xy_rotation_deg"":-4.580684956890044,""xy_translation_mm"":[1.3195654319610284,-0.5464514666381837],""xy_translation_source"":""five_point_reassembly"",""xy_translation_details"":{""preset"":""5×5｜441点1mm连续"",""calibration_points"":5,""calibration_strategy"":""rigid_rotation_translation_v1"",""calibration_rms_mm"":0.507358956567797,""check_rms_mm"":null},""dynamic_model_enabled"":false,""dynamic_history_ready"":false,""dynamic_gate"":0.0,""contact_score"":0.9958166562510296,""contact_score_threshold"":0.49492851692021117,""status"":""有效"",""preset"":""5×5｜441点1mm连续"",""needs_baseline"":false,""display.contact"":true,""display.contact_reason"":""拟合响应/相似度接触门控"",""display.contact_segment"":615,""display.contact_age_ms"":4968.1665,""display.contact_last_end_ns"":1240509495697500}"
S20260919_A,000134,380,1240514527274200,1240514561903000,NormalizedFit,1,1,True,unknown,False,False,0.0,1.6549760488766367,nan,nan,1.1209728634876672,-1.2090366540491253,0.14351282467180304,x,y,z,1.1209728634876672,-1.2090366540491253,0.14351282467180304,,,,,,,,2.3684741667322404,-1.3022986140402484,-0.05880213175142268,"{""x"":1.1209728634876672,""y"":-1.2090366540491253,""z"":0.14351282467180304,""dx"":null,""dy"":null,""mode5"":null,""Q"":null,""X"":null,""Y"":null,""Z"":null,""dX"":2.3684741667322404,""dY"":-1.3022986140402484,""dZ"":-0.05880213175142268}","{""amplitude_uT"":157.62969670084388,""contact_threshold_uT"":40.0,""contact_gate"":""shape-aware ridge classifier + amplitude floor"",""cosine_similarity"":0.9930731298078195,""anti_jump_policy"":""快速门控（阈值/形状）"",""calibration_depth_range_mm"":[0.2,0.8],""depth_extrapolated"":true,""relative_reference"":""first valid prediction since B0/no-contact"",""xy_semantics"":""continuous XY RBF refit on all 441 positions at 1 mm spacing"",""fit_model"":""441点1 mm连续XY/RBF＋跨深度连续Z＋接触/释放门控"",""fit_variant"":""dense441_1mm_continuous_development"",""evidence_tier"":""development_dense441_single_repeat_random_validation_pending"",""continuous_xy_method"":""kernel_rbf"",""working_range_model"":false,""working_range_mm"":null,""outside_declared_working_range"":false,""calibration_domain_mm"":{""x"":[-10.0,10.0],""y"":[-10.0,10.0],""depth"":[0.2,0.8]},""xy_outside_calibration_domain"":false,""excluded_calibration_samples"":0,""uncorrected_static_xyz_mm"":[1.1209728634876672,-1.2090366540491253,0.14351282467180304],""unaligned_xyz_mm"":[-0.1450422646057552,-0.6763289734347282,0.14351282467180304],""xy_rotation_deg"":-4.580684956890044,""xy_translation_mm"":[1.3195654319610284,-0.5464514666381837],""xy_translation_source"":""five_point_reassembly"",""xy_translation_details"":{""preset"":""5×5｜441点1mm连续"",""calibration_points"":5,""calibration_strategy"":""rigid_rotation_translation_v1"",""calibration_rms_mm"":0.507358956567797,""check_rms_mm"":null},""dynamic_model_enabled"":false,""dynamic_history_ready"":false,""dynamic_gate"":0.0,""contact_score"":0.9944721047615483,""contact_score_threshold"":0.49492851692021117,""status"":""有效"",""preset"":""5×5｜441点1mm连续"",""needs_baseline"":false,""display.contact"":true,""display.contact_reason"":""拟合响应/相似度接触门控"",""display.contact_segment"":615,""display.contact_age_ms"":4995.0823,""display.contact_last_end_ns"":1240509495697500}"
S20260919_A,000134,381,1240514554116400,1240514564710300,NormalizedFit,1,1,True,unknown,False,False,0.0,1.8735135630692095,nan,nan,1.340114477742003,-1.3020368191402918,0.13728211519930056,x,y,z,1.340114477742003,-1.3020368191402918,0.13728211519930056,,,,,,,,2.5876157809865763,-1.3952987791314149,-0.06503284122392516,"{""x"":1.340114477742003,""y"":-1.3020368191402918,""z"":0.13728211519930056,""dx"":null,""dy"":null,""mode5"":null,""Q"":null,""X"":null,""Y"":null,""Z"":null,""dX"":2.5876157809865763,""dY"":-1.3952987791314149,""dZ"":-0.06503284122392516}","{""amplitude_uT"":156.0872928652426,""contact_threshold_uT"":40.0,""contact_gate"":""shape-aware ridge classifier + amplitude floor"",""cosine_similarity"":0.9933123833085806,""anti_jump_policy"":""快速门控（阈值/形状）"",""calibration_depth_range_mm"":[0.2,0.8],""depth_extrapolated"":true,""relative_reference"":""first valid prediction since B0/no-contact"",""xy_semantics"":""continuous XY RBF refit on all 441 positions at 1 mm spacing"",""fit_model"":""441点1 mm连续XY/RBF＋跨深度连续Z＋接触/释放门控"",""fit_variant"":""dense441_1mm_continuous_development"",""evidence_tier"":""development_dense441_single_repeat_random_validation_pending"",""continuous_xy_method"":""kernel_rbf"",""working_range_model"":false,""working_range_mm"":null,""outside_declared_working_range"":false,""calibration_domain_mm"":{""x"":[-10.0,10.0],""y"":[-10.0,10.0],""depth"":[0.2,0.8]},""xy_outside_calibration_domain"":false,""excluded_calibration_samples"":0,""uncorrected_static_xyz_mm"":[1.340114477742003,-1.3020368191402918,0.13728211519930056],""unaligned_xyz_mm"":[0.08082664254129002,-0.7515307991384956,0.13728211519930056],""xy_rotation_deg"":-4.580684956890044,""xy_translation_mm"":[1.3195654319610284,-0.5464514666381837],""xy_translation_source"":""five_point_reassembly"",""xy_translation_details"":{""preset"":""5×5｜441点1mm连续"",""calibration_points"":5,""calibration_strategy"":""rigid_rotation_translation_v1"",""calibration_rms_mm"":0.507358956567797,""check_rms_mm"":null},""dynamic_model_enabled"":false,""dynamic_history_ready"":false,""dynamic_gate"":0.0,""contact_score"":0.9946017301840232,""contact_score_threshold"":0.49492851692021117,""status"":""有效"",""preset"":""5×5｜441点1mm连续"",""needs_baseline"":false,""display.contact"":true,""display.contact_reason"":""拟合响应/相似度接触门控"",""display.contact_segment"":615,""display.contact_age_ms"":5021.9245,""display.contact_last_end_ns"":1240509495697500}"
S20260919_A,000134,382,1240514564892300,1240514618085200,NormalizedFit,1,1,True,unknown,False,False,0.0,2.008628547928841,nan,nan,1.4773165149133383,-1.353805254919346,0.13905355109380169,x,y,z,1.4773165149133383,-1.353805254919346,0.13905355109380169,,,,,,,,2.724817818157911,-1.447067214910469,-0.06326140532942404,"{""x"":1.4773165149133383,""y"":-1.353805254919346,""z"":0.13905355109380169,""dx"":null,""dy"":null,""mode5"":null,""Q"":null,""X"":null,""Y"":null,""Z"":null,""dX"":2.724817818157911,""dY"":-1.447067214910469,""dZ"":-0.06326140532942404}","{""amplitude_uT"":155.88637962952396,""contact_threshold_uT"":40.0,""contact_gate"":""shape-aware ridge classifier + amplitude floor"",""cosine_similarity"":0.9914357933449371,""anti_jump_policy"":""快速门控（阈值/形状）"",""calibration_depth_range_mm"":[0.2,0.8],""depth_extrapolated"":true,""relative_reference"":""first valid prediction since B0/no-contact"",""xy_semantics"":""continuous XY RBF refit on all 441 positions at 1 mm spacing"",""fit_model"":""441点1 mm连续XY/RBF＋跨深度连续Z＋接触/释放门控"",""fit_variant"":""dense441_1mm_continuous_development"",""evidence_tier"":""development_dense441_single_repeat_random_validation_pending"",""continuous_xy_method"":""kernel_rbf"",""working_range_model"":false,""working_range_mm"":null,""outside_declared_working_range"":false,""calibration_domain_mm"":{""x"":[-10.0,10.0],""y"":[-10.0,10.0],""depth"":[0.2,0.8]},""xy_outside_calibration_domain"":false,""excluded_calibration_samples"":0,""uncorrected_static_xyz_mm"":[1.4773165149133383,-1.353805254919346,0.13905355109380169],""unaligned_xyz_mm"":[0.22172481401884037,-0.7921765273427894,0.13905355109380169],""xy_rotation_deg"":-4.580684956890044,""xy_translation_mm"":[1.3195654319610284,-0.5464514666381837],""xy_translation_source"":""five_point_reassembly"",""xy_translation_details"":{""preset"":""5×5｜441点1mm连续"",""calibration_points"":5,""calibration_strategy"":""rigid_rotation_translation_v1"",""calibration_rms_mm"":0.507358956567797,""check_rms_mm"":null},""dynamic_model_enabled"":false,""dynamic_history_ready"":false,""dynamic_gate"":0.0,""contact_score"":0.9944122092596746,""contact_score_threshold"":0.49492851692021117,""status"":""有效"",""preset"":""5×5｜441点1mm连续"",""needs_baseline"":false,""display.contact"":true,""display.contact_reason"":""拟合响应/相似度接触门控"",""display.contact_segment"":615,""display.contact_age_ms"":5032.7004,""display.contact_last_end_ns"":1240509495697500}"
S20260919_A,000134,383,1240514591925300,1240514621112400,NormalizedFit,1,1,True,unknown,False,False,0.0,1.4814199848195895,nan,nan,1.0774914143071337,-1.0069958941490742,0.1399167348253657,x,y,z,1.0774914143071337,-1.0069958941490742,0.1399167348253657,,,,,,,,2.324992717551707,-1.1002578541401973,-0.062398221597860015,"{""x"":1.0774914143071337,""y"":-1.0069958941490742,""z"":0.1399167348253657,""dx"":null,""dy"":null,""mode5"":null,""Q"":null,""X"":null,""Y"":null,""Z"":null,""dX"":2.324992717551707,""dY"":-1.1002578541401973,""dZ"":-0.062398221597860015}","{""amplitude_uT"":150.30062941984,""contact_threshold_uT"":40.0,""contact_gate"":""shape-aware ridge classifier + amplitude floor"",""cosine_similarity"":0.9865075065966514,""anti_jump_policy"":""快速门控（阈值/形状）"",""calibration_depth_range_mm"":[0.2,0.8],""depth_extrapolated"":true,""relative_reference"":""first valid prediction since B0/no-contact"",""xy_semantics"":""continuous XY RBF refit on all 441 positions at 1 mm spacing"",""fit_model"":""441点1 mm连续XY/RBF＋跨深度连续Z＋接触/释放门控"",""fit_variant"":""dense441_1mm_continuous_development"",""evidence_tier"":""development_dense441_single_repeat_random_validation_pending"",""continuous_xy_method"":""kernel_rbf"",""working_range_model"":false,""working_range_mm"":null,""outside_declared_working_range"":false,""calibration_domain_mm"":{""x"":[-10.0,10.0],""y"":[-10.0,10.0],""depth"":[0.2,0.8]},""xy_outside_calibration_domain"":false,""excluded_calibration_samples"":0,""uncorrected_static_xyz_mm"":[1.0774914143071337,-1.0069958941490742,0.1399167348253657],""unaligned_xyz_mm"":[-0.20452038775701098,-0.47840611485029516,0.1399167348253657],""xy_rotation_deg"":-4.580684956890044,""xy_translation_mm"":[1.3195654319610284,-0.5464514666381837],""xy_translation_source"":""five_point_reassembly"",""xy_translation_details"":{""preset"":""5×5｜441点1mm连续"",""calibration_points"":5,""calibration_strategy"":""rigid_rotation_translation_v1"",""calibration_rms_mm"":0.507358956567797,""check_rms_mm"":null},""dynamic_model_enabled"":false,""dynamic_history_ready"":false,""dynamic_gate"":0.0,""contact_score"":0.9952949947558938,""contact_score_threshold"":0.49492851692021117,""status"":""有效"",""preset"":""5×5｜441点1mm连续"",""needs_baseline"":false,""display.contact"":true,""display.contact_reason"":""拟合响应/相似度接触门控"",""display.contact_segment"":615,""display.contact_age_ms"":5059.7334,""display.contact_last_end_ns"":1240509495697500}"
S20260919_A,000134,384,1240514618265700,1240514672347800,NormalizedFit,1,1,True,unknown,False,False,0.0,0.7715873605446782,nan,nan,0.21613970872912724,-0.7259157930873603,0.14723091594206694,x,y,z,0.21613970872912724,-0.7259157930873603,0.14723091594206694,,,,,,,,1.4636410119737002,-0.8191777530784834,-0.05508404048115878,"{""x"":0.21613970872912724,""y"":-0.7259157930873603,""z"":0.14723091594206694,""dx"":null,""dy"":null,""mode5"":null,""Q"":null,""X"":null,""Y"":null,""Z"":null,""dX"":1.4636410119737002,""dY"":-0.8191777530784834,""dZ"":-0.05508404048115878}","{""amplitude_uT"":146.72101902590543,""contact_threshold_uT"":40.0,""contact_gate"":""shape-aware ridge classifier + amplitude floor"",""cosine_similarity"":0.9874035094088681,""anti_jump_policy"":""快速门控（阈值/形状）"",""calibration_depth_range_mm"":[0.2,0.8],""depth_extrapolated"":true,""relative_reference"":""first valid prediction since B0/no-contact"",""xy_semantics"":""continuous XY RBF refit on all 441 positions at 1 mm spacing"",""fit_model"":""441点1 mm连续XY/RBF＋跨深度连续Z＋接触/释放门控"",""fit_variant"":""dense441_1mm_continuous_development"",""evidence_tier"":""development_dense441_single_repeat_random_validation_pending"",""continuous_xy_method"":""kernel_rbf"",""working_range_model"":false,""working_range_mm"":null,""outside_declared_working_range"":false,""calibration_domain_mm"":{""x"":[-10.0,10.0],""y"":[-10.0,10.0],""depth"":[0.2,0.8]},""xy_outside_calibration_domain"":false,""excluded_calibration_samples"":0,""uncorrected_static_xyz_mm"":[0.21613970872912724,-0.7259157930873603,0.14723091594206694],""unaligned_xyz_mm"":[-1.0855686839454,-0.2670138640497024,0.14723091594206694],""xy_rotation_deg"":-4.580684956890044,""xy_translation_mm"":[1.3195654319610284,-0.5464514666381837],""xy_translation_source"":""five_point_reassembly"",""xy_translation_details"":{""preset"":""5×5｜441点1mm连续"",""calibration_points"":5,""calibration_strategy"":""rigid_rotation_translation_v1"",""calibration_rms_mm"":0.507358956567797,""check_rms_mm"":null},""dynamic_model_enabled"":false,""dynamic_history_ready"":false,""dynamic_gate"":0.0,""contact_score"":0.9954125609988523,""contact_score_threshold"":0.49492851692021117,""status"":""有效"",""preset"":""5×5｜441点1mm连续"",""needs_baseline"":false,""display.contact"":true,""display.contact_reason"":""拟合响应/相似度接触门控"",""display.contact_segment"":615,""display.contact_age_ms"":5086.0738,""display.contact_last_end_ns"":1240509495697500}"
S20260919_A,000134,385,1240514630783700,1240514675902000,NormalizedFit,1,1,True,unknown,False,False,0.0,1.4172187622682961,nan,nan,0.5397494883354157,-1.296518864559357,0.19031117625786897,x,y,z,0.5397494883354157,-1.296518864559357,0.19031117625786897,,,,,,,,1.7872507915799887,-1.3897808245504801,-0.012003780165356748,"{""x"":0.5397494883354157,""y"":-1.296518864559357,""z"":0.19031117625786897,""dx"":null,""dy"":null,""mode5"":null,""Q"":null,""X"":null,""Y"":null,""Z"":null,""dX"":1.7872507915799887,""dY"":-1.3897808245504801,""dZ"":-0.012003780165356748}","{""amplitude_uT"":147.32368079504406,""contact_threshold_uT"":40.0,""contact_gate"":""shape-aware ridge classifier + amplitude floor"",""cosine_similarity"":0.9869100869138682,""anti_jump_policy"":""快速门控（阈值/形状）"",""calibration_depth_range_mm"":[0.2,0.8],""depth_extrapolated"":true,""relative_reference"":""first valid prediction since B0/no-contact"",""xy_semantics"":""continuous XY RBF refit on all 441 positions at 1 mm spacing"",""fit_model"":""441点1 mm连续XY/RBF＋跨深度连续Z＋接触/释放门控"",""fit_variant"":""dense441_1mm_continuous_development"",""evidence_tier"":""development_dense441_single_repeat_random_validation_pending"",""continuous_xy_method"":""kernel_rbf"",""working_range_model"":false,""working_range_mm"":null,""outside_declared_working_range"":false,""calibration_domain_mm"":{""x"":[-10.0,10.0],""y"":[-10.0,10.0],""depth"":[0.2,0.8]},""xy_outside_calibration_domain"":false,""excluded_calibration_samples"":0,""uncorrected_static_xyz_mm"":[0.5397494883354157,-1.296518864559357,0.19031117625786897],""unaligned_xyz_mm"":[-0.7174225470734541,-0.8099499344450756,0.19031117625786897],""xy_rotation_deg"":-4.580684956890044,""xy_translation_mm"":[1.3195654319610284,-0.5464514666381837],""xy_translation_source"":""five_point_reassembly"",""xy_translation_details"":{""preset"":""5×5｜441点1mm连续"",""calibration_points"":5,""calibration_strategy"":""rigid_rotation_translation_v1"",""calibration_rms_mm"":0.507358956567797,""check_rms_mm"":null},""dynamic_model_enabled"":false,""dynamic_history_ready"":false,""dynamic_gate"":0.0,""contact_score"":0.9951016962793588,""contact_score_threshold"":0.49492851692021117,""status"":""有效"",""preset"":""5×5｜441点1mm连续"",""needs_baseline"":false,""display.contact"":true,""display.contact_reason"":""拟合响应/相似度接触门控"",""display.contact_segment"":615,""display.contact_age_ms"":5098.5918,""display.contact_last_end_ns"":1240509495697500}"
S20260919_A,000134,386,1240514641739300,1240514679087800,NormalizedFit,1,1,True,unknown,False,False,0.0,1.7770098374679295,nan,nan,0.6442759944930627,-1.6447162389251517,0.19385793456465927,x,y,z,0.6442759944930627,-1.6447162389251517,0.19385793456465927,,,,,,,,1.8917772977376357,-1.7379781989162748,-0.00845702185856645,"{""x"":0.6442759944930627,""y"":-1.6447162389251517,""z"":0.19385793456465927,""dx"":null,""dy"":null,""mode5"":null,""Q"":null,""X"":null,""Y"":null,""Z"":null,""dX"":1.8917772977376357,""dY"":-1.7379781989162748,""dZ"":-0.00845702185856645}","{""amplitude_uT"":146.90187103471507,""contact_threshold_uT"":40.0,""contact_gate"":""shape-aware ridge classifier + amplitude floor"",""cosine_similarity"":0.9887130568303143,""anti_jump_policy"":""快速门控（阈值/形状）"",""calibration_depth_range_mm"":[0.2,0.8],""depth_extrapolated"":true,""relative_reference"":""first valid prediction since B0/no-contact"",""xy_semantics"":""continuous XY RBF refit on all 441 positions at 1 mm spacing"",""fit_model"":""441点1 mm连续XY/RBF＋跨深度连续Z＋接触/释放门控"",""fit_variant"":""dense441_1mm_continuous_development"",""evidence_tier"":""development_dense441_single_repeat_random_validation_pending"",""continuous_xy_method"":""kernel_rbf"",""working_range_model"":false,""working_range_mm"":null,""outside_declared_working_range"":false,""calibration_domain_mm"":{""x"":[-10.0,10.0],""y"":[-10.0,10.0],""depth"":[0.2,0.8]},""xy_outside_calibration_domain"":false,""excluded_calibration_samples"":0,""uncorrected_static_xyz_mm"":[0.6442759944930627,-1.6447162389251517,0.19385793456465927],""unaligned_xyz_mm"":[-0.5854218632500414,-1.1486873275313858,0.19385793456465927],""xy_rotation_deg"":-4.580684956890044,""xy_translation_mm"":[1.3195654319610284,-0.5464514666381837],""xy_translation_source"":""five_point_reassembly"",""xy_translation_details"":{""preset"":""5×5｜441点1mm连续"",""calibration_points"":5,""calibration_strategy"":""rigid_rotation_translation_v1"",""calibration_rms_mm"":0.507358956567797,""check_rms_mm"":null},""dynamic_model_enabled"":false,""dynamic_history_ready"":false,""dynamic_gate"":0.0,""contact_score"":0.9948317149287957,""contact_score_threshold"":0.49492851692021117,""status"":""有效"",""preset"":""5×5｜441点1mm连续"",""needs_baseline"":false,""display.contact"":true,""display.contact_reason"":""拟合响应/相似度接触门控"",""display.contact_segment"":615,""display.contact_age_ms"":5109.5474,""display.contact_last_end_ns"":1240509495697500}"
S20260919_A,000134,387,1240514667695700,1240514681822500,NormalizedFit,1,1,True,unknown,False,False,0.0,2.6852741130157116,nan,nan,0.7724062718911535,-2.563620697150138,0.2047792331242818,x,y,z,0.7724062718911535,-2.563620697150138,0.2047792331242818,,,,,,,,2.0199075751357265,-2.656882657141261,0.0024642767010560895,"{""x"":0.7724062718911535,""y"":-2.563620697150138,""z"":0.2047792331242818,""dx"":null,""dy"":null,""mode5"":null,""Q"":null,""X"":null,""Y"":null,""Z"":null,""dX"":2.0199075751357265,""dY"":-2.656882657141261,""dZ"":0.0024642767010560895}","{""amplitude_uT"":146.33899088759665,""contact_threshold_uT"":40.0,""contact_gate"":""shape-aware ridge classifier + amplitude floor"",""cosine_similarity"":0.990563353645838,""anti_jump_policy"":""快速门控（阈值/形状）"",""calibration_depth_range_mm"":[0.2,0.8],""depth_extrapolated"":false,""relative_reference"":""first valid prediction since B0/no-contact"",""xy_semantics"":""continuous XY RBF refit on all 441 positions at 1 mm spacing"",""fit_model"":""441点1 mm连续XY/RBF＋跨深度连续Z＋接触/释放门控"",""fit_variant"":""dense441_1mm_continuous_development"",""evidence_tier"":""development_dense441_single_repeat_random_validation_pending"",""continuous_xy_method"":""kernel_rbf"",""working_range_model"":false,""working_range_mm"":null,""outside_declared_working_range"":false,""calibration_domain_mm"":{""x"":[-10.0,10.0],""y"":[-10.0,10.0],""depth"":[0.2,0.8]},""xy_outside_calibration_domain"":false,""excluded_calibration_samples"":0,""uncorrected_static_xyz_mm"":[0.7724062718911535,-2.563620697150138,0.2047792331242818],""unaligned_xyz_mm"":[-0.38431448232790544,-2.0544238193823574,0.2047792331242818],""xy_rotation_deg"":-4.580684956890044,""xy_translation_mm"":[1.3195654319610284,-0.5464514666381837],""xy_translation_source"":""five_point_reassembly"",""xy_translation_details"":{""preset"":""5×5｜441点1mm连续"",""calibration_points"":5,""calibration_strategy"":""rigid_rotation_translation_v1"",""calibration_rms_mm"":0.507358956567797,""check_rms_mm"":null},""dynamic_model_enabled"":false,""dynamic_history_ready"":false,""dynamic_gate"":0.0,""contact_score"":0.9945700860766955,""contact_score_threshold"":0.49492851692021117,""status"":""有效"",""preset"":""5×5｜441点1mm连续"",""needs_baseline"":false,""display.contact"":true,""display.contact_reason"":""拟合响应/相似度接触门控"",""display.contact_segment"":615,""display.contact_age_ms"":5135.5038,""display.contact_last_end_ns"":1240509495697500}"
S20260919_A,000134,388,1240514694644100,1240514723630400,NormalizedFit,1,1,True,unknown,False,False,0.0,3.374665341948869,nan,nan,0.8927255957800828,-3.2485961490730197,0.19501343804445426,x,y,z,0.8927255957800828,-3.2485961490730197,0.19501343804445426,,,,,,,,2.140226899024656,-3.341858109064143,-0.0073015183787714655,"{""x"":0.8927255957800828,""y"":-3.2485961490730197,""z"":0.19501343804445426,""dx"":null,""dy"":null,""mode5"":null,""Q"":null,""X"":null,""Y"":null,""Z"":null,""dX"":2.140226899024656,""dY"":-3.341858109064143,""dZ"":-0.0073015183787714655}","{""amplitude_uT"":146.8211954657774,""contact_threshold_uT"":40.0,""contact_gate"":""shape-aware ridge classifier + amplitude floor"",""cosine_similarity"":0.9913798392165847,""anti_jump_policy"":""快速门控（阈值/形状）"",""calibration_depth_range_mm"":[0.2,0.8],""depth_extrapolated"":true,""relative_reference"":""first valid prediction since B0/no-contact"",""xy_semantics"":""continuous XY RBF refit on all 441 positions at 1 mm spacing"",""fit_model"":""441点1 mm连续XY/RBF＋跨深度连续Z＋接触/释放门控"",""fit_variant"":""dense441_1mm_continuous_development"",""evidence_tier"":""development_dense441_single_repeat_random_validation_pending"",""continuous_xy_method"":""kernel_rbf"",""working_range_model"":false,""working_range_mm"":null,""outside_declared_working_range"":false,""calibration_domain_mm"":{""x"":[-10.0,10.0],""y"":[-10.0,10.0],""depth"":[0.2,0.8]},""xy_outside_calibration_domain"":false,""excluded_calibration_samples"":0,""uncorrected_static_xyz_mm"":[0.8927255957800828,-3.2485961490730197,0.19501343804445426],""unaligned_xyz_mm"":[-0.2096753531824489,-2.727602312806919,0.19501343804445426],""xy_rotation_deg"":-4.580684956890044,""xy_translation_mm"":[1.3195654319610284,-0.5464514666381837],""xy_translation_source"":""five_point_reassembly"",""xy_translation_details"":{""preset"":""5×5｜441点1mm连续"",""calibration_points"":5,""calibration_strategy"":""rigid_rotation_translation_v1"",""calibration_rms_mm"":0.507358956567797,""check_rms_mm"":null},""dynamic_model_enabled"":false,""dynamic_history_ready"":false,""dynamic_gate"":0.0,""contact_score"":0.9946423856044965,""contact_score_threshold"":0.49492851692021117,""status"":""有效"",""preset"":""5×5｜441点1mm连续"",""needs_baseline"":false,""display.contact"":true,""display.contact_reason"":""拟合响应/相似度接触门控"",""display.contact_segment"":615,""display.contact_age_ms"":5162.4522,""display.contact_last_end_ns"":1240509495697500}"
S20260919_A,000134,389,1240514706545000,1240514726514500,NormalizedFit,1,1,True,unknown,False,False,0.0,3.133081014094113,nan,nan,0.7195224773756076,-3.0430666105985713,0.19552403660007822,x,y,z,0.7195224773756076,-3.0430666105985713,0.19552403660007822,,,,,,,,1.9670237806201807,-3.1363285705896944,-0.006790919823147501,"{""x"":0.7195224773756076,""y"":-3.0430666105985713,""z"":0.19552403660007822,""dx"":null,""dy"":null,""mode5"":null,""Q"":null,""X"":null,""Y"":null,""Z"":null,""dX"":1.9670237806201807,""dY"":-3.1363285705896944,""dZ"":-0.006790919823147501}","{""amplitude_uT"":145.79001608649327,""contact_threshold_uT"":40.0,""contact_gate"":""shape-aware ridge classifier + amplitude floor"",""cosine_similarity"":0.9916780309097657,""anti_jump_policy"":""快速门控（阈值/形状）"",""calibration_depth_range_mm"":[0.2,0.8],""depth_extrapolated"":true,""relative_reference"":""first valid prediction since B0/no-contact"",""xy_semantics"":""continuous XY RBF refit on all 441 positions at 1 mm spacing"",""fit_model"":""441点1 mm连续XY/RBF＋跨深度连续Z＋接触/释放门控"",""fit_variant"":""dense441_1mm_continuous_development"",""evidence_tier"":""development_dense441_single_repeat_random_validation_pending"",""continuous_xy_method"":""kernel_rbf"",""working_range_model"":false,""working_range_mm"":null,""outside_declared_working_range"":false,""calibration_domain_mm"":{""x"":[-10.0,10.0],""y"":[-10.0,10.0],""depth"":[0.2,0.8]},""xy_outside_calibration_domain"":false,""excluded_calibration_samples"":0,""uncorrected_static_xyz_mm"":[0.7195224773756076,-3.0430666105985713,0.19552403660007822],""unaligned_xyz_mm"":[-0.39873942005049967,-2.5365617672940157,0.19552403660007822],""xy_rotation_deg"":-4.580684956890044,""xy_translation_mm"":[1.3195654319610284,-0.5464514666381837],""xy_translation_source"":""five_point_reassembly"",""xy_translation_details"":{""preset"":""5×5｜441点1mm连续"",""calibration_points"":5,""calibration_strategy"":""rigid_rotation_translation_v1"",""calibration_rms_mm"":0.507358956567797,""check_rms_mm"":null},""dynamic_model_enabled"":false,""dynamic_history_ready"":false,""dynamic_gate"":0.0,""contact_score"":0.9947656977270815,""contact_score_threshold"":0.49492851692021117,""status"":""有效"",""preset"":""5×5｜441点1mm连续"",""needs_baseline"":false,""display.contact"":true,""display.contact_reason"":""拟合响应/相似度接触门控"",""display.contact_segment"":615,""display.contact_age_ms"":5174.3531,""display.contact_last_end_ns"":1240509495697500}"
S20260919_A,000134,390,1240514732454200,1240514783446900,NormalizedFit,1,1,True,unknown,False,False,0.0,3.307330571339379,nan,nan,0.7592524756814878,-3.2124380647177446,0.2054577003670176,x,y,z,0.7592524756814878,-3.2124380647177446,0.2054577003670176,,,,,,,,2.0067537789260608,-3.3057000247088677,0.0031427439437918814,"{""x"":0.7592524756814878,""y"":-3.2124380647177446,""z"":0.2054577003670176,""dx"":null,""dy"":null,""mode5"":null,""Q"":null,""X"":null,""Y"":null,""Z"":null,""dX"":2.0067537789260608,""dY"":-3.3057000247088677,""dZ"":0.0031427439437918814}","{""amplitude_uT"":143.59376050859606,""contact_threshold_uT"":40.0,""contact_gate"":""shape-aware ridge classifier + amplitude floor"",""cosine_similarity"":0.9910926749977136,""anti_jump_policy"":""快速门控（阈值/形状）"",""calibration_depth_range_mm"":[0.2,0.8],""depth_extrapolated"":false,""relative_reference"":""first valid prediction since B0/no-contact"",""xy_semantics"":""continuous XY RBF refit on all 441 positions at 1 mm spacing"",""fit_model"":""441点1 mm连续XY/RBF＋跨深度连续Z＋接触/释放门控"",""fit_variant"":""dense441_1mm_continuous_development"",""evidence_tier"":""development_dense441_single_repeat_random_validation_pending"",""continuous_xy_method"":""kernel_rbf"",""working_range_model"":false,""working_range_mm"":null,""outside_declared_working_range"":false,""calibration_domain_mm"":{""x"":[-10.0,10.0],""y"":[-10.0,10.0],""depth"":[0.2,0.8]},""xy_outside_calibration_domain"":false,""excluded_calibration_samples"":0,""uncorrected_static_xyz_mm"":[0.7592524756814878,-3.2124380647177446,0.2054577003670176],""unaligned_xyz_mm"":[-0.34560983042902693,-2.7022192722326155,0.2054577003670176],""xy_rotation_deg"":-4.580684956890044,""xy_translation_mm"":[1.3195654319610284,-0.5464514666381837],""xy_translation_source"":""five_point_reassembly"",""xy_translation_details"":{""preset"":""5×5｜441点1mm连续"",""calibration_points"":5,""calibration_strategy"":""rigid_rotation_translation_v1"",""calibration_rms_mm"":0.507358956567797,""check_rms_mm"":null},""dynamic_model_enabled"":false,""dynamic_history_ready"":false,""dynamic_gate"":0.0,""contact_score"":0.9951635276103479,""contact_score_threshold"":0.49492851692021117,""status"":""有效"",""preset"":""5×5｜441点1mm连续"",""needs_baseline"":false,""display.contact"":true,""display.contact_reason"":""拟合响应/相似度接触门控"",""display.contact_segment"":615,""display.contact_age_ms"":5200.2623,""display.contact_last_end_ns"":1240509495697500}"
S20260919_A,000134,391,1240514758745500,1240514786446400,NormalizedFit,1,1,True,unknown,False,False,0.0,2.352368510668612,nan,nan,-0.2944330609485659,-2.326931591007434,0.17982256081296455,x,y,z,-0.2944330609485659,-2.326931591007434,0.17982256081296455,,,,,,,,0.9530682422960071,-2.4201935509985573,-0.022492395610261173,"{""x"":-0.2944330609485659,""y"":-2.326931591007434,""z"":0.17982256081296455,""dx"":null,""dy"":null,""mode5"":null,""Q"":null,""X"":null,""Y"":null,""Z"":null,""dX"":0.9530682422960071,""dY"":-2.4201935509985573,""dZ"":-0.022492395610261173}","{""amplitude_uT"":139.70568672749158,""contact_threshold_uT"":40.0,""contact_gate"":""shape-aware ridge classifier + amplitude floor"",""cosine_similarity"":0.9953301915018672,""anti_jump_policy"":""快速门控（阈值/形状）"",""calibration_depth_range_mm"":[0.2,0.8],""depth_extrapolated"":true,""relative_reference"":""first valid prediction since B0/no-contact"",""xy_semantics"":""continuous XY RBF refit on all 441 positions at 1 mm spacing"",""fit_model"":""441点1 mm连续XY/RBF＋跨深度连续Z＋接触/释放门控"",""fit_variant"":""dense441_1mm_continuous_development"",""evidence_tier"":""development_dense441_single_repeat_random_validation_pending"",""continuous_xy_method"":""kernel_rbf"",""working_range_model"":false,""working_range_mm"":null,""outside_declared_working_range"":false,""calibration_domain_mm"":{""x"":[-10.0,10.0],""y"":[-10.0,10.0],""depth"":[0.2,0.8]},""xy_outside_calibration_domain"":false,""excluded_calibration_samples"":0,""uncorrected_static_xyz_mm"":[-0.2944330609485659,-2.326931591007434,0.17982256081296455],""unaligned_xyz_mm"":[-1.466648855722362,-1.9036916090576934,0.17982256081296455],""xy_rotation_deg"":-4.580684956890044,""xy_translation_mm"":[1.3195654319610284,-0.5464514666381837],""xy_translation_source"":""five_point_reassembly"",""xy_translation_details"":{""preset"":""5×5｜441点1mm连续"",""calibration_points"":5,""calibration_strategy"":""rigid_rotation_translation_v1"",""calibration_rms_mm"":0.507358956567797,""check_rms_mm"":null},""dynamic_model_enabled"":false,""dynamic_history_ready"":false,""dynamic_gate"":0.0,""contact_score"":0.9949496746811355,""contact_score_threshold"":0.49492851692021117,""status"":""有效"",""preset"":""5×5｜441点1mm连续"",""needs_baseline"":false,""display.contact"":true,""display.contact_reason"":""拟合响应/相似度接触门控"",""display.contact_segment"":615,""display.contact_age_ms"":5226.5536,""display.contact_last_end_ns"":1240509495697500}"
S20260919_A,000134,392,1240514770325000,1240514789249400,NormalizedFit,1,1,True,unknown,False,False,0.0,2.028523684379028,nan,nan,-0.8280849265791159,-1.8415302866726384,0.19480732975562576,x,y,z,-0.8280849265791159,-1.8415302866726384,0.19480732975562576,,,,,,,,0.41941637666545706,-1.9347922466637615,-0.007507626667599965,"{""x"":-0.8280849265791159,""y"":-1.8415302866726384,""z"":0.19480732975562576,""dx"":null,""dy"":null,""mode5"":null,""Q"":null,""X"":null,""Y"":null,""Z"":null,""dX"":0.41941637666545706,""dY"":-1.9347922466637615,""dZ"":-0.007507626667599965}","{""amplitude_uT"":136.8572080491198,""contact_threshold_uT"":40.0,""contact_gate"":""shape-aware ridge classifier + amplitude floor"",""cosine_similarity"":0.9930772506119192,""anti_jump_policy"":""快速门控（阈值/形状）"",""calibration_depth_range_mm"":[0.2,0.8],""depth_extrapolated"":true,""relative_reference"":""first valid prediction since B0/no-contact"",""xy_semantics"":""continuous XY RBF refit on all 441 positions at 1 mm spacing"",""fit_model"":""441点1 mm连续XY/RBF＋跨深度连续Z＋接触/释放门控"",""fit_variant"":""dense441_1mm_continuous_development"",""evidence_tier"":""development_dense441_single_repeat_random_validation_pending"",""continuous_xy_method"":""kernel_rbf"",""working_range_model"":false,""working_range_mm"":null,""outside_declared_working_range"":false,""calibration_domain_mm"":{""x"":[-10.0,10.0],""y"":[-10.0,10.0],""depth"":[0.2,0.8]},""xy_outside_calibration_domain"":false,""excluded_calibration_samples"":0,""uncorrected_static_xyz_mm"":[-0.8280849265791159,-1.8415302866726384,0.19480732975562576],""unaligned_xyz_mm"":[-2.037361714575397,-1.462459728205138,0.19480732975562576],""xy_rotation_deg"":-4.580684956890044,""xy_translation_mm"":[1.3195654319610284,-0.5464514666381837],""xy_translation_source"":""five_point_reassembly"",""xy_translation_details"":{""preset"":""5×5｜441点1mm连续"",""calibration_points"":5,""calibration_strategy"":""rigid_rotation_translation_v1"",""calibration_rms_mm"":0.507358956567797,""check_rms_mm"":null},""dynamic_model_enabled"":false,""dynamic_history_ready"":false,""dynamic_gate"":0.0,""contact_score"":0.9953099442873747,""contact_score_threshold"":0.49492851692021117,""status"":""有效"",""preset"":""5×5｜441点1mm连续"",""needs_baseline"":false,""display.contact"":true,""display.contact_reason"":""拟合响应/相似度接触门控"",""display.contact_segment"":615,""display.contact_age_ms"":5238.1331,""display.contact_last_end_ns"":1240509495697500}"
S20260919_A,000134,393,1240514795243700,1240514828289800,NormalizedFit,1,1,True,unknown,False,False,0.0,2.342717224886036,nan,nan,-1.3249506106145066,-1.9196613060530376,0.21847275631694119,x,y,z,-1.3249506106145066,-1.9196613060530376,0.21847275631694119,,,,,,,,-0.0774493073699336,-2.0129232660441607,0.016157799893715463,"{""x"":-1.3249506106145066,""y"":-1.9196613060530376,""z"":0.21847275631694119,""dx"":null,""dy"":null,""mode5"":null,""Q"":null,""X"":null,""Y"":null,""Z"":null,""dX"":-0.0774493073699336,""dY"":-2.0129232660441607,""dZ"":0.016157799893715463}","{""amplitude_uT"":131.77956059647502,""contact_threshold_uT"":40.0,""contact_gate"":""shape-aware ridge classifier + amplitude floor"",""cosine_similarity"":0.9927164375436234,""anti_jump_policy"":""快速门控（阈值/形状）"",""calibration_depth_range_mm"":[0.2,0.8],""depth_extrapolated"":false,""relative_reference"":""first valid prediction since B0/no-contact"",""xy_semantics"":""continuous XY RBF refit on all 441 positions at 1 mm spacing"",""fit_model"":""441点1 mm连续XY/RBF＋跨深度连续Z＋接触/释放门控"",""fit_variant"":""dense441_1mm_continuous_development"",""evidence_tier"":""development_dense441_single_repeat_random_validation_pending"",""continuous_xy_method"":""kernel_rbf"",""working_range_model"":false,""working_range_mm"":null,""outside_declared_working_range"":false,""calibration_domain_mm"":{""x"":[-10.0,10.0],""y"":[-10.0,10.0],""depth"":[0.2,0.8]},""xy_outside_calibration_domain"":false,""excluded_calibration_samples"":0,""uncorrected_static_xyz_mm"":[-1.3249506106145066,-1.9196613060530376,0.21847275631694119],""unaligned_xyz_mm"":[-2.5264005695815244,-1.5800223177294956,0.21847275631694119],""xy_rotation_deg"":-4.580684956890044,""xy_translation_mm"":[1.3195654319610284,-0.5464514666381837],""xy_translation_source"":""five_point_reassembly"",""xy_translation_details"":{""preset"":""5×5｜441点1mm连续"",""calibration_points"":5,""calibration_strategy"":""rigid_rotation_translation_v1"",""calibration_rms_mm"":0.507358956567797,""check_rms_mm"":null},""dynamic_model_enabled"":false,""dynamic_history_ready"":false,""dynamic_gate"":0.0,""contact_score"":0.9952376491551611,""contact_score_threshold"":0.49492851692021117,""status"":""有效"",""preset"":""5×5｜441点1mm连续"",""needs_baseline"":false,""display.contact"":true,""display.contact_reason"":""拟合响应/相似度接触门控"",""display.contact_segment"":615,""display.contact_age_ms"":5263.0518,""display.contact_last_end_ns"":1240509495697500}"
S20260919_A,000134,394,1240514821161300,1240514831413900,NormalizedFit,1,1,True,unknown,False,False,0.0,2.6224693313072223,nan,nan,-1.4787814447477723,-2.154031550413943,0.22516418928849757,x,y,z,-1.4787814447477723,-2.154031550413943,0.22516418928849757,,,,,,,,-0.2312801415031993,-2.247293510405066,0.02284923286527185,"{""x"":-1.4787814447477723,""y"":-2.154031550413943,""z"":0.22516418928849757,""dx"":null,""dy"":null,""mode5"":null,""Q"":null,""X"":null,""Y"":null,""Z"":null,""dX"":-0.2312801415031993,""dY"":-2.247293510405066,""dZ"":0.02284923286527185}","{""amplitude_uT"":128.90161897742033,""contact_threshold_uT"":40.0,""contact_gate"":""shape-aware ridge classifier + amplitude floor"",""cosine_similarity"":0.9878507459392749,""anti_jump_policy"":""快速门控（阈值/形状）"",""calibration_depth_range_mm"":[0.2,0.8],""depth_extrapolated"":false,""relative_reference"":""first valid prediction since B0/no-contact"",""xy_semantics"":""continuous XY RBF refit on all 441 positions at 1 mm spacing"",""fit_model"":""441点1 mm连续XY/RBF＋跨深度连续Z＋接触/释放门控"",""fit_variant"":""dense441_1mm_continuous_development"",""evidence_tier"":""development_dense441_single_repeat_random_validation_pending"",""continuous_xy_method"":""kernel_rbf"",""working_range_model"":false,""working_range_mm"":null,""outside_declared_working_range"":false,""calibration_domain_mm"":{""x"":[-10.0,10.0],""y"":[-10.0,10.0],""depth"":[0.2,0.8]},""xy_outside_calibration_domain"":false,""excluded_calibration_samples"":0,""uncorrected_static_xyz_mm"":[-1.4787814447477723,-2.154031550413943,0.22516418928849757],""unaligned_xyz_mm"":[-2.661022560037731,-1.8259293258800073,0.22516418928849757],""xy_rotation_deg"":-4.580684956890044,""xy_translation_mm"":[1.3195654319610284,-0.5464514666381837],""xy_translation_source"":""five_point_reassembly"",""xy_translation_details"":{""preset"":""5×5｜441点1mm连续"",""calibration_points"":5,""calibration_strategy"":""rigid_rotation_translation_v1"",""calibration_rms_mm"":0.507358956567797,""check_rms_mm"":null},""dynamic_model_enabled"":false,""dynamic_history_ready"":false,""dynamic_gate"":0.0,""contact_score"":0.9957145190584062,""contact_score_threshold"":0.49492851692021117,""status"":""有效"",""preset"":""5×5｜441点1mm连续"",""needs_baseline"":false,""display.contact"":true,""display.contact_reason"":""拟合响应/相似度接触门控"",""display.contact_segment"":615,""display.contact_age_ms"":5288.9694,""display.contact_last_end_ns"":1240509495697500}"
S20260919_A,000134,395,1240514832172900,1240514887268000,NormalizedFit,1,1,True,unknown,False,False,0.0,2.5312623065450914,nan,nan,-1.1600873879843536,-2.2383802277656875,0.2261417093842798,x,y,z,-1.1600873879843536,-2.2383802277656875,0.2261417093842798,,,,,,,,0.08741391526021935,-2.3316421877568105,0.023826752961054076,"{""x"":-1.1600873879843536,""y"":-2.2383802277656875,""z"":0.2261417093842798,""dx"":null,""dy"":null,""mode5"":null,""Q"":null,""X"":null,""Y"":null,""Z"":null,""dX"":0.08741391526021935,""dY"":-2.3316421877568105,""dZ"":0.023826752961054076}","{""amplitude_uT"":124.37551141703933,""contact_threshold_uT"":40.0,""contact_gate"":""shape-aware ridge classifier + amplitude floor"",""cosine_similarity"":0.9883392136527571,""anti_jump_policy"":""快速门控（阈值/形状）"",""calibration_depth_range_mm"":[0.2,0.8],""depth_extrapolated"":false,""relative_reference"":""first valid prediction since B0/no-contact"",""xy_semantics"":""continuous XY RBF refit on all 441 positions at 1 mm spacing"",""fit_model"":""441点1 mm连续XY/RBF＋跨深度连续Z＋接触/释放门控"",""fit_variant"":""dense441_1mm_continuous_development"",""evidence_tier"":""development_dense441_single_repeat_random_validation_pending"",""continuous_xy_method"":""kernel_rbf"",""working_range_model"":false,""working_range_mm"":null,""outside_declared_working_range"":false,""calibration_domain_mm"":{""x"":[-10.0,10.0],""y"":[-10.0,10.0],""depth"":[0.2,0.8]},""xy_outside_calibration_domain"":false,""excluded_calibration_samples"":0,""uncorrected_static_xyz_mm"":[-1.1600873879843536,-2.2383802277656875,0.2261417093842798],""unaligned_xyz_mm"":[-2.3366101278959874,-1.8845567517077937,0.2261417093842798],""xy_rotation_deg"":-4.580684956890044,""xy_translation_mm"":[1.3195654319610284,-0.5464514666381837],""xy_translation_source"":""five_point_reassembly"",""xy_translation_details"":{""preset"":""5×5｜441点1mm连续"",""calibration_points"":5,""calibration_strategy"":""rigid_rotation_translation_v1"",""calibration_rms_mm"":0.507358956567797,""check_rms_mm"":null},""dynamic_model_enabled"":false,""dynamic_history_ready"":false,""dynamic_gate"":0.0,""contact_score"":0.9957894818548575,""contact_score_threshold"":0.49492851692021117,""status"":""有效"",""preset"":""5×5｜441点1mm连续"",""needs_baseline"":false,""display.contact"":true,""display.contact_reason"":""拟合响应/相似度接触门控"",""display.contact_segment"":615,""display.contact_age_ms"":5299.981,""display.contact_last_end_ns"":1240509495697500}"
S20260919_A,000134,396,1240514844061200,1240514891047400,NormalizedFit,1,1,True,unknown,False,False,0.0,2.0646986071117532,nan,nan,-0.4659884709834343,-1.9992754378040989,0.22075508354953743,x,y,z,-0.4659884709834343,-1.9992754378040989,0.22075508354953743,,,,,,,,0.7815128322611387,-2.0925373977952217,0.01844012712631171,"{""x"":-0.4659884709834343,""y"":-1.9992754378040989,""z"":0.22075508354953743,""dx"":null,""dy"":null,""mode5"":null,""Q"":null,""X"":null,""Y"":null,""Z"":null,""dX"":0.7815128322611387,""dY"":-2.0925373977952217,""dZ"":0.01844012712631171}","{""amplitude_uT"":116.64896144308362,""contact_threshold_uT"":40.0,""contact_gate"":""shape-aware ridge classifier + amplitude floor"",""cosine_similarity"":0.9863791230840752,""anti_jump_policy"":""快速门控（阈值/形状）"",""calibration_depth_range_mm"":[0.2,0.8],""depth_extrapolated"":false,""relative_reference"":""first valid prediction since B0/no-contact"",""xy_semantics"":""continuous XY RBF refit on all 441 positions at 1 mm spacing"",""fit_model"":""441点1 mm连续XY/RBF＋跨深度连续Z＋接触/释放门控"",""fit_variant"":""dense441_1mm_continuous_development"",""evidence_tier"":""development_dense441_single_repeat_random_validation_pending"",""continuous_xy_method"":""kernel_rbf"",""working_range_model"":false,""working_range_mm"":null,""outside_declared_working_range"":false,""calibration_domain_mm"":{""x"":[-10.0,10.0],""y"":[-10.0,10.0],""depth"":[0.2,0.8]},""xy_outside_calibration_domain"":false,""excluded_calibration_samples"":0,""uncorrected_static_xyz_mm"":[-0.4659884709834343,-1.9992754378040989,0.22075508354953743],""unaligned_xyz_mm"":[-1.663823862190343,-1.5907829478343407,0.22075508354953743],""xy_rotation_deg"":-4.580684956890044,""xy_translation_mm"":[1.3195654319610284,-0.5464514666381837],""xy_translation_source"":""five_point_reassembly"",""xy_translation_details"":{""preset"":""5×5｜441点1mm连续"",""calibration_points"":5,""calibration_strategy"":""rigid_rotation_translation_v1"",""calibration_rms_mm"":0.507358956567797,""check_rms_mm"":null},""dynamic_model_enabled"":false,""dynamic_history_ready"":false,""dynamic_gate"":0.0,""contact_score"":0.9958330523245419,""contact_score_threshold"":0.49492851692021117,""status"":""有效"",""preset"":""5×5｜441点1mm连续"",""needs_baseline"":false,""display.contact"":true,""display.contact_reason"":""拟合响应/相似度接触门控"",""display.contact_segment"":615,""display.contact_age_ms"":5311.8693,""display.contact_last_end_ns"":1240509495697500}"
S20260919_A,000134,397,1240514871004300,1240514893206100,NormalizedFit,1,1,False,unknown,False,False,0.0,nan,nan,nan,nan,nan,nan,x,y,z,,,,,,,,,,,,,,"{""x"":null,""y"":null,""z"":null,""dx"":null,""dy"":null,""mode5"":null,""Q"":null,""X"":null,""Y"":null,""Z"":null,""dX"":null,""dY"":null,""dZ"":null}","{""cosine_similarity"":0.9797579927514707,""amplitude_uT"":106.76944763835769,""status"":""模板相似度不足"",""preset"":""5×5｜441点1mm连续"",""needs_baseline"":false,""display.contact"":false,""display.contact_reason"":""三维输出无效"",""display.contact_segment"":615,""display.contact_age_ms"":0.0,""display.contact_last_end_ns"":1240514871004300}"
S20260919_A,000134,398,1240514895881700,1240514939352700,NormalizedFit,1,1,False,unknown,False,False,0.0,nan,nan,nan,nan,nan,nan,x,y,z,,,,,,,,,,,,,,"{""x"":null,""y"":null,""z"":null,""dx"":null,""dy"":null,""mode5"":null,""Q"":null,""X"":null,""Y"":null,""Z"":null,""dX"":null,""dY"":null,""dZ"":null}","{""cosine_similarity"":0.9831128041225821,""amplitude_uT"":77.86174195970729,""status"":""模板相似度不足"",""preset"":""5×5｜441点1mm连续"",""needs_baseline"":false,""display.contact"":false,""display.contact_reason"":""三维输出无效"",""display.contact_segment"":615,""display.contact_age_ms"":0.0,""display.contact_last_end_ns"":1240514871004300}"
S20260919_A,000134,399,1240514906826900,1240514942941400,NormalizedFit,1,1,False,unknown,False,False,0.0,nan,nan,nan,nan,nan,nan,x,y,z,,,,,,,,,,,,,,"{""x"":null,""y"":null,""z"":null,""dx"":null,""dy"":null,""mode5"":null,""Q"":null,""X"":null,""Y"":null,""Z"":null,""dX"":null,""dY"":null,""dZ"":null}","{""cosine_similarity"":0.9798360229379937,""amplitude_uT"":71.65463116575232,""status"":""模板相似度不足"",""preset"":""5×5｜441点1mm连续"",""needs_baseline"":false,""display.contact"":false,""display.contact_reason"":""三维输出无效"",""display.contact_segment"":615,""display.contact_age_ms"":0.0,""display.contact_last_end_ns"":1240514871004300}"
S20260919_A,000134,400,1240514932781800,1240514945341000,NormalizedFit,1,1,False,unknown,False,False,0.0,nan,nan,nan,nan,nan,nan,x,y,z,,,,,,,,,,,,,,"{""x"":null,""y"":null,""z"":null,""dx"":null,""dy"":null,""mode5"":null,""Q"":null,""X"":null,""Y"":null,""Z"":null,""dX"":null,""dY"":null,""dZ"":null}","{""cosine_similarity"":0.9697204879213237,""amplitude_uT"":64.04250031034094,""status"":""模板相似度不足"",""preset"":""5×5｜441点1mm连续"",""needs_baseline"":false,""display.contact"":false,""display.contact_reason"":""三维输出无效"",""display.contact_segment"":615,""display.contact_age_ms"":0.0,""display.contact_last_end_ns"":1240514871004300}"
S20260919_A,000134,401,1240514959667500,1240515004851600,NormalizedFit,1,1,False,unknown,False,False,0.0,nan,nan,nan,nan,nan,nan,x,y,z,,,,,,,,,,,,,,"{""x"":null,""y"":null,""z"":null,""dx"":null,""dy"":null,""mode5"":null,""Q"":null,""X"":null,""Y"":null,""Z"":null,""dX"":null,""dY"":null,""dZ"":null}","{""cosine_similarity"":0.9703167523588626,""amplitude_uT"":54.860366267461266,""status"":""模板相似度不足"",""preset"":""5×5｜441点1mm连续"",""needs_baseline"":false,""display.contact"":false,""display.contact_reason"":""三维输出无效"",""display.contact_segment"":615,""display.contact_age_ms"":0.0,""display.contact_last_end_ns"":1240514871004300}"
S20260919_A,000134,402,1240514971577500,1240515007182900,NormalizedFit,1,1,False,unknown,False,False,0.0,nan,nan,nan,nan,nan,nan,x,y,z,,,,,,,,,,,,,,"{""x"":null,""y"":null,""z"":null,""dx"":null,""dy"":null,""mode5"":null,""Q"":null,""X"":null,""Y"":null,""Z"":null,""dX"":null,""dY"":null,""dZ"":null}","{""cosine_similarity"":0.9503434466742701,""amplitude_uT"":52.80716784679906,""status"":""模板相似度不足"",""preset"":""5×5｜441点1mm连续"",""needs_baseline"":false,""display.contact"":false,""display.contact_reason"":""三维输出无效"",""display.contact_segment"":615,""display.contact_age_ms"":0.0,""display.contact_last_end_ns"":1240514871004300}"
S20260919_A,000134,403,1240514998484400,1240515009301900,NormalizedFit,1,1,False,unknown,False,False,0.0,nan,nan,nan,nan,nan,nan,x,y,z,,,,,,,,,,,,,,"{""x"":null,""y"":null,""z"":null,""dx"":null,""dy"":null,""mode5"":null,""Q"":null,""X"":null,""Y"":null,""Z"":null,""dX"":null,""dY"":null,""dZ"":null}","{""cosine_similarity"":0.9334970977359338,""amplitude_uT"":57.27817590496428,""status"":""模板相似度不足"",""preset"":""5×5｜441点1mm连续"",""needs_baseline"":false,""display.contact"":false,""display.contact_reason"":""三维输出无效"",""display.contact_segment"":615,""display.contact_age_ms"":0.0,""display.contact_last_end_ns"":1240514871004300}"
S20260919_A,000134,404,1240515024457300,1240515042800300,NormalizedFit,1,1,False,unknown,False,False,0.0,nan,nan,nan,nan,nan,nan,x,y,z,,,,,,,,,,,,,,"{""x"":null,""y"":null,""z"":null,""dx"":null,""dy"":null,""mode5"":null,""Q"":null,""X"":null,""Y"":null,""Z"":null,""dX"":null,""dY"":null,""dZ"":null}","{""amplitude_uT"":36.17315540563219,""contact_threshold_uT"":40.0,""contact_gate"":""temporary current-frame amplitude threshold"",""status"":""低于临时接触阈值 / 判为非接触"",""preset"":""5×5｜441点1mm连续"",""needs_baseline"":false,""display.contact"":false,""display.contact_reason"":""三维输出无效"",""display.contact_segment"":615,""display.contact_age_ms"":0.0,""display.contact_last_end_ns"":1240514871004300}"
S20260919_A,000134,405,1240515034401100,1240515046250700,NormalizedFit,1,1,False,unknown,False,False,0.0,nan,nan,nan,nan,nan,nan,x,y,z,,,,,,,,,,,,,,"{""x"":null,""y"":null,""z"":null,""dx"":null,""dy"":null,""mode5"":null,""Q"":null,""X"":null,""Y"":null,""Z"":null,""dX"":null,""dY"":null,""dZ"":null}","{""cosine_similarity"":0.8893040009362522,""amplitude_uT"":40.24552945359275,""status"":""模板相似度不足"",""preset"":""5×5｜441点1mm连续"",""needs_baseline"":false,""display.contact"":false,""display.contact_reason"":""三维输出无效"",""display.contact_segment"":615,""display.contact_age_ms"":0.0,""display.contact_last_end_ns"":1240514871004300}"
S20260919_A,000134,406,1240515060272200,1240515087270800,NormalizedFit,1,1,False,unknown,False,False,0.0,nan,nan,nan,nan,nan,nan,x,y,z,,,,,,,,,,,,,,"{""x"":null,""y"":null,""z"":null,""dx"":null,""dy"":null,""mode5"":null,""Q"":null,""X"":null,""Y"":null,""Z"":null,""dX"":null,""dY"":null,""dZ"":null}","{""cosine_similarity"":0.9008341464197185,""amplitude_uT"":42.144039691277875,""status"":""模板相似度不足"",""preset"":""5×5｜441点1mm连续"",""needs_baseline"":false,""display.contact"":false,""display.contact_reason"":""三维输出无效"",""display.contact_segment"":615,""display.contact_age_ms"":0.0,""display.contact_last_end_ns"":1240514871004300}"
S20260919_A,000134,407,1240515087364900,1240515119000300,NormalizedFit,1,1,False,unknown,False,False,0.0,nan,nan,nan,nan,nan,nan,x,y,z,,,,,,,,,,,,,,"{""x"":null,""y"":null,""z"":null,""dx"":null,""dy"":null,""mode5"":null,""Q"":null,""X"":null,""Y"":null,""Z"":null,""dX"":null,""dY"":null,""dZ"":null}","{""amplitude_uT"":39.13420442528514,""contact_threshold_uT"":40.0,""contact_gate"":""temporary smoothed-amplitude threshold"",""status"":""平滑响应低于临时接触阈值 / 判为非接触"",""preset"":""5×5｜441点1mm连续"",""needs_baseline"":false,""display.contact"":false,""display.contact_reason"":""三维输出无效"",""display.contact_segment"":615,""display.contact_age_ms"":0.0,""display.contact_last_end_ns"":1240514871004300}"
S20260919_A,000134,408,1240515099238200,1240515121920900,NormalizedFit,1,1,False,unknown,False,False,0.0,nan,nan,nan,nan,nan,nan,x,y,z,,,,,,,,,,,,,,"{""x"":null,""y"":null,""z"":null,""dx"":null,""dy"":null,""mode5"":null,""Q"":null,""X"":null,""Y"":null,""Z"":null,""dX"":null,""dY"":null,""dZ"":null}","{""cosine_similarity"":0.9449187520913583,""amplitude_uT"":40.544398750012284,""status"":""模板相似度不足"",""preset"":""5×5｜441点1mm连续"",""needs_baseline"":false,""display.contact"":false,""display.contact_reason"":""三维输出无效"",""display.contact_segment"":615,""display.contact_age_ms"":0.0,""display.contact_last_end_ns"":1240514871004300}"
S20260919_A,000134,409,1240515109242700,1240515124367500,NormalizedFit,1,1,False,unknown,False,False,0.0,nan,nan,nan,nan,nan,nan,x,y,z,,,,,,,,,,,,,,"{""x"":null,""y"":null,""z"":null,""dx"":null,""dy"":null,""mode5"":null,""Q"":null,""X"":null,""Y"":null,""Z"":null,""dX"":null,""dY"":null,""dZ"":null}","{""cosine_similarity"":0.9533403453428235,""amplitude_uT"":43.49585794072841,""status"":""模板相似度不足"",""preset"":""5×5｜441点1mm连续"",""needs_baseline"":false,""display.contact"":false,""display.contact_reason"":""三维输出无效"",""display.contact_segment"":615,""display.contact_age_ms"":0.0,""display.contact_last_end_ns"":1240514871004300}"
S20260919_A,000134,410,1240515136244100,1240515163541000,NormalizedFit,1,1,False,unknown,False,False,0.0,nan,nan,nan,nan,nan,nan,x,y,z,,,,,,,,,,,,,,"{""x"":null,""y"":null,""z"":null,""dx"":null,""dy"":null,""mode5"":null,""Q"":null,""X"":null,""Y"":null,""Z"":null,""dX"":null,""dY"":null,""dZ"":null}","{""cosine_similarity"":0.9529103599223966,""amplitude_uT"":46.28987084665511,""status"":""模板相似度不足"",""preset"":""5×5｜441点1mm连续"",""needs_baseline"":false,""display.contact"":false,""display.contact_reason"":""三维输出无效"",""display.contact_segment"":615,""display.contact_age_ms"":0.0,""display.contact_last_end_ns"":1240514871004300}"
S20260919_A,000134,411,1240515163137300,1240515203081700,NormalizedFit,1,1,False,unknown,False,False,0.0,nan,nan,nan,nan,nan,nan,x,y,z,,,,,,,,,,,,,,"{""x"":null,""y"":null,""z"":null,""dx"":null,""dy"":null,""mode5"":null,""Q"":null,""X"":null,""Y"":null,""Z"":null,""dX"":null,""dY"":null,""dZ"":null}","{""cosine_similarity"":0.9075308503538964,""amplitude_uT"":47.84420335840086,""status"":""模板相似度不足"",""preset"":""5×5｜441点1mm连续"",""needs_baseline"":false,""display.contact"":false,""display.contact_reason"":""三维输出无效"",""display.contact_segment"":615,""display.contact_age_ms"":0.0,""display.contact_last_end_ns"":1240514871004300}"
S20260919_A,000134,412,1240515175197000,1240515206093300,NormalizedFit,1,1,False,unknown,False,False,0.0,nan,nan,nan,nan,nan,nan,x,y,z,,,,,,,,,,,,,,"{""x"":null,""y"":null,""z"":null,""dx"":null,""dy"":null,""mode5"":null,""Q"":null,""X"":null,""Y"":null,""Z"":null,""dX"":null,""dY"":null,""dZ"":null}","{""amplitude_uT"":38.845180769305216,""contact_threshold_uT"":40.0,""contact_gate"":""temporary current-frame amplitude threshold"",""status"":""低于临时接触阈值 / 判为非接触"",""preset"":""5×5｜441点1mm连续"",""needs_baseline"":false,""display.contact"":false,""display.contact_reason"":""三维输出无效"",""display.contact_segment"":615,""display.contact_age_ms"":0.0,""display.contact_last_end_ns"":1240514871004300}"
S20260919_A,000134,413,1240515201065000,1240515208236600,NormalizedFit,1,1,False,unknown,False,False,0.0,nan,nan,nan,nan,nan,nan,x,y,z,,,,,,,,,,,,,,"{""x"":null,""y"":null,""z"":null,""dx"":null,""dy"":null,""mode5"":null,""Q"":null,""X"":null,""Y"":null,""Z"":null,""dX"":null,""dY"":null,""dZ"":null}","{""amplitude_uT"":37.03467569724379,""contact_threshold_uT"":40.0,""contact_gate"":""temporary current-frame amplitude threshold"",""status"":""低于临时接触阈值 / 判为非接触"",""preset"":""5×5｜441点1mm连续"",""needs_baseline"":false,""display.contact"":false,""display.contact_reason"":""三维输出无效"",""display.contact_segment"":615,""display.contact_age_ms"":0.0,""display.contact_last_end_ns"":1240514871004300}"
S20260919_A,000134,414,1240515227997600,1240515251541600,NormalizedFit,1,1,False,unknown,False,False,0.0,nan,nan,nan,nan,nan,nan,x,y,z,,,,,,,,,,,,,,"{""x"":null,""y"":null,""z"":null,""dx"":null,""dy"":null,""mode5"":null,""Q"":null,""X"":null,""Y"":null,""Z"":null,""dX"":null,""dY"":null,""dZ"":null}","{""cosine_similarity"":0.7418431366494026,""amplitude_uT"":47.77681086050015,""status"":""模板相似度不足"",""preset"":""5×5｜441点1mm连续"",""needs_baseline"":false,""display.contact"":false,""display.contact_reason"":""三维输出无效"",""display.contact_segment"":615,""display.contact_age_ms"":0.0,""display.contact_last_end_ns"":1240514871004300}"
S20260919_A,000134,415,1240515254790400,1240515296464900,NormalizedFit,1,1,False,unknown,False,False,0.0,nan,nan,nan,nan,nan,nan,x,y,z,,,,,,,,,,,,,,"{""x"":null,""y"":null,""z"":null,""dx"":null,""dy"":null,""mode5"":null,""Q"":null,""X"":null,""Y"":null,""Z"":null,""dX"":null,""dY"":null,""dZ"":null}","{""amplitude_uT"":39.008789980593114,""contact_threshold_uT"":40.0,""contact_gate"":""temporary smoothed-amplitude threshold"",""status"":""平滑响应低于临时接触阈值 / 判为非接触"",""preset"":""5×5｜441点1mm连续"",""needs_baseline"":false,""display.contact"":false,""display.contact_reason"":""三维输出无效"",""display.contact_segment"":615,""display.contact_age_ms"":0.0,""display.contact_last_end_ns"":1240514871004300}"
S20260919_A,000134,416,1240515266748500,1240515300306400,NormalizedFit,1,1,False,unknown,False,False,0.0,nan,nan,nan,nan,nan,nan,x,y,z,,,,,,,,,,,,,,"{""x"":null,""y"":null,""z"":null,""dx"":null,""dy"":null,""mode5"":null,""Q"":null,""X"":null,""Y"":null,""Z"":null,""dX"":null,""dY"":null,""dZ"":null}","{""amplitude_uT"":38.08510106327665,""contact_threshold_uT"":40.0,""contact_gate"":""temporary current-frame amplitude threshold"",""status"":""低于临时接触阈值 / 判为非接触"",""preset"":""5×5｜441点1mm连续"",""needs_baseline"":false,""display.contact"":false,""display.contact_reason"":""三维输出无效"",""display.contact_segment"":615,""display.contact_age_ms"":0.0,""display.contact_last_end_ns"":1240514871004300}"
S20260919_A,000134,417,1240515292679200,1240515302939500,NormalizedFit,1,1,False,unknown,False,False,0.0,nan,nan,nan,nan,nan,nan,x,y,z,,,,,,,,,,,,,,"{""x"":null,""y"":null,""z"":null,""dx"":null,""dy"":null,""mode5"":null,""Q"":null,""X"":null,""Y"":null,""Z"":null,""dX"":null,""dY"":null,""dZ"":null}","{""cosine_similarity"":0.7048373565099357,""amplitude_uT"":60.7125343154117,""status"":""模板相似度不足"",""preset"":""5×5｜441点1mm连续"",""needs_baseline"":false,""display.contact"":false,""display.contact_reason"":""三维输出无效"",""display.contact_segment"":615,""display.contact_age_ms"":0.0,""display.contact_last_end_ns"":1240514871004300}"
S20260919_A,000134,418,1240515319625400,1240515343032400,NormalizedFit,1,1,False,unknown,False,False,0.0,nan,nan,nan,nan,nan,nan,x,y,z,,,,,,,,,,,,,,"{""x"":null,""y"":null,""z"":null,""dx"":null,""dy"":null,""mode5"":null,""Q"":null,""X"":null,""Y"":null,""Z"":null,""dX"":null,""dY"":null,""dZ"":null}","{""amplitude_uT"":37.06116378367007,""contact_threshold_uT"":40.0,""contact_gate"":""temporary current-frame amplitude threshold"",""status"":""低于临时接触阈值 / 判为非接触"",""preset"":""5×5｜441点1mm连续"",""needs_baseline"":false,""display.contact"":false,""display.contact_reason"":""三维输出无效"",""display.contact_segment"":615,""display.contact_age_ms"":0.0,""display.contact_last_end_ns"":1240514871004300}"
S20260919_A,000134,419,1240515330586700,1240515346804700,NormalizedFit,1,1,False,unknown,False,False,0.0,nan,nan,nan,nan,nan,nan,x,y,z,,,,,,,,,,,,,,"{""x"":null,""y"":null,""z"":null,""dx"":null,""dy"":null,""mode5"":null,""Q"":null,""X"":null,""Y"":null,""Z"":null,""dX"":null,""dY"":null,""dZ"":null}","{""amplitude_uT"":26.907192737258946,""contact_threshold_uT"":40.0,""contact_gate"":""temporary current-frame amplitude threshold"",""status"":""低于临时接触阈值 / 判为非接触"",""preset"":""5×5｜441点1mm连续"",""needs_baseline"":false,""display.contact"":false,""display.contact_reason"":""三维输出无效"",""display.contact_segment"":615,""display.contact_age_ms"":0.0,""display.contact_last_end_ns"":1240514871004300}"
S20260919_A,000134,420,1240515356559200,1240515392381400,NormalizedFit,1,1,False,unknown,False,False,0.0,nan,nan,nan,nan,nan,nan,x,y,z,,,,,,,,,,,,,,"{""x"":null,""y"":null,""z"":null,""dx"":null,""dy"":null,""mode5"":null,""Q"":null,""X"":null,""Y"":null,""Z"":null,""dX"":null,""dY"":null,""dZ"":null}","{""cosine_similarity"":0.672034552159209,""amplitude_uT"":55.135949887528184,""status"":""模板相似度不足"",""preset"":""5×5｜441点1mm连续"",""needs_baseline"":false,""display.contact"":false,""display.contact_reason"":""三维输出无效"",""display.contact_segment"":615,""display.contact_age_ms"":0.0,""display.contact_last_end_ns"":1240514871004300}"
S20260919_A,000134,421,1240515382605700,1240515395209800,NormalizedFit,1,1,False,unknown,False,False,0.0,nan,nan,nan,nan,nan,nan,x,y,z,,,,,,,,,,,,,,"{""x"":null,""y"":null,""z"":null,""dx"":null,""dy"":null,""mode5"":null,""Q"":null,""X"":null,""Y"":null,""Z"":null,""dX"":null,""dY"":null,""dZ"":null}","{""cosine_similarity"":0.7226044758473242,""amplitude_uT"":44.52901588851957,""status"":""模板相似度不足"",""preset"":""5×5｜441点1mm连续"",""needs_baseline"":false,""display.contact"":false,""display.contact_reason"":""三维输出无效"",""display.contact_segment"":615,""display.contact_age_ms"":0.0,""display.contact_last_end_ns"":1240514871004300}"
S20260919_A,000134,422,1240515394490800,1240515424518600,NormalizedFit,1,1,False,unknown,False,False,0.0,nan,nan,nan,nan,nan,nan,x,y,z,,,,,,,,,,,,,,"{""x"":null,""y"":null,""z"":null,""dx"":null,""dy"":null,""mode5"":null,""Q"":null,""X"":null,""Y"":null,""Z"":null,""dX"":null,""dY"":null,""dZ"":null}","{""amplitude_uT"":36.72159318439228,""contact_threshold_uT"":40.0,""contact_gate"":""temporary current-frame amplitude threshold"",""status"":""低于临时接触阈值 / 判为非接触"",""preset"":""5×5｜441点1mm连续"",""needs_baseline"":false,""display.contact"":false,""display.contact_reason"":""三维输出无效"",""display.contact_segment"":615,""display.contact_age_ms"":0.0,""display.contact_last_end_ns"":1240514871004300}"
S20260919_A,000134,423,1240515405301500,1240515426887000,NormalizedFit,1,1,False,unknown,False,False,0.0,nan,nan,nan,nan,nan,nan,x,y,z,,,,,,,,,,,,,,"{""x"":null,""y"":null,""z"":null,""dx"":null,""dy"":null,""mode5"":null,""Q"":null,""X"":null,""Y"":null,""Z"":null,""dX"":null,""dY"":null,""dZ"":null}","{""amplitude_uT"":33.616833997270156,""contact_threshold_uT"":40.0,""contact_gate"":""temporary current-frame amplitude threshold"",""status"":""低于临时接触阈值 / 判为非接触"",""preset"":""5×5｜441点1mm连续"",""needs_baseline"":false,""display.contact"":false,""display.contact_reason"":""三维输出无效"",""display.contact_segment"":615,""display.contact_age_ms"":0.0,""display.contact_last_end_ns"":1240514871004300}"
S20260919_A,000134,424,1240515432235500,1240515475310900,NormalizedFit,1,1,False,unknown,False,False,0.0,nan,nan,nan,nan,nan,nan,x,y,z,,,,,,,,,,,,,,"{""x"":null,""y"":null,""z"":null,""dx"":null,""dy"":null,""mode5"":null,""Q"":null,""X"":null,""Y"":null,""Z"":null,""dX"":null,""dY"":null,""dZ"":null}","{""amplitude_uT"":31.802285814073336,""contact_threshold_uT"":40.0,""contact_gate"":""temporary current-frame amplitude threshold"",""status"":""低于临时接触阈值 / 判为非接触"",""preset"":""5×5｜441点1mm连续"",""needs_baseline"":false,""display.contact"":false,""display.contact_reason"":""三维输出无效"",""display.contact_segment"":615,""display.contact_age_ms"":0.0,""display.contact_last_end_ns"":1240514871004300}"
S20260919_A,000134,425,1240515458177800,1240515477707000,NormalizedFit,1,1,False,unknown,False,False,0.0,nan,nan,nan,nan,nan,nan,x,y,z,,,,,,,,,,,,,,"{""x"":null,""y"":null,""z"":null,""dx"":null,""dy"":null,""mode5"":null,""Q"":null,""X"":null,""Y"":null,""Z"":null,""dX"":null,""dY"":null,""dZ"":null}","{""cosine_similarity"":0.6972879134946881,""amplitude_uT"":41.16537978690351,""status"":""模板相似度不足"",""preset"":""5×5｜441点1mm连续"",""needs_baseline"":false,""display.contact"":false,""display.contact_reason"":""三维输出无效"",""display.contact_segment"":615,""display.contact_age_ms"":0.0,""display.contact_last_end_ns"":1240514871004300}"
S20260919_A,000134,426,1240515469143000,1240515480076000,NormalizedFit,1,1,False,unknown,False,False,0.0,nan,nan,nan,nan,nan,nan,x,y,z,,,,,,,,,,,,,,"{""x"":null,""y"":null,""z"":null,""dx"":null,""dy"":null,""mode5"":null,""Q"":null,""X"":null,""Y"":null,""Z"":null,""dX"":null,""dY"":null,""dZ"":null}","{""cosine_similarity"":0.876821765712867,""amplitude_uT"":40.78333989204424,""status"":""模板相似度不足"",""preset"":""5×5｜441点1mm连续"",""needs_baseline"":false,""display.contact"":false,""display.contact_reason"":""三维输出无效"",""display.contact_segment"":615,""display.contact_age_ms"":0.0,""display.contact_last_end_ns"":1240514871004300}"
S20260919_A,000134,427,1240515495054100,1240515523754200,NormalizedFit,1,1,False,unknown,False,False,0.0,nan,nan,nan,nan,nan,nan,x,y,z,,,,,,,,,,,,,,"{""x"":null,""y"":null,""z"":null,""dx"":null,""dy"":null,""mode5"":null,""Q"":null,""X"":null,""Y"":null,""Z"":null,""dX"":null,""dY"":null,""dZ"":null}","{""amplitude_uT"":38.273481472163056,""contact_threshold_uT"":40.0,""contact_gate"":""temporary smoothed-amplitude threshold"",""status"":""平滑响应低于临时接触阈值 / 判为非接触"",""preset"":""5×5｜441点1mm连续"",""needs_baseline"":false,""display.contact"":false,""display.contact_reason"":""三维输出无效"",""display.contact_segment"":615,""display.contact_age_ms"":0.0,""display.contact_last_end_ns"":1240514871004300}"
S20260919_A,000134,428,1240515522001400,1240515572821100,NormalizedFit,1,1,False,unknown,False,False,0.0,nan,nan,nan,nan,nan,nan,x,y,z,,,,,,,,,,,,,,"{""x"":null,""y"":null,""z"":null,""dx"":null,""dy"":null,""mode5"":null,""Q"":null,""X"":null,""Y"":null,""Z"":null,""dX"":null,""dY"":null,""dZ"":null}","{""amplitude_uT"":39.38111304292964,""contact_threshold_uT"":40.0,""contact_gate"":""temporary smoothed-amplitude threshold"",""status"":""平滑响应低于临时接触阈值 / 判为非接触"",""preset"":""5×5｜441点1mm连续"",""needs_baseline"":false,""display.contact"":false,""display.contact_reason"":""三维输出无效"",""display.contact_segment"":615,""display.contact_age_ms"":0.0,""display.contact_last_end_ns"":1240514871004300}"
S20260919_A,000134,429,1240515531337200,1240515575804300,NormalizedFit,1,1,False,unknown,False,False,0.0,nan,nan,nan,nan,nan,nan,x,y,z,,,,,,,,,,,,,,"{""x"":null,""y"":null,""z"":null,""dx"":null,""dy"":null,""mode5"":null,""Q"":null,""X"":null,""Y"":null,""Z"":null,""dX"":null,""dY"":null,""dZ"":null}","{""amplitude_uT"":38.74186872106199,""contact_threshold_uT"":40.0,""contact_gate"":""temporary smoothed-amplitude threshold"",""status"":""平滑响应低于临时接触阈值 / 判为非接触"",""preset"":""5×5｜441点1mm连续"",""needs_baseline"":false,""display.contact"":false,""display.contact_reason"":""三维输出无效"",""display.contact_segment"":615,""display.contact_age_ms"":0.0,""display.contact_last_end_ns"":1240514871004300}"
S20260919_A,000134,430,1240515556896600,1240515577978700,NormalizedFit,1,1,False,unknown,False,False,0.0,nan,nan,nan,nan,nan,nan,x,y,z,,,,,,,,,,,,,,"{""x"":null,""y"":null,""z"":null,""dx"":null,""dy"":null,""mode5"":null,""Q"":null,""X"":null,""Y"":null,""Z"":null,""dX"":null,""dY"":null,""dZ"":null}","{""amplitude_uT"":38.72050988494336,""contact_threshold_uT"":40.0,""contact_gate"":""temporary smoothed-amplitude threshold"",""status"":""平滑响应低于临时接触阈值 / 判为非接触"",""preset"":""5×5｜441点1mm连续"",""needs_baseline"":false,""display.contact"":false,""display.contact_reason"":""三维输出无效"",""display.contact_segment"":615,""display.contact_age_ms"":0.0,""display.contact_last_end_ns"":1240514871004300}"
S20260919_A,000134,431,1240515583780400,1240515617189900,NormalizedFit,1,1,False,unknown,False,False,0.0,nan,nan,nan,nan,nan,nan,x,y,z,,,,,,,,,,,,,,"{""x"":null,""y"":null,""z"":null,""dx"":null,""dy"":null,""mode5"":null,""Q"":null,""X"":null,""Y"":null,""Z"":null,""dX"":null,""dY"":null,""dZ"":null}","{""amplitude_uT"":39.33071955863525,""contact_threshold_uT"":40.0,""contact_gate"":""temporary smoothed-amplitude threshold"",""status"":""平滑响应低于临时接触阈值 / 判为非接触"",""preset"":""5×5｜441点1mm连续"",""needs_baseline"":false,""display.contact"":false,""display.contact_reason"":""三维输出无效"",""display.contact_segment"":615,""display.contact_age_ms"":0.0,""display.contact_last_end_ns"":1240514871004300}"
S20260919_A,000134,432,1240515594775900,1240515619680600,NormalizedFit,1,1,False,unknown,False,False,0.0,nan,nan,nan,nan,nan,nan,x,y,z,,,,,,,,,,,,,,"{""x"":null,""y"":null,""z"":null,""dx"":null,""dy"":null,""mode5"":null,""Q"":null,""X"":null,""Y"":null,""Z"":null,""dX"":null,""dY"":null,""dZ"":null}","{""amplitude_uT"":32.765001480238006,""contact_threshold_uT"":40.0,""contact_gate"":""temporary current-frame amplitude threshold"",""status"":""低于临时接触阈值 / 判为非接触"",""preset"":""5×5｜441点1mm连续"",""needs_baseline"":false,""display.contact"":false,""display.contact_reason"":""三维输出无效"",""display.contact_segment"":615,""display.contact_age_ms"":0.0,""display.contact_last_end_ns"":1240514871004300}"
S20260919_A,000134,433,1240515620668100,1240515663326200,NormalizedFit,1,1,False,unknown,False,False,0.0,nan,nan,nan,nan,nan,nan,x,y,z,,,,,,,,,,,,,,"{""x"":null,""y"":null,""z"":null,""dx"":null,""dy"":null,""mode5"":null,""Q"":null,""X"":null,""Y"":null,""Z"":null,""dX"":null,""dY"":null,""dZ"":null}","{""amplitude_uT"":33.63263889438361,""contact_threshold_uT"":40.0,""contact_gate"":""temporary current-frame amplitude threshold"",""status"":""低于临时接触阈值 / 判为非接触"",""preset"":""5×5｜441点1mm连续"",""needs_baseline"":false,""display.contact"":false,""display.contact_reason"":""三维输出无效"",""display.contact_segment"":615,""display.contact_age_ms"":0.0,""display.contact_last_end_ns"":1240514871004300}"
S20260919_A,000134,434,1240515647490600,1240515666801300,NormalizedFit,1,1,False,unknown,False,False,0.0,nan,nan,nan,nan,nan,nan,x,y,z,,,,,,,,,,,,,,"{""x"":null,""y"":null,""z"":null,""dx"":null,""dy"":null,""mode5"":null,""Q"":null,""X"":null,""Y"":null,""Z"":null,""dX"":null,""dY"":null,""dZ"":null}","{""cosine_similarity"":0.8927558933006599,""amplitude_uT"":45.62973439545769,""status"":""模板相似度不足"",""preset"":""5×5｜441点1mm连续"",""needs_baseline"":false,""display.contact"":false,""display.contact_reason"":""三维输出无效"",""display.contact_segment"":615,""display.contact_age_ms"":0.0,""display.contact_last_end_ns"":1240514871004300}"
S20260919_A,000134,435,1240515657535300,1240515669270200,NormalizedFit,1,1,False,unknown,False,False,0.0,nan,nan,nan,nan,nan,nan,x,y,z,,,,,,,,,,,,,,"{""x"":null,""y"":null,""z"":null,""dx"":null,""dy"":null,""mode5"":null,""Q"":null,""X"":null,""Y"":null,""Z"":null,""dX"":null,""dY"":null,""dZ"":null}","{""amplitude_uT"":25.895397525429242,""contact_threshold_uT"":40.0,""contact_gate"":""temporary current-frame amplitude threshold"",""status"":""低于临时接触阈值 / 判为非接触"",""preset"":""5×5｜441点1mm连续"",""needs_baseline"":false,""display.contact"":false,""display.contact_reason"":""三维输出无效"",""display.contact_segment"":615,""display.contact_age_ms"":0.0,""display.contact_last_end_ns"":1240514871004300}"
S20260919_A,000134,436,1240515683489100,1240515705687500,NormalizedFit,1,1,False,unknown,False,False,0.0,nan,nan,nan,nan,nan,nan,x,y,z,,,,,,,,,,,,,,"{""x"":null,""y"":null,""z"":null,""dx"":null,""dy"":null,""mode5"":null,""Q"":null,""X"":null,""Y"":null,""Z"":null,""dX"":null,""dY"":null,""dZ"":null}","{""cosine_similarity"":0.5925322034210129,""amplitude_uT"":49.17915817701674,""status"":""模板相似度不足"",""preset"":""5×5｜441点1mm连续"",""needs_baseline"":false,""display.contact"":false,""display.contact_reason"":""三维输出无效"",""display.contact_segment"":615,""display.contact_age_ms"":0.0,""display.contact_last_end_ns"":1240514871004300}"
S20260919_A,000134,437,1240515710317500,1240515755242600,NormalizedFit,1,1,False,unknown,False,False,0.0,nan,nan,nan,nan,nan,nan,x,y,z,,,,,,,,,,,,,,"{""x"":null,""y"":null,""z"":null,""dx"":null,""dy"":null,""mode5"":null,""Q"":null,""X"":null,""Y"":null,""Z"":null,""dX"":null,""dY"":null,""dZ"":null}","{""amplitude_uT"":37.4706545812855,""contact_threshold_uT"":40.0,""contact_gate"":""temporary smoothed-amplitude threshold"",""status"":""平滑响应低于临时接触阈值 / 判为非接触"",""preset"":""5×5｜441点1mm连续"",""needs_baseline"":false,""display.contact"":false,""display.contact_reason"":""三维输出无效"",""display.contact_segment"":615,""display.contact_age_ms"":0.0,""display.contact_last_end_ns"":1240514871004300}"
S20260919_A,000134,438,1240515721753100,1240515757728600,NormalizedFit,1,1,False,unknown,False,False,0.0,nan,nan,nan,nan,nan,nan,x,y,z,,,,,,,,,,,,,,"{""x"":null,""y"":null,""z"":null,""dx"":null,""dy"":null,""mode5"":null,""Q"":null,""X"":null,""Y"":null,""Z"":null,""dX"":null,""dY"":null,""dZ"":null}","{""cosine_similarity"":0.78740554779518,""amplitude_uT"":40.21316633889985,""status"":""模板相似度不足"",""preset"":""5×5｜441点1mm连续"",""needs_baseline"":false,""display.contact"":false,""display.contact_reason"":""三维输出无效"",""display.contact_segment"":615,""display.contact_age_ms"":0.0,""display.contact_last_end_ns"":1240514871004300}"
S20260919_A,000134,439,1240515747794800,1240515759888000,NormalizedFit,1,1,False,unknown,False,False,0.0,nan,nan,nan,nan,nan,nan,x,y,z,,,,,,,,,,,,,,"{""x"":null,""y"":null,""z"":null,""dx"":null,""dy"":null,""mode5"":null,""Q"":null,""X"":null,""Y"":null,""Z"":null,""dX"":null,""dY"":null,""dZ"":null}","{""amplitude_uT"":39.24491960751115,""contact_threshold_uT"":40.0,""contact_gate"":""temporary current-frame amplitude threshold"",""status"":""低于临时接触阈值 / 判为非接触"",""preset"":""5×5｜441点1mm连续"",""needs_baseline"":false,""display.contact"":false,""display.contact_reason"":""三维输出无效"",""display.contact_segment"":615,""display.contact_age_ms"":0.0,""display.contact_last_end_ns"":1240514871004300}"
S20260919_A,000134,440,1240515774623300,1240515806723400,NormalizedFit,1,1,False,unknown,False,False,0.0,nan,nan,nan,nan,nan,nan,x,y,z,,,,,,,,,,,,,,"{""x"":null,""y"":null,""z"":null,""dx"":null,""dy"":null,""mode5"":null,""Q"":null,""X"":null,""Y"":null,""Z"":null,""dX"":null,""dY"":null,""dZ"":null}","{""amplitude_uT"":38.62653949035571,""contact_threshold_uT"":40.0,""contact_gate"":""temporary current-frame amplitude threshold"",""status"":""低于临时接触阈值 / 判为非接触"",""preset"":""5×5｜441点1mm连续"",""needs_baseline"":false,""display.contact"":false,""display.contact_reason"":""三维输出无效"",""display.contact_segment"":615,""display.contact_age_ms"":0.0,""display.contact_last_end_ns"":1240514871004300}"
S20260919_A,000134,441,1240515785591900,1240515810055700,NormalizedFit,1,1,False,unknown,False,False,0.0,nan,nan,nan,nan,nan,nan,x,y,z,,,,,,,,,,,,,,"{""x"":null,""y"":null,""z"":null,""dx"":null,""dy"":null,""mode5"":null,""Q"":null,""X"":null,""Y"":null,""Z"":null,""dX"":null,""dY"":null,""dZ"":null}","{""cosine_similarity"":0.7302823939068908,""amplitude_uT"":52.12431609143681,""status"":""模板相似度不足"",""preset"":""5×5｜441点1mm连续"",""needs_baseline"":false,""display.contact"":false,""display.contact_reason"":""三维输出无效"",""display.contact_segment"":615,""display.contact_age_ms"":0.0,""display.contact_last_end_ns"":1240514871004300}"
S20260919_A,000134,442,1240515797505800,1240515812213200,NormalizedFit,1,1,False,unknown,False,False,0.0,nan,nan,nan,nan,nan,nan,x,y,z,,,,,,,,,,,,,,"{""x"":null,""y"":null,""z"":null,""dx"":null,""dy"":null,""mode5"":null,""Q"":null,""X"":null,""Y"":null,""Z"":null,""dX"":null,""dY"":null,""dZ"":null}","{""cosine_similarity"":0.8484381486567647,""amplitude_uT"":49.59606189003309,""status"":""模板相似度不足"",""preset"":""5×5｜441点1mm连续"",""needs_baseline"":false,""display.contact"":false,""display.contact_reason"":""三维输出无效"",""display.contact_segment"":615,""display.contact_age_ms"":0.0,""display.contact_last_end_ns"":1240514871004300}"
S20260919_A,000134,443,1240515824412700,1240515842255400,NormalizedFit,1,1,False,unknown,False,False,0.0,nan,nan,nan,nan,nan,nan,x,y,z,,,,,,,,,,,,,,"{""x"":null,""y"":null,""z"":null,""dx"":null,""dy"":null,""mode5"":null,""Q"":null,""X"":null,""Y"":null,""Z"":null,""dX"":null,""dY"":null,""dZ"":null}","{""cosine_similarity"":0.8390406173588157,""amplitude_uT"":43.76326013907125,""status"":""模板相似度不足"",""preset"":""5×5｜441点1mm连续"",""needs_baseline"":false,""display.contact"":false,""display.contact_reason"":""三维输出无效"",""display.contact_segment"":615,""display.contact_age_ms"":0.0,""display.contact_last_end_ns"":1240514871004300}"
